fullpolicy_nb,customerid,year,policyeffective_dt,accounting_month,insureditem_tp,policyratedstate_tp,ratedcounty_tp,zip,hazard_score,integratedcoverage_tp,propertycoveragesubtype_tp,construction_tp,roof_tp,dwellingsquarefeet_ct,dwellingstory_ct,home_age_yr,has_mortgage,ratedinsuredage_ct,meritpoint_ct,creditmodel_cd,agent_channel,directwrittenpremium_am,earnedpremium_am,tax_am,commission_expense_am,admin_expense_am,ppcvrglimit_am,grosslosspaio_am,claimcount_ct,earnedexposure_ct,writenexposure_ct,policyterm_ct,seasonal_in,multiproductdiscount_flag,delequencyflag,discountrate,new_existing_recurring_flag,netloss_paid_am,policy_renewed_flag,customertenure,incomebracket,coverageamount,deductible,customersatisfaction,complaintcount,paymentmethod,paymentdelaydays,marketingchannel,agentexperienceyears,propertyvalue,householdincome,creditscore,tenure_months,recency,frequency,monetary,average_order_value,claim_rate,complaint_rate,renewal_ratio,premium_efficiency,monetary_per_tenure,engagement_score,tenure_band,expected_claims,service_expense_am,discount_rate,projection_years,retention_probability,annual_profit,pnc_clv,clv_formula_value,profit,clv,high_value_flag
500001,CUST000001,2021,2021-12-27,2022-06-30,Home,CA,D,90001,43.6,N,Standard,Frame,Shingle,1735,1,31,0,64,0,B,Independent,2839.62,2885.84,198.77,340.75,199.78,620198,0.0,0,1.022,1.0,12,0,1,0,0.0953,New,0.0,1,1,Middle,620198,1000,5,0,Auto Debit,0,Agent Referral,10,751263,64346,697,1,0,12,2839.62,236.635,0.0,0.0,0.08333333333333333,1.0,2839.62,2.1166737889558784,new,0.0,141.98,0.1,5,0.8475550930604134,2158.12,5277.968560475932,5277.968560475932,2158.12,5277.968560475932,1
500002,CUST000002,2021,2021-11-13,2022-04-30,Home,WA,B,98501,29.56,Y,Basic,Mixed,Tile,1150,2,25,1,29,0,C,Independent,1133.44,1049.9,79.34,136.01,123.0,294595,0.0,0,0.47,0.5,6,0,1,0,0.0868,New,0.0,1,1,Upper Middle,294595,1500,5,1,Credit Card,0,Social Media,7,358340,90732,678,1,0,6,1133.44,188.90666666666667,0.0,0.16666666666666666,0.16666666666666666,1.0,1133.44,-2.0304945539678765,new,0.0,56.67,0.1,5,0.868702581474065,861.4200000000002,2241.486092949292,2241.486092949292,861.4200000000002,2241.486092949292,0
500003,CUST000003,2021,2021-04-01,2021-10-31,Home,CA,C,95814,37.99,Y,Standard,Masonry,Metal,1810,2,9,1,52,0,B,Independent,3283.64,3216.81,229.85,394.04,219.76,830401,0.0,0,0.972,1.0,12,0,0,0,0.091,New,0.0,0,1,Upper Middle,830401,5000,4,0,Credit Card,1,Agent Referral,2,863102,124407,721,1,1,12,3283.64,273.63666666666666,0.0,0.0,0.0,1.0,3283.64,-0.03237344962583011,new,0.0,164.18,0.1,5,0.8000507511194598,2495.57,5301.637177633286,5301.637177633286,2495.57,5301.637177633286,1
500004,CUST000004,2021,2021-12-23,2022-10-31,Home,CA,A,92101,57.69,Y,Standard,Frame,Metal,2071,2,45,1,45,0,B,Independent,4596.83,4276.93,321.78,551.62,278.86,848992,21964.62,1,0.949,1.0,12,0,0,0,0.0583,New,21504.62,1,1,Upper Middle,848992,500,4,2,Bank Transfer,2,Agent Referral,3,855440,116414,695,1,2,12,4596.83,383.06916666666666,0.08333333333333333,0.16666666666666666,0.08333333333333333,1.0,4596.83,-1.441882353135148,new,21504.62,229.84,0.1,5,0.7231651461405121,-18011.03,-30319.358298650917,-30319.358298650917,-18011.03,-30319.358298650917,0
500005,CUST000005,2021,2021-03-01,2021-09-30,Rental,CA,A,90001,45.79,Y,Basic,Masonry,Tile,1232,1,48,1,47,0,D,Broker,2967.94,3149.77,207.76,445.19,205.56,414208,0.0,0,1.036,1.0,12,0,0,1,0.0674,New,0.0,1,1,Middle,414208,1000,4,0,Auto Debit,6,Email Campaign,5,507579,50511,597,1,6,12,2967.94,247.32833333333335,0.0,0.0,0.08333333333333333,1.0,2967.94,-0.19419986910463183,new,0.0,148.4,0.1,5,0.7871089377531946,2166.59,4427.855348479391,4427.855348479391,2166.59,4427.855348479391,0
500006,CUST000006,2021,2021-10-22,2022-04-30,Home,CA,B,94105,46.2,N,Basic,Frame,Tile,2175,3,30,1,48,1,B,Independent,2700.97,2644.94,189.07,324.12,193.54,529696,0.0,0,0.987,1.0,12,0,0,0,0.0936,New,0.0,0,1,Middle,529696,2500,4,0,Bank Transfer,3,Online Search,11,794225,75743,700,1,3,12,2700.97,225.08083333333332,0.0,0.0,0.0,1.0,2700.97,-0.8026646689793335,new,0.0,135.05,0.1,5,0.8279353758937467,2052.7299999999996,4737.829346247719,4737.829346247719,2052.7299999999996,4737.829346247719,0
500007,CUST000007,2021,2021-10-14,2021-10-31,Home,FL,B,33601,39.28,Y,Premium,Masonry,Tile,1907,1,24,1,40,2,C,Independent,3708.83,3670.44,315.25,445.06,238.9,508000,0.0,0,0.998,1.0,12,0,0,0,0.07,New,0.0,1,1,Upper Middle,508000,1500,5,0,Auto Debit,1,Agent Referral,11,462050,95247,677,1,1,12,3708.83,309.06916666666666,0.0,0.0,0.08333333333333333,1.0,3708.83,1.7315281792791266,new,0.0,185.44,0.1,5,0.8754243227054518,2763.08,7332.255733667901,7332.255733667901,2763.08,7332.255733667901,1
500008,CUST000008,2021,2021-08-07,2021-08-31,Rental,CA,A,90001,54.77,Y,Standard,Mixed,Tile,1290,2,30,1,39,0,C,Direct,3015.97,2740.95,211.12,90.48,207.72,492194,0.0,0,0.455,0.5,6,1,0,0,0.0604,New,0.0,1,1,Middle,492194,1000,5,0,Auto Debit,0,Online Search,10,521377,58937,645,1,0,6,3015.97,502.66166666666663,0.0,0.0,0.16666666666666666,1.0,3015.97,0.7577703687696461,new,0.0,150.8,0.1,5,0.8683576972496297,2563.5699999999997,6663.900415444618,6663.900415444618,2563.5699999999997,6663.900415444618,1
500009,CUST000009,2021,2021-10-02,2022-07-31,Home,NY,B,11201,37.18,N,Basic,Masonry,Shingle,2308,2,34,0,54,0,A,Independent,2809.53,2771.74,196.67,337.14,198.43,765613,0.0,0,0.497,0.5,6,0,1,0,0.0951,New,0.0,1,1,Upper Middle,765613,500,4,1,Auto Debit,1,Social Media,6,1139651,112063,737,1,1,6,2809.53,468.25500000000005,0.0,0.16666666666666666,0.16666666666666666,1.0,2809.53,-2.4156401636446283,new,0.0,140.48,0.1,5,0.8322462070768712,2135.2400000000002,4991.512457226674,4991.512457226674,2135.2400000000002,4991.512457226674,0
500010,CUST000010,2021,2021-10-26,2022-07-31,Rental,FL,B,33101,66.58,Y,Standard,Frame,Shingle,1970,2,33,0,42,0,C,Broker,4273.83,4388.01,363.28,641.07,264.32,462805,0.0,0,1.048,1.0,12,0,0,0,0.0786,New,0.0,1,1,Middle,462805,2000,5,0,Credit Card,4,Email Campaign,8,461611,84936,635,1,4,12,4273.83,356.1525,0.0,0.0,0.08333333333333333,1.0,4273.83,0.5760913502488715,new,0.0,213.69,0.1,5,0.8178512720605812,3055.79,6845.211648713066,6845.211648713066,3055.79,6845.211648713066,1
500011,CUST000011,2021,2021-04-10,2021-05-31,Home,TX,D,73301,40.22,Y,Standard,Frame,Shingle,1360,1,34,1,29,0,C,Broker,1043.4,1012.19,73.04,156.51,118.95,211832,0.0,0,0.956,1.0,12,0,0,1,0.0661,New,0.0,0,1,Middle,211832,500,3,0,Debit Card,7,Agent Referral,6,206473,81288,671,1,7,12,1043.4,86.95,0.0,0.0,0.0,1.0,1043.4,-2.34324710768634,new,0.0,52.17,0.1,5,0.6786770504115591,761.6800000000002,1117.2407960704518,1117.2407960704518,761.6800000000002,1117.2407960704518,0
500012,CUST000012,2021,2021-12-05,2022-01-31,Home,WA,A,98501,29.46,N,Standard,Frame,Metal,1942,2,26,0,53,0,B,Direct,1451.36,1269.3,101.59,43.54,137.31,561689,0.0,0,0.862,1.0,12,0,1,0,0.12,New,0.0,1,1,High,561689,1000,4,1,Bank Transfer,2,Email Campaign,4,648670,166966,686,1,2,12,1451.36,120.94666666666666,0.0,0.08333333333333333,0.08333333333333333,1.0,1451.36,-0.047749891766386554,new,0.0,72.57,0.1,5,0.8082104411791431,1233.66,2685.3814652955616,2685.3814652955616,1233.66,2685.3814652955616,0
500013,CUST000013,2021,2021-08-05,2021-08-31,Condo,CA,C,94105,50.13,Y,Premium,Mixed,Metal,1283,1,39,1,24,0,B,Broker,2985.15,2878.06,208.96,447.77,206.33,602289,9787.59,1,1.002,1.0,12,1,0,0,0.0429,New,8867.59,1,1,Middle,602289,1000,3,1,Auto Debit,1,Online Search,10,545232,87752,701,1,1,12,2985.15,248.76250000000002,0.08333333333333333,0.08333333333333333,0.08333333333333333,1.0,2985.15,0.33739571791036516,new,8867.59,149.26,0.1,5,0.5537637829070226,-6688.43,-6561.357918368911,-6561.357918368911,-6688.43,-6561.357918368911,0
500014,CUST000014,2021,2021-03-20,2021-06-30,Home,FL,A,33101,41.6,Y,Standard,Masonry,Tile,2898,3,13,0,62,0,C,Independent,3917.46,4102.75,332.98,470.09,248.29,636871,0.0,0,1.047,1.0,12,0,0,0,0.0923,New,0.0,1,1,Middle,636871,2000,5,0,Credit Card,0,Email Campaign,4,648931,58070,664,1,0,12,3917.46,326.455,0.0,0.0,0.08333333333333333,1.0,3917.46,2.1166737889558784,new,0.0,195.87,0.1,5,0.8475550930604134,2918.52,7137.627566178071,7137.627566178071,2918.52,7137.627566178071,1
500015,CUST000015,2021,2021-07-05,2021-12-31,Home,CA,A,95814,67.98,N,Premium,Frame,Shingle,2260,2,32,1,24,0,D,Broker,5941.5,5711.38,415.91,891.23,339.37,794242,58003.49,2,0.971,1.0,12,1,0,1,0.0641,New,56163.49,1,1,Middle,794242,1000,2,2,Bank Transfer,16,Aggregator,9,869928,60105,569,1,16,12,5941.5,495.125,0.16666666666666666,0.16666666666666666,0.08333333333333333,1.0,5941.5,-6.833920888609672,new,56163.49,297.08,0.1,5,0.7847995034254167,-51826.21000000001,-105185.62203253634,-105185.62203253634,-51826.21000000001,-105185.62203253634,0
500016,CUST000016,2021,2021-05-11,2022-03-31,Home,CA,D,95814,50.85,Y,Standard,Frame,Tile,1244,2,25,1,52,1,D,Online,2986.72,2849.74,209.07,59.73,206.4,476169,16844.3,1,0.918,1.0,12,0,0,0,0.0649,New,15464.3,0,1,Middle,476169,1500,4,1,Auto Debit,0,Social Media,1,467509,60762,609,1,0,12,2986.72,248.89333333333332,0.08333333333333333,0.08333333333333333,0.0,1.0,2986.72,-1.0413603013178399,new,15464.3,149.34,0.1,5,0.4738178435895008,-12895.72,-9613.205196503543,-9613.205196503543,-12895.72,-9613.205196503543,0
500017,CUST000017,2021,2021-01-19,2021-11-30,Rental,CA,C,92101,67.17,Y,Basic,Frame,Shingle,2827,1,20,1,70,1,D,Online,7391.08,7303.28,517.38,147.82,404.6,914552,0.0,0,1.018,1.0,12,0,0,0,0.0839,New,0.0,1,1,Middle,914552,500,4,0,Debit Card,6,Partner Referral,10,1119146,58294,525,1,6,12,7391.08,615.9233333333333,0.0,0.0,0.08333333333333333,1.0,7391.08,-0.19419986910463183,new,0.0,369.55,0.1,5,0.8680850235158507,6356.33,16509.86802996144,16509.86802996144,6356.33,16509.86802996144,1
500018,CUST000018,2021,2021-08-22,2021-09-30,Home,WA,A,98101,34.14,N,Basic,Frame,Shingle,2173,1,38,0,60,1,D,Online,2182.25,2117.9,152.76,43.65,170.2,450777,0.0,0,0.979,1.0,12,1,1,0,0.135,New,0.0,1,1,Middle,450777,2000,4,0,Auto Debit,0,Agent Referral,6,689738,81151,545,1,0,12,2182.25,181.85416666666666,0.0,0.0,0.08333333333333333,1.0,2182.25,2.1166737889558784,new,0.0,109.11,0.1,5,0.8410742524269016,1876.73,4503.027880402969,4503.027880402969,1876.73,4503.027880402969,0
500019,CUST000019,2021,2021-11-27,2021-11-30,Home,CA,C,92101,64.9,Y,Basic,Frame,Shingle,2901,1,16,1,45,0,B,Independent,5910.71,5754.03,413.75,709.28,337.98,1016341,0.0,0,0.949,1.0,12,0,0,0,0.0676,New,0.0,1,1,Upper Middle,1016341,1500,4,0,Auto Debit,1,Agent Referral,7,1269885,97895,699,1,1,12,5910.71,492.55916666666667,0.0,0.0,0.08333333333333333,1.0,5910.71,1.7315281792791266,new,0.0,295.54,0.1,5,0.89469397221614,4492.14,12607.661801982938,12607.661801982938,4492.14,12607.661801982938,1
500020,CUST000020,2021,2021-06-06,2021-12-31,Condo,TX,A,77001,42.62,N,Standard,Frame,Metal,1269,1,44,0,48,0,A,Independent,485.36,472.29,33.98,58.24,93.84,140847,0.0,0,0.961,1.0,12,1,1,0,0.1287,New,0.0,0,1,Upper Middle,140847,5000,4,0,Bank Transfer,3,Social Media,12,178097,94605,742,1,3,12,485.36,40.446666666666665,0.0,0.0,0.0,1.0,485.36,-0.8026646689793335,new,0.0,24.27,0.1,5,0.5618382298863323,368.87,371.71202749867194,371.71202749867194,368.87,371.71202749867194,0
500021,CUST000021,2021,2021-01-15,2021-01-31,Rental,FL,B,33101,40.6,N,Standard,Mixed,Tile,1889,1,26,1,41,0,C,Broker,2371.92,2273.41,201.61,355.79,178.74,361853,0.0,0,0.974,1.0,12,0,1,0,0.0913,New,0.0,1,1,Middle,361853,1000,4,0,Credit Card,3,Social Media,12,420572,81903,644,1,3,12,2371.92,197.66,0.0,0.0,0.08333333333333333,1.0,2371.92,0.9612369599256232,new,0.0,118.6,0.1,5,0.8378051355760192,1695.92,4030.147361856777,4030.147361856777,1695.92,4030.147361856777,0
500022,CUST000022,2021,2021-07-01,2021-07-31,Home,FL,B,33101,50.87,Y,Premium,Masonry,Shingle,1840,2,34,0,65,0,B,Direct,3153.89,2741.35,268.08,94.62,213.93,460680,29505.92,1,0.867,1.0,12,1,1,0,0.1201,New,28585.92,0,1,Upper Middle,460680,1000,3,2,Credit Card,2,Online Search,11,420893,91495,728,1,2,12,3153.89,262.82416666666666,0.08333333333333333,0.16666666666666666,0.0,1.0,3153.89,-3.2057839820401046,new,28585.92,157.69,0.1,5,0.4272175205142799,-25952.42,-16334.187239686034,-16334.187239686034,-25952.42,-16334.187239686034,0
500023,CUST000023,2021,2021-02-11,2021-12-31,Condo,FL,B,33601,63.9,Y,Standard,Frame,Tile,1008,1,28,1,40,2,C,Direct,1797.13,1726.37,152.76,53.91,152.87,208928,0.0,0,0.96,1.0,12,0,0,0,0.0729,New,0.0,0,1,Middle,208928,500,4,0,Credit Card,0,Aggregator,3,222117,53142,646,1,0,12,1797.13,149.76083333333335,0.0,0.0,0.0,1.0,1797.13,0.3527721600509216,new,0.0,89.86,0.1,5,0.5626869823062352,1500.6000000000001,1516.4244285211269,1516.4244285211269,1500.6000000000001,1516.4244285211269,0
500024,CUST000024,2021,2021-01-22,2021-02-28,Home,CA,D,94105,36.85,N,Standard,Frame,Shingle,2107,3,7,0,63,1,A,Online,2935.3,2906.51,205.47,58.71,204.09,748887,0.0,0,1.027,1.0,12,0,0,0,0.1007,New,0.0,1,1,High,748887,5000,5,0,Credit Card,1,Agent Referral,7,883078,175146,808,1,1,12,2935.3,244.60833333333335,0.0,0.0,0.08333333333333333,1.0,2935.3,1.7315281792791266,new,0.0,146.77,0.1,5,0.8866836270250792,2524.3500000000004,6921.994183785658,6921.994183785658,2524.3500000000004,6921.994183785658,1
500025,CUST000025,2021,2021-12-18,2022-08-31,Home,TX,C,78701,33.2,N,Basic,Mixed,Tile,2371,3,23,0,66,0,B,Direct,821.7,801.57,57.52,24.65,108.98,234925,0.0,0,0.986,1.0,12,0,0,0,0.0621,New,0.0,1,1,Middle,234925,1000,5,0,Credit Card,0,Email Campaign,6,334928,73301,709,1,0,12,821.7,68.47500000000001,0.0,0.0,0.08333333333333333,1.0,821.7,2.1166737889558784,new,0.0,41.09,0.1,5,0.8424835348994815,698.44,1682.8124235386,1682.8124235386,698.44,1682.8124235386,0
500026,CUST000026,2021,2021-11-11,2021-11-30,Condo,WA,B,98004,26.55,N,Standard,Masonry,Shingle,1336,1,47,1,44,1,B,Online,1057.03,1003.91,73.99,21.14,119.57,326738,0.0,0,0.949,1.0,12,0,1,0,0.1511,New,0.0,1,1,Upper Middle,326738,2500,5,0,Bank Transfer,4,Agent Referral,8,392462,133311,714,1,4,12,1057.03,88.08583333333333,0.0,0.0,0.08333333333333333,1.0,1057.03,0.5760913502488715,new,0.0,52.85,0.1,5,0.8786129137742905,909.05,2434.831304164417,2434.831304164417,909.05,2434.831304164417,0
500027,CUST000027,2021,2021-05-12,2022-01-31,Home,CA,B,92101,39.2,N,Premium,Masonry,Tile,1432,2,21,0,55,0,D,Online,3050.17,3095.53,213.51,61.0,209.26,522572,27921.83,2,1.003,1.0,12,0,0,1,0.0982,New,23321.83,1,1,Middle,522572,2500,2,1,Bank Transfer,8,Online Search,8,558746,80418,590,1,8,12,3050.17,254.18083333333334,0.16666666666666666,0.08333333333333333,0.08333333333333333,1.0,3050.17,-2.3586235498268966,new,23321.83,152.51,0.1,5,0.4590350264162055,-20698.68,-14636.022348937206,-14636.022348937206,-20698.68,-14636.022348937206,0
500028,CUST000028,2021,2021-02-02,2021-09-30,Home,TX,D,78701,42.55,N,Basic,Mixed,Shingle,1610,3,28,1,48,0,C,Broker,888.63,805.56,62.2,133.29,111.99,180685,0.0,0,0.92,1.0,12,0,0,0,0.0449,New,0.0,1,1,Middle,180685,1000,5,0,Debit Card,0,Agent Referral,8,260802,88729,666,1,0,12,888.63,74.0525,0.0,0.0,0.08333333333333333,1.0,888.63,2.1166737889558784,new,0.0,44.43,0.1,5,0.8593013914977747,648.71,1642.1833057560812,1642.1833057560812,648.71,1642.1833057560812,0
500029,CUST000029,2021,2021-06-23,2021-06-30,Rental,WA,D,98004,17.17,N,Standard,Masonry,Tile,1617,1,31,1,44,0,C,Broker,1591.58,1508.68,111.41,238.74,143.62,426129,0.0,0,0.94,1.0,12,1,0,1,0.0439,New,0.0,0,1,Middle,426129,1000,4,1,Auto Debit,3,Social Media,4,497954,86897,637,1,3,12,1591.58,132.63166666666666,0.0,0.08333333333333333,0.0,1.0,1591.58,-2.196797130348095,new,0.0,79.58,0.1,5,0.7548067294765701,1161.85,2154.034623196042,2154.034623196042,1161.85,2154.034623196042,0
500030,CUST000030,2021,2021-02-15,2021-12-31,Condo,CA,D,95814,41.91,Y,Basic,Masonry,Tile,1758,1,48,1,46,0,B,Online,2423.64,2251.51,169.65,48.47,181.06,525155,0.0,0,0.931,1.0,12,0,0,0,0.1018,New,0.0,1,1,Low,525155,2000,5,0,Credit Card,3,Agent Referral,2,693766,48213,686,1,3,12,2423.64,201.97,0.0,0.0,0.08333333333333333,1.0,2423.64,0.9612369599256232,new,0.0,121.18,0.1,5,0.86640200562413,2084.34,5387.2674897175275,5387.2674897175275,2084.34,5387.2674897175275,1
500031,CUST000031,2021,2021-12-15,2022-03-31,Home,CA,C,90001,45.01,Y,Basic,Masonry,Tile,1104,2,37,1,52,0,D,Direct,1977.74,1919.31,138.44,59.33,161.0,334069,0.0,0,1.007,1.0,12,0,1,1,0.1531,New,0.0,0,1,Low,334069,2000,4,1,Credit Card,11,Social Media,9,433664,37512,584,1,11,12,1977.74,164.81166666666667,0.0,0.08333333333333333,0.0,1.0,1977.74,-5.277962007762109,new,0.0,98.89,0.1,5,0.7799887641032156,1681.08,3362.932972649178,3362.932972649178,1681.08,3362.932972649178,0
500032,CUST000032,2021,2021-01-20,2021-01-31,Home,TX,A,77001,25.27,N,Standard,Masonry,Tile,2088,2,24,0,36,0,B,Broker,876.14,889.36,61.33,131.42,111.43,280366,0.0,0,0.997,1.0,12,0,0,0,0.0821,New,0.0,1,1,High,280366,2000,4,1,Credit Card,3,Aggregator,4,353254,154541,698,1,3,12,876.14,73.01166666666667,0.0,0.08333333333333333,0.08333333333333333,1.0,876.14,-0.43289550144313826,new,0.0,43.81,0.1,5,0.8053869600322449,639.5799999999999,1380.5462589799006,1380.5462589799006,639.5799999999999,1380.5462589799006,0
500033,CUST000033,2021,2021-01-13,2021-04-30,Rental,TX,A,77001,48.65,N,Standard,Masonry,Shingle,1189,2,19,1,47,0,C,Broker,715.38,650.2,50.08,107.31,104.19,146837,16685.4,1,0.462,0.5,6,0,0,0,0.0953,New,14845.4,1,1,Middle,146837,2000,3,1,Credit Card,4,Agent Referral,6,177123,64975,633,1,4,6,715.38,119.23,0.16666666666666666,0.16666666666666666,0.16666666666666666,1.0,715.38,-3.5710769926748833,new,14845.4,35.77,0.1,5,0.6929431250097723,-14323.18,-21963.872192423976,-21963.872192423976,-14323.18,-21963.872192423976,0
500034,CUST000034,2021,2021-02-05,2021-06-30,Condo,FL,B,33301,51.82,Y,Premium,Mixed,Metal,1042,1,53,1,68,1,C,Broker,1914.16,1977.5,162.7,287.12,158.14,249105,0.0,0,1.038,1.0,12,0,0,0,0.0423,New,0.0,1,1,Low,249105,1500,4,0,Bank Transfer,3,Agent Referral,12,235538,29492,645,1,3,12,1914.16,159.51333333333335,0.0,0.0,0.08333333333333333,1.0,1914.16,0.9612369599256232,new,0.0,95.71,0.1,5,0.8468836591488518,1368.63,3340.5605238278986,3340.5605238278986,1368.63,3340.5605238278986,0
500035,CUST000035,2021,2021-01-25,2021-04-30,Home,NY,B,11201,29.86,N,Basic,Mixed,Tile,1403,2,33,1,59,1,D,Independent,2605.39,2373.09,182.38,312.65,189.24,585242,0.0,0,0.927,1.0,12,0,0,1,0.0588,New,0.0,1,1,Middle,585242,1500,4,0,Debit Card,5,Agent Referral,12,822575,53005,614,1,5,12,2605.39,217.1158333333333,0.0,0.0,0.08333333333333333,1.0,2605.39,0.19094574057211977,new,0.0,130.27,0.1,5,0.8030929359003768,1980.0899999999997,4244.918888354339,4244.918888354339,1980.0899999999997,4244.918888354339,0
500036,CUST000036,2021,2021-07-20,2021-07-31,Home,FL,A,33101,51.24,N,Standard,Masonry,Metal,1625,3,42,1,46,0,C,Independent,1834.82,1955.55,155.96,220.18,154.57,258528,0.0,0,1.05,1.0,12,1,0,0,0.0657,New,0.0,0,1,Low,258528,1000,4,0,Auto Debit,1,Online Search,14,304792,47178,657,1,1,12,1834.82,152.90166666666667,0.0,0.0,0.0,1.0,1834.82,-0.03237344962583011,new,0.0,91.74,0.1,5,0.7748600643670912,1366.9399999999998,2692.625925562591,2692.625925562591,1366.9399999999998,2692.625925562591,0
500037,CUST000037,2021,2021-12-23,2022-09-30,Home,TX,C,78701,35.36,Y,Premium,Mixed,Shingle,2095,2,12,1,57,0,B,Online,1137.17,1093.08,79.6,22.74,123.17,346894,22425.02,1,0.939,1.0,12,0,1,0,0.1588,New,20585.02,0,1,Low,346894,2000,4,0,Credit Card,1,Partner Referral,6,342108,47601,719,1,1,12,1137.17,94.76416666666667,0.08333333333333333,0.0,0.0,1.0,1137.17,-0.03237344962583011,new,20585.02,56.86,0.1,5,0.506640938965565,-19607.05,-16394.519993566933,-16394.519993566933,-19607.05,-16394.519993566933,0
500038,CUST000038,2021,2021-06-08,2021-07-31,Home,CA,A,95814,57.02,Y,Basic,Masonry,Shingle,2656,2,50,0,61,0,B,Independent,4981.7,4526.09,348.72,597.8,296.18,915155,16559.86,1,0.946,1.0,12,1,1,0,0.0855,New,15179.86,0,1,Middle,915155,1500,4,0,Credit Card,2,Online Search,10,1147321,85982,688,1,2,12,4981.7,415.14166666666665,0.08333333333333333,0.0,0.0,1.0,4981.7,-0.4175190593025818,new,15179.86,249.08,0.1,5,0.4076742398427644,-11393.759999999998,-6662.275423304375,-6662.275423304375,-11393.759999999998,-6662.275423304375,0
500039,CUST000039,2021,2021-11-26,2022-09-30,Rental,FL,C,33101,45.13,Y,Standard,Masonry,Metal,1855,2,9,1,41,1,D,Online,3707.43,3521.5,315.13,74.15,238.83,439910,0.0,0,0.966,1.0,12,0,1,1,0.1046,New,0.0,0,1,Middle,439910,500,4,2,Auto Debit,2,Aggregator,5,452243,51053,577,1,2,12,3707.43,308.9525,0.0,0.16666666666666666,0.0,1.0,3707.43,-3.2057839820401046,new,0.0,185.37,0.1,5,0.5976220159619776,3132.7799999999997,3550.313763889554,3550.313763889554,3132.7799999999997,3550.313763889554,0
500040,CUST000040,2021,2021-01-08,2021-02-28,Condo,FL,A,33101,60.19,Y,Basic,Frame,Shingle,1621,1,39,1,41,1,D,Independent,2710.85,2481.76,230.42,325.3,193.99,271164,6628.03,1,0.914,1.0,12,0,0,1,0.0689,New,5708.03,0,1,Low,271164,1000,2,2,Bank Transfer,12,Partner Referral,8,354300,34654,520,1,12,12,2710.85,225.90416666666667,0.08333333333333333,0.16666666666666666,0.0,1.0,2710.85,-7.057240078807622,new,5708.03,135.54,0.1,5,0.35,-3688.44,-1715.6585959959882,-1715.6585959959882,-3688.44,-1715.6585959959882,0
500041,CUST000041,2021,2021-07-13,2022-02-28,Home,WA,C,99201,35.34,Y,Basic,Frame,Shingle,2525,1,17,0,81,0,C,Independent,3072.81,2841.29,215.1,368.74,210.28,728752,0.0,0,0.947,1.0,12,1,0,0,0.0509,New,0.0,1,1,Middle,728752,1000,3,2,Credit Card,1,Online Search,13,916883,51419,640,1,1,12,3072.81,256.0675,0.0,0.16666666666666666,0.08333333333333333,1.0,3072.81,-1.056736743458396,new,0.0,153.64,0.1,5,0.6779299028105468,2335.3300000000004,3417.5019949668913,3417.5019949668913,2335.3300000000004,3417.5019949668913,0
500042,CUST000042,2021,2021-06-27,2021-06-30,Condo,CA,A,94105,61.11,N,Standard,Frame,Shingle,1475,1,14,1,47,1,B,Independent,2944.97,2918.81,206.15,353.4,204.52,511777,8733.7,1,0.51,0.5,6,1,0,0,0.0534,New,8273.7,0,1,Upper Middle,511777,500,3,0,Bank Transfer,2,Partner Referral,14,591797,108478,688,1,2,6,2944.97,490.8283333333333,0.16666666666666666,0.0,0.0,1.0,2944.97,-3.540324108393771,new,8273.7,147.25,0.1,5,0.35522064689622024,-6035.530000000001,-2868.5217904242795,-2868.5217904242795,-6035.530000000001,-2868.5217904242795,0
500043,CUST000043,2021,2021-03-09,2021-07-31,Condo,CA,B,92101,41.51,Y,Basic,Masonry,Shingle,1278,1,34,0,60,0,A,Independent,2006.65,1991.05,140.47,240.8,162.3,437657,34006.9,1,0.975,1.0,12,0,0,0,0.0842,New,31706.9,0,1,Upper Middle,437657,2500,4,2,Bank Transfer,5,Partner Referral,8,559485,99120,805,1,5,12,2006.65,167.22083333333333,0.08333333333333333,0.16666666666666666,0.0,1.0,2006.65,-4.36122081107036,new,31706.9,100.33,0.1,5,0.4973308127886062,-30181.850000000002,-24435.955898489497,-24435.955898489497,-30181.850000000002,-24435.955898489497,0
500044,CUST000044,2021,2021-11-12,2021-11-30,Condo,FL,B,33601,40.36,N,Premium,Masonry,Metal,1535,1,6,0,62,2,B,Independent,2033.36,1969.36,172.84,244.0,163.5,368809,0.0,0,0.984,1.0,12,0,1,0,0.1205,New,0.0,1,1,High,368809,2000,5,0,Debit Card,6,Social Media,10,380762,157404,704,1,6,12,2033.36,169.44666666666666,0.0,0.0,0.08333333333333333,1.0,2033.36,-0.19419986910463183,new,0.0,101.67,0.1,5,0.8826331216146521,1514.85,4105.20637426897,4105.20637426897,1514.85,4105.20637426897,0
500045,CUST000045,2021,2021-02-07,2021-11-30,Rental,NY,C,10001,41.22,Y,Basic,Mixed,Tile,2022,2,35,0,48,0,A,Independent,2552.22,2614.59,178.66,306.27,186.85,745309,0.0,0,0.992,1.0,12,0,1,0,0.1106,New,0.0,1,1,Upper Middle,745309,2000,5,0,Auto Debit,1,Partner Referral,8,963185,130255,766,1,1,12,2552.22,212.68499999999997,0.0,0.0,0.08333333333333333,1.0,2552.22,1.7315281792791266,new,0.0,127.61,0.1,5,0.7939316740590371,1939.68,4045.9910590314134,4045.9910590314134,1939.68,4045.9910590314134,0
500046,CUST000046,2021,2021-08-09,2022-02-28,Rental,CA,A,94105,57.26,N,Standard,Frame,Tile,1688,2,39,1,52,0,A,Online,2730.95,2547.01,191.17,54.62,194.89,541540,0.0,0,0.955,1.0,12,1,0,0,0.0781,New,0.0,1,1,Low,541540,1500,5,0,Auto Debit,1,Agent Referral,7,654536,47508,758,1,1,12,2730.95,227.57916666666665,0.0,0.0,0.08333333333333333,1.0,2730.95,1.7315281792791266,new,0.0,136.55,0.1,5,0.840637802238469,2348.6099999999997,5628.011329558367,5628.011329558367,2348.6099999999997,5628.011329558367,1
500047,CUST000047,2021,2021-04-10,2021-06-30,Home,NY,C,11201,36.73,Y,Standard,Masonry,Shingle,1364,2,30,0,50,1,C,Independent,2823.37,3138.27,197.64,338.8,199.05,659933,0.0,0,0.556,0.5,6,0,1,0,0.1089,New,0.0,1,1,Middle,659933,1000,4,0,Bank Transfer,4,Email Campaign,4,682800,72405,662,1,4,6,2823.37,470.56166666666667,0.0,0.0,0.16666666666666666,1.0,2823.37,-0.7828120699373606,new,0.0,141.17,0.1,5,0.8847423376193797,2145.7599999999998,5850.749418246922,5850.749418246922,2145.7599999999998,5850.749418246922,1
500048,CUST000048,2021,2021-01-12,2021-05-31,Condo,NY,A,10001,38.9,N,Basic,Frame,Shingle,1138,1,23,0,57,1,D,Broker,2058.39,1918.83,144.09,308.76,164.63,384475,0.0,0,0.929,1.0,12,0,1,1,0.0877,New,0.0,1,1,Low,384475,1000,4,0,Auto Debit,2,Social Media,12,511305,46500,578,1,2,12,2058.39,171.5325,0.0,0.0,0.08333333333333333,1.0,2058.39,1.3463825696023748,new,0.0,102.92,0.1,5,0.7896014419607275,1502.62,3093.9378771102242,3093.9378771102242,1502.62,3093.9378771102242,0
500049,CUST000049,2021,2021-04-24,2021-04-30,Home,FL,A,33101,40.37,Y,Basic,Masonry,Tile,1871,2,12,0,64,0,A,Online,1627.69,1642.67,138.35,32.55,145.25,348227,0.0,0,1.018,1.0,12,0,1,0,0.1014,New,0.0,1,1,Upper Middle,348227,1000,5,1,Auto Debit,2,Online Search,2,451245,98757,730,1,2,12,1627.69,135.64083333333335,0.0,0.08333333333333333,0.08333333333333333,1.0,1627.69,-0.047749891766386554,new,0.0,81.38,0.1,5,0.8672414397489042,1375.4100000000003,3563.6763257643433,3563.6763257643433,1375.4100000000003,3563.6763257643433,0
500050,CUST000050,2021,2021-01-20,2021-08-31,Home,WA,C,98101,21.31,N,Premium,Masonry,Tile,2048,1,19,0,45,0,C,Broker,1929.78,2027.54,135.08,289.47,158.84,585546,0.0,0,1.048,1.0,12,0,1,0,0.1025,New,0.0,1,1,Upper Middle,585546,1000,4,0,Auto Debit,1,Online Search,8,622492,102022,651,1,1,12,1929.78,160.815,0.0,0.0,0.08333333333333333,1.0,1929.78,1.7315281792791266,new,0.0,96.49,0.1,5,0.8444633217687048,1408.74,3414.0515411920546,3414.0515411920546,1408.74,3414.0515411920546,0
500051,CUST000051,2021,2021-04-13,2021-12-31,Home,NY,C,10001,29.05,Y,Basic,Frame,Shingle,2277,2,0,1,35,1,C,Direct,4310.79,4059.4,301.75,129.32,265.99,1122869,0.0,0,0.912,1.0,12,0,0,0,0.0966,New,0.0,1,1,Upper Middle,1122869,2500,4,0,Debit Card,1,Partner Referral,4,1411660,126308,679,1,1,12,4310.79,359.2325,0.0,0.0,0.08333333333333333,1.0,4310.79,1.7315281792791266,new,0.0,215.54,0.1,5,0.7813252223112019,3664.18,7359.5536718128105,7359.5536718128105,3664.18,7359.5536718128105,1
500052,CUST000052,2021,2021-09-26,2022-04-30,Home,TX,A,78701,50.11,N,Basic,Masonry,Shingle,2234,1,27,1,36,0,D,Independent,1301.08,1255.31,91.08,156.13,130.55,224331,24267.3,1,0.474,0.5,6,1,1,1,0.0914,New,23807.3,0,1,Middle,224331,500,2,0,Auto Debit,4,Agent Referral,10,333306,61692,594,1,4,6,1301.08,216.84666666666666,0.16666666666666666,0.0,0.0,1.0,1301.08,-4.310615327747275,new,23807.3,65.05,0.1,5,0.427116695413649,-22818.480000000003,-14356.32759109375,-14356.32759109375,-22818.480000000003,-14356.32759109375,0
500053,CUST000053,2021,2021-01-26,2021-05-31,Home,FL,B,32801,51.54,Y,Standard,Mixed,Metal,1631,1,40,0,47,0,A,Online,2052.89,1948.29,174.5,41.06,164.38,421255,0.0,0,0.953,1.0,12,0,1,0,0.1596,New,0.0,1,1,High,421255,2500,4,0,Auto Debit,1,Social Media,6,432854,214873,756,1,1,12,2052.89,171.07416666666666,0.0,0.0,0.08333333333333333,1.0,2052.89,1.7315281792791266,new,0.0,102.64,0.1,5,0.8123177220544915,1734.6899999999998,3822.4553484710314,3822.4553484710314,1734.6899999999998,3822.4553484710314,0
500054,CUST000054,2021,2021-04-04,2021-11-30,Condo,TX,D,73301,29.71,Y,Standard,Masonry,Tile,1399,1,19,0,30,0,C,Direct,830.9,877.26,58.16,24.93,109.39,209951,11459.38,1,1.026,1.0,12,0,1,0,0.1508,New,9619.38,1,1,Middle,209951,2000,4,0,Credit Card,0,Social Media,4,214788,77915,671,1,0,12,830.9,69.24166666666666,0.08333333333333333,0.0,0.08333333333333333,1.0,830.9,2.1166737889558784,new,9619.38,41.54,0.1,5,0.35,-8913.11,-4145.886550562786,-4145.886550562786,-8913.11,-4145.886550562786,0
500055,CUST000055,2021,2021-11-18,2022-03-31,Home,TX,D,78701,34.56,Y,Standard,Frame,Shingle,1187,2,30,1,43,0,C,Independent,831.73,827.78,58.22,99.81,109.43,180084,0.0,0,0.976,1.0,12,0,0,0,0.0404,New,0.0,1,1,Low,180084,1000,4,0,Auto Debit,0,Social Media,12,180918,30966,629,1,0,12,831.73,69.31083333333333,0.0,0.0,0.08333333333333333,1.0,831.73,2.1166737889558784,new,0.0,41.59,0.1,5,0.7944547165056036,632.11,1320.5877777648218,1320.5877777648218,632.11,1320.5877777648218,0
500056,CUST000056,2021,2021-10-01,2021-10-31,Home,NY,A,12207,39.27,N,Basic,Masonry,Tile,2985,3,34,0,39,0,B,Direct,3712.44,3673.7,259.87,111.37,239.06,1062526,0.0,0,0.982,1.0,12,0,0,0,0.0719,New,0.0,1,1,Upper Middle,1062526,1000,5,0,Debit Card,3,Aggregator,3,1561216,115549,697,1,3,12,3712.44,309.37,0.0,0.0,0.08333333333333333,1.0,3712.44,0.9612369599256232,new,0.0,185.62,0.1,5,0.8540499017849039,3155.5800000000004,7866.107086813828,7866.107086813828,3155.5800000000004,7866.107086813828,1
500057,CUST000057,2021,2021-08-10,2022-06-30,Condo,CA,A,94105,51.21,N,Standard,Frame,Metal,1599,1,19,1,52,0,C,Broker,2874.08,2901.55,201.19,431.11,201.33,534738,0.0,0,0.489,0.5,6,1,0,0,0.0653,New,0.0,1,1,Middle,534738,1000,4,0,Debit Card,1,Social Media,10,633536,70946,624,1,1,6,2874.08,479.0133333333333,0.0,0.0,0.16666666666666666,1.0,2874.08,0.3726247590928944,new,0.0,143.7,0.1,5,0.8873256377073082,2098.08,5763.868547122902,5763.868547122902,2098.08,5763.868547122902,1
500058,CUST000058,2021,2021-10-01,2021-12-31,Home,CA,A,95814,44.23,Y,Premium,Masonry,Tile,2343,2,18,0,31,0,A,Online,3391.4,3307.53,237.4,67.83,224.61,964336,0.0,0,0.976,1.0,12,0,1,0,0.1355,New,0.0,1,1,High,964336,2000,5,0,Auto Debit,0,Social Media,9,884176,160722,798,1,0,12,3391.4,282.6166666666667,0.0,0.0,0.08333333333333333,1.0,3391.4,2.1166737889558784,new,0.0,169.57,0.1,5,0.9004347960418367,2916.6,8323.026395444736,8323.026395444736,2916.6,8323.026395444736,1
500059,CUST000059,2021,2021-11-05,2022-03-31,Home,WA,B,98004,27.36,N,Basic,Frame,Tile,2321,1,25,1,60,0,D,Online,2094.68,1977.79,146.63,41.89,166.26,514008,0.0,0,0.955,1.0,12,0,1,0,0.1172,New,0.0,1,1,Upper Middle,514008,1000,4,1,Credit Card,6,Aggregator,4,766107,96596,610,1,6,12,2094.68,174.55666666666664,0.0,0.08333333333333333,0.08333333333333333,1.0,2094.68,-1.5883323304733934,new,0.0,104.73,0.1,5,0.8423489033449536,1801.4299999999996,4338.620998873867,4338.620998873867,1801.4299999999996,4338.620998873867,0
500060,CUST000060,2021,2021-08-20,2022-03-31,Home,WA,C,98101,26.03,Y,Premium,Masonry,Shingle,1247,1,34,1,69,0,D,Online,2060.72,2042.2,144.25,41.21,164.73,488346,0.0,0,0.99,1.0,12,1,1,0,0.153,New,0.0,1,1,Low,488346,2000,5,1,Debit Card,4,Agent Referral,10,433549,45155,619,1,4,12,2060.72,171.72666666666666,0.0,0.08333333333333333,0.08333333333333333,1.0,2060.72,-0.81804111111989,new,0.0,103.04,0.1,5,0.8893348242435106,1772.2199999999998,4897.164449624554,4897.164449624554,1772.2199999999998,4897.164449624554,0
500061,CUST000061,2021,2021-11-15,2021-11-30,Rental,FL,A,33101,61.26,N,Premium,Frame,Tile,2022,1,33,1,42,0,B,Independent,2990.22,2873.3,254.17,358.83,206.56,398254,21260.19,1,0.969,1.0,12,0,0,0,0.0536,New,20340.19,1,1,High,398254,1000,4,0,Auto Debit,0,Partner Referral,7,418259,171943,709,1,0,12,2990.22,249.18499999999997,0.08333333333333333,0.0,0.08333333333333333,1.0,2990.22,2.1166737889558784,new,20340.19,149.51,0.1,5,0.5851209791721907,-18112.479999999996,-19706.897224301625,-19706.897224301625,-18112.479999999996,-19706.897224301625,0
500062,CUST000062,2021,2021-04-14,2022-01-31,Home,FL,A,33301,45.44,Y,Standard,Masonry,Metal,1970,2,17,1,26,1,C,Online,3116.77,3127.17,264.93,62.34,212.25,468772,0.0,0,0.499,0.5,6,0,0,0,0.1182,New,0.0,0,1,Upper Middle,468772,2500,3,0,Bank Transfer,0,Aggregator,5,485962,96676,644,1,0,6,3116.77,519.4616666666667,0.0,0.0,0.0,1.0,3116.77,-2.7700328890402672,new,0.0,155.84,0.1,5,0.46400453789054674,2633.66,1895.7837064658465,1895.7837064658465,2633.66,1895.7837064658465,0
500063,CUST000063,2021,2021-07-13,2022-02-28,Condo,NY,D,11201,23.41,N,Premium,Mixed,Tile,1498,2,22,1,33,0,B,Direct,2025.17,1903.17,141.76,60.76,163.13,631107,0.0,0,0.465,0.5,6,1,0,0,0.0858,New,0.0,1,1,Middle,631107,1000,4,0,Debit Card,2,Agent Referral,7,682566,79818,706,1,2,6,2025.17,337.52833333333336,0.0,0.0,0.16666666666666666,1.0,2025.17,-0.012520850583857324,new,0.0,101.26,0.1,5,0.8013056761329843,1721.39,3670.684187620626,3670.684187620626,1721.39,3670.684187620626,0
500064,CUST000064,2021,2021-02-16,2021-11-30,Home,FL,B,32801,38.91,Y,Basic,Masonry,Tile,2866,1,22,1,23,0,C,Broker,3795.2,3704.41,322.59,569.28,242.78,598377,57517.95,1,1.009,1.0,12,0,0,0,0.0534,New,57057.95,1,1,Upper Middle,598377,500,4,0,Bank Transfer,0,Agent Referral,5,755956,100456,637,1,0,12,3795.2,316.26666666666665,0.08333333333333333,0.0,0.08333333333333333,1.0,3795.2,2.1166737889558784,new,57057.95,189.76,0.1,5,0.6796065106524111,-54344.38,-79944.66686068855,-79944.66686068855,-54344.38,-79944.66686068855,0
500065,CUST000065,2021,2021-12-09,2022-06-30,Rental,CA,D,94105,61.51,Y,Basic,Frame,Shingle,1971,2,57,1,55,0,C,Direct,4923.6,4887.01,344.65,147.71,293.56,668701,19984.18,1,0.969,1.0,12,0,0,1,0.0621,New,18604.18,1,1,Middle,668701,1500,4,1,Auto Debit,3,Online Search,4,868205,74000,657,1,3,12,4923.6,410.3,0.08333333333333333,0.08333333333333333,0.08333333333333333,1.0,4923.6,-0.43289550144313826,new,18604.18,246.18,0.1,5,0.7166810755491453,-14419.119999999999,-23794.06259508379,-23794.06259508379,-14419.119999999999,-23794.06259508379,0
500066,CUST000066,2021,2021-10-22,2021-11-30,Home,FL,D,32801,34.69,N,Basic,Masonry,Shingle,2052,1,16,1,42,0,D,Online,2363.75,2473.88,200.92,47.28,178.37,324102,0.0,0,1.05,1.0,12,0,0,0,0.1131,New,0.0,1,1,Low,324102,2000,4,0,Auto Debit,1,Online Search,4,484106,28342,556,1,1,12,2363.75,196.97916666666666,0.0,0.0,0.08333333333333333,1.0,2363.75,1.7315281792791266,new,0.0,118.19,0.1,5,0.8521889867066059,1997.3599999999997,4951.805703277588,4951.805703277588,1997.3599999999997,4951.805703277588,0
500067,CUST000067,2021,2021-01-01,2021-07-31,Home,TX,D,79901,25.76,Y,Basic,Masonry,Tile,1581,2,21,0,73,1,D,Broker,872.52,878.22,61.08,130.88,111.26,177793,0.0,0,0.999,1.0,12,0,0,1,0.09,New,0.0,1,1,Low,177793,2000,4,0,Debit Card,3,Online Search,8,220708,44385,527,1,3,12,872.52,72.71,0.0,0.0,0.08333333333333333,1.0,872.52,0.9612369599256232,new,0.0,43.63,0.1,5,0.7868485826321256,636.93,1300.6762351669106,1300.6762351669106,636.93,1300.6762351669106,0
500068,CUST000068,2021,2021-06-11,2022-01-31,Condo,TX,D,73301,35.9,Y,Standard,Mixed,Shingle,1499,1,36,1,61,0,B,Online,847.99,792.14,59.36,16.96,110.16,210750,15930.84,1,0.94,1.0,12,1,1,0,0.1169,New,15010.84,0,1,Upper Middle,210750,1000,3,0,Credit Card,0,Aggregator,5,224882,103021,704,1,0,12,847.99,70.66583333333334,0.08333333333333333,0.0,0.0,1.0,847.99,0.3527721600509216,new,15010.84,42.4,0.1,5,0.4102816612563563,-14281.57,-8434.123565092379,-8434.123565092379,-14281.57,-8434.123565092379,0
500069,CUST000069,2021,2021-05-06,2021-05-31,Home,TX,D,78701,43.54,Y,Premium,Mixed,Shingle,1993,3,18,1,25,0,B,Independent,1342.11,1295.07,93.95,161.05,132.39,305193,0.0,0,0.966,1.0,12,0,0,0,0.0551,New,0.0,1,1,Upper Middle,305193,500,5,0,Bank Transfer,0,Social Media,10,278806,105241,682,1,0,12,1342.11,111.84249999999999,0.0,0.0,0.08333333333333333,1.0,1342.11,2.1166737889558784,new,0.0,67.11,0.1,5,0.8909203087002082,1019.9999999999999,2831.5652633096415,2831.5652633096415,1019.9999999999999,2831.5652633096415,0
500070,CUST000070,2021,2021-09-26,2021-12-31,Home,NY,B,14604,22.29,N,Basic,Masonry,Metal,2504,2,24,1,38,0,B,Broker,2171.07,2097.49,151.98,325.66,169.7,787118,95720.33,1,0.947,1.0,12,1,1,0,0.1331,New,91120.33,0,1,Low,787118,5000,3,0,Auto Debit,1,Agent Referral,5,1137052,28711,698,1,1,12,2171.07,180.9225,0.08333333333333333,0.0,0.0,1.0,2171.07,-0.03237344962583011,new,91120.33,108.55,0.1,5,0.35,-89535.45,-41646.946795628784,-41646.946795628784,-89535.45,-41646.946795628784,0
500071,CUST000071,2021,2021-08-16,2022-04-30,Home,CA,D,94105,47.72,Y,Standard,Frame,Shingle,1973,1,17,1,42,0,B,Independent,4474.47,4321.38,313.21,536.94,273.35,873763,0.0,0,0.943,1.0,12,1,0,0,0.0732,New,0.0,1,1,Low,873763,2000,5,0,Credit Card,1,Agent Referral,11,900886,47705,687,1,1,12,4474.47,372.8725,0.0,0.0,0.08333333333333333,1.0,4474.47,1.7315281792791266,new,0.0,223.72,0.1,5,0.8290438869788405,3400.6000000000004,7874.589055751594,7874.589055751594,3400.6000000000004,7874.589055751594,1
500072,CUST000072,2021,2021-03-14,2021-08-31,Home,WA,C,98004,30.99,Y,Basic,Mixed,Shingle,1433,1,16,1,47,0,B,Independent,1233.94,1217.82,86.38,148.07,127.53,389527,0.0,0,0.998,1.0,12,0,1,0,0.104,New,0.0,0,1,Low,389527,1500,4,0,Credit Card,1,Partner Referral,8,499272,48787,690,1,1,12,1233.94,102.82833333333333,0.0,0.0,0.0,1.0,1233.94,-0.03237344962583011,new,0.0,61.7,0.1,5,0.7188287087738168,937.79,1557.770128150966,1557.770128150966,937.79,1557.770128150966,0
500073,CUST000073,2021,2021-02-20,2021-03-31,Home,CA,C,94105,57.08,N,Basic,Frame,Shingle,2398,2,40,1,45,0,D,Independent,4540.55,4015.49,317.84,544.87,276.32,623592,0.0,0,0.898,1.0,12,0,0,1,0.0714,New,0.0,1,1,Middle,623592,2000,4,0,Credit Card,9,Social Media,9,924907,66642,569,1,9,12,4540.55,378.37916666666666,0.0,0.0,0.08333333333333333,1.0,4540.55,-1.349636698134887,new,0.0,227.03,0.1,5,0.7882052177625547,3450.81,7075.638644977378,7075.638644977378,3450.81,7075.638644977378,1
500074,CUST000074,2021,2021-09-15,2022-06-30,Rental,FL,D,33601,54.02,Y,Standard,Masonry,Shingle,1640,1,33,1,44,0,B,Online,2268.38,2375.51,192.81,45.37,174.08,347115,41297.16,2,1.04,1.0,12,1,1,0,0.1041,New,39457.16,0,1,Upper Middle,347115,1000,3,0,Bank Transfer,3,Email Campaign,9,352877,127658,699,1,3,12,2268.38,189.03166666666667,0.16666666666666666,0.0,0.0,1.0,2268.38,-0.8026646689793335,new,39457.16,113.42,0.1,5,0.5250563674315553,-37540.380000000005,-33433.57488944737,-33433.57488944737,-37540.380000000005,-33433.57488944737,0
500075,CUST000075,2021,2021-01-12,2021-10-31,Rental,FL,C,33601,69.09,N,Standard,Frame,Metal,1821,2,40,1,42,0,B,Online,2576.49,2397.27,219.0,51.53,187.94,372418,0.0,0,0.911,1.0,12,0,1,1,0.1191,New,0.0,1,1,Middle,372418,500,3,0,Bank Transfer,11,Agent Referral,6,428716,78368,701,1,11,12,2576.49,214.70749999999998,0.0,0.0,0.08333333333333333,1.0,2576.49,-2.1199279174883903,new,0.0,128.82,0.1,5,0.6977670881402606,2177.1399999999994,3388.869001981417,3388.869001981417,2177.1399999999994,3388.869001981417,0
500076,CUST000076,2021,2021-06-06,2021-10-31,Home,NY,D,12207,16.99,Y,Basic,Mixed,Metal,2344,2,36,1,55,1,B,Online,2871.47,2747.82,201.0,57.43,201.22,897640,0.0,0,0.936,1.0,12,1,0,0,0.0649,New,0.0,1,1,Low,897640,500,5,0,Auto Debit,1,Aggregator,2,1071195,49795,710,1,1,12,2871.47,239.28916666666666,0.0,0.0,0.08333333333333333,1.0,2871.47,1.7315281792791266,new,0.0,143.57,0.1,5,0.799844921864914,2469.47,5242.965496240006,5242.965496240006,2469.47,5242.965496240006,1
500077,CUST000077,2021,2021-02-26,2021-11-30,Home,CA,C,90001,52.75,N,Basic,Frame,Metal,2299,2,54,1,53,1,B,Online,3404.55,3236.65,238.32,68.09,225.2,639767,0.0,0,0.941,1.0,12,0,0,0,0.0782,New,0.0,1,1,Upper Middle,639767,1000,4,0,Auto Debit,1,Online Search,5,946566,93720,707,1,1,12,3404.55,283.71250000000003,0.0,0.0,0.08333333333333333,1.0,3404.55,1.7315281792791266,new,0.0,170.23,0.1,5,0.8169838445555855,2927.91,6541.875059402221,6541.875059402221,2927.91,6541.875059402221,1
500078,CUST000078,2021,2021-02-09,2021-10-31,Home,FL,B,32801,60.31,Y,Standard,Frame,Shingle,2363,1,23,0,54,0,C,Online,3646.04,3282.79,309.91,72.92,236.07,462297,0.0,0,0.904,1.0,12,0,1,0,0.1237,New,0.0,0,1,Middle,462297,1000,4,0,Credit Card,2,Partner Referral,4,503707,76496,666,1,2,12,3646.04,303.83666666666664,0.0,0.0,0.0,1.0,3646.04,-0.4175190593025818,new,0.0,182.3,0.1,5,0.788893261961004,3080.91,6330.230449954892,6330.230449954892,3080.91,6330.230449954892,1
500079,CUST000079,2021,2021-11-01,2021-11-30,Rental,TX,B,73301,36.27,Y,Standard,Masonry,Shingle,2715,2,35,0,60,0,B,Broker,1659.8,1568.43,116.19,248.97,146.69,375944,20672.62,1,0.915,1.0,12,0,0,0,0.0641,New,19752.62,1,1,Middle,375944,1000,4,2,Auto Debit,1,Partner Referral,3,392781,54864,696,1,1,12,1659.8,138.31666666666666,0.08333333333333333,0.16666666666666666,0.08333333333333333,1.0,1659.8,-1.056736743458396,new,19752.62,82.99,0.1,5,0.6323302213923969,-18540.97,-23495.4078483123,-23495.4078483123,-18540.97,-23495.4078483123,0
500080,CUST000080,2021,2021-11-08,2022-05-31,Condo,FL,B,33601,36.48,Y,Basic,Masonry,Metal,1088,1,16,1,26,0,C,Broker,1286.87,1266.82,109.38,193.03,129.91,205364,0.0,0,0.981,1.0,12,0,0,0,0.0523,New,0.0,1,1,Low,205364,1000,4,0,Credit Card,1,Online Search,6,251509,40945,634,1,1,12,1286.87,107.23916666666666,0.0,0.0,0.08333333333333333,1.0,1286.87,1.7315281792791266,new,0.0,64.34,0.1,5,0.7858869634812862,920.1199999999998,1873.5656638602918,1873.5656638602918,920.1199999999998,1873.5656638602918,0
500081,CUST000081,2021,2021-08-18,2022-05-31,Rental,TX,D,73301,35.62,Y,Basic,Mixed,Shingle,1787,2,21,1,45,0,C,Independent,1056.48,1050.18,73.95,126.78,119.54,207218,0.0,0,1.006,1.0,12,1,0,1,0.0532,New,0.0,1,1,Low,207218,1000,4,0,Bank Transfer,8,Online Search,7,264427,43737,669,1,8,12,1056.48,88.04,0.0,0.0,0.08333333333333333,1.0,1056.48,-0.9644910884581352,new,0.0,52.82,0.1,5,0.6735314878334159,802.93,1158.9480583776333,1158.9480583776333,802.93,1158.9480583776333,0
500082,CUST000082,2021,2021-07-19,2022-03-31,Condo,FL,B,33601,46.41,N,Standard,Masonry,Metal,1537,1,29,0,43,0,C,Independent,2031.36,1871.21,172.67,243.76,163.41,292084,32123.94,1,0.936,1.0,12,1,0,0,0.0656,New,31203.94,1,1,Upper Middle,292084,1000,4,0,Debit Card,3,Agent Referral,2,353183,127469,653,1,3,12,2031.36,169.28,0.08333333333333333,0.0,0.08333333333333333,1.0,2031.36,0.9612369599256232,new,31203.94,101.57,0.1,5,0.7833562683734193,-29690.579999999994,-59998.93386963681,-59998.93386963681,-29690.579999999994,-59998.93386963681,0
500083,CUST000083,2021,2021-01-03,2021-04-30,Home,CA,A,92101,61.67,N,Standard,Frame,Tile,2000,3,26,1,34,0,B,Independent,3660.58,3616.22,256.24,439.27,236.73,673785,0.0,0,1.003,1.0,12,0,0,0,0.0529,New,0.0,1,1,Middle,673785,500,4,0,Bank Transfer,4,Agent Referral,9,853081,52829,712,1,4,12,3660.58,305.04833333333335,0.0,0.0,0.08333333333333333,1.0,3660.58,0.5760913502488715,new,0.0,183.03,0.1,5,0.8013094633067448,2782.04,5932.476489366788,5932.476489366788,2782.04,5932.476489366788,1
500084,CUST000084,2021,2021-04-22,2021-06-30,Rental,WA,B,99201,30.51,N,Standard,Masonry,Shingle,2074,1,51,0,61,1,C,Online,1627.99,1564.12,113.96,32.56,145.26,388959,0.0,0,0.949,1.0,12,0,0,0,0.0654,New,0.0,1,1,Middle,388959,1000,4,0,Auto Debit,1,Aggregator,4,475102,84214,634,1,1,12,1627.99,135.66583333333332,0.0,0.0,0.08333333333333333,1.0,1627.99,1.7315281792791266,new,0.0,81.4,0.1,5,0.7784469408339605,1400.07,2787.8257894522826,2787.8257894522826,1400.07,2787.8257894522826,0
500085,CUST000085,2021,2021-06-23,2021-10-31,Home,CA,A,95814,59.51,N,Basic,Frame,Tile,1305,2,31,1,43,1,C,Direct,2356.03,2271.99,164.92,70.68,178.02,444491,0.0,0,0.951,1.0,12,1,1,0,0.125,New,0.0,1,1,Upper Middle,444491,1000,5,0,Auto Debit,0,Online Search,10,607050,101964,656,1,0,12,2356.03,196.33583333333334,0.0,0.0,0.08333333333333333,1.0,2356.03,2.1166737889558784,new,0.0,117.8,0.1,5,0.8418364031634638,2002.6300000000003,4815.918700906922,4815.918700906922,2002.6300000000003,4815.918700906922,0
500086,CUST000086,2021,2021-08-18,2021-10-31,Home,FL,A,33101,60.76,N,Standard,Mixed,Metal,2291,1,24,1,31,1,D,Online,3702.48,3430.28,314.71,74.05,238.61,431682,0.0,0,0.936,1.0,12,1,0,1,0.0748,New,0.0,0,1,Upper Middle,431682,1500,3,0,Auto Debit,5,Email Campaign,1,494460,96237,581,1,5,12,3702.48,308.54,0.0,0.0,0.0,1.0,3702.48,-1.572955888332837,new,0.0,185.12,0.1,5,0.35,3128.6,1455.2519448420062,1455.2519448420062,3128.6,1455.2519448420062,0
500087,CUST000087,2021,2021-05-06,2021-07-31,Rental,CA,C,92101,37.93,N,Standard,Mixed,Metal,1497,2,35,1,45,1,D,Broker,3480.08,3386.22,243.61,522.01,228.6,529162,0.0,0,0.954,1.0,12,0,1,0,0.0882,New,0.0,1,1,Middle,529162,500,4,1,Auto Debit,2,Partner Referral,7,625796,71863,568,1,2,12,3480.08,290.00666666666666,0.0,0.08333333333333333,0.08333333333333333,1.0,3480.08,-0.047749891766386554,new,0.0,174.0,0.1,5,0.8313633812227317,2540.46,5923.308114726021,5923.308114726021,2540.46,5923.308114726021,1
500088,CUST000088,2021,2021-12-14,2022-07-31,Home,FL,D,33301,42.82,Y,Standard,Masonry,Metal,1515,1,38,0,45,1,A,Independent,1962.76,1909.23,166.83,235.53,160.32,367440,0.0,0,0.967,1.0,12,0,0,0,0.0849,New,0.0,0,1,Upper Middle,367440,2000,4,0,Auto Debit,0,Partner Referral,9,376207,146924,769,1,0,12,1962.76,163.56333333333333,0.0,0.0,0.0,1.0,1962.76,0.3527721600509216,new,0.0,98.14,0.1,5,0.5957327838262395,1462.26,1647.0053207286983,1647.0053207286983,1462.26,1647.0053207286983,0
500089,CUST000089,2021,2021-07-23,2021-08-31,Home,CA,B,95814,43.65,Y,Standard,Mixed,Shingle,1825,3,45,1,40,0,C,Online,4508.65,4291.5,315.61,90.17,274.89,792915,0.0,0,0.937,1.0,12,1,0,0,0.0696,New,0.0,1,1,Middle,792915,500,3,0,Bank Transfer,2,Partner Referral,6,815147,76703,678,1,2,12,4508.65,375.7208333333333,0.0,0.0,0.08333333333333333,1.0,4508.65,1.3463825696023748,new,0.0,225.43,0.1,5,0.7380743249220878,3877.44,6831.873618564614,6831.873618564614,3877.44,6831.873618564614,1
500090,CUST000090,2021,2021-02-14,2021-03-31,Home,TX,B,79901,46.69,N,Standard,Frame,Shingle,2537,2,29,1,54,1,C,Online,1548.65,1569.59,108.41,30.97,141.69,325562,0.0,0,0.979,1.0,12,0,1,0,0.1143,New,0.0,1,1,Middle,325562,1000,5,0,Credit Card,2,Email Campaign,5,399129,83582,667,1,2,12,1548.65,129.05416666666667,0.0,0.0,0.08333333333333333,1.0,1548.65,1.3463825696023748,new,0.0,77.43,0.1,5,0.8668774131022925,1331.84,3447.115548789524,3447.115548789524,1331.84,3447.115548789524,0
500091,CUST000091,2021,2021-05-14,2021-11-30,Home,TX,D,77001,33.78,N,Premium,Frame,Metal,2475,2,9,1,38,0,C,Broker,1406.95,1350.75,98.49,211.04,135.31,372402,0.0,0,0.994,1.0,12,0,0,1,0.0503,New,0.0,1,1,Low,372402,1500,4,1,Auto Debit,8,Online Search,8,391782,27293,625,1,8,12,1406.95,117.24583333333334,0.0,0.08333333333333333,0.08333333333333333,1.0,1406.95,-2.3586235498268966,new,0.0,70.35,0.1,5,0.7264517425210626,1027.0700000000002,1746.4599979495306,1746.4599979495306,1027.0700000000002,1746.4599979495306,0
500092,CUST000092,2021,2021-01-12,2021-01-31,Condo,FL,A,32801,63.52,Y,Basic,Frame,Tile,1531,1,26,0,28,0,B,Independent,2138.36,2154.51,181.76,256.6,168.23,310823,47939.29,2,1.006,1.0,12,0,0,0,0.059,New,46099.29,0,1,Middle,310823,1000,3,1,Auto Debit,1,Partner Referral,12,398867,79071,694,1,1,12,2138.36,178.1966666666667,0.16666666666666666,0.08333333333333333,0.0,1.0,2138.36,-1.4265059109945915,new,46099.29,106.92,0.1,5,0.35,-44506.21,-20701.831061831726,-20701.831061831726,-44506.21,-20701.831061831726,0
500093,CUST000093,2021,2021-04-15,2021-09-30,Condo,NY,D,12207,27.06,N,Standard,Mixed,Tile,1137,1,38,1,48,1,C,Online,1775.41,1653.27,124.28,35.51,151.89,436930,0.0,0,0.923,1.0,12,0,0,0,0.0695,New,0.0,1,1,Middle,436930,1000,3,1,Bank Transfer,3,Online Search,1,528051,85753,670,1,3,12,1775.41,147.95083333333335,0.0,0.08333333333333333,0.08333333333333333,1.0,1775.41,-0.43289550144313826,new,0.0,88.77,0.1,5,0.7349524520005765,1526.8500000000001,2664.7190195523413,2664.7190195523413,1526.8500000000001,2664.7190195523413,0
500094,CUST000094,2021,2021-09-03,2022-04-30,Condo,NY,A,11201,41.25,Y,Basic,Masonry,Tile,1351,2,61,0,52,0,A,Direct,1673.62,1476.18,117.15,50.21,147.31,446925,0.0,0,0.894,1.0,12,1,0,0,0.1142,New,0.0,1,1,Upper Middle,446925,5000,5,0,Credit Card,4,Agent Referral,1,552916,142572,783,1,4,12,1673.62,139.46833333333333,0.0,0.0,0.08333333333333333,1.0,1673.62,0.5760913502488715,new,0.0,83.68,0.1,5,0.93364595012337,1422.5799999999997,4467.0853590697325,4467.0853590697325,1422.5799999999997,4467.0853590697325,0
500095,CUST000095,2021,2021-08-01,2021-11-30,Rental,CA,B,95814,38.91,N,Basic,Mixed,Shingle,1968,2,6,1,31,0,C,Independent,2874.46,3003.44,201.21,344.93,201.35,539362,67656.84,3,1.05,1.0,12,1,0,0,0.0553,New,64896.84,1,1,Middle,539362,1000,3,1,Auto Debit,0,Email Campaign,4,754972,72885,654,1,0,12,2874.46,239.53833333333333,0.25,0.08333333333333333,0.08333333333333333,1.0,2874.46,0.722541327587117,new,64896.84,143.72,0.1,5,0.41527318149891596,-62712.24,-37742.06621735298,-37742.06621735298,-62712.24,-37742.06621735298,0
500096,CUST000096,2021,2021-03-27,2021-03-31,Home,NY,A,10001,40.16,Y,Basic,Mixed,Shingle,2277,1,44,1,62,0,B,Independent,3378.74,2959.4,236.51,405.45,224.04,806137,0.0,0,0.899,1.0,12,0,0,0,0.0906,New,0.0,1,1,Middle,806137,2000,5,0,Bank Transfer,2,Online Search,7,1034908,69696,704,1,2,12,3378.74,281.56166666666667,0.0,0.0,0.08333333333333333,1.0,3378.74,1.3463825696023748,new,0.0,168.94,0.1,5,0.8331200089935388,2567.8399999999997,6018.31651426646,6018.31651426646,2567.8399999999997,6018.31651426646,1
500097,CUST000097,2021,2021-09-20,2021-12-31,Condo,FL,B,33301,50.26,N,Standard,Frame,Metal,1353,1,26,1,62,2,B,Independent,1581.23,1545.02,134.4,189.75,143.16,266158,0.0,0,0.946,1.0,12,1,1,0,0.0909,New,0.0,1,1,Middle,266158,1000,4,1,Credit Card,2,Aggregator,8,319191,67203,713,1,2,12,1581.23,131.76916666666668,0.0,0.08333333333333333,0.08333333333333333,1.0,1581.23,-0.047749891766386554,new,0.0,79.06,0.1,5,0.7472485339424809,1178.02,2134.447179487578,2134.447179487578,1178.02,2134.447179487578,0
500098,CUST000098,2021,2021-08-27,2022-06-30,Home,TX,B,78701,40.89,N,Basic,Frame,Shingle,1838,2,18,1,76,1,D,Broker,1185.32,1131.48,82.97,177.8,125.34,211046,0.0,0,0.483,0.5,6,1,0,0,0.0611,New,0.0,1,1,Low,211046,1000,4,1,Credit Card,0,Agent Referral,7,308164,33617,597,1,0,6,1185.32,197.5533333333333,0.0,0.16666666666666666,0.16666666666666666,1.0,1185.32,-2.0304945539678765,new,0.0,59.27,0.1,5,0.7860353414092469,865.28,1762.6840955813198,1762.6840955813198,865.28,1762.6840955813198,0
500099,CUST000099,2021,2021-10-23,2021-12-31,Home,TX,D,79901,13.26,Y,Premium,Masonry,Tile,2165,2,14,1,66,0,B,Direct,1014.71,989.14,71.03,30.44,117.66,359096,0.0,0,0.996,1.0,12,0,0,0,0.0802,New,0.0,1,1,Upper Middle,359096,1500,4,0,Auto Debit,2,Agent Referral,8,332561,122854,723,1,2,12,1014.71,84.55916666666667,0.0,0.0,0.08333333333333333,1.0,1014.71,1.3463825696023748,new,0.0,50.74,0.1,5,0.8615661513538868,862.5,2197.9210685655894,2197.9210685655894,862.5,2197.9210685655894,0
500100,CUST000100,2021,2021-05-07,2021-12-31,Condo,NY,C,14604,39.66,N,Standard,Masonry,Shingle,1338,1,46,0,42,0,B,Independent,2017.88,1907.18,141.25,242.15,162.8,486960,0.0,0,0.949,1.0,12,0,0,0,0.0594,New,0.0,0,1,Middle,486960,500,4,1,Auto Debit,1,Aggregator,6,569833,72276,713,1,1,12,2017.88,168.15666666666667,0.0,0.08333333333333333,0.0,1.0,2017.88,-1.4265059109945915,new,0.0,100.89,0.1,5,0.7732393492451018,1533.59,3006.180887226963,3006.180887226963,1533.59,3006.180887226963,0
500101,CUST000101,2021,2021-07-02,2021-09-30,Home,TX,B,79901,22.97,N,Premium,Masonry,Shingle,1888,2,1,0,55,0,A,Independent,738.73,679.03,51.71,88.65,105.24,277783,0.0,0,0.927,1.0,12,1,0,0,0.0873,New,0.0,1,1,Upper Middle,277783,2500,4,0,Auto Debit,0,Agent Referral,8,287172,136370,738,1,0,12,738.73,61.560833333333335,0.0,0.0,0.08333333333333333,1.0,738.73,2.1166737889558784,new,0.0,36.94,0.1,5,0.7589148941181125,561.4300000000001,1053.9160611079299,1053.9160611079299,561.4300000000001,1053.9160611079299,0
500102,CUST000102,2021,2021-01-05,2021-03-31,Home,CA,D,95814,43.18,N,Standard,Masonry,Shingle,2584,1,36,0,77,0,B,Independent,4692.87,4914.95,328.5,563.14,283.18,987772,0.0,0,1.05,1.0,12,0,1,0,0.092,New,0.0,0,1,Upper Middle,987772,1000,5,0,Credit Card,3,Agent Referral,9,1185603,96268,691,1,3,12,4692.87,391.0725,0.0,0.0,0.0,1.0,4692.87,-0.8026646689793335,new,0.0,234.64,0.1,5,0.893291478658657,3566.59,9969.374914814267,9969.374914814267,3566.59,9969.374914814267,1
500103,CUST000103,2021,2021-06-05,2021-08-31,Rental,TX,C,79901,47.47,Y,Standard,Masonry,Shingle,1520,1,36,1,38,0,B,Independent,1044.51,1088.38,73.12,125.34,119.0,211144,0.0,0,1.016,1.0,12,1,1,0,0.1285,New,0.0,0,1,Middle,211144,5000,4,0,Bank Transfer,7,Agent Referral,6,224662,71687,710,1,7,12,1044.51,87.0425,0.0,0.0,0.0,1.0,1044.51,-2.34324710768634,new,0.0,52.23,0.1,5,0.7265421495959735,793.8199999999999,1350.2088941207599,1350.2088941207599,793.8199999999999,1350.2088941207599,0
500104,CUST000104,2021,2021-12-26,2022-02-28,Rental,WA,C,98101,48.17,Y,Basic,Frame,Shingle,1786,1,36,1,34,1,C,Direct,2028.96,2007.27,142.03,60.87,163.3,440708,0.0,0,0.971,1.0,12,0,0,0,0.0911,New,0.0,0,1,Middle,440708,2000,4,0,Auto Debit,2,Agent Referral,8,563866,77930,642,1,2,12,2028.96,169.08,0.0,0.0,0.0,1.0,2028.96,-0.4175190593025818,new,0.0,101.45,0.1,5,0.825315519348692,1724.6100000000001,3949.746270728938,3949.746270728938,1724.6100000000001,3949.746270728938,0
500105,CUST000105,2021,2021-03-11,2021-10-31,Home,FL,B,33101,52.27,Y,Standard,Frame,Metal,850,1,28,0,71,0,C,Independent,1469.84,1483.63,124.94,176.38,138.14,212583,6522.87,1,1.019,1.0,12,0,0,0,0.087,New,4682.87,1,1,Low,212583,2000,3,2,Bank Transfer,3,Partner Referral,8,222547,27515,651,1,3,12,1469.84,122.48666666666666,0.08333333333333333,0.16666666666666666,0.08333333333333333,1.0,1469.84,-1.8270279628118995,new,4682.87,73.49,0.1,5,0.36726254326819296,-3587.8399999999997,-1790.8358280448915,-1790.8358280448915,-3587.8399999999997,-1790.8358280448915,0
500106,CUST000106,2021,2021-10-12,2022-02-28,Home,CA,B,90001,33.97,N,Standard,Masonry,Tile,2109,1,33,0,65,0,B,Online,2991.54,3213.63,209.41,59.83,206.62,765307,0.0,0,1.018,1.0,12,0,1,0,0.1294,New,0.0,0,1,Middle,765307,500,5,0,Credit Card,2,Agent Referral,2,888191,55783,704,1,2,12,2991.54,249.295,0.0,0.0,0.0,1.0,2991.54,-0.4175190593025818,new,0.0,149.58,0.1,5,0.7355593152393004,2572.7200000000003,4498.343963403201,4498.343963403201,2572.7200000000003,4498.343963403201,0
500107,CUST000107,2021,2021-09-06,2021-10-31,Home,FL,B,33301,38.13,N,Basic,Mixed,Metal,1506,1,33,1,45,0,D,Independent,1690.2,1684.7,143.67,202.82,148.06,228419,0.0,0,0.991,1.0,12,1,1,1,0.1208,New,0.0,1,1,Low,228419,2000,5,0,Credit Card,8,Agent Referral,10,323238,36900,554,1,8,12,1690.2,140.85,0.0,0.0,0.08333333333333333,1.0,1690.2,-0.9644910884581352,new,0.0,84.51,0.1,5,0.841683747291355,1259.2,3026.758397038327,3026.758397038327,1259.2,3026.758397038327,0
500108,CUST000108,2021,2021-01-22,2021-09-30,Home,NY,C,12207,37.61,N,Standard,Frame,Metal,2259,2,29,0,48,0,C,Broker,4359.05,4283.57,305.13,653.86,268.16,1095589,0.0,0,0.496,0.5,6,0,1,0,0.0816,New,0.0,0,1,Middle,1095589,500,4,0,Debit Card,0,Agent Referral,12,1280401,76688,663,1,0,6,4359.05,726.5083333333333,0.0,0.0,0.0,1.0,4359.05,-2.7700328890402672,new,0.0,217.95,0.1,5,0.6033671378571926,3182.11,3674.037884038205,3674.037884038205,3182.11,3674.037884038205,0
500109,CUST000109,2021,2021-05-24,2022-01-31,Rental,NY,B,12207,30.52,N,Standard,Mixed,Shingle,1898,1,21,1,47,0,D,Independent,3927.35,3960.33,274.91,471.28,248.73,781938,0.0,0,1.039,1.0,12,0,1,1,0.1392,New,0.0,1,1,Low,781938,2000,4,0,Credit Card,6,Online Search,12,984812,41381,577,1,6,12,3927.35,327.27916666666664,0.0,0.0,0.08333333333333333,1.0,3927.35,-0.19419986910463183,new,0.0,196.37,0.1,5,0.641686085775099,2984.79,3896.7016132614553,3896.7016132614553,2984.79,3896.7016132614553,0
500110,CUST000110,2021,2021-02-25,2021-07-31,Home,WA,D,98004,31.99,N,Premium,Frame,Shingle,1856,3,43,0,51,0,B,Direct,1904.34,1918.58,133.3,57.13,157.7,597891,0.0,0,0.998,1.0,12,0,1,0,0.1434,New,0.0,1,1,Middle,597891,2000,5,0,Bank Transfer,1,Online Search,12,611135,80740,690,1,1,12,1904.34,158.695,0.0,0.0,0.08333333333333333,1.0,1904.34,1.7315281792791266,new,0.0,95.22,0.1,5,0.8711647970808721,1618.6899999999998,4242.373105903215,4242.373105903215,1618.6899999999998,4242.373105903215,0
500111,CUST000111,2021,2021-07-15,2021-08-31,Home,FL,D,33101,56.45,N,Basic,Frame,Metal,1915,2,40,1,26,0,B,Direct,1839.15,1710.44,156.33,55.17,154.76,332025,33551.39,1,0.928,1.0,12,1,0,0,0.1125,New,28951.39,1,1,Upper Middle,332025,5000,4,1,Auto Debit,0,Partner Referral,5,487981,96151,687,1,0,12,1839.15,153.26250000000002,0.08333333333333333,0.08333333333333333,0.08333333333333333,1.0,1839.15,0.722541327587117,new,28951.39,91.96,0.1,5,0.7750885402890567,-27415.699999999997,-54041.174541682165,-54041.174541682165,-27415.699999999997,-54041.174541682165,0
500112,CUST000112,2021,2021-11-27,2021-11-30,Home,WA,D,99201,21.83,Y,Basic,Masonry,Shingle,2370,1,36,1,47,1,D,Online,2790.24,2743.53,195.32,55.8,197.56,588325,0.0,0,0.967,1.0,12,0,0,0,0.0874,New,0.0,0,1,Middle,588325,500,3,0,Bank Transfer,6,Agent Referral,10,732904,89593,591,1,6,12,2790.24,232.51999999999998,0.0,0.0,0.0,1.0,2790.24,-1.9581014980095888,new,0.0,139.51,0.1,5,0.43390236773245583,2399.6099999999997,1548.2012513136249,1548.2012513136249,2399.6099999999997,1548.2012513136249,0
500113,CUST000113,2021,2021-09-21,2022-03-31,Rental,WA,C,98004,28.68,N,Basic,Mixed,Tile,1577,1,36,1,33,0,B,Broker,1185.59,1116.79,82.99,177.84,125.35,346357,12487.88,1,0.945,1.0,12,1,0,0,0.0625,New,12027.88,0,1,Low,346357,500,3,1,Bank Transfer,1,Agent Referral,7,488577,39188,685,1,1,12,1185.59,98.79916666666666,0.08333333333333333,0.08333333333333333,0.0,1.0,1185.59,-1.4265059109945915,new,12027.88,59.28,0.1,5,0.5586619017176122,-11162.4,-11130.374917268466,-11130.374917268466,-11162.4,-11130.374917268466,0
500114,CUST000114,2021,2021-02-22,2021-07-31,Rental,NY,D,10001,29.95,N,Premium,Mixed,Metal,1507,2,30,1,45,0,D,Online,3183.2,2827.55,222.82,63.66,215.24,664709,0.0,0,0.891,1.0,12,0,0,0,0.1182,New,0.0,1,1,Middle,664709,2000,4,0,Debit Card,0,Online Search,1,691498,56884,605,1,0,12,3183.2,265.26666666666665,0.0,0.0,0.08333333333333333,1.0,3183.2,2.1166737889558784,new,0.0,159.16,0.1,5,0.8163463847825551,2737.56,6105.0010264092725,6105.0010264092725,2737.56,6105.0010264092725,1
500115,CUST000115,2021,2021-03-19,2021-04-30,Home,NY,A,14604,32.21,Y,Standard,Frame,Tile,2384,3,23,0,57,0,B,Broker,3792.27,3802.34,265.46,568.84,242.65,1163233,0.0,0,1.05,1.0,12,0,1,0,0.1173,New,0.0,0,1,Upper Middle,1163233,2000,5,1,Credit Card,2,Partner Referral,8,1204836,106937,726,1,2,12,3792.27,316.0225,0.0,0.08333333333333333,0.0,1.0,3792.27,-1.8116515206713433,new,0.0,189.61,0.1,5,0.8138657575335583,2768.3599999999997,6128.336944297127,6128.336944297127,2768.3599999999997,6128.336944297127,1
500116,CUST000116,2021,2021-06-08,2021-11-30,Home,CA,D,90001,38.56,N,Basic,Frame,Tile,1876,1,21,1,53,1,D,Broker,3083.08,3050.55,215.82,462.46,210.74,486118,13253.59,1,0.472,0.5,6,1,0,0,0.0648,New,12793.59,0,1,Middle,486118,500,4,0,Debit Card,3,Partner Referral,7,732282,70585,571,1,3,6,3083.08,513.8466666666667,0.16666666666666666,0.0,0.0,1.0,3083.08,-3.9254697180705223,new,12793.59,154.15,0.1,5,0.4950969140037869,-10542.939999999999,-8469.725618540093,-8469.725618540093,-10542.939999999999,-8469.725618540093,0
500117,CUST000117,2021,2021-07-19,2021-11-30,Rental,CA,A,90001,62.9,N,Standard,Mixed,Metal,1870,1,61,0,82,0,C,Broker,4107.77,4153.5,287.54,616.17,256.85,629145,36322.9,2,1.023,1.0,12,1,0,0,0.0632,New,33562.9,1,1,Upper Middle,629145,1500,4,0,Credit Card,0,Partner Referral,6,725962,120023,656,1,0,12,4107.77,342.3141666666667,0.16666666666666666,0.0,0.08333333333333333,1.0,4107.77,2.1166737889558784,new,33562.9,205.39,0.1,5,0.3736197771399863,-30564.23,-15649.902234354831,-15649.902234354831,-30564.23,-15649.902234354831,0
500118,CUST000118,2021,2021-01-19,2021-05-31,Condo,TX,B,79901,19.89,Y,Standard,Masonry,Tile,1463,1,4,0,54,0,A,Direct,553.41,511.49,38.74,16.6,96.9,211500,0.0,0,0.925,1.0,12,0,0,0,0.0824,New,0.0,1,1,Upper Middle,211500,1000,4,0,Credit Card,4,Online Search,12,215315,120621,776,1,4,12,553.41,46.1175,0.0,0.0,0.08333333333333333,1.0,553.41,0.5760913502488715,new,0.0,27.67,0.1,5,0.921565676101411,470.3999999999999,1426.7622848962008,1426.7622848962008,470.3999999999999,1426.7622848962008,0
500119,CUST000119,2021,2021-05-21,2021-05-31,Rental,NY,A,14604,40.56,Y,Premium,Mixed,Shingle,1621,1,23,0,53,0,A,Online,2946.67,2986.57,206.27,58.93,204.6,851221,0.0,0,1.039,1.0,12,0,1,0,0.1006,New,0.0,1,1,High,851221,500,4,0,Credit Card,0,Aggregator,6,769775,155846,802,1,0,12,2946.67,245.55583333333334,0.0,0.0,0.08333333333333333,1.0,2946.67,2.1166737889558784,new,0.0,147.33,0.1,5,0.8759727566385356,2534.1400000000003,6735.4928694144855,6735.4928694144855,2534.1400000000003,6735.4928694144855,1
500120,CUST000120,2021,2021-10-18,2022-05-31,Rental,NY,B,10001,39.04,Y,Basic,Frame,Metal,2095,2,45,1,25,0,A,Online,2195.26,2062.68,153.67,43.91,170.79,681263,0.0,0,0.958,1.0,12,0,1,0,0.1021,New,0.0,1,1,Upper Middle,681263,1500,5,0,Bank Transfer,2,Partner Referral,1,870854,94478,758,1,2,12,2195.26,182.93833333333336,0.0,0.0,0.08333333333333333,1.0,2195.26,1.3463825696023748,new,0.0,109.76,0.1,5,0.8710274334702471,1887.92,4946.004856396725,4946.004856396725,1887.92,4946.004856396725,0
500121,CUST000121,2021,2021-09-22,2021-10-31,Home,WA,A,98004,37.41,N,Standard,Frame,Shingle,1535,2,20,0,55,0,B,Broker,1706.88,1714.28,119.48,256.03,148.81,559457,0.0,0,1.038,1.0,12,1,1,1,0.1373,New,0.0,0,1,Middle,559457,2000,4,0,Auto Debit,2,Social Media,6,607020,89018,695,1,2,12,1706.88,142.24,0.0,0.0,0.0,1.0,1706.88,-0.4175190593025818,new,0.0,85.34,0.1,5,0.7835115340846016,1246.0300000000002,2519.160694888858,2519.160694888858,1246.0300000000002,2519.160694888858,0
500122,CUST000122,2021,2021-09-22,2021-11-30,Rental,CA,C,95814,48.62,N,Basic,Frame,Tile,1358,3,23,1,50,0,A,Independent,1749.88,1683.52,122.49,209.99,150.74,396663,0.0,0,0.981,1.0,12,1,0,0,0.0666,New,0.0,1,1,Upper Middle,396663,1000,4,0,Credit Card,2,Agent Referral,9,561555,98473,736,1,2,12,1749.88,145.82333333333335,0.0,0.0,0.08333333333333333,1.0,1749.88,1.3463825696023748,new,0.0,87.49,0.1,5,0.7812872995187669,1329.91,2670.837272933775,2670.837272933775,1329.91,2670.837272933775,0
500123,CUST000123,2021,2021-10-09,2022-07-31,Home,CA,A,90001,51.56,N,Basic,Frame,Metal,1473,2,27,1,43,1,B,Online,2421.98,2502.01,169.54,48.44,180.99,494828,0.0,0,0.507,0.5,6,0,0,0,0.0893,New,0.0,1,1,Middle,494828,1500,5,0,Auto Debit,1,Social Media,2,710537,73069,684,1,1,6,2421.98,403.66333333333336,0.0,0.0,0.16666666666666666,1.0,2421.98,0.3726247590928944,new,0.0,121.1,0.1,5,0.9038105531933942,2082.9,6002.254241114313,6002.254241114313,2082.9,6002.254241114313,1
500124,CUST000124,2021,2021-04-10,2021-08-31,Home,CA,A,94105,46.1,Y,Premium,Masonry,Metal,1872,2,24,1,53,0,B,Independent,3639.06,3710.27,254.73,436.69,235.76,850159,10066.05,1,0.998,1.0,12,0,0,0,0.0649,New,9146.05,1,1,Middle,850159,1000,4,1,Auto Debit,0,Agent Referral,12,793662,50934,693,1,0,12,3639.06,303.255,0.08333333333333333,0.08333333333333333,0.08333333333333333,1.0,3639.06,0.722541327587117,new,9146.05,181.95,0.1,5,0.6838906394960896,-6380.359999999999,-9512.271101838012,-9512.271101838012,-6380.359999999999,-9512.271101838012,0
500125,CUST000125,2021,2021-10-17,2022-07-31,Condo,FL,D,33601,37.42,N,Basic,Masonry,Shingle,1398,1,29,1,38,0,A,Online,1413.71,1382.01,120.16,28.27,135.62,248633,0.0,0,1.007,1.0,12,0,0,0,0.1056,New,0.0,1,1,Middle,248633,5000,4,0,Credit Card,1,Agent Referral,3,351296,50904,736,1,1,12,1413.71,117.80916666666667,0.0,0.0,0.08333333333333333,1.0,1413.71,1.7315281792791266,new,0.0,70.69,0.1,5,0.6341139265877784,1194.59,1522.4378745837196,1522.4378745837196,1194.59,1522.4378745837196,0
500126,CUST000126,2021,2021-09-11,2022-01-31,Home,TX,A,79901,51.52,Y,Basic,Mixed,Shingle,2256,1,10,1,45,0,C,Online,1398.67,1244.96,97.91,27.97,134.94,283370,0.0,0,0.872,1.0,12,1,0,0,0.076,New,0.0,1,1,High,283370,1000,4,0,Bank Transfer,1,Agent Referral,3,333730,162347,668,1,1,12,1398.67,116.55583333333334,0.0,0.0,0.08333333333333333,1.0,1398.67,1.7315281792791266,new,0.0,69.93,0.1,5,0.7900228968067176,1202.86,2479.853686042654,2479.853686042654,1202.86,2479.853686042654,0
500127,CUST000127,2021,2021-04-24,2021-12-31,Rental,WA,A,99201,31.46,N,Basic,Frame,Tile,2013,1,21,0,44,0,A,Independent,1284.38,1242.0,89.91,154.13,129.8,438811,0.0,0,0.952,1.0,12,0,0,0,0.0434,New,0.0,0,1,Upper Middle,438811,1000,4,0,Auto Debit,2,Online Search,9,632798,131698,741,1,2,12,1284.38,107.03166666666668,0.0,0.0,0.0,1.0,1284.38,-0.4175190593025818,new,0.0,64.22,0.1,5,0.7353958018590093,976.1200000000001,1705.8720096020013,1705.8720096020013,976.1200000000001,1705.8720096020013,0
500128,CUST000128,2021,2021-11-11,2022-08-31,Home,CA,B,95814,57.16,Y,Standard,Frame,Tile,1329,2,44,0,60,1,D,Independent,3045.97,2923.29,213.22,365.52,209.07,434896,0.0,0,0.955,1.0,12,0,0,1,0.0914,New,0.0,1,1,Low,434896,2000,4,0,Credit Card,8,Agent Referral,7,457546,33623,617,1,8,12,3045.97,253.83083333333332,0.0,0.0,0.08333333333333333,1.0,3045.97,-0.9644910884581352,new,0.0,152.3,0.1,5,0.8222981057349159,2314.93,5254.508568199778,5254.508568199778,2314.93,5254.508568199778,1
500129,CUST000129,2021,2021-12-17,2022-02-28,Home,CA,A,95814,59.8,Y,Standard,Frame,Tile,2241,1,36,1,52,0,C,Independent,4995.16,4617.83,349.66,599.42,296.78,866876,0.0,0,0.939,1.0,12,0,0,0,0.0566,New,0.0,0,1,Middle,866876,1000,4,0,Bank Transfer,3,Partner Referral,8,894877,71224,673,1,3,12,4995.16,416.2633333333333,0.0,0.0,0.0,1.0,4995.16,-0.8026646689793335,new,0.0,249.76,0.1,5,0.6067037671857092,3796.3199999999997,4430.769000563347,4430.769000563347,3796.3199999999997,4430.769000563347,0
500130,CUST000130,2021,2021-01-13,2021-02-28,Home,WA,D,98101,30.65,N,Basic,Frame,Tile,2732,3,36,1,29,0,C,Direct,2630.23,2593.92,184.12,78.91,190.36,661560,0.0,0,0.962,1.0,12,0,0,0,0.0865,New,0.0,1,1,Low,661560,500,4,2,Bank Transfer,1,Email Campaign,9,937993,48487,663,1,1,12,2630.23,219.18583333333333,0.0,0.16666666666666666,0.08333333333333333,1.0,2630.23,-1.056736743458396,new,0.0,131.51,0.1,5,0.8088976331185231,2235.6900000000005,4876.531209233235,4876.531209233235,2235.6900000000005,4876.531209233235,0
500131,CUST000131,2021,2021-10-24,2022-05-31,Home,TX,A,77001,24.11,N,Premium,Masonry,Metal,1758,2,0,1,52,0,B,Online,846.28,875.89,59.24,16.93,110.08,265897,0.0,0,1.013,1.0,12,0,0,0,0.0671,New,0.0,1,1,Upper Middle,265897,1500,4,0,Credit Card,0,Agent Referral,4,283567,93595,718,1,0,12,846.28,70.52333333333333,0.0,0.0,0.08333333333333333,1.0,846.28,2.1166737889558784,new,0.0,42.31,0.1,5,0.7216479427733253,727.8,1219.4697612908572,1219.4697612908572,727.8,1219.4697612908572,0
500132,CUST000132,2021,2021-11-23,2021-11-30,Home,CA,D,92101,36.07,Y,Basic,Mixed,Tile,2267,2,36,1,38,0,C,Independent,3908.74,3377.16,273.61,469.05,247.89,702703,0.0,0,0.462,0.5,6,0,0,0,0.0546,New,0.0,1,1,Upper Middle,702703,1500,4,0,Debit Card,3,Email Campaign,12,875377,95142,635,1,3,6,3908.74,651.4566666666666,0.0,0.0,0.16666666666666666,1.0,3908.74,-0.39766646026060903,new,0.0,195.44,0.1,5,0.7321629189680088,2970.6399999999994,5140.4607020051035,5140.4607020051035,2970.6399999999994,5140.4607020051035,0
500133,CUST000133,2021,2021-03-03,2021-05-31,Condo,WA,A,98501,33.72,Y,Basic,Frame,Metal,1436,1,24,1,40,0,D,Independent,1572.66,1431.12,110.09,188.72,142.77,338490,0.0,0,0.443,0.5,6,0,0,1,0.0653,New,0.0,1,1,Middle,338490,1000,3,0,Debit Card,7,Online Search,11,394585,63421,551,1,7,6,1572.66,262.11,0.0,0.0,0.16666666666666666,1.0,1572.66,-1.938248898967616,new,0.0,78.63,0.1,5,0.7441269408476797,1195.2200000000003,2145.137229203679,2145.137229203679,1195.2200000000003,2145.137229203679,0
500134,CUST000134,2021,2021-04-15,2022-02-28,Rental,WA,D,98101,32.39,N,Standard,Masonry,Shingle,1121,1,56,1,44,0,B,Online,852.09,797.25,59.65,17.04,110.34,231193,0.0,0,0.461,0.5,6,0,1,0,0.1025,New,0.0,1,1,Upper Middle,231193,1500,4,0,Auto Debit,1,Social Media,3,284722,91816,697,1,1,6,852.09,142.01500000000001,0.0,0.0,0.16666666666666666,1.0,852.09,0.3726247590928944,new,0.0,42.6,0.1,5,0.777496516044094,732.8000000000001,1454.9878275350484,1454.9878275350484,732.8000000000001,1454.9878275350484,0
500135,CUST000135,2021,2021-01-13,2021-04-30,Home,TX,C,77001,39.42,Y,Standard,Frame,Tile,1965,2,23,0,38,0,A,Direct,774.0,797.27,54.18,23.22,106.83,245417,0.0,0,1.03,1.0,12,0,1,0,0.1454,New,0.0,1,1,Upper Middle,245417,2000,5,0,Auto Debit,0,Social Media,3,265657,116212,803,1,0,12,774.0,64.5,0.0,0.0,0.08333333333333333,1.0,774.0,2.1166737889558784,new,0.0,38.7,0.1,5,0.9277513167941182,657.9,2031.2530400323526,2031.2530400323526,657.9,2031.2530400323526,0
500136,CUST000136,2021,2021-04-06,2021-04-30,Home,NY,D,14604,27.61,Y,Basic,Mixed,Shingle,2845,1,30,1,47,0,C,Direct,4549.01,4736.8,318.43,136.47,276.71,1159281,0.0,0,1.019,1.0,12,0,1,0,0.1295,New,0.0,1,1,Middle,1159281,1500,4,0,Credit Card,1,Online Search,1,1372975,86017,679,1,1,12,4549.01,379.0841666666667,0.0,0.0,0.08333333333333333,1.0,4549.01,1.7315281792791266,new,0.0,227.45,0.1,5,0.8717402903466839,3866.6600000000003,10151.051100221997,10151.051100221997,3866.6600000000003,10151.051100221997,1
500137,CUST000137,2021,2021-10-27,2022-05-31,Condo,FL,D,33601,52.11,Y,Standard,Mixed,Tile,1345,1,30,0,60,0,C,Independent,1944.12,1972.1,165.25,233.29,159.49,281738,0.0,0,1.037,1.0,12,0,1,1,0.0984,New,0.0,0,1,Low,281738,1000,4,0,Bank Transfer,5,Online Search,4,305050,27729,627,1,5,12,1944.12,162.01,0.0,0.0,0.0,1.0,1944.12,-1.572955888332837,new,0.0,97.21,0.1,5,0.4359407066248723,1448.37,941.528369198597,941.528369198597,1448.37,941.528369198597,0
500138,CUST000138,2021,2021-06-15,2022-04-30,Home,FL,A,32801,49.03,N,Standard,Mixed,Metal,2211,2,33,0,51,0,B,Broker,2153.06,1899.08,183.01,322.96,168.89,391532,0.0,0,0.912,1.0,12,1,0,0,0.0668,New,0.0,0,1,High,391532,1000,4,0,Debit Card,2,Agent Referral,4,452168,165748,701,1,2,12,2153.06,179.42166666666665,0.0,0.0,0.0,1.0,2153.06,-0.4175190593025818,new,0.0,107.65,0.1,5,0.7282905583211358,1539.4399999999998,2632.4975267455798,2632.4975267455798,1539.4399999999998,2632.4975267455798,0
500139,CUST000139,2021,2021-03-23,2021-12-31,Home,NY,A,12207,44.57,N,Premium,Frame,Shingle,2403,2,26,1,56,0,A,Direct,3670.65,3366.81,256.95,110.12,237.18,1194165,0.0,0,0.915,1.0,12,0,1,0,0.1278,New,0.0,1,1,Middle,1194165,1000,4,0,Credit Card,3,Social Media,8,1262393,71251,745,1,3,12,3670.65,305.8875,0.0,0.0,0.08333333333333333,1.0,3670.65,0.9612369599256232,new,0.0,183.53,0.1,5,0.7344949971647932,3120.05,5437.629397594017,5437.629397594017,3120.05,5437.629397594017,1
500140,CUST000140,2021,2021-06-18,2022-04-30,Home,CA,D,95814,34.69,N,Standard,Masonry,Metal,2856,2,40,0,60,0,A,Broker,3388.4,3171.47,237.19,508.26,224.48,915734,0.0,0,0.912,1.0,12,1,0,0,0.0961,New,0.0,1,1,High,915734,2500,4,0,Debit Card,2,Agent Referral,7,1115453,303816,796,1,2,12,3388.4,282.3666666666667,0.0,0.0,0.08333333333333333,1.0,3388.4,1.3463825696023748,new,0.0,169.42,0.1,5,0.8759727566385356,2473.5299999999997,6574.39749867127,6574.39749867127,2473.5299999999997,6574.39749867127,1
500141,CUST000141,2021,2021-07-20,2022-01-31,Home,NY,C,11201,29.25,N,Standard,Masonry,Shingle,2079,2,24,0,63,1,C,Online,4244.2,3756.95,297.09,84.88,262.99,1012231,0.0,0,0.863,1.0,12,1,0,0,0.1054,New,0.0,1,1,Low,1012231,5000,4,0,Auto Debit,0,Social Media,7,1159732,36426,676,1,0,12,4244.2,353.68333333333334,0.0,0.0,0.08333333333333333,1.0,4244.2,2.1166737889558784,new,0.0,212.21,0.1,5,0.7172180784179341,3650.0199999999995,6033.126312943209,6033.126312943209,3650.0199999999995,6033.126312943209,1
500142,CUST000142,2021,2021-03-24,2021-09-30,Home,WA,D,99201,17.77,N,Standard,Masonry,Shingle,2351,2,33,1,38,1,C,Independent,2633.12,2785.21,184.32,315.97,190.49,671318,0.0,0,1.05,1.0,12,0,0,0,0.0526,New,0.0,1,1,Middle,671318,1000,4,0,Auto Debit,0,Social Media,10,773805,80090,648,1,0,12,2633.12,219.42666666666665,0.0,0.0,0.08333333333333333,1.0,2633.12,2.1166737889558784,new,0.0,131.66,0.1,5,0.8095825991678162,2001.1699999999998,4373.904038986368,4373.904038986368,2001.1699999999998,4373.904038986368,0
500143,CUST000143,2021,2021-12-03,2022-03-31,Home,NY,A,10001,29.21,Y,Standard,Mixed,Metal,1672,1,12,1,61,0,C,Online,3256.44,2862.3,227.95,65.13,218.54,866356,0.0,0,0.914,1.0,12,0,0,0,0.0625,New,0.0,1,1,Middle,866356,1000,5,0,Debit Card,2,Social Media,7,854936,86773,678,1,2,12,3256.44,271.37,0.0,0.0,0.08333333333333333,1.0,3256.44,1.3463825696023748,new,0.0,162.82,0.1,5,0.8383752704108896,2800.54,6666.347001423205,6666.347001423205,2800.54,6666.347001423205,1
500144,CUST000144,2021,2021-01-14,2021-06-30,Home,FL,B,33101,43.77,Y,Basic,Masonry,Tile,2044,1,31,1,39,0,D,Broker,3565.17,3232.56,303.04,534.78,232.43,411096,0.0,0,0.909,1.0,12,0,0,1,0.0461,New,0.0,1,1,Middle,411096,1000,4,0,Auto Debit,4,Social Media,10,465242,79309,601,1,4,12,3565.17,297.0975,0.0,0.0,0.08333333333333333,1.0,3565.17,0.5760913502488715,new,0.0,178.26,0.1,5,0.82133118328965,2549.09,5769.444263873149,5769.444263873149,2549.09,5769.444263873149,1
500145,CUST000145,2021,2021-09-04,2021-09-30,Home,TX,D,78701,21.88,N,Basic,Mixed,Metal,2499,1,0,0,65,0,D,Independent,1071.37,972.58,75.0,128.56,120.21,262807,0.0,0,0.925,1.0,12,1,1,1,0.1052,New,0.0,1,1,Low,262807,1000,4,0,Credit Card,6,Social Media,13,355577,35427,582,1,6,12,1071.37,89.28083333333332,0.0,0.0,0.08333333333333333,1.0,1071.37,-0.19419986910463183,new,0.0,53.57,0.1,5,0.7693328633215974,814.2399999999999,1577.3996169753468,1577.3996169753468,814.2399999999999,1577.3996169753468,0
500146,CUST000146,2021,2021-10-22,2021-12-31,Rental,NY,C,11201,49.61,N,Standard,Frame,Shingle,1942,1,51,0,59,0,C,Broker,4317.97,4229.83,302.26,647.7,266.31,837912,0.0,0,0.933,1.0,12,0,1,0,0.0888,New,0.0,1,1,Middle,837912,1000,5,0,Auto Debit,0,Partner Referral,6,961489,60542,674,1,0,12,4317.97,359.8308333333334,0.0,0.0,0.08333333333333333,1.0,4317.97,2.1166737889558784,new,0.0,215.9,0.1,5,0.8416872838580787,3152.11,7576.854235869564,7576.854235869564,3152.11,7576.854235869564,1
500147,CUST000147,2021,2021-02-03,2021-06-30,Home,TX,C,78701,41.71,N,Standard,Frame,Tile,1157,2,39,0,50,0,B,Broker,587.77,601.92,41.14,88.17,98.45,145395,0.0,0,1.021,1.0,12,0,0,0,0.0802,New,0.0,1,1,Low,145395,2000,4,0,Bank Transfer,1,Agent Referral,13,169383,42664,697,1,1,12,587.77,48.98083333333333,0.0,0.0,0.08333333333333333,1.0,587.77,1.7315281792791266,new,0.0,29.39,0.1,5,0.7785505742457859,429.07,854.632554876219,854.632554876219,429.07,854.632554876219,0
500148,CUST000148,2021,2021-07-03,2021-11-30,Home,NY,B,14604,21.86,Y,Basic,Mixed,Metal,2524,1,21,1,43,0,C,Independent,3556.96,3146.02,248.99,426.84,232.06,1009745,0.0,0,0.453,0.5,6,1,0,0,0.0941,New,0.0,0,1,Middle,1009745,2500,5,0,Auto Debit,1,Partner Referral,5,1263083,86244,640,1,1,6,3556.96,592.8266666666667,0.0,0.0,0.0,1.0,3556.96,-3.155178498717019,new,0.0,177.85,0.1,5,0.5526299828170234,2703.28,2641.9091756724865,2641.9091756724865,2703.28,2641.9091756724865,0
500149,CUST000149,2021,2021-04-02,2021-04-30,Home,CA,C,94105,48.79,N,Standard,Mixed,Shingle,1631,2,57,0,57,0,A,Independent,2533.19,2412.42,177.32,303.98,185.99,546452,0.0,0,0.93,1.0,12,0,1,0,0.0886,New,0.0,1,1,Upper Middle,546452,1000,5,0,Auto Debit,1,Aggregator,7,620877,127539,820,1,1,12,2533.19,211.09916666666666,0.0,0.0,0.08333333333333333,1.0,2533.19,1.7315281792791266,new,0.0,126.66,0.1,5,0.9198760831856485,1925.2299999999998,5811.065805188815,5811.065805188815,1925.2299999999998,5811.065805188815,1
500150,CUST000150,2021,2021-10-11,2022-05-31,Home,FL,B,33301,37.96,N,Premium,Masonry,Tile,2457,2,24,1,23,0,A,Broker,2804.15,2326.19,238.35,420.62,198.19,602797,0.0,0,0.834,1.0,12,0,0,0,0.0959,New,0.0,0,1,High,602797,2000,5,0,Bank Transfer,1,Aggregator,9,633352,162778,820,1,1,12,2804.15,233.67916666666667,0.0,0.0,0.0,1.0,2804.15,-0.03237344962583011,new,0.0,140.21,0.1,5,0.5329702377452898,2004.9700000000003,1834.2165383041236,1834.2165383041236,2004.9700000000003,1834.2165383041236,0
500151,CUST000151,2021,2021-02-05,2021-08-31,Home,CA,C,94105,48.36,N,Basic,Masonry,Tile,1258,2,27,1,48,2,D,Online,2378.03,2205.96,166.46,47.56,179.01,352748,0.0,0,0.453,0.5,6,0,0,0,0.0796,New,0.0,1,1,Low,352748,500,4,0,Credit Card,1,Agent Referral,7,505814,40541,608,1,1,6,2378.03,396.33833333333337,0.0,0.0,0.16666666666666666,1.0,2378.03,0.3726247590928944,new,0.0,118.9,0.1,5,0.8264459812331679,2045.1100000000001,4699.472945782976,4699.472945782976,2045.1100000000001,4699.472945782976,0
500152,CUST000152,2021,2021-03-27,2021-11-30,Condo,WA,D,98501,27.56,N,Standard,Mixed,Tile,1066,1,41,1,53,0,C,Broker,940.53,938.33,65.84,141.08,114.32,255358,0.0,0,0.99,1.0,12,0,0,0,0.0653,New,0.0,1,1,Middle,255358,500,5,0,Credit Card,3,Agent Referral,10,297603,55783,672,1,3,12,940.53,78.3775,0.0,0.0,0.08333333333333333,1.0,940.53,0.9612369599256232,new,0.0,47.03,0.1,5,0.7916914066334286,686.5799999999999,1422.5680113430653,1422.5680113430653,686.5799999999999,1422.5680113430653,0
500153,CUST000153,2021,2021-11-09,2022-02-28,Home,NY,B,14604,40.58,N,Standard,Frame,Tile,1542,2,43,1,40,0,B,Independent,2239.98,2086.38,156.8,268.8,172.8,613723,0.0,0,0.945,1.0,12,0,1,0,0.0897,New,0.0,1,1,High,613723,500,5,0,Debit Card,2,Social Media,8,769680,179323,682,1,2,12,2239.98,186.665,0.0,0.0,0.08333333333333333,1.0,2239.98,1.3463825696023748,new,0.0,112.0,0.1,5,0.8916075590676382,1702.3799999999999,4735.319213380701,4735.319213380701,1702.3799999999999,4735.319213380701,0
500154,CUST000154,2021,2021-03-22,2021-12-31,Home,WA,C,99201,21.71,N,Standard,Masonry,Metal,2307,1,40,1,52,0,B,Direct,1662.28,1610.12,116.36,49.87,146.8,570683,0.0,0,0.967,1.0,12,0,0,0,0.1168,New,0.0,1,1,Middle,570683,2000,5,0,Debit Card,2,Agent Referral,1,690918,79762,681,1,2,12,1662.28,138.52333333333334,0.0,0.0,0.08333333333333333,1.0,1662.28,1.3463825696023748,new,0.0,83.11,0.1,5,0.8708335918514373,1412.9400000000003,3699.5491247626273,3699.5491247626273,1412.9400000000003,3699.5491247626273,0
500155,CUST000155,2021,2021-11-26,2022-05-31,Home,WA,B,98004,12.45,N,Premium,Frame,Metal,2630,1,17,1,44,0,A,Online,1569.12,1564.95,109.84,31.38,142.61,728936,0.0,0,1.003,1.0,12,0,0,0,0.0749,New,0.0,1,1,Middle,728936,1000,4,0,Credit Card,2,Email Campaign,8,749854,85940,740,1,2,12,1569.12,130.76,0.0,0.0,0.08333333333333333,1.0,1569.12,1.3463825696023748,new,0.0,78.46,0.1,5,0.8587707303241349,1349.4399999999998,3410.7434370831015,3410.7434370831015,1349.4399999999998,3410.7434370831015,0
500156,CUST000156,2021,2021-02-02,2021-03-31,Home,WA,C,98101,42.25,N,Standard,Frame,Shingle,3090,2,28,0,49,0,C,Direct,3696.06,3716.41,258.72,110.88,238.32,835894,26290.1,1,1.005,1.0,12,0,0,0,0.1081,New,23990.1,0,1,Middle,835894,2500,2,2,Debit Card,2,Social Media,1,960730,61465,637,1,2,12,3696.06,308.005,0.08333333333333333,0.16666666666666666,0.0,1.0,3696.06,-3.2057839820401046,new,23990.1,184.8,0.1,5,0.4394095175267922,-20848.44,-13726.843337063947,-13726.843337063947,-20848.44,-13726.843337063947,0
500157,CUST000157,2021,2021-07-19,2022-01-31,Home,FL,D,33101,28.93,N,Basic,Masonry,Tile,1904,2,0,1,47,0,C,Independent,2372.73,2318.65,201.68,284.73,178.77,399291,0.0,0,0.487,0.5,6,1,0,0,0.068,New,0.0,1,1,Low,399291,500,3,0,Auto Debit,1,Social Media,9,528311,38528,655,1,1,6,2372.73,395.455,0.0,0.0,0.16666666666666666,1.0,2372.73,0.3726247590928944,new,0.0,118.64,0.1,5,0.8074674399192509,1767.68,3839.306778495871,3839.306778495871,1767.68,3839.306778495871,0
500158,CUST000158,2021,2021-05-18,2021-11-30,Rental,CA,D,90001,56.04,N,Standard,Frame,Shingle,1666,2,25,1,41,0,B,Independent,4046.31,4131.42,283.24,485.56,254.08,681950,9479.4,1,0.99,1.0,12,0,0,0,0.0446,New,8559.4,0,1,Middle,681950,1000,4,3,Auto Debit,1,Agent Referral,7,803185,68196,702,1,1,12,4046.31,337.1925,0.08333333333333333,0.25,0.0,1.0,4046.31,-4.214770833732114,new,8559.4,202.32,0.1,5,0.6240669906929205,-5484.21,-6768.507509989084,-6768.507509989084,-5484.21,-6768.507509989084,0
500159,CUST000159,2021,2021-06-19,2021-09-30,Home,NY,C,11201,34.31,Y,Standard,Mixed,Shingle,1895,3,30,1,42,0,B,Independent,3776.15,3734.92,264.33,453.14,241.93,991910,0.0,0,0.966,1.0,12,1,0,0,0.0626,New,0.0,1,1,Middle,991910,500,4,0,Bank Transfer,5,Email Campaign,9,989334,86049,699,1,5,12,3776.15,314.6791666666667,0.0,0.0,0.08333333333333333,1.0,3776.15,0.19094574057211977,new,0.0,188.81,0.1,5,0.8128149310909891,2869.8700000000003,6333.227674648696,6333.227674648696,2869.8700000000003,6333.227674648696,1
500160,CUST000160,2021,2021-02-10,2021-02-28,Home,FL,C,33301,44.38,N,Basic,Masonry,Tile,1802,2,16,0,79,0,D,Independent,2529.85,2434.56,215.04,303.58,185.84,324803,0.0,0,0.97,1.0,12,0,1,1,0.0813,New,0.0,0,1,Middle,324803,500,4,0,Credit Card,10,Online Search,2,478007,59713,599,1,10,12,2529.85,210.82083333333333,0.0,0.0,0.0,1.0,2529.85,-3.4986839367165956,new,0.0,126.49,0.1,5,0.7909938304661975,1884.74,3896.959221050562,3896.959221050562,1884.74,3896.959221050562,0
500161,CUST000161,2021,2021-12-02,2022-06-30,Home,NY,C,11201,34.55,Y,Premium,Frame,Tile,1919,1,58,0,42,0,A,Independent,2908.05,2894.46,203.56,348.97,202.86,884932,0.0,0,1.025,1.0,12,0,1,0,0.1244,New,0.0,1,1,High,884932,5000,5,0,Credit Card,0,Online Search,8,791847,174143,796,1,0,12,2908.05,242.3375,0.0,0.0,0.08333333333333333,1.0,2908.05,2.1166737889558784,new,0.0,145.4,0.1,5,0.9004347960418367,2210.1200000000003,6306.96259243651,6306.96259243651,2210.1200000000003,6306.96259243651,1
500162,CUST000162,2021,2021-06-27,2022-04-30,Home,TX,B,79901,35.48,Y,Basic,Mixed,Tile,2371,2,29,0,43,0,B,Independent,1305.52,1389.27,91.39,156.66,130.75,339709,23834.37,1,1.028,1.0,12,1,1,0,0.0812,New,23374.37,1,1,Upper Middle,339709,500,3,1,Credit Card,4,Social Media,9,411687,121127,719,1,4,12,1305.52,108.79333333333334,0.08333333333333333,0.08333333333333333,0.08333333333333333,1.0,1305.52,-0.81804111111989,new,23374.37,65.28,0.1,5,0.6477036272518923,-22382.179999999997,-29783.351943242356,-29783.351943242356,-22382.179999999997,-29783.351943242356,0
500163,CUST000163,2021,2021-06-15,2022-02-28,Home,TX,B,77001,25.88,N,Premium,Frame,Tile,1607,2,9,0,59,0,C,Direct,972.0,956.48,68.04,29.16,115.74,248301,0.0,0,0.999,1.0,12,1,1,0,0.1056,New,0.0,0,1,Upper Middle,248301,1000,3,0,Credit Card,1,Online Search,4,255140,101851,676,1,1,12,972.0,81.0,0.0,0.0,0.0,1.0,972.0,-0.03237344962583011,new,0.0,48.6,0.1,5,0.5581403982119261,826.2,822.4024108380959,822.4024108380959,826.2,822.4024108380959,0
500164,CUST000164,2021,2021-08-27,2022-02-28,Home,CA,D,92101,32.69,Y,Standard,Frame,Tile,2014,2,15,1,34,1,B,Broker,4089.87,3882.75,286.29,613.48,256.04,907463,0.0,0,0.485,0.5,6,1,0,0,0.0418,New,0.0,1,1,Middle,907463,1000,4,0,Credit Card,3,Online Search,7,948222,57227,689,1,3,6,4089.87,681.645,0.0,0.0,0.16666666666666666,1.0,4089.87,-0.39766646026060903,new,0.0,204.49,0.1,5,0.718159544559653,2985.6099999999997,4949.228531006099,4949.228531006099,2985.6099999999997,4949.228531006099,0
500165,CUST000165,2021,2021-09-23,2022-04-30,Rental,TX,A,78701,37.65,Y,Basic,Mixed,Tile,1953,1,17,1,44,1,D,Broker,1375.94,1372.15,96.32,206.39,133.92,250145,0.0,0,0.997,1.0,12,1,0,0,0.0873,New,0.0,1,1,Middle,250145,2000,4,0,Debit Card,2,Aggregator,8,313426,61062,588,1,2,12,1375.94,114.66166666666668,0.0,0.0,0.08333333333333333,1.0,1375.94,1.3463825696023748,new,0.0,68.8,0.1,5,0.7196106511398046,1004.4300000000001,1672.4805028648027,1672.4805028648027,1004.4300000000001,1672.4805028648027,0
500166,CUST000166,2021,2021-08-20,2022-06-30,Home,NY,B,11201,46.96,Y,Premium,Frame,Shingle,1915,1,57,0,61,1,A,Online,3504.48,3611.72,245.31,70.09,229.7,923315,0.0,0,1.007,1.0,12,1,0,0,0.0998,New,0.0,1,1,High,923315,2000,4,0,Credit Card,5,Online Search,1,845091,211705,739,1,5,12,3504.48,292.04,0.0,0.0,0.08333333333333333,1.0,3504.48,0.19094574057211977,new,0.0,175.22,0.1,5,0.8046940016374486,3013.86,6492.048518078096,6492.048518078096,3013.86,6492.048518078096,1
500167,CUST000167,2021,2021-06-06,2022-02-28,Home,CA,A,92101,39.91,N,Standard,Masonry,Tile,1825,2,0,1,60,0,C,Online,2937.68,2923.12,205.64,58.75,204.2,621479,14470.6,1,0.978,1.0,12,1,0,1,0.0859,New,14010.6,0,1,Middle,621479,500,4,0,Auto Debit,2,Aggregator,3,737644,63653,632,1,2,12,2937.68,244.80666666666664,0.08333333333333333,0.0,0.0,1.0,2937.68,-0.4175190593025818,new,14010.6,146.88,0.1,5,0.5046147149264629,-11484.189999999999,-9535.604748962942,-9535.604748962942,-11484.189999999999,-9535.604748962942,0
500168,CUST000168,2021,2021-07-08,2022-02-28,Home,FL,D,33601,50.69,N,Standard,Mixed,Metal,2832,1,30,1,43,0,B,Direct,3416.43,3237.97,290.4,102.49,225.74,524833,0.0,0,0.959,1.0,12,1,0,0,0.0656,New,0.0,1,1,Upper Middle,524833,500,5,0,Credit Card,0,Aggregator,2,608796,97283,709,1,0,12,3416.43,284.7025,0.0,0.0,0.08333333333333333,1.0,3416.43,2.1166737889558784,new,0.0,170.82,0.1,5,0.8544335278431845,2852.72,7119.1626149864305,7119.1626149864305,2852.72,7119.1626149864305,1
500169,CUST000169,2021,2021-10-10,2022-04-30,Home,TX,B,73301,39.94,N,Standard,Mixed,Shingle,1165,2,14,0,50,0,B,Broker,669.44,616.63,46.86,100.42,102.12,155797,0.0,0,0.918,1.0,12,0,0,0,0.0784,New,0.0,0,1,Middle,155797,2000,3,0,Auto Debit,2,Agent Referral,9,178658,83345,692,1,2,12,669.44,55.78666666666667,0.0,0.0,0.0,1.0,669.44,-0.4175190593025818,new,0.0,33.47,0.1,5,0.36058906466237484,488.69000000000005,237.4176951727403,237.4176951727403,488.69000000000005,237.4176951727403,0
500170,CUST000170,2021,2021-07-05,2021-11-30,Home,FL,B,33601,57.01,Y,Standard,Masonry,Shingle,2182,2,40,0,69,0,B,Online,3110.14,2763.53,264.36,62.2,211.96,446818,0.0,0,0.448,0.5,6,1,1,0,0.1142,New,0.0,1,1,Upper Middle,446818,1000,5,0,Bank Transfer,1,Social Media,4,475810,112196,706,1,1,6,3110.14,518.3566666666667,0.0,0.0,0.16666666666666666,1.0,3110.14,0.3726247590928944,new,0.0,155.51,0.1,5,0.8541744216557924,2628.0699999999997,6553.546000149122,6553.546000149122,2628.0699999999997,6553.546000149122,1
500171,CUST000171,2021,2021-09-02,2021-09-30,Rental,TX,C,79901,35.89,N,Standard,Masonry,Shingle,1861,1,16,1,61,0,A,Online,885.48,813.25,61.98,17.71,111.85,254641,0.0,0,0.908,1.0,12,1,0,0,0.1067,New,0.0,1,1,Low,254641,2500,4,0,Credit Card,0,Social Media,4,283585,33652,760,1,0,12,885.48,73.79,0.0,0.0,0.08333333333333333,1.0,885.48,2.1166737889558784,new,0.0,44.27,0.1,5,0.7508228579448553,761.52,1394.8651848346406,1394.8651848346406,761.52,1394.8651848346406,0
500172,CUST000172,2021,2021-03-13,2021-10-31,Home,CA,C,92101,46.09,N,Standard,Mixed,Tile,1725,2,49,0,41,0,B,Broker,2903.98,2961.52,203.28,435.6,202.68,605881,0.0,0,0.995,1.0,12,0,0,0,0.0438,New,0.0,1,1,Upper Middle,605881,500,5,0,Auto Debit,0,Aggregator,12,708902,113723,722,1,0,12,2903.98,241.99833333333333,0.0,0.0,0.08333333333333333,1.0,2903.98,2.1166737889558784,new,0.0,145.2,0.1,5,0.8527886337427107,2119.9,5264.868909711248,5264.868909711248,2119.9,5264.868909711248,1
500173,CUST000173,2021,2021-09-16,2021-09-30,Condo,TX,A,78701,28.62,Y,Basic,Masonry,Metal,1603,1,9,1,43,1,D,Independent,862.93,749.44,60.41,103.55,110.83,185671,0.0,0,0.901,1.0,12,1,0,1,0.0599,New,0.0,1,1,Middle,185671,1000,4,0,Auto Debit,5,Online Search,9,232374,77924,612,1,5,12,862.93,71.91083333333333,0.0,0.0,0.08333333333333333,1.0,862.93,0.19094574057211977,new,0.0,43.15,0.1,5,0.7251055235220915,655.82,1110.5829318067397,1110.5829318067397,655.82,1110.5829318067397,0
500174,CUST000174,2021,2021-10-14,2022-08-31,Home,CA,A,90001,43.47,N,Basic,Mixed,Metal,2070,1,25,1,32,0,A,Broker,2684.9,2736.08,187.94,402.74,192.82,694787,0.0,0,0.999,1.0,12,0,1,0,0.1085,New,0.0,1,1,Upper Middle,694787,500,5,0,Debit Card,3,Agent Referral,5,991417,118722,755,1,3,12,2684.9,223.74166666666667,0.0,0.0,0.08333333333333333,1.0,2684.9,0.9612369599256232,new,0.0,134.24,0.1,5,0.8474928424350671,1959.9800000000002,4792.513185335937,4792.513185335937,1959.9800000000002,4792.513185335937,0
500175,CUST000175,2021,2021-05-09,2021-05-31,Condo,FL,D,33101,47.24,Y,Basic,Mixed,Tile,1274,1,17,0,46,0,A,Independent,1207.46,1139.25,102.63,144.9,126.34,242462,0.0,0,0.98,1.0,12,0,1,0,0.1009,New,0.0,1,1,Upper Middle,242462,1000,4,0,Auto Debit,0,Aggregator,8,301608,97984,761,1,0,12,1207.46,100.62166666666667,0.0,0.0,0.08333333333333333,1.0,1207.46,2.1166737889558784,new,0.0,60.37,0.1,5,0.7330058675049357,899.56,1560.6357414507906,1560.6357414507906,899.56,1560.6357414507906,0
500176,CUST000176,2021,2021-03-18,2021-10-31,Home,CA,A,95814,54.15,N,Standard,Mixed,Tile,1877,1,30,1,33,0,B,Independent,2842.18,2745.75,198.95,341.06,199.9,568240,0.0,0,1.013,1.0,12,0,0,1,0.0563,New,0.0,1,1,Middle,568240,500,4,0,Bank Transfer,3,Online Search,7,653282,83256,681,1,3,12,2842.18,236.84833333333333,0.0,0.0,0.08333333333333333,1.0,2842.18,0.9612369599256232,new,0.0,142.11,0.1,5,0.8350908952487164,2160.06,5092.15423306678,5092.15423306678,2160.06,5092.15423306678,0
500177,CUST000177,2021,2021-10-09,2021-12-31,Home,WA,D,98101,32.55,N,Premium,Frame,Shingle,1658,3,60,1,38,0,C,Online,1802.24,1720.01,126.16,36.04,153.1,438176,6830.49,1,0.948,1.0,12,0,0,0,0.0726,New,6370.49,1,1,Middle,438176,500,3,0,Credit Card,1,Social Media,2,457100,69485,649,1,1,12,1802.24,150.18666666666667,0.08333333333333333,0.0,0.08333333333333333,1.0,1802.24,1.7315281792791266,new,6370.49,90.11,0.1,5,0.6610812339712328,-4820.5599999999995,-6691.309109767732,-6691.309109767732,-4820.5599999999995,-6691.309109767732,0
500178,CUST000178,2021,2021-02-22,2021-08-31,Home,FL,D,33601,43.6,Y,Basic,Frame,Metal,1886,3,6,1,29,0,A,Online,1618.87,1528.35,137.6,32.38,144.85,358860,0.0,0,0.467,0.5,6,0,0,0,0.1081,New,0.0,1,1,Middle,358860,2500,5,0,Credit Card,1,Partner Referral,8,415926,73251,751,1,1,6,1618.87,269.81166666666667,0.0,0.0,0.16666666666666666,1.0,1618.87,0.3726247590928944,new,0.0,80.94,0.1,5,0.8480735821870683,1367.9499999999998,3350.6094285537956,3350.6094285537956,1367.9499999999998,3350.6094285537956,0
500179,CUST000179,2021,2021-03-25,2021-08-31,Home,FL,A,32801,69.9,N,Premium,Frame,Shingle,2427,2,38,1,44,1,D,Online,6058.64,5559.92,514.98,121.17,344.64,550867,11167.86,1,0.937,1.0,12,0,0,1,0.0687,New,10707.86,1,1,Low,550867,500,4,0,Auto Debit,6,Partner Referral,3,551938,26727,549,1,6,12,6058.64,504.8866666666667,0.08333333333333333,0.0,0.08333333333333333,1.0,6058.64,-0.19419986910463183,new,10707.86,302.93,0.1,5,0.7493279306461634,-5588.300000000001,-10189.621139527208,-10189.621139527208,-5588.300000000001,-10189.621139527208,0
500180,CUST000180,2021,2021-06-05,2021-09-30,Home,NY,B,10001,39.96,Y,Standard,Frame,Shingle,1833,2,7,0,53,1,B,Online,4131.85,3930.37,289.23,82.64,257.93,1130314,0.0,0,0.954,1.0,12,1,0,0,0.1158,New,0.0,1,1,Middle,1130314,2500,5,0,Auto Debit,0,Agent Referral,9,1121436,87035,723,1,0,12,4131.85,344.3208333333334,0.0,0.0,0.08333333333333333,1.0,4131.85,2.1166737889558784,new,0.0,206.59,0.1,5,0.7851496407661176,3553.3900000000003,7219.485860918282,7219.485860918282,3553.3900000000003,7219.485860918282,1
500181,CUST000181,2021,2021-02-10,2021-09-30,Home,TX,B,79901,51.01,N,Basic,Frame,Shingle,2269,1,24,1,48,0,C,Broker,1164.92,1079.43,81.54,174.74,124.42,228027,0.0,0,0.952,1.0,12,0,0,0,0.0693,New,0.0,1,1,Middle,228027,1000,4,0,Auto Debit,0,Aggregator,5,324276,61548,651,1,0,12,1164.92,97.07666666666667,0.0,0.0,0.08333333333333333,1.0,1164.92,2.1166737889558784,new,0.0,58.25,0.1,5,0.723521931662151,850.3900000000001,1433.0951815921014,1433.0951815921014,850.3900000000001,1433.0951815921014,0
500182,CUST000182,2021,2021-10-14,2022-08-31,Home,CA,C,92101,53.46,Y,Standard,Frame,Shingle,2208,3,13,1,32,0,B,Independent,5294.06,5523.22,370.58,635.29,310.23,1057467,0.0,0,0.501,0.5,6,0,0,0,0.0549,New,0.0,1,1,Middle,1057467,1000,4,0,Credit Card,3,Partner Referral,7,1113851,84618,713,1,3,6,5294.06,882.3433333333334,0.0,0.0,0.16666666666666666,1.0,5294.06,-0.39766646026060903,new,0.0,264.7,0.1,5,0.8451464868380875,4023.4900000000007,9770.475973093651,9770.475973093651,4023.4900000000007,9770.475973093651,1
500183,CUST000183,2021,2021-10-27,2022-07-31,Home,WA,D,99201,27.36,N,Basic,Frame,Tile,2270,3,29,1,41,1,C,Independent,2088.84,2076.37,146.22,250.66,166.0,585230,0.0,0,0.961,1.0,12,0,0,0,0.0972,New,0.0,1,1,Middle,585230,2500,4,0,Credit Card,1,Partner Referral,7,855370,88085,637,1,1,12,2088.84,174.07000000000002,0.0,0.0,0.08333333333333333,1.0,2088.84,1.7315281792791266,new,0.0,104.44,0.1,5,0.8370988900847123,1587.52,3764.693326849499,3764.693326849499,1587.52,3764.693326849499,0
500184,CUST000184,2021,2021-11-25,2022-09-30,Rental,CA,B,94105,23.61,Y,Basic,Masonry,Tile,1025,1,26,1,42,0,B,Independent,1066.24,1016.77,74.64,127.95,119.98,274028,0.0,0,0.971,1.0,12,0,0,0,0.0591,New,0.0,1,1,Middle,274028,1000,4,0,Bank Transfer,3,Aggregator,3,347299,68435,698,1,3,12,1066.24,88.85333333333334,0.0,0.0,0.08333333333333333,1.0,1066.24,0.9612369599256232,new,0.0,53.31,0.1,5,0.74449665651577,810.3399999999999,1456.0066785353185,1456.0066785353185,810.3399999999999,1456.0066785353185,0
500185,CUST000185,2021,2021-08-18,2021-11-30,Home,CA,D,92101,43.93,N,Standard,Frame,Shingle,2648,1,20,1,23,0,D,Online,5945.9,5551.91,416.21,118.92,339.57,903660,70376.5,1,0.475,0.5,6,1,0,0,0.0821,New,69916.5,0,1,Upper Middle,903660,500,4,0,Debit Card,2,Email Campaign,8,1110215,90114,616,1,2,6,5945.9,990.9833333333332,0.16666666666666666,0.0,0.0,1.0,5945.9,-3.540324108393771,new,69916.5,297.3,0.1,5,0.7243706426964639,-64803.03,-109492.12853903633,-109492.12853903633,-64803.03,-109492.12853903633,0
500186,CUST000186,2021,2021-06-09,2022-03-31,Condo,WA,B,98004,32.68,N,Basic,Frame,Shingle,1469,1,28,0,62,0,C,Direct,1216.68,1114.95,85.17,36.5,126.75,282674,0.0,0,0.885,1.0,12,1,0,0,0.0673,New,0.0,1,1,Middle,282674,1000,4,0,Credit Card,2,Online Search,6,397926,69116,666,1,2,12,1216.68,101.39,0.0,0.0,0.08333333333333333,1.0,1216.68,1.3463825696023748,new,0.0,60.83,0.1,5,0.7376523262632783,1034.18,1819.8331330493486,1819.8331330493486,1034.18,1819.8331330493486,0
500187,CUST000187,2021,2021-12-14,2022-03-31,Home,NY,C,10001,25.16,Y,Basic,Masonry,Tile,2486,1,25,0,58,0,D,Broker,4784.2,4833.18,334.89,717.63,287.29,1114546,0.0,0,1.011,1.0,12,0,0,1,0.0851,New,0.0,0,1,Upper Middle,1114546,2500,4,0,Auto Debit,2,Aggregator,7,1422821,105200,604,1,2,12,4784.2,398.68333333333334,0.0,0.0,0.0,1.0,4784.2,-0.4175190593025818,new,0.0,239.21,0.1,5,0.8563487912790344,3492.4699999999993,8764.829235504367,8764.829235504367,3492.4699999999993,8764.829235504367,1
500188,CUST000188,2021,2021-01-01,2021-05-31,Home,FL,D,32801,28.73,N,Standard,Masonry,Metal,1761,2,10,0,52,0,D,Broker,2855.01,2705.48,242.68,428.25,200.48,410765,0.0,0,0.966,1.0,12,0,0,1,0.0528,New,0.0,0,1,Low,410765,1000,3,0,Credit Card,10,Partner Referral,7,465918,32646,613,1,10,12,2855.01,237.91750000000002,0.0,0.0,0.0,1.0,2855.01,-3.4986839367165956,new,0.0,142.75,0.1,5,0.7000353721695995,2041.3300000000004,3199.876103224452,3199.876103224452,2041.3300000000004,3199.876103224452,0
500189,CUST000189,2021,2021-11-11,2021-11-30,Rental,CA,A,90001,52.41,Y,Standard,Frame,Tile,2388,1,14,0,63,0,A,Online,4101.99,4139.86,287.14,82.04,256.59,1000299,65621.88,1,1.0,1.0,12,0,1,0,0.1068,New,64701.88,1,1,Upper Middle,1000299,1000,4,1,Auto Debit,0,Agent Referral,2,1068042,98746,751,1,0,12,4101.99,341.8325,0.08333333333333333,0.08333333333333333,0.08333333333333333,1.0,4101.99,0.722541327587117,new,64701.88,205.1,0.1,5,0.6328554712718609,-61174.17,-77650.85448190625,-77650.85448190625,-61174.17,-77650.85448190625,0
500190,CUST000190,2021,2021-01-26,2021-05-31,Home,FL,D,33601,48.99,N,Standard,Frame,Shingle,2431,2,19,0,55,0,C,Online,3544.03,3364.27,301.24,70.88,231.48,516502,0.0,0,0.965,1.0,12,0,1,0,0.1241,New,0.0,1,1,Upper Middle,516502,500,4,0,Bank Transfer,1,Online Search,1,602105,130941,679,1,1,12,3544.03,295.33583333333337,0.0,0.0,0.08333333333333333,1.0,3544.03,1.7315281792791266,new,0.0,177.2,0.1,5,0.8573775181817739,2994.71,7538.345978843368,7538.345978843368,2994.71,7538.345978843368,1
500191,CUST000191,2021,2021-12-11,2021-12-31,Condo,NY,D,11201,25.96,N,Basic,Frame,Tile,1411,2,22,1,56,0,B,Independent,1489.24,1505.04,104.25,178.71,139.02,495227,0.0,0,0.987,1.0,12,0,1,0,0.0813,New,0.0,0,1,Middle,495227,500,4,0,Bank Transfer,1,Agent Referral,9,683698,58266,688,1,1,12,1489.24,124.10333333333334,0.0,0.0,0.0,1.0,1489.24,-0.03237344962583011,new,0.0,74.46,0.1,5,0.7318623148206305,1131.82,1956.7264272720086,1956.7264272720086,1131.82,1956.7264272720086,0
500192,CUST000192,2021,2021-06-25,2021-06-30,Rental,CA,A,95814,64.41,Y,Standard,Frame,Tile,1870,1,32,1,37,0,B,Broker,4507.5,4036.19,315.52,676.12,274.84,786388,60720.76,2,0.906,1.0,12,1,0,1,0.0686,New,58880.76,1,1,Upper Middle,786388,1000,2,0,Bank Transfer,11,Online Search,7,802211,100544,702,1,11,12,4507.5,375.625,0.16666666666666666,0.0,0.08333333333333333,1.0,4507.5,-2.1199279174883903,new,58880.76,225.38,0.1,5,0.49044996189420853,-55590.28,-43940.36304593875,-43940.36304593875,-55590.28,-43940.36304593875,0
500193,CUST000193,2021,2021-09-25,2022-05-31,Condo,CA,A,90001,63.03,N,Standard,Masonry,Shingle,1357,1,45,1,46,0,D,Online,2843.17,2900.21,199.02,56.86,199.94,434860,0.0,0,0.982,1.0,12,1,1,1,0.1211,New,0.0,1,1,Low,434860,1000,4,1,Debit Card,7,Agent Referral,6,517122,47181,569,1,7,12,2843.17,236.93083333333334,0.0,0.08333333333333333,0.08333333333333333,1.0,2843.17,-1.9734779401501452,new,0.0,142.16,0.1,5,0.7463710392543529,2445.13,4418.506192312053,4418.506192312053,2445.13,4418.506192312053,0
500194,CUST000194,2021,2021-07-04,2022-04-30,Home,NY,B,10001,30.2,Y,Standard,Mixed,Metal,1698,2,45,1,23,0,C,Independent,3633.07,3460.54,254.31,435.97,235.49,863062,0.0,0,0.477,0.5,6,1,0,0,0.0535,New,0.0,0,1,Middle,863062,1000,4,0,Debit Card,0,Agent Referral,10,889850,85680,646,1,0,6,3633.07,605.5116666666667,0.0,0.0,0.0,1.0,3633.07,-2.7700328890402672,new,0.0,181.65,0.1,5,0.7365300294274806,2761.14,4842.124819276022,4842.124819276022,2761.14,4842.124819276022,0
500195,CUST000195,2021,2021-04-09,2021-08-31,Condo,CA,B,94105,48.16,N,Basic,Masonry,Shingle,1445,1,38,1,57,1,B,Online,2093.22,2103.45,146.53,41.86,166.2,394050,0.0,0,0.982,1.0,12,0,0,0,0.0747,New,0.0,1,1,Middle,394050,500,4,0,Credit Card,3,Agent Referral,7,545204,57324,698,1,3,12,2093.22,174.43499999999997,0.0,0.0,0.08333333333333333,1.0,2093.22,0.9612369599256232,new,0.0,104.66,0.1,5,0.8154838146453006,1800.1699999999998,4004.2620275260197,4004.2620275260197,1800.1699999999998,4004.2620275260197,0
500196,CUST000196,2021,2021-06-11,2022-02-28,Rental,WA,A,98101,26.42,N,Standard,Mixed,Tile,2139,2,4,0,70,0,A,Direct,1398.66,1450.97,97.91,41.96,134.94,576750,0.0,0,1.011,1.0,12,1,1,0,0.1374,New,0.0,0,1,High,576750,2000,4,0,Auto Debit,0,Social Media,4,682710,156807,762,1,0,12,1398.66,116.555,0.0,0.0,0.0,1.0,1398.66,0.3527721600509216,new,0.0,69.93,0.1,5,0.5404914655531582,1188.86,1115.559726420199,1115.559726420199,1188.86,1115.559726420199,0
500197,CUST000197,2021,2021-09-02,2022-01-31,Home,CA,C,90001,43.67,N,Standard,Frame,Tile,1873,3,8,1,50,1,B,Independent,3577.6,3455.24,250.43,429.31,232.99,819160,0.0,0,0.978,1.0,12,1,1,0,0.1107,New,0.0,1,1,Upper Middle,819160,2000,4,0,Bank Transfer,1,Partner Referral,12,936599,127648,697,1,1,12,3577.6,298.1333333333333,0.0,0.0,0.08333333333333333,1.0,3577.6,1.7315281792791266,new,0.0,178.88,0.1,5,0.8375263230382157,2718.98,6456.0109615470055,6456.0109615470055,2718.98,6456.0109615470055,1
500198,CUST000198,2021,2021-09-14,2022-06-30,Home,FL,A,32801,50.89,N,Standard,Frame,Metal,2072,3,37,0,69,0,B,Online,2369.6,2051.44,201.42,47.39,178.63,403694,0.0,0,0.888,1.0,12,1,0,0,0.087,New,0.0,1,1,Upper Middle,403694,1000,5,0,Bank Transfer,1,Partner Referral,5,477699,131413,711,1,1,12,2369.6,197.46666666666667,0.0,0.0,0.08333333333333333,1.0,2369.6,1.7315281792791266,new,0.0,118.48,0.1,5,0.9097319216289477,2002.31,5869.579240976504,5869.579240976504,2002.31,5869.579240976504,1
500199,CUST000199,2021,2021-12-08,2022-10-31,Rental,FL,D,33601,46.48,Y,Standard,Masonry,Tile,894,1,16,1,50,1,D,Direct,1665.86,1615.74,141.6,49.98,146.96,205500,0.0,0,0.987,1.0,12,0,1,1,0.132,New,0.0,1,1,Low,205500,5000,4,0,Debit Card,7,Online Search,4,224837,29106,583,1,7,12,1665.86,138.82166666666666,0.0,0.0,0.08333333333333333,1.0,1665.86,-0.5793454787813836,new,0.0,83.29,0.1,5,0.8142426059278683,1390.99,3082.6958904033554,3082.6958904033554,1390.99,3082.6958904033554,0
500200,CUST000200,2021,2021-01-14,2021-04-30,Home,TX,D,73301,29.44,N,Standard,Masonry,Metal,2629,1,37,1,39,0,D,Independent,1530.74,1556.85,107.15,183.69,140.88,311948,0.0,0,1.017,1.0,12,0,0,1,0.0546,New,0.0,1,1,Middle,311948,1000,5,0,Bank Transfer,7,Partner Referral,9,362954,64816,596,1,7,12,1530.74,127.56166666666667,0.0,0.0,0.08333333333333333,1.0,1530.74,-0.5793454787813836,new,0.0,76.54,0.1,5,0.807792322918591,1163.36,2529.2029223536656,2529.2029223536656,1163.36,2529.2029223536656,0
500201,CUST000201,2021,2021-10-12,2022-04-30,Home,TX,D,79901,14.54,Y,Basic,Masonry,Metal,2161,3,17,0,67,0,B,Independent,790.49,770.41,55.33,94.86,107.57,263217,0.0,0,0.989,1.0,12,0,1,0,0.09,New,0.0,1,1,Upper Middle,263217,1000,5,0,Bank Transfer,2,Email Campaign,9,327261,115001,712,1,2,12,790.49,65.87416666666667,0.0,0.0,0.08333333333333333,1.0,790.49,1.3463825696023748,new,0.0,39.52,0.1,5,0.9361391057557527,600.78,1900.0501440100418,1900.0501440100418,600.78,1900.0501440100418,0
500202,CUST000202,2021,2021-03-15,2021-04-30,Rental,WA,D,99201,29.69,Y,Standard,Masonry,Shingle,1564,1,21,1,30,0,A,Independent,1494.56,1481.87,104.62,179.35,139.26,491342,0.0,0,1.016,1.0,12,0,0,0,0.0787,New,0.0,1,1,High,491342,5000,4,0,Credit Card,3,Email Campaign,9,471110,156885,756,1,3,12,1494.56,124.54666666666667,0.0,0.0,0.08333333333333333,1.0,1494.56,0.9612369599256232,new,0.0,74.73,0.1,5,0.7741263636155618,1135.8600000000001,2232.4999826554904,2232.4999826554904,1135.8600000000001,2232.4999826554904,0
500203,CUST000203,2021,2021-10-14,2022-07-31,Condo,WA,A,98004,33.32,Y,Basic,Frame,Shingle,1789,1,24,1,40,0,A,Independent,1365.68,1325.53,95.6,163.88,133.46,443744,0.0,0,0.95,1.0,12,0,1,0,0.0833,New,0.0,1,1,Upper Middle,443744,500,5,0,Credit Card,3,Aggregator,9,549788,102087,738,1,3,12,1365.68,113.80666666666667,0.0,0.0,0.08333333333333333,1.0,1365.68,0.9612369599256232,new,0.0,68.28,0.1,5,0.8474881492998467,1037.9200000000003,2537.8711050925936,2537.8711050925936,1037.9200000000003,2537.8711050925936,0
500204,CUST000204,2021,2021-03-25,2021-08-31,Home,WA,B,98004,24.33,Y,Premium,Frame,Metal,1917,3,36,0,65,0,C,Broker,2185.69,2159.52,153.0,327.85,170.36,644960,0.0,0,0.963,1.0,12,0,0,0,0.0843,New,0.0,1,1,Upper Middle,644960,2000,4,0,Bank Transfer,3,Online Search,7,599169,103047,646,1,3,12,2185.69,182.14083333333335,0.0,0.0,0.08333333333333333,1.0,2185.69,0.9612369599256232,new,0.0,109.28,0.1,5,0.855313838059161,1595.5600000000002,3992.1333907342255,3992.1333907342255,1595.5600000000002,3992.1333907342255,0
500205,CUST000205,2021,2021-01-23,2021-04-30,Rental,WA,A,98501,48.32,N,Premium,Frame,Shingle,1940,2,34,0,49,0,B,Online,2618.85,2441.81,183.32,52.38,189.85,602591,0.0,0,0.944,1.0,12,0,0,0,0.0826,New,0.0,1,1,Middle,602591,1000,4,0,Auto Debit,0,Aggregator,3,627720,87746,721,1,0,12,2618.85,218.23749999999998,0.0,0.0,0.08333333333333333,1.0,2618.85,2.1166737889558784,new,0.0,130.94,0.1,5,0.8169838445555855,2252.2099999999996,5032.14799209548,5032.14799209548,2252.2099999999996,5032.14799209548,0
500206,CUST000206,2021,2021-07-09,2021-10-31,Rental,NY,A,11201,40.84,N,Standard,Frame,Shingle,2079,1,17,1,32,0,B,Direct,3146.19,2913.57,220.23,94.39,213.58,803881,0.0,0,0.955,1.0,12,1,0,0,0.0669,New,0.0,1,1,Upper Middle,803881,1000,5,0,Auto Debit,0,Social Media,8,987052,107330,683,1,0,12,3146.19,262.1825,0.0,0.0,0.08333333333333333,1.0,3146.19,2.1166737889558784,new,0.0,157.31,0.1,5,0.8755917332690962,2674.26,7100.024104781574,7100.024104781574,2674.26,7100.024104781574,1
500207,CUST000207,2021,2021-05-07,2021-05-31,Rental,FL,B,33301,49.29,N,Standard,Mixed,Tile,1387,3,40,1,35,0,C,Online,2072.19,1866.65,176.14,41.44,165.25,267328,0.0,0,0.451,0.5,6,0,0,0,0.0674,New,0.0,1,1,Middle,267328,1000,4,0,Debit Card,1,Social Media,2,323684,74785,669,1,1,6,2072.19,345.365,0.0,0.0,0.16666666666666666,1.0,2072.19,0.3726247590928944,new,0.0,103.61,0.1,5,0.7913142174263235,1751.0000000000002,3623.9097810388894,3623.9097810388894,1751.0000000000002,3623.9097810388894,0
500208,CUST000208,2021,2021-07-15,2022-03-31,Home,NY,B,10001,15.41,N,Standard,Masonry,Tile,2492,2,24,0,40,1,B,Broker,2962.89,2836.67,207.4,444.43,205.33,1018710,0.0,0,0.961,1.0,12,1,0,0,0.0872,New,0.0,1,1,Middle,1018710,2500,4,1,Credit Card,1,Agent Referral,6,1160188,73213,708,1,1,12,2962.89,246.9075,0.0,0.08333333333333333,0.08333333333333333,1.0,2962.89,0.33739571791036516,new,0.0,148.14,0.1,5,0.9039619641288686,2162.92,6235.575863941607,6235.575863941607,2162.92,6235.575863941607,1
500209,CUST000209,2021,2021-03-08,2022-01-31,Home,NY,D,12207,35.85,Y,Basic,Mixed,Shingle,1756,2,35,1,46,0,D,Online,3824.08,3550.37,267.69,76.48,244.08,681740,0.0,0,0.458,0.5,6,0,0,0,0.0665,New,0.0,0,1,Middle,681740,500,4,0,Bank Transfer,1,Social Media,3,858317,63105,577,1,1,6,3824.08,637.3466666666667,0.0,0.0,0.0,1.0,3824.08,-3.155178498717019,new,0.0,191.2,0.1,5,0.6051763237044034,3288.71,3819.4155309462712,3819.4155309462712,3288.71,3819.4155309462712,0
500210,CUST000210,2021,2021-05-19,2022-03-31,Home,TX,D,77001,12.11,N,Standard,Masonry,Tile,1819,3,6,1,51,0,B,Online,644.78,622.39,45.13,12.9,101.01,232637,0.0,0,0.982,1.0,12,0,0,0,0.0741,New,0.0,1,1,Upper Middle,232637,500,5,0,Debit Card,4,Aggregator,6,268544,97519,715,1,4,12,644.78,53.73166666666666,0.0,0.0,0.08333333333333333,1.0,644.78,0.5760913502488715,new,0.0,32.24,0.1,5,0.5708299326685329,554.51,575.6539874595713,575.6539874595713,554.51,575.6539874595713,0
500211,CUST000211,2021,2021-07-16,2021-09-30,Home,FL,D,33101,28.17,Y,Premium,Masonry,Metal,1493,2,17,1,28,0,B,Independent,1977.93,1866.57,168.12,237.35,161.01,404206,0.0,0,0.951,1.0,12,1,1,0,0.0813,New,0.0,1,1,Upper Middle,404206,1500,5,0,Bank Transfer,3,Partner Referral,3,388783,117895,728,1,3,12,1977.93,164.82750000000001,0.0,0.0,0.08333333333333333,1.0,1977.93,0.9612369599256232,new,0.0,98.9,0.1,5,0.8683174688287026,1473.56,3830.011470740643,3830.011470740643,1473.56,3830.011470740643,0
500212,CUST000212,2021,2021-11-18,2022-03-31,Home,WA,B,98501,15.79,N,Standard,Masonry,Metal,1248,2,37,1,30,0,C,Online,838.65,880.17,58.71,16.77,109.74,282721,0.0,0,1.05,1.0,12,0,1,0,0.1473,New,0.0,1,1,Upper Middle,282721,2000,4,0,Auto Debit,2,Agent Referral,4,335349,104698,656,1,2,12,838.65,69.8875,0.0,0.0,0.08333333333333333,1.0,838.65,1.3463825696023748,new,0.0,41.93,0.1,5,0.8750107828004705,721.24,1911.6135201753425,1911.6135201753425,721.24,1911.6135201753425,0
500213,CUST000213,2021,2021-07-08,2022-02-28,Home,NY,D,12207,26.1,N,Standard,Mixed,Tile,2352,2,32,1,36,1,B,Direct,3225.13,3279.6,225.76,96.75,217.13,1051139,0.0,0,1.05,1.0,12,1,0,0,0.0766,New,0.0,1,1,Middle,1051139,1000,5,0,Credit Card,2,Aggregator,4,1249144,67859,691,1,2,12,3225.13,268.7608333333333,0.0,0.0,0.08333333333333333,1.0,3225.13,1.3463825696023748,new,0.0,161.26,0.1,5,0.8513652449994147,2741.3599999999997,6779.884267253604,6779.884267253604,2741.3599999999997,6779.884267253604,1
500214,CUST000214,2021,2021-04-27,2021-09-30,Condo,CA,C,94105,60.29,Y,Basic,Frame,Shingle,1242,2,27,0,45,1,C,Broker,2798.13,2930.01,195.87,419.72,197.92,454731,0.0,0,1.05,1.0,12,0,0,0,0.0538,New,0.0,0,1,Upper Middle,454731,1000,3,1,Credit Card,2,Partner Referral,12,557665,92875,664,1,2,12,2798.13,233.1775,0.0,0.08333333333333333,0.0,1.0,2798.13,-1.8116515206713433,new,0.0,139.91,0.1,5,0.5478471343712743,2042.6299999999999,1964.5968762100192,1964.5968762100192,2042.6299999999999,1964.5968762100192,0
500215,CUST000215,2021,2021-07-04,2022-02-28,Home,WA,C,98501,31.39,Y,Basic,Masonry,Tile,1858,2,46,1,47,0,C,Independent,1976.65,1877.68,138.37,237.2,160.95,486389,29673.25,1,0.957,1.0,12,1,0,1,0.0457,New,28753.25,1,1,Upper Middle,486389,1000,4,0,Auto Debit,3,Social Media,5,619476,91836,641,1,3,12,1976.65,164.72083333333333,0.08333333333333333,0.0,0.08333333333333333,1.0,1976.65,0.9612369599256232,new,28753.25,98.83,0.1,5,0.8146933375676744,-27251.0,-60474.32773245676,-60474.32773245676,-27251.0,-60474.32773245676,0
500216,CUST000216,2021,2021-07-19,2021-07-31,Home,TX,B,77001,29.13,Y,Basic,Masonry,Shingle,1334,1,33,0,75,1,D,Direct,966.49,934.7,67.65,28.99,115.49,168629,0.0,0,0.98,1.0,12,1,0,1,0.0779,New,0.0,0,1,Middle,168629,500,4,0,Credit Card,6,Email Campaign,4,204811,77730,618,1,6,12,966.49,80.54083333333334,0.0,0.0,0.0,1.0,966.49,-1.9581014980095888,new,0.0,48.32,0.1,5,0.6990818952146766,821.53,1283.9881005312238,1283.9881005312238,821.53,1283.9881005312238,0
500217,CUST000217,2021,2021-01-14,2021-11-30,Home,CA,C,94105,43.37,Y,Premium,Frame,Metal,1745,1,19,1,44,0,C,Independent,4659.03,4949.61,326.13,559.08,281.66,880477,0.0,0,1.05,1.0,12,0,0,0,0.0503,New,0.0,0,1,Middle,880477,1000,4,0,Bank Transfer,4,Online Search,11,780112,56593,649,1,4,12,4659.03,388.2525,0.0,0.0,0.0,1.0,4659.03,-1.1878102786560851,new,0.0,232.95,0.1,5,0.8646392460473802,3540.87,9104.798217207544,9104.798217207544,3540.87,9104.798217207544,1
500218,CUST000218,2021,2021-01-06,2021-11-30,Home,WA,C,99201,24.74,Y,Standard,Masonry,Shingle,2320,2,23,1,23,1,C,Direct,2753.15,2600.66,192.72,82.59,195.89,699936,0.0,0,0.475,0.5,6,0,0,0,0.1,New,0.0,1,1,Middle,699936,5000,4,0,Debit Card,1,Aggregator,8,704468,74609,638,1,1,6,2753.15,458.85833333333335,0.0,0.0,0.16666666666666666,1.0,2753.15,0.3726247590928944,new,0.0,137.66,0.1,5,0.8809008967141743,2340.1800000000003,6309.932114702614,6309.932114702614,2340.1800000000003,6309.932114702614,1
500219,CUST000219,2021,2021-11-24,2022-07-31,Rental,WA,C,98004,29.07,Y,Basic,Masonry,Shingle,2173,1,14,0,47,0,C,Direct,2485.12,2285.0,173.96,74.55,183.83,618376,0.0,0,0.909,1.0,12,0,1,1,0.1385,New,0.0,1,1,High,618376,2000,4,0,Credit Card,11,Online Search,3,721860,169324,666,1,11,12,2485.12,207.09333333333333,0.0,0.0,0.08333333333333333,1.0,2485.12,-2.1199279174883903,new,0.0,124.26,0.1,5,0.8458631871317014,2112.3499999999995,5140.3764226746025,5140.3764226746025,2112.3499999999995,5140.3764226746025,0
500220,CUST000220,2021,2021-11-21,2021-11-30,Home,FL,A,32801,57.01,Y,Standard,Frame,Metal,2384,1,27,1,47,0,C,Broker,4243.0,4410.86,360.65,636.45,262.93,600701,0.0,0,1.05,1.0,12,0,1,0,0.1007,New,0.0,1,1,Low,600701,500,5,0,Auto Debit,0,Social Media,14,600174,49322,650,1,0,12,4243.0,353.5833333333333,0.0,0.0,0.08333333333333333,1.0,4243.0,2.1166737889558784,new,0.0,212.15,0.1,5,0.8534757188877602,3033.7499999999995,7549.6754429430985,7549.6754429430985,3033.7499999999995,7549.6754429430985,1
500221,CUST000221,2021,2021-04-16,2021-05-31,Condo,CA,B,90001,50.24,N,Standard,Mixed,Tile,1642,2,18,1,26,1,C,Broker,3066.36,2732.91,214.65,459.95,209.99,544238,0.0,0,0.899,1.0,12,0,0,0,0.05,New,0.0,1,1,Middle,544238,500,4,0,Debit Card,1,Partner Referral,11,653706,63709,649,1,1,12,3066.36,255.53,0.0,0.0,0.08333333333333333,1.0,3066.36,1.7315281792791266,new,0.0,153.32,0.1,5,0.8174644321122805,2238.44,5008.525689079201,5008.525689079201,2238.44,5008.525689079201,0
500222,CUST000222,2021,2021-06-13,2022-04-30,Home,TX,B,78701,49.33,Y,Standard,Frame,Shingle,2575,2,31,1,45,0,D,Independent,2419.94,2317.42,169.4,290.39,180.9,401459,0.0,0,0.986,1.0,12,1,1,1,0.093,New,0.0,1,1,Upper Middle,401459,500,5,0,Auto Debit,0,Online Search,9,401482,97443,613,1,0,12,2419.94,201.66166666666666,0.0,0.0,0.08333333333333333,1.0,2419.94,2.1166737889558784,new,0.0,121.0,0.1,5,0.8754491012747848,1839.15,4880.818772991283,4880.818772991283,1839.15,4880.818772991283,0
500223,CUST000223,2021,2021-09-18,2022-05-31,Home,NY,C,11201,30.12,N,Basic,Mixed,Shingle,2074,1,36,0,62,0,B,Online,2549.84,2684.01,178.49,51.0,186.74,748323,0.0,0,0.506,0.5,6,1,0,0,0.0828,New,0.0,1,1,Middle,748323,1000,4,0,Auto Debit,1,Agent Referral,7,1014211,68272,722,1,1,6,2549.84,424.97333333333336,0.0,0.0,0.16666666666666666,1.0,2549.84,0.3726247590928944,new,0.0,127.49,0.1,5,0.7799594256797687,2192.8600000000006,4386.341323544365,4386.341323544365,2192.8600000000006,4386.341323544365,0
500224,CUST000224,2021,2021-02-25,2021-09-30,Rental,FL,B,32801,57.97,Y,Basic,Masonry,Shingle,1488,1,8,1,29,0,C,Online,2268.19,2362.39,192.8,45.36,174.07,293310,0.0,0,1.031,1.0,12,0,0,0,0.0877,New,0.0,0,1,Middle,293310,1000,4,0,Bank Transfer,1,Partner Referral,5,372123,54395,644,1,1,12,2268.19,189.01583333333335,0.0,0.0,0.0,1.0,2268.19,-0.03237344962583011,new,0.0,113.41,0.1,5,0.7953490048913807,1916.62,4014.8805941493365,4014.8805941493365,1916.62,4014.8805941493365,0
500225,CUST000225,2021,2021-02-05,2021-04-30,Home,WA,A,98501,26.56,N,Basic,Frame,Metal,1702,2,12,1,60,1,D,Broker,1485.29,1443.43,103.97,222.79,138.84,355876,0.0,0,0.971,1.0,12,0,0,1,0.0619,New,0.0,1,1,Middle,355876,500,4,0,Auto Debit,2,Agent Referral,6,478764,50905,558,1,2,12,1485.29,123.77416666666666,0.0,0.0,0.08333333333333333,1.0,1485.29,1.3463825696023748,new,0.0,74.26,0.1,5,0.7678683746836014,1084.27,2091.254271891595,2091.254271891595,1084.27,2091.254271891595,0
500226,CUST000226,2021,2021-02-12,2021-09-30,Rental,NY,A,14604,52.17,N,Standard,Frame,Shingle,1686,1,30,1,34,1,D,Online,4057.99,3777.85,284.06,81.16,254.61,702353,15633.71,1,0.917,1.0,12,0,0,1,0.0944,New,11033.71,1,1,Middle,702353,5000,3,0,Debit Card,5,Email Campaign,7,819894,61180,591,1,5,12,4057.99,338.1658333333333,0.08333333333333333,0.0,0.08333333333333333,1.0,4057.99,0.19094574057211977,new,11033.71,202.9,0.1,5,0.5363262239799095,-7543.839999999999,-6980.061477576384,-6980.061477576384,-7543.839999999999,-6980.061477576384,0
500227,CUST000227,2021,2021-01-04,2021-06-30,Home,FL,B,33301,42.95,N,Standard,Frame,Tile,2583,1,27,0,65,0,C,Independent,3578.87,3556.31,304.2,429.46,233.05,576517,0.0,0,1.0,1.0,12,0,1,0,0.0939,New,0.0,1,1,Upper Middle,576517,500,4,0,Credit Card,0,Agent Referral,1,651307,107753,651,1,0,12,3578.87,298.2391666666667,0.0,0.0,0.08333333333333333,1.0,3578.87,2.1166737889558784,new,0.0,178.94,0.1,5,0.8650450442695646,2666.27,6864.045509482867,6864.045509482867,2666.27,6864.045509482867,1
500228,CUST000228,2021,2021-05-01,2022-02-28,Home,TX,B,77001,15.32,N,Standard,Masonry,Tile,1614,1,3,0,58,0,C,Direct,941.03,889.53,65.87,28.23,114.35,254416,0.0,0,0.474,0.5,6,0,0,0,0.1128,New,0.0,1,1,Low,254416,2000,5,0,Credit Card,1,Agent Referral,3,295084,46142,639,1,1,6,941.03,156.83833333333334,0.0,0.0,0.16666666666666666,1.0,941.03,0.3726247590928944,new,0.0,47.05,0.1,5,0.9480856296754381,799.88,2617.6206365386784,2617.6206365386784,799.88,2617.6206365386784,0
500229,CUST000229,2021,2021-01-12,2021-01-31,Home,NY,D,14604,29.12,Y,Premium,Frame,Shingle,2363,1,35,0,35,1,A,Independent,3552.31,3776.55,248.66,426.28,231.85,1115793,0.0,0,1.044,1.0,12,0,1,0,0.1094,New,0.0,1,1,High,1115793,1000,4,0,Auto Debit,2,Partner Referral,2,1073392,187893,731,1,2,12,3552.31,296.0258333333333,0.0,0.0,0.08333333333333333,1.0,3552.31,1.3463825696023748,new,0.0,177.62,0.1,5,0.7451238172600121,2699.75,4860.139804386031,4860.139804386031,2699.75,4860.139804386031,0
500230,CUST000230,2021,2021-06-22,2022-02-28,Rental,FL,D,33301,48.5,N,Standard,Masonry,Tile,1394,1,19,1,41,1,D,Broker,2422.54,2429.61,205.92,363.38,181.01,264670,0.0,0,0.989,1.0,12,1,0,1,0.0485,New,0.0,1,1,Low,264670,1500,4,1,Auto Debit,2,Online Search,5,315566,37913,614,1,2,12,2422.54,201.87833333333333,0.0,0.08333333333333333,0.08333333333333333,1.0,2422.54,-0.047749891766386554,new,0.0,121.13,0.1,5,0.8149593230396958,1732.1099999999997,3846.869403728106,3846.869403728106,1732.1099999999997,3846.869403728106,0
500231,CUST000231,2021,2021-06-21,2021-06-30,Rental,NY,A,11201,37.97,Y,Premium,Frame,Tile,1560,3,23,1,28,0,C,Direct,3342.69,2960.6,233.99,100.28,222.42,825606,0.0,0,0.905,1.0,12,1,1,0,0.1549,New,0.0,1,1,Upper Middle,825606,2500,4,0,Auto Debit,0,Social Media,9,748359,115050,645,1,0,12,3342.69,278.5575,0.0,0.0,0.08333333333333333,1.0,3342.69,2.1166737889558784,new,0.0,167.13,0.1,5,0.8204638973202704,2841.2899999999995,6414.2658247409145,6414.2658247409145,2841.2899999999995,6414.2658247409145,1
500232,CUST000232,2021,2021-06-09,2021-07-31,Home,FL,A,33301,59.18,N,Basic,Mixed,Tile,2403,1,41,1,39,0,B,Direct,2318.47,2309.43,197.07,69.55,176.33,365459,27296.76,2,1.026,1.0,12,1,0,0,0.0986,New,23616.76,0,1,Low,365459,2000,3,2,Credit Card,3,Agent Referral,1,519635,33310,683,1,3,12,2318.47,193.20583333333332,0.16666666666666666,0.16666666666666666,0.0,1.0,2318.47,-3.590929591716856,new,23616.76,115.92,0.1,5,0.35,-21680.829999999994,-10084.724804477693,-10084.724804477693,-21680.829999999994,-10084.724804477693,0
500233,CUST000233,2021,2021-11-13,2021-11-30,Condo,WA,A,98501,39.12,N,Standard,Frame,Tile,1256,1,48,0,37,0,B,Independent,971.49,988.33,68.0,116.58,115.72,297728,0.0,0,1.01,1.0,12,0,1,0,0.123,New,0.0,1,1,Low,297728,5000,4,0,Auto Debit,0,Agent Referral,9,349663,37471,695,1,0,12,971.49,80.9575,0.0,0.0,0.08333333333333333,1.0,971.49,2.1166737889558784,new,0.0,48.57,0.1,5,0.7583296738109465,738.3399999999999,1383.5565895659793,1383.5565895659793,738.3399999999999,1383.5565895659793,0
500234,CUST000234,2021,2021-10-25,2022-05-31,Rental,TX,D,77001,53.79,N,Basic,Frame,Shingle,1772,1,35,1,67,1,B,Independent,1001.09,980.28,70.08,120.13,117.05,184091,2688.91,1,0.957,1.0,12,0,0,0,0.0722,New,848.91,1,1,Upper Middle,184091,2000,4,2,Credit Card,2,Partner Referral,1,259574,123665,705,1,2,12,1001.09,83.42416666666666,0.08333333333333333,0.16666666666666666,0.08333333333333333,1.0,1001.09,-1.441882353135148,new,848.91,50.05,0.1,5,0.657654599098344,-88.07999999999993,-120.94924360590467,-120.94924360590467,-88.07999999999993,-120.94924360590467,0
500235,CUST000235,2021,2021-01-04,2021-06-30,Home,NY,A,11201,49.11,N,Basic,Frame,Tile,2053,3,47,1,50,0,C,Online,3322.6,3140.24,232.58,66.45,221.52,682870,0.0,0,0.965,1.0,12,0,0,0,0.0645,New,0.0,1,1,Middle,682870,1500,5,0,Auto Debit,0,Aggregator,6,1014810,83197,677,1,0,12,3322.6,276.8833333333333,0.0,0.0,0.08333333333333333,1.0,3322.6,2.1166737889558784,new,0.0,166.13,0.1,5,0.8577308180374312,2857.44,7200.2635547687605,7200.2635547687605,2857.44,7200.2635547687605,1
500236,CUST000236,2021,2021-12-25,2021-12-31,Home,FL,C,33601,41.41,Y,Standard,Masonry,Tile,2052,2,16,1,54,1,B,Independent,2868.6,2635.82,243.83,344.23,201.09,450026,0.0,0,0.901,1.0,12,0,0,0,0.0417,New,0.0,1,1,Middle,450026,1500,5,0,Debit Card,1,Agent Referral,9,476537,61007,696,1,1,12,2868.6,239.04999999999998,0.0,0.0,0.08333333333333333,1.0,2868.6,1.7315281792791266,new,0.0,143.43,0.1,5,0.843240935949902,2137.11,5160.628124584998,5160.628124584998,2137.11,5160.628124584998,0
500237,CUST000237,2021,2021-06-27,2022-02-28,Rental,FL,C,33301,55.99,N,Premium,Masonry,Metal,2839,2,8,0,63,0,C,Independent,4556.14,4542.57,387.27,546.74,277.03,681882,0.0,0,0.997,1.0,12,1,1,0,0.093,New,0.0,1,1,Upper Middle,681882,1000,4,0,Bank Transfer,1,Agent Referral,9,716410,103230,660,1,1,12,4556.14,379.67833333333334,0.0,0.0,0.08333333333333333,1.0,4556.14,1.7315281792791266,new,0.0,227.81,0.1,5,0.8343823750060764,3394.320000000001,7985.087125553241,7985.087125553241,3394.320000000001,7985.087125553241,1
500238,CUST000238,2021,2021-03-03,2021-11-30,Home,NY,C,12207,38.57,Y,Standard,Mixed,Shingle,2069,1,11,0,39,0,A,Broker,3325.94,3456.02,232.82,498.89,221.67,1073583,0.0,0,1.05,1.0,12,0,1,0,0.1373,New,0.0,0,1,Upper Middle,1073583,5000,4,0,Bank Transfer,1,Online Search,7,1069547,97961,733,1,1,12,3325.94,277.1616666666667,0.0,0.0,0.0,1.0,3325.94,-0.03237344962583011,new,0.0,166.3,0.1,5,0.6792160318866809,2427.93,3567.315122219513,3567.315122219513,2427.93,3567.315122219513,0
500239,CUST000239,2021,2021-07-20,2021-09-30,Home,NY,A,11201,42.27,N,Standard,Frame,Shingle,2154,2,8,1,37,0,C,Online,3883.08,3912.1,271.82,77.66,246.74,925659,0.0,0,0.521,0.5,6,1,0,0,0.0719,New,0.0,1,1,Middle,925659,1000,4,0,Auto Debit,0,Agent Referral,5,1060417,73014,640,1,0,6,3883.08,647.18,0.0,0.0,0.16666666666666666,1.0,3883.08,0.7577703687696461,new,0.0,194.15,0.1,5,0.7333425132961268,3339.45,5799.536817951566,5799.536817951566,3339.45,5799.536817951566,1
500240,CUST000240,2021,2021-03-25,2021-03-31,Condo,WA,D,98004,26.11,N,Basic,Frame,Metal,1380,2,45,1,51,1,D,Online,1159.53,1039.1,81.17,23.19,124.18,261409,35717.43,2,0.941,1.0,12,0,0,1,0.0607,New,33877.43,0,1,Low,261409,1000,2,1,Debit Card,7,Social Media,5,382504,44596,602,1,7,12,1159.53,96.6275,0.16666666666666666,0.08333333333333333,0.0,1.0,1159.53,-3.7373795690551015,new,33877.43,57.98,0.1,5,0.35,-32880.240000000005,-15294.07185542157,-15294.07185542157,-32880.240000000005,-15294.07185542157,0
500241,CUST000241,2021,2021-04-11,2021-08-31,Home,WA,C,99201,27.99,Y,Premium,Mixed,Tile,2635,2,29,1,54,1,B,Independent,2884.63,2611.75,201.92,346.16,201.81,903870,0.0,0,0.899,1.0,12,0,1,0,0.1099,New,0.0,0,1,Middle,903870,500,4,1,Credit Card,1,Partner Referral,6,834072,83517,714,1,1,12,2884.63,240.38583333333335,0.0,0.08333333333333333,0.0,1.0,2884.63,-1.4265059109945915,new,0.0,144.23,0.1,5,0.8040422367187164,2192.32,4713.227285139786,4713.227285139786,2192.32,4713.227285139786,0
500242,CUST000242,2021,2021-10-02,2022-05-31,Home,TX,B,77001,33.41,Y,Basic,Masonry,Shingle,1698,2,4,0,58,0,C,Independent,894.72,809.93,62.63,107.37,112.26,217110,0.0,0,0.902,1.0,12,0,1,0,0.108,New,0.0,0,1,Upper Middle,217110,1000,5,1,Debit Card,1,Partner Referral,3,266616,113925,656,1,1,12,894.72,74.56,0.0,0.08333333333333333,0.0,1.0,894.72,-1.4265059109945915,new,0.0,44.74,0.1,5,0.8716435957019542,679.98,1784.631467904026,1784.631467904026,679.98,1784.631467904026,0
500243,CUST000243,2021,2021-04-03,2022-01-31,Home,CA,A,95814,55.69,N,Basic,Frame,Tile,2321,2,2,1,32,0,B,Online,3116.92,3174.56,218.18,62.34,212.26,655229,17943.46,1,1.05,1.0,12,0,1,1,0.1115,New,17023.46,0,1,Upper Middle,655229,1000,5,0,Bank Transfer,5,Aggregator,1,948475,104342,698,1,5,12,3116.92,259.74333333333334,0.08333333333333333,0.0,0.0,1.0,3116.92,-1.572955888332837,new,17023.46,155.85,0.1,5,0.4171061382275284,-14342.91,-8691.860097223911,-8691.860097223911,-14342.91,-8691.860097223911,0
500244,CUST000244,2021,2021-08-09,2021-08-31,Rental,NY,D,11201,37.6,N,Premium,Frame,Shingle,1718,1,32,0,73,0,B,Broker,3595.14,3507.01,251.66,539.27,233.78,815150,0.0,0,0.998,1.0,12,1,0,0,0.0636,New,0.0,1,1,Low,815150,500,4,0,Credit Card,0,Agent Referral,13,836859,49020,714,1,0,12,3595.14,299.59499999999997,0.0,0.0,0.08333333333333333,1.0,3595.14,2.1166737889558784,new,0.0,179.76,0.1,5,0.7591465974451561,2624.45,4930.074484278853,4930.074484278853,2624.45,4930.074484278853,0
500245,CUST000245,2021,2021-05-20,2021-05-31,Rental,TX,A,77001,40.45,N,Premium,Frame,Metal,2649,2,17,1,45,0,C,Online,1365.48,1164.08,95.58,27.31,133.45,331853,0.0,0,0.874,1.0,12,0,1,1,0.1231,New,0.0,1,1,Upper Middle,331853,500,4,0,Credit Card,4,Online Search,3,337457,109083,637,1,4,12,1365.48,113.79,0.0,0.0,0.08333333333333333,1.0,1365.48,0.5760913502488715,new,0.0,68.27,0.1,5,0.7955481778527661,1174.3200000000002,2461.3979038414436,2461.3979038414436,1174.3200000000002,2461.3979038414436,0
500246,CUST000246,2021,2021-03-23,2021-03-31,Home,WA,A,98101,29.44,Y,Standard,Frame,Tile,2082,2,21,0,39,0,C,Online,2133.8,2180.82,149.37,42.68,168.02,612059,0.0,0,1.024,1.0,12,0,0,0,0.1029,New,0.0,1,1,Upper Middle,612059,5000,3,2,Bank Transfer,4,Online Search,3,634955,136621,668,1,4,12,2133.8,177.8166666666667,0.0,0.16666666666666666,0.08333333333333333,1.0,2133.8,-2.212173572488651,new,0.0,106.69,0.1,5,0.8396991040120843,1835.0600000000002,4385.2288441060255,4385.2288441060255,1835.0600000000002,4385.2288441060255,0
500247,CUST000247,2021,2021-05-25,2022-01-31,Home,NY,D,11201,27.88,N,Basic,Frame,Shingle,1991,1,33,0,65,0,C,Online,2673.35,2752.67,187.13,53.47,192.3,692041,0.0,0,0.991,1.0,12,0,0,1,0.0891,New,0.0,1,1,Upper Middle,692041,1000,3,0,Bank Transfer,9,Social Media,5,974960,103668,666,1,9,12,2673.35,222.77916666666667,0.0,0.0,0.08333333333333333,1.0,2673.35,-1.349636698134887,new,0.0,133.67,0.1,5,0.7658416583926292,2299.08,4407.221897001117,4407.221897001117,2299.08,4407.221897001117,0
500248,CUST000248,2021,2021-04-24,2021-09-30,Condo,FL,C,33601,51.47,N,Premium,Mixed,Shingle,1617,1,0,1,33,1,D,Independent,3550.88,3323.8,301.82,426.11,231.79,391003,0.0,0,0.921,1.0,12,0,0,0,0.0474,New,0.0,1,1,Middle,391003,1500,4,0,Bank Transfer,4,Social Media,13,416420,77696,614,1,4,12,3550.88,295.9066666666667,0.0,0.0,0.08333333333333333,1.0,3550.88,0.5760913502488715,new,0.0,177.54,0.1,5,0.8278469762803755,2645.41,6104.174409878242,6104.174409878242,2645.41,6104.174409878242,1
500249,CUST000249,2021,2021-06-17,2021-10-31,Rental,NY,A,14604,47.25,N,Premium,Frame,Tile,845,1,47,1,54,1,A,Online,1260.94,1233.97,88.27,25.22,128.74,342380,46712.66,1,0.972,1.0,12,1,1,0,0.1168,New,46252.66,0,1,Upper Middle,342380,500,4,2,Auto Debit,1,Aggregator,6,361348,132358,752,1,1,12,1260.94,105.07833333333333,0.08333333333333333,0.16666666666666666,0.0,1.0,1260.94,-2.820638372363353,new,46252.66,63.05,0.1,5,0.36897204513352433,-45168.26,-22700.989980180628,-22700.989980180628,-45168.26,-22700.989980180628,0
500250,CUST000250,2021,2021-03-23,2021-04-30,Rental,CA,A,94105,60.32,N,Basic,Frame,Shingle,1925,2,13,1,80,0,D,Direct,4042.04,3549.78,282.94,121.26,253.89,545568,10835.86,1,0.888,1.0,12,0,0,1,0.0728,New,9915.86,0,1,Low,545568,1000,3,1,Debit Card,9,Online Search,2,804566,47646,591,1,9,12,4042.04,336.83666666666664,0.08333333333333333,0.08333333333333333,0.0,1.0,4042.04,-4.507670788408605,new,9915.86,202.1,0.1,5,0.4005136431734495,-6480.120000000001,-3686.659801355175,-3686.659801355175,-6480.120000000001,-3686.659801355175,0
500251,CUST000251,2021,2021-12-19,2021-12-31,Home,FL,D,33601,45.17,Y,Standard,Mixed,Metal,2301,3,15,0,58,0,B,Direct,3053.35,2647.93,259.53,91.6,209.4,541572,0.0,0,0.915,1.0,12,0,1,0,0.1339,New,0.0,1,1,Upper Middle,541572,2000,3,0,Auto Debit,1,Agent Referral,7,545220,102530,693,1,1,12,3053.35,254.44583333333333,0.0,0.0,0.08333333333333333,1.0,3053.35,1.7315281792791266,new,0.0,152.67,0.1,5,0.7699563179062341,2549.5499999999997,4948.4577395937995,4948.4577395937995,2549.5499999999997,4948.4577395937995,0
500252,CUST000252,2021,2021-05-19,2021-10-31,Rental,CA,D,92101,61.81,N,Basic,Frame,Shingle,1928,1,44,1,49,0,A,Direct,2391.55,2432.63,167.41,71.75,179.62,469948,96423.46,2,0.491,0.5,6,0,1,0,0.1319,New,87223.46,1,1,Upper Middle,469948,5000,4,0,Auto Debit,0,Agent Referral,1,727848,107510,779,1,0,6,2391.55,398.5916666666667,0.3333333333333333,0.0,0.16666666666666666,1.0,2391.55,0.7577703687696461,new,87223.46,119.58,0.1,5,0.35,-85190.65000000001,-39625.985774740984,-39625.985774740984,-85190.65000000001,-39625.985774740984,0
500253,CUST000253,2021,2021-01-27,2021-04-30,Home,FL,B,33301,57.29,N,Standard,Frame,Tile,2217,1,39,1,23,0,B,Online,2751.97,2544.64,233.92,55.04,195.84,409199,0.0,0,0.466,0.5,6,0,0,0,0.0864,New,0.0,0,1,Middle,409199,1500,4,0,Debit Card,2,Aggregator,2,493073,68944,700,1,2,6,2751.97,458.66166666666663,0.0,0.0,0.0,1.0,2751.97,-3.540324108393771,new,0.0,137.6,0.1,5,0.7482509279095522,2325.41,4226.258642821604,4226.258642821604,2325.41,4226.258642821604,0
500254,CUST000254,2021,2021-03-22,2021-12-31,Home,TX,C,77001,46.11,Y,Standard,Frame,Shingle,2832,2,17,0,54,0,C,Independent,1912.31,1891.42,133.86,229.48,158.05,388550,0.0,0,0.953,1.0,12,0,0,1,0.0915,New,0.0,1,1,Upper Middle,388550,2500,4,0,Credit Card,3,Agent Referral,8,438790,106352,660,1,3,12,1912.31,159.35916666666665,0.0,0.0,0.08333333333333333,1.0,1912.31,0.9612369599256232,new,0.0,95.62,0.1,5,0.8331673943699107,1453.35,3406.7329736579745,3406.7329736579745,1453.35,3406.7329736579745,0
500255,CUST000255,2021,2021-02-07,2021-05-31,Condo,TX,B,73301,28.7,N,Premium,Frame,Metal,1075,1,4,0,63,0,C,Direct,538.1,510.95,37.67,16.14,96.21,153902,3408.82,1,0.967,1.0,12,0,1,0,0.1131,New,2948.82,1,1,Upper Middle,153902,500,3,1,Credit Card,1,Agent Referral,3,155130,95695,654,1,1,12,538.1,44.84166666666667,0.08333333333333333,0.08333333333333333,0.08333333333333333,1.0,538.1,0.33739571791036516,new,2948.82,26.9,0.1,5,0.7910771192550814,-2491.4300000000003,-5152.659741861645,-5152.659741861645,-2491.4300000000003,-5152.659741861645,0
500256,CUST000256,2021,2021-09-21,2022-04-30,Rental,CA,B,95814,56.26,Y,Standard,Mixed,Shingle,2334,2,22,0,43,1,B,Direct,4568.79,4626.78,319.82,137.06,277.6,845605,0.0,0,0.511,0.5,6,1,1,0,0.1539,New,0.0,1,1,Upper Middle,845605,5000,4,0,Credit Card,2,Aggregator,1,881673,138674,723,1,2,6,4568.79,761.465,0.0,0.0,0.16666666666666666,1.0,4568.79,-0.012520850583857324,new,0.0,228.44,0.1,5,0.8646561769520413,3883.47,9986.235751147713,9986.235751147713,3883.47,9986.235751147713,1
500257,CUST000257,2021,2021-01-17,2021-09-30,Home,WA,D,98004,23.68,N,Basic,Mixed,Shingle,2196,1,27,1,23,0,D,Direct,2044.98,1945.02,143.15,61.35,164.02,459995,0.0,0,0.923,1.0,12,0,0,0,0.0875,New,0.0,1,1,Low,459995,500,4,0,Auto Debit,1,Partner Referral,5,634182,38119,605,1,1,12,2044.98,170.415,0.0,0.0,0.08333333333333333,1.0,2044.98,1.7315281792791266,new,0.0,102.25,0.1,5,0.7977439666645687,1738.23,3667.3646203183175,3667.3646203183175,1738.23,3667.3646203183175,0
500258,CUST000258,2021,2021-09-02,2021-12-31,Rental,WA,D,98101,28.0,N,Premium,Masonry,Shingle,2081,3,50,1,33,0,C,Online,2092.26,2165.37,146.46,41.85,166.15,509148,0.0,0,1.033,1.0,12,1,0,0,0.1069,New,0.0,1,1,Middle,509148,2000,4,0,Debit Card,1,Aggregator,1,535101,75326,670,1,1,12,2092.26,174.35500000000002,0.0,0.0,0.08333333333333333,1.0,2092.26,1.7315281792791266,new,0.0,104.61,0.1,5,0.8617678272228348,1799.3400000000004,4587.993157658205,4587.993157658205,1799.3400000000004,4587.993157658205,0
500259,CUST000259,2021,2021-08-20,2021-08-31,Rental,FL,B,33601,63.88,N,Standard,Frame,Tile,1511,1,41,0,56,0,B,Online,1732.81,1698.48,147.29,34.66,149.98,257149,0.0,0,0.492,0.5,6,1,1,0,0.1504,New,0.0,1,1,Upper Middle,257149,5000,4,0,Credit Card,0,Online Search,1,302522,124928,729,1,0,6,1732.81,288.8016666666667,0.0,0.0,0.16666666666666666,1.0,1732.81,0.7577703687696461,new,0.0,86.64,0.1,5,0.756574037368947,1464.2199999999998,2729.2059657226096,2729.2059657226096,1464.2199999999998,2729.2059657226096,0
500260,CUST000260,2021,2021-10-16,2022-04-30,Condo,WA,B,98004,20.98,N,Basic,Masonry,Tile,1572,1,48,1,30,1,B,Direct,910.4,815.44,63.73,27.31,112.97,322306,5279.48,1,0.911,1.0,12,0,1,0,0.1408,New,3439.48,0,1,Middle,322306,2000,3,0,Credit Card,1,Online Search,5,432751,63856,693,1,1,12,910.4,75.86666666666666,0.08333333333333333,0.0,0.0,1.0,910.4,-0.03237344962583011,new,3439.48,45.52,0.1,5,0.4876410908613985,-2665.64,-2086.3907608659592,-2086.3907608659592,-2665.64,-2086.3907608659592,0
500261,CUST000261,2021,2021-07-15,2021-10-31,Home,WA,C,98004,34.09,Y,Standard,Frame,Tile,1862,3,20,1,52,1,B,Broker,2088.22,2115.74,146.18,313.23,165.97,627038,0.0,0,1.05,1.0,12,1,0,0,0.0657,New,0.0,0,1,Middle,627038,500,5,0,Auto Debit,0,Agent Referral,5,671305,72181,686,1,0,12,2088.22,174.01833333333332,0.0,0.0,0.0,1.0,2088.22,0.3527721600509216,new,0.0,104.41,0.1,5,0.8726134948523284,1524.3999999999996,4012.186727518144,4012.186727518144,1524.3999999999996,4012.186727518144,0
500262,CUST000262,2021,2021-05-19,2021-09-30,Home,TX,A,73301,42.28,Y,Premium,Mixed,Tile,1831,3,19,0,50,0,B,Independent,1102.72,1082.19,77.19,132.33,121.62,325252,0.0,0,1.006,1.0,12,0,0,0,0.0601,New,0.0,1,1,Middle,325252,1500,4,0,Bank Transfer,2,Aggregator,7,297490,70820,697,1,2,12,1102.72,91.89333333333333,0.0,0.0,0.08333333333333333,1.0,1102.72,1.3463825696023748,new,0.0,55.14,0.1,5,0.7376523262632783,838.06,1474.7233126567298,1474.7233126567298,838.06,1474.7233126567298,0
500263,CUST000263,2021,2021-03-24,2021-12-31,Home,TX,B,79901,46.72,N,Standard,Frame,Shingle,3483,2,40,0,54,0,C,Direct,1959.41,1870.38,137.16,58.78,160.17,403646,0.0,0,0.941,1.0,12,0,1,0,0.1288,New,0.0,1,1,Middle,403646,500,5,0,Debit Card,0,Partner Referral,6,487240,68948,660,1,0,12,1959.41,163.28416666666666,0.0,0.0,0.08333333333333333,1.0,1959.41,2.1166737889558784,new,0.0,97.97,0.1,5,0.8674680369577104,1665.5,4318.157186633284,4318.157186633284,1665.5,4318.157186633284,0
500264,CUST000264,2021,2021-05-27,2021-06-30,Rental,NY,C,10001,27.7,Y,Basic,Masonry,Metal,1369,1,26,0,68,1,A,Online,1943.11,1857.29,136.02,38.86,159.44,631768,0.0,0,0.957,1.0,12,0,0,0,0.0609,New,0.0,1,1,Middle,631768,500,4,0,Credit Card,4,Aggregator,2,747756,75531,817,1,4,12,1943.11,161.92583333333332,0.0,0.0,0.08333333333333333,1.0,1943.11,0.5760913502488715,new,0.0,97.16,0.1,5,0.8807856636799973,1671.07,4504.269252519409,4504.269252519409,1671.07,4504.269252519409,0
500265,CUST000265,2021,2021-07-05,2021-09-30,Home,TX,C,73301,42.35,N,Premium,Frame,Tile,1879,1,12,0,53,0,A,Online,927.52,919.95,64.93,18.55,113.74,278525,0.0,0,0.976,1.0,12,1,0,0,0.068,New,0.0,0,1,High,278525,1000,5,0,Auto Debit,0,Partner Referral,2,302759,200893,742,1,0,12,927.52,77.29333333333334,0.0,0.0,0.0,1.0,927.52,0.3527721600509216,new,0.0,46.38,0.1,5,0.8736538227678105,797.66,2105.8076338334863,2105.8076338334863,797.66,2105.8076338334863,0
500266,CUST000266,2021,2021-08-16,2021-09-30,Condo,NY,C,10001,32.69,N,Standard,Mixed,Shingle,1768,1,18,1,42,0,B,Independent,2487.02,2365.29,174.09,298.44,183.92,670911,0.0,0,0.979,1.0,12,1,1,0,0.082,New,0.0,1,1,Upper Middle,670911,1000,5,0,Credit Card,0,Email Campaign,11,776269,93737,728,1,0,12,2487.02,207.25166666666667,0.0,0.0,0.08333333333333333,1.0,2487.02,2.1166737889558784,new,0.0,124.35,0.1,5,0.8699815442997025,1890.1399999999999,4936.7157684823405,4936.7157684823405,1890.1399999999999,4936.7157684823405,0
500267,CUST000267,2021,2021-08-01,2022-04-30,Rental,CA,C,94105,43.33,N,Premium,Masonry,Tile,1469,1,15,0,66,2,B,Direct,2738.01,2657.94,191.66,82.14,195.21,595278,0.0,0,0.983,1.0,12,1,1,0,0.1414,New,0.0,1,1,Middle,595278,2500,5,0,Debit Card,0,Online Search,3,632258,88949,685,1,0,12,2738.01,228.16750000000002,0.0,0.0,0.08333333333333333,1.0,2738.01,2.1166737889558784,new,0.0,136.9,0.1,5,0.8543317874774978,2327.3100000000004,5806.230769584406,5806.230769584406,2327.3100000000004,5806.230769584406,1
500268,CUST000268,2021,2021-04-10,2021-10-31,Home,CA,C,95814,54.65,Y,Standard,Mixed,Shingle,1325,1,9,0,70,0,A,Independent,2413.84,2352.0,168.97,289.66,180.62,525661,34590.78,1,0.985,1.0,12,0,1,0,0.1071,New,33670.78,1,1,Upper Middle,525661,1000,5,0,Auto Debit,0,Agent Referral,5,560938,97939,735,1,0,12,2413.84,201.15333333333334,0.08333333333333333,0.0,0.08333333333333333,1.0,2413.84,2.1166737889558784,new,33670.78,120.69,0.1,5,0.7286027801918115,-31836.26,-54493.2239058479,-54493.2239058479,-31836.26,-54493.2239058479,0
500269,CUST000269,2021,2021-08-08,2021-09-30,Home,NY,B,14604,34.88,Y,Standard,Frame,Tile,2167,2,46,0,58,0,B,Independent,3231.18,2879.52,226.18,387.74,217.4,1045447,0.0,0,0.92,1.0,12,1,1,0,0.1394,New,0.0,1,1,Upper Middle,1045447,2000,5,0,Credit Card,3,Partner Referral,4,1064489,107526,698,1,3,12,3231.18,269.265,0.0,0.0,0.08333333333333333,1.0,3231.18,0.9612369599256232,new,0.0,161.56,0.1,5,0.8755917332690962,2455.7000000000003,6519.758435646537,6519.758435646537,2455.7000000000003,6519.758435646537,1
500270,CUST000270,2021,2021-08-01,2022-06-30,Home,FL,D,33301,49.33,Y,Basic,Masonry,Tile,2153,1,36,1,60,0,C,Broker,2847.51,2897.87,242.04,427.13,200.14,403861,55145.52,1,0.502,0.5,6,1,0,0,0.0583,New,54225.52,1,1,Middle,403861,1000,4,0,Debit Card,3,Partner Referral,8,501853,65360,653,1,3,6,2847.51,474.58500000000004,0.16666666666666666,0.0,0.16666666666666666,1.0,2847.51,-0.39766646026060903,new,54225.52,142.38,0.1,5,0.7386974954233936,-52189.55999999999,-92130.65243932897,-92130.65243932897,-52189.55999999999,-92130.65243932897,0
500271,CUST000271,2021,2021-08-19,2022-03-31,Rental,FL,B,32801,50.06,Y,Basic,Masonry,Shingle,2151,2,21,0,47,0,A,Independent,2344.71,2143.85,199.3,281.37,177.51,375265,0.0,0,0.919,1.0,12,1,0,0,0.0618,New,0.0,1,1,High,375265,1000,5,0,Debit Card,1,Partner Referral,9,455771,227140,820,1,1,12,2344.71,195.3925,0.0,0.0,0.08333333333333333,1.0,2344.71,1.7315281792791266,new,0.0,117.24,0.1,5,0.9209972598803735,1746.8,5289.533569477868,5289.533569477868,1746.8,5289.533569477868,1
500272,CUST000272,2021,2021-12-02,2022-09-30,Home,FL,A,33301,46.24,N,Standard,Masonry,Metal,2264,2,23,0,37,0,B,Independent,2778.04,2499.21,236.13,333.36,197.01,470645,0.0,0,0.928,1.0,12,0,0,0,0.0446,New,0.0,1,1,Middle,470645,500,4,0,Debit Card,1,Agent Referral,6,532791,75967,690,1,1,12,2778.04,231.50333333333333,0.0,0.0,0.08333333333333333,1.0,2778.04,1.7315281792791266,new,0.0,138.9,0.1,5,0.8108060402869068,2069.6499999999996,4540.084325840143,4540.084325840143,2069.6499999999996,4540.084325840143,0
500273,CUST000273,2021,2021-11-16,2022-05-31,Home,TX,B,73301,19.81,Y,Standard,Masonry,Metal,1426,2,16,0,53,0,A,Direct,452.39,436.86,31.67,13.57,92.36,184721,0.0,0,0.975,1.0,12,0,0,0,0.0743,New,0.0,1,1,Middle,184721,1000,4,0,Auto Debit,0,Email Campaign,3,203905,51967,781,1,0,12,452.39,37.69916666666666,0.0,0.0,0.08333333333333333,1.0,452.39,2.1166737889558784,new,0.0,22.62,0.1,5,0.9062140772308892,384.53,1115.8184774153497,1115.8184774153497,384.53,1115.8184774153497,0
500274,CUST000274,2021,2021-05-17,2021-06-30,Home,TX,D,78701,36.93,Y,Standard,Frame,Tile,2632,2,32,1,43,0,D,Broker,2292.65,2376.74,160.49,343.9,175.17,435794,0.0,0,0.999,1.0,12,0,0,1,0.0635,New,0.0,1,1,Middle,435794,1000,3,0,Auto Debit,5,Online Search,8,473685,59464,559,1,5,12,2292.65,191.05416666666667,0.0,0.0,0.08333333333333333,1.0,2292.65,0.19094574057211977,new,0.0,114.63,0.1,5,0.7984811754991978,1673.6299999999997,3538.8584172718174,3538.8584172718174,1673.6299999999997,3538.8584172718174,0
500275,CUST000275,2021,2021-06-13,2021-10-31,Home,NY,D,14604,26.44,Y,Standard,Frame,Tile,1818,1,31,1,45,0,C,Broker,3121.49,2839.65,218.5,468.22,212.47,875001,0.0,0,0.913,1.0,12,1,0,0,0.0717,New,0.0,0,1,Low,875001,2500,5,0,Auto Debit,2,Partner Referral,5,908727,34783,679,1,2,12,3121.49,260.12416666666667,0.0,0.0,0.0,1.0,3121.49,-0.4175190593025818,new,0.0,156.07,0.1,5,0.6779213745264359,2278.6999999999994,3334.541277805983,3334.541277805983,2278.6999999999994,3334.541277805983,0
500276,CUST000276,2021,2021-02-07,2021-08-31,Home,FL,D,33101,48.2,N,Standard,Frame,Metal,1824,2,28,1,56,1,D,Independent,3300.67,3457.6,280.56,396.08,220.53,418210,0.0,0,1.031,1.0,12,0,0,1,0.0411,New,0.0,0,1,Middle,418210,500,4,1,Credit Card,4,Agent Referral,12,471439,58978,576,1,4,12,3300.67,275.05583333333334,0.0,0.08333333333333333,0.0,1.0,3300.67,-2.5819427400248465,new,0.0,165.03,0.1,5,0.6181292282325022,2459.0,2977.5885315459673,2977.5885315459673,2459.0,2977.5885315459673,0
500277,CUST000277,2021,2021-04-27,2021-09-30,Home,TX,C,78701,48.85,Y,Standard,Frame,Shingle,1588,2,2,1,53,0,D,Direct,1303.79,1278.16,91.27,39.11,130.67,243606,0.0,0,0.989,1.0,12,0,1,1,0.1115,New,0.0,1,1,Low,243606,1000,4,0,Auto Debit,1,Aggregator,10,255065,39172,613,1,1,12,1303.79,108.64916666666666,0.0,0.0,0.08333333333333333,1.0,1303.79,1.7315281792791266,new,0.0,65.19,0.1,5,0.7629872787329375,1108.22,2106.1504008175457,2106.1504008175457,1108.22,2106.1504008175457,0
500278,CUST000278,2021,2021-03-07,2021-08-31,Home,CA,D,94105,48.48,Y,Standard,Mixed,Shingle,2175,3,36,0,51,1,B,Broker,4457.79,4040.02,312.05,668.67,272.6,839086,5340.44,1,0.93,1.0,12,0,0,0,0.0485,New,4880.44,1,1,Middle,839086,500,4,1,Debit Card,0,Online Search,7,863945,74111,721,1,0,12,4457.79,371.4825,0.08333333333333333,0.08333333333333333,0.08333333333333333,1.0,4457.79,0.722541327587117,new,4880.44,222.89,0.1,5,0.720944122509065,-1626.2599999999993,-2719.007205957227,-2719.007205957227,-1626.2599999999993,-2719.007205957227,0
500279,CUST000279,2021,2021-11-14,2022-08-31,Home,WA,A,98501,24.41,N,Basic,Masonry,Tile,2296,2,36,1,23,0,C,Broker,1730.27,1581.21,121.12,259.54,149.86,456694,19006.09,1,0.912,1.0,12,0,0,1,0.0431,New,18086.09,1,1,Low,456694,1000,2,1,Auto Debit,7,Email Campaign,10,690484,33234,637,1,7,12,1730.27,144.18916666666667,0.08333333333333333,0.08333333333333333,0.08333333333333333,1.0,1730.27,-1.9734779401501452,new,18086.09,86.51,0.1,5,0.35,-16822.989999999998,-7825.125907932501,-7825.125907932501,-16822.989999999998,-7825.125907932501,0
500280,CUST000280,2021,2021-02-06,2021-10-31,Condo,FL,A,33301,58.01,Y,Standard,Mixed,Shingle,1610,1,20,0,57,1,D,Independent,3744.7,3589.0,318.3,449.36,240.51,413713,0.0,0,0.966,1.0,12,0,0,1,0.0579,New,0.0,1,1,Upper Middle,413713,500,3,1,Debit Card,12,Agent Referral,7,422442,125210,615,1,12,12,3744.7,312.05833333333334,0.0,0.08333333333333333,0.08333333333333333,1.0,3744.7,-3.8992059885339034,new,0.0,187.24,0.1,5,0.6860473222907818,2789.7999999999993,4187.2612937305585,4187.2612937305585,2789.7999999999993,4187.2612937305585,0
500281,CUST000281,2021,2021-01-27,2021-11-30,Rental,WA,D,99201,47.34,Y,Standard,Frame,Shingle,1335,1,74,1,35,0,C,Independent,1857.07,1702.75,129.99,222.85,155.57,363899,3180.03,1,0.915,1.0,12,0,0,1,0.0614,New,2260.03,0,1,Upper Middle,363899,1000,4,0,Debit Card,4,Agent Referral,7,382851,98460,643,1,4,12,1857.07,154.75583333333333,0.08333333333333333,0.0,0.0,1.0,1857.07,-1.1878102786560851,new,2260.03,92.85,0.1,5,0.6798525105500988,-848.6500000000003,-1249.3871662969036,-1249.3871662969036,-848.6500000000003,-1249.3871662969036,0
500282,CUST000282,2021,2021-01-15,2021-08-31,Home,FL,D,33601,34.07,Y,Basic,Masonry,Metal,1858,1,25,0,38,0,D,Independent,2510.72,2416.81,213.41,301.29,184.98,328774,12966.59,1,0.944,1.0,12,0,0,1,0.0695,New,12046.59,0,1,Low,328774,1000,3,0,Credit Card,3,Agent Referral,11,421303,35337,562,1,3,12,2510.72,209.22666666666666,0.08333333333333333,0.0,0.0,1.0,2510.72,-0.8026646689793335,new,12046.59,125.54,0.1,5,0.5861820964867159,-10176.110000000002,-11110.38571583418,-11110.38571583418,-10176.110000000002,-11110.38571583418,0
500283,CUST000283,2021,2021-04-18,2022-01-31,Condo,FL,B,33601,38.72,N,Standard,Masonry,Tile,1441,1,14,1,40,0,D,Independent,2178.6,2118.38,185.18,261.43,170.04,282067,0.0,0,0.985,1.0,12,0,0,0,0.0754,New,0.0,1,1,Low,282067,2000,4,0,Credit Card,2,Partner Referral,10,330392,28909,604,1,2,12,2178.6,181.54999999999998,0.0,0.0,0.08333333333333333,1.0,2178.6,1.3463825696023748,new,0.0,108.93,0.1,5,0.8549631662683292,1623.0599999999997,4056.7618323986685,4056.7618323986685,1623.0599999999997,4056.7618323986685,0
500284,CUST000284,2021,2021-12-11,2021-12-31,Home,CA,B,94105,46.78,N,Premium,Frame,Metal,2092,2,63,0,66,0,A,Direct,3731.24,3814.42,261.19,111.94,239.91,875514,0.0,0,0.988,1.0,12,0,1,0,0.1273,New,0.0,1,1,High,875514,1000,5,0,Auto Debit,0,Agent Referral,4,899836,198072,820,1,0,12,3731.24,310.93666666666667,0.0,0.0,0.08333333333333333,1.0,3731.24,2.1166737889558784,new,0.0,186.56,0.1,5,0.9124783603630066,3171.5499999999997,9371.060935251597,9371.060935251597,3171.5499999999997,9371.060935251597,1
500285,CUST000285,2021,2021-04-08,2022-02-28,Home,WA,C,99201,31.67,Y,Standard,Masonry,Shingle,1787,1,49,0,65,1,B,Independent,1678.99,1770.19,117.53,201.48,147.55,431682,0.0,0,1.04,1.0,12,0,0,0,0.0514,New,0.0,1,1,Upper Middle,431682,1500,4,1,Credit Card,2,Online Search,11,451004,117122,695,1,2,12,1678.99,139.91583333333332,0.0,0.08333333333333333,0.08333333333333333,1.0,1678.99,-0.047749891766386554,new,0.0,83.95,0.1,5,0.8059079796889242,1276.03,2758.618088072227,2758.618088072227,1276.03,2758.618088072227,0
500286,CUST000286,2021,2021-12-15,2022-08-31,Rental,CA,B,95814,58.46,Y,Basic,Frame,Metal,2191,1,42,1,46,0,B,Online,3541.83,3368.78,247.93,70.84,231.38,659773,0.0,0,0.936,1.0,12,0,0,0,0.0878,New,0.0,1,1,Upper Middle,659773,1000,5,0,Credit Card,1,Partner Referral,9,842548,133547,693,1,1,12,3541.83,295.1525,0.0,0.0,0.08333333333333333,1.0,3541.83,1.7315281792791266,new,0.0,177.09,0.1,5,0.8764547124328315,3045.97,8107.271833509258,8107.271833509258,3045.97,8107.271833509258,1
500287,CUST000287,2021,2021-11-25,2022-05-31,Home,TX,B,77001,32.59,Y,Basic,Masonry,Shingle,1462,2,28,1,52,1,C,Broker,789.78,701.14,55.28,118.47,107.54,174000,10718.7,1,0.887,1.0,12,0,1,0,0.1044,New,9798.7,0,1,Middle,174000,1000,4,1,Credit Card,4,Agent Referral,5,223588,73649,659,1,4,12,789.78,65.815,0.08333333333333333,0.08333333333333333,0.0,1.0,789.78,-2.5819427400248465,new,9798.7,39.49,0.1,5,0.3901916303569484,-9222.16,-5041.080334421187,-5041.080334421187,-9222.16,-5041.080334421187,0
500288,CUST000288,2021,2021-01-27,2021-10-31,Home,TX,B,73301,13.82,N,Basic,Masonry,Tile,2650,3,0,1,28,1,C,Independent,1098.49,1069.36,76.89,131.82,121.43,296380,0.0,0,1.008,1.0,12,0,1,1,0.1197,New,0.0,1,1,Middle,296380,2000,4,1,Auto Debit,4,Online Search,12,406579,82799,638,1,4,12,1098.49,91.54083333333334,0.0,0.08333333333333333,0.08333333333333333,1.0,1098.49,-0.81804111111989,new,0.0,54.92,0.1,5,0.8834824969854896,834.86,2268.0488588472713,2268.0488588472713,834.86,2268.0488588472713,0
500289,CUST000289,2021,2021-12-18,2021-12-31,Home,NY,B,12207,33.35,Y,Standard,Frame,Tile,1604,2,42,0,56,1,A,Broker,2268.82,2295.63,158.82,340.32,174.1,697987,0.0,0,0.998,1.0,12,0,0,0,0.0698,New,0.0,1,1,High,697987,500,5,0,Auto Debit,2,Partner Referral,8,712366,164146,736,1,2,12,2268.82,189.06833333333336,0.0,0.0,0.08333333333333333,1.0,2268.82,1.3463825696023748,new,0.0,113.44,0.1,5,0.8735279467443376,1656.24,4370.837059781047,4370.837059781047,1656.24,4370.837059781047,0
500290,CUST000290,2021,2021-12-25,2022-09-30,Condo,TX,A,73301,37.06,N,Basic,Masonry,Metal,1426,1,29,1,54,2,B,Independent,568.69,505.34,39.81,68.24,97.59,134608,10916.97,1,0.889,1.0,12,0,0,1,0.0579,New,9996.97,1,1,Low,134608,1000,3,1,Auto Debit,4,Partner Referral,5,199537,42898,702,1,4,12,568.69,47.39083333333334,0.08333333333333333,0.08333333333333333,0.08333333333333333,1.0,568.69,-0.81804111111989,new,9996.97,28.43,0.1,5,0.8623375892354108,-9564.759999999998,-24429.145425962124,-24429.145425962124,-9564.759999999998,-24429.145425962124,0
500291,CUST000291,2021,2021-12-20,2022-10-31,Rental,WA,B,98101,31.33,N,Basic,Frame,Shingle,1436,1,41,0,50,0,C,Online,1139.17,1143.11,79.74,22.78,123.26,274637,11413.4,1,0.986,1.0,12,0,0,1,0.0631,New,10493.4,0,1,Upper Middle,274637,1000,4,0,Credit Card,5,Online Search,5,393359,99037,679,1,5,12,1139.17,94.93083333333334,0.08333333333333333,0.0,0.0,1.0,1139.17,-1.572955888332837,new,10493.4,56.96,0.1,5,0.39973661414893996,-9513.71,-5396.365963624693,-5396.365963624693,-9513.71,-5396.365963624693,0
500292,CUST000292,2021,2021-05-09,2021-11-30,Home,TX,B,73301,27.89,N,Basic,Masonry,Tile,1996,2,33,0,62,0,A,Direct,648.03,603.44,45.36,19.44,101.16,209338,0.0,0,0.906,1.0,12,0,1,0,0.1031,New,0.0,1,1,Upper Middle,209338,1500,5,0,Credit Card,3,Social Media,1,306463,108417,747,1,3,12,648.03,54.0025,0.0,0.0,0.08333333333333333,1.0,648.03,0.9612369599256232,new,0.0,32.4,0.1,5,0.7862195210559132,550.8299999999999,1122.7302474201517,1122.7302474201517,550.8299999999999,1122.7302474201517,0
500293,CUST000293,2021,2021-03-15,2021-04-30,Home,TX,A,78701,35.45,N,Basic,Mixed,Shingle,1599,1,7,1,49,1,C,Broker,945.91,834.55,66.21,141.89,114.57,189394,0.0,0,0.882,1.0,12,0,0,0,0.0498,New,0.0,1,1,Middle,189394,1000,3,1,Bank Transfer,4,Social Media,10,273089,83680,649,1,4,12,945.91,78.82583333333334,0.0,0.08333333333333333,0.08333333333333333,1.0,945.91,-0.81804111111989,new,0.0,47.3,0.1,5,0.7411786543446335,690.51,1228.2207929488618,1228.2207929488618,690.51,1228.2207929488618,0
500294,CUST000294,2021,2021-12-21,2022-04-30,Rental,CA,A,94105,61.57,Y,Standard,Frame,Shingle,1775,2,26,0,31,0,B,Independent,3331.52,3157.63,233.21,399.78,221.92,611937,106792.08,2,0.953,1.0,12,0,1,0,0.1151,New,97592.08,1,1,Middle,611937,5000,4,1,Credit Card,3,Agent Referral,7,653781,53268,704,1,3,12,3331.52,277.62666666666667,0.16666666666666666,0.08333333333333333,0.08333333333333333,1.0,3331.52,-0.43289550144313826,new,97592.08,166.58,0.1,5,0.3649855637799471,-95060.13,-47014.0945921862,-47014.0945921862,-95060.13,-47014.0945921862,0
500295,CUST000295,2021,2021-08-12,2021-10-31,Home,TX,D,78701,18.05,N,Standard,Masonry,Tile,962,1,11,0,35,2,B,Independent,450.0,426.3,31.5,54.0,92.25,133923,0.0,0,0.931,1.0,12,1,1,0,0.1384,New,0.0,1,1,Upper Middle,133923,2000,4,1,Bank Transfer,3,Online Search,11,162761,96827,683,1,3,12,450.0,37.5,0.0,0.08333333333333333,0.08333333333333333,1.0,450.0,-0.43289550144313826,new,0.0,22.5,0.1,5,0.8734971551070312,342.0,902.4609685920298,902.4609685920298,342.0,902.4609685920298,0
500296,CUST000296,2021,2021-01-26,2021-07-31,Condo,WA,D,98004,21.62,Y,Standard,Mixed,Metal,1254,1,42,0,63,0,B,Independent,913.84,871.57,63.97,109.66,113.12,302507,21212.4,1,0.992,1.0,12,0,1,0,0.1036,New,20752.4,1,1,Upper Middle,302507,500,4,1,Auto Debit,2,Agent Referral,7,318499,134034,722,1,2,12,913.84,76.15333333333334,0.08333333333333333,0.08333333333333333,0.08333333333333333,1.0,913.84,-0.047749891766386554,new,20752.4,45.69,0.1,5,0.6685457193097256,-20057.88,-28502.674389724372,-28502.674389724372,-20057.88,-28502.674389724372,0
500297,CUST000297,2021,2021-11-01,2022-08-31,Home,TX,D,73301,40.5,Y,Basic,Mixed,Shingle,2012,1,26,0,64,0,C,Broker,1100.43,1106.22,77.03,165.06,121.52,236422,0.0,0,0.991,1.0,12,0,0,0,0.047,New,0.0,1,1,Middle,236422,500,5,0,Debit Card,0,Agent Referral,6,312352,73212,679,1,0,12,1100.43,91.7025,0.0,0.0,0.08333333333333333,1.0,1100.43,2.1166737889558784,new,0.0,55.02,0.1,5,0.8551129625502963,803.3200000000002,2008.7433545463193,2008.7433545463193,803.3200000000002,2008.7433545463193,0
500298,CUST000298,2021,2021-02-12,2021-07-31,Home,WA,D,98101,18.27,N,Basic,Masonry,Metal,1827,2,40,1,36,0,C,Direct,1199.33,1158.84,83.95,35.98,125.97,434138,0.0,0,0.972,1.0,12,0,1,0,0.1596,New,0.0,1,1,Upper Middle,434138,2000,5,0,Auto Debit,0,Online Search,5,607332,98808,658,1,0,12,1199.33,99.94416666666666,0.0,0.0,0.08333333333333333,1.0,1199.33,2.1166737889558784,new,0.0,59.97,0.1,5,0.875194758466337,1019.4299999999998,2703.402803733156,2703.402803733156,1019.4299999999998,2703.402803733156,0
500299,CUST000299,2021,2021-10-22,2021-10-31,Home,TX,C,73301,27.03,Y,Standard,Masonry,Tile,1672,2,24,1,57,0,C,Independent,1038.43,949.37,72.69,124.61,118.73,252199,1938.78,1,0.93,1.0,12,0,0,1,0.0849,New,0.0,0,1,Middle,252199,5000,3,1,Auto Debit,2,Agent Referral,3,251326,89951,644,1,2,12,1038.43,86.53583333333334,0.08333333333333333,0.08333333333333333,0.0,1.0,1038.43,-1.8116515206713433,new,1050.8291666666667,51.92,0.1,5,0.5514811099368069,-261.6191666666666,-254.70099000184808,-254.70099000184808,-261.6191666666666,-254.70099000184808,0
500300,CUST000300,2021,2021-09-05,2022-01-31,Home,TX,D,73301,19.41,N,Standard,Masonry,Tile,1360,1,10,0,57,1,A,Online,500.57,472.11,35.04,10.01,94.53,191087,0.0,0,0.947,1.0,12,1,1,0,0.1058,New,0.0,1,1,Upper Middle,191087,1000,5,0,Bank Transfer,1,Social Media,8,219782,138716,742,1,1,12,500.57,41.714166666666664,0.0,0.0,0.08333333333333333,1.0,500.57,1.7315281792791266,new,0.0,25.03,0.1,5,0.9310713927666212,430.49,1341.8528004756552,1341.8528004756552,430.49,1341.8528004756552,0
500301,CUST000301,2021,2021-08-17,2022-03-31,Rental,TX,C,78701,35.75,Y,Standard,Mixed,Metal,1651,2,13,1,35,0,D,Independent,1226.75,1224.86,85.87,147.21,127.2,219633,0.0,0,0.494,0.5,6,1,0,0,0.0417,New,0.0,1,1,Upper Middle,219633,500,3,1,Credit Card,2,Aggregator,7,222190,110117,607,1,2,6,1226.75,204.45833333333334,0.0,0.16666666666666666,0.16666666666666666,1.0,1226.75,-2.80078577332138,new,0.0,61.34,0.1,5,0.811180830230412,932.33,2047.4867397428684,2047.4867397428684,932.33,2047.4867397428684,0
500302,CUST000302,2021,2021-10-27,2021-12-31,Home,FL,B,32801,36.99,Y,Basic,Frame,Metal,2037,3,9,1,44,0,C,Broker,2509.37,2412.85,213.3,376.4,184.92,400138,0.0,0,0.954,1.0,12,0,0,0,0.047,New,0.0,1,1,Low,400138,500,3,1,Credit Card,1,Partner Referral,2,509724,48863,666,1,1,12,2509.37,209.11416666666665,0.0,0.08333333333333333,0.08333333333333333,1.0,2509.37,0.33739571791036516,new,0.0,125.47,0.1,5,0.7622433974646305,1794.1999999999996,3402.1778777278632,3402.1778777278632,1794.1999999999996,3402.1778777278632,0
500303,CUST000303,2021,2021-08-09,2022-01-31,Condo,FL,C,33101,55.83,N,Standard,Mixed,Metal,1210,2,37,1,44,0,B,Independent,1412.52,1383.54,120.06,169.5,135.56,222600,0.0,0,0.962,1.0,12,1,1,0,0.1059,New,0.0,0,1,Middle,222600,1500,5,0,Auto Debit,1,Partner Referral,5,253440,73284,712,1,1,12,1412.52,117.71,0.0,0.0,0.0,1.0,1412.52,-0.03237344962583011,new,0.0,70.63,0.1,5,0.5963766600428433,1052.33,1187.7674656985243,1187.7674656985243,1052.33,1187.7674656985243,0
500304,CUST000304,2021,2021-11-24,2021-12-31,Condo,NY,D,10001,40.74,N,Standard,Frame,Shingle,1401,1,33,0,68,0,B,Online,2150.72,2219.97,150.55,43.01,168.78,524663,11515.55,1,1.017,1.0,12,0,0,0,0.0616,New,11055.55,0,1,Middle,524663,500,3,2,Auto Debit,1,Agent Referral,4,645155,87152,714,1,1,12,2150.72,179.22666666666666,0.08333333333333333,0.16666666666666666,0.0,1.0,2150.72,-2.820638372363353,new,11055.55,107.54,0.1,5,0.6636644855889323,-9205.93,-12882.807054747054,-12882.807054747054,-9205.93,-12882.807054747054,0
500305,CUST000305,2021,2021-06-13,2021-10-31,Condo,TX,C,79901,36.31,N,Standard,Masonry,Shingle,915,2,32,0,56,0,C,Independent,476.35,462.62,33.34,57.16,93.44,106620,0.0,0,0.985,1.0,12,1,1,0,0.0919,New,0.0,1,1,Middle,106620,500,4,0,Debit Card,2,Agent Referral,10,122228,67968,667,1,2,12,476.35,39.69583333333333,0.0,0.0,0.08333333333333333,1.0,476.35,1.3463825696023748,new,0.0,23.82,0.1,5,0.8686293630105052,362.03000000000003,941.8304382313765,941.8304382313765,362.03000000000003,941.8304382313765,0
500306,CUST000306,2021,2021-02-15,2021-11-30,Home,NY,C,12207,35.49,Y,Basic,Frame,Metal,2669,1,13,0,57,0,B,Independent,2916.86,2843.1,204.18,350.02,203.26,964991,0.0,0,0.95,1.0,12,0,0,0,0.082,New,0.0,1,1,Middle,964991,2000,4,0,Credit Card,0,Online Search,12,1244710,58904,724,1,0,12,2916.86,243.0716666666667,0.0,0.0,0.08333333333333333,1.0,2916.86,2.1166737889558784,new,0.0,145.84,0.1,5,0.7783039775027745,2216.82,4412.243973042923,4412.243973042923,2216.82,4412.243973042923,0
500307,CUST000307,2021,2021-04-07,2021-04-30,Condo,TX,D,77001,48.69,Y,Basic,Frame,Shingle,1177,1,48,1,48,0,A,Direct,450.0,460.19,31.5,13.5,92.25,105657,0.0,0,1.043,1.0,12,0,0,0,0.1139,New,0.0,0,1,Middle,105657,2000,4,0,Bank Transfer,2,Social Media,3,136432,79652,740,1,2,12,450.0,37.5,0.0,0.0,0.0,1.0,450.0,-0.4175190593025818,new,0.0,22.5,0.1,5,0.5663545125259353,382.5,391.25736702783064,391.25736702783064,382.5,391.25736702783064,0
500308,CUST000308,2021,2021-09-04,2022-05-31,Home,CA,C,95814,55.34,N,Standard,Frame,Metal,2606,1,42,1,42,2,D,Broker,5684.97,5115.39,397.95,852.75,327.82,848968,65748.91,2,0.451,0.5,6,1,0,1,0.0523,New,63908.91,0,1,Low,848968,1000,2,0,Credit Card,5,Social Media,11,990586,34671,582,1,5,6,5684.97,947.495,0.3333333333333333,0.0,0.0,1.0,5684.97,-4.695760937424026,new,63908.91,284.25,0.1,5,0.35,-59758.89,-27796.53547724206,-27796.53547724206,-59758.89,-27796.53547724206,0
500309,CUST000309,2021,2021-01-27,2021-07-31,Home,TX,B,73301,28.77,N,Basic,Mixed,Metal,3142,1,19,0,48,0,C,Online,1253.06,1284.67,87.71,25.06,128.39,330366,0.0,0,1.019,1.0,12,0,0,0,0.106,New,0.0,1,1,Middle,330366,2000,5,0,Bank Transfer,3,Online Search,8,490291,82001,675,1,3,12,1253.06,104.42166666666667,0.0,0.0,0.08333333333333333,1.0,1253.06,0.9612369599256232,new,0.0,62.65,0.1,5,0.861327570024522,1077.6399999999999,2744.2469314796103,2744.2469314796103,1077.6399999999999,2744.2469314796103,0
500310,CUST000310,2021,2021-07-04,2021-11-30,Home,CA,B,95814,50.24,N,Basic,Mixed,Shingle,1144,1,25,1,56,0,B,Direct,1681.28,1746.32,117.69,50.44,147.66,312091,0.0,0,1.01,1.0,12,1,0,0,0.1059,New,0.0,1,1,Middle,312091,2000,4,0,Debit Card,1,Social Media,5,448488,73432,716,1,1,12,1681.28,140.10666666666665,0.0,0.0,0.08333333333333333,1.0,1681.28,1.7315281792791266,new,0.0,84.06,0.1,5,0.7732393492451018,1429.09,2801.3374136028406,2801.3374136028406,1429.09,2801.3374136028406,0
500311,CUST000311,2021,2021-06-08,2021-06-30,Rental,FL,A,32801,55.24,N,Standard,Mixed,Tile,1347,2,29,1,51,0,B,Broker,1740.06,1742.3,147.9,261.01,150.3,234197,8457.23,1,1.017,1.0,12,1,0,0,0.0443,New,7537.23,1,1,Middle,234197,1000,4,0,Credit Card,0,Online Search,5,272517,54432,684,1,0,12,1740.06,145.005,0.08333333333333333,0.0,0.08333333333333333,1.0,1740.06,2.1166737889558784,new,7537.23,87.0,0.1,5,0.5689663663693156,-6293.08,-6492.976220215134,-6492.976220215134,-6293.08,-6492.976220215134,0
500312,CUST000312,2021,2021-10-17,2022-06-30,Home,FL,D,33301,50.0,Y,Basic,Frame,Metal,2173,2,44,1,66,1,B,Broker,2564.19,2439.26,217.96,384.63,187.39,399877,0.0,0,0.975,1.0,12,0,0,0,0.0556,New,0.0,1,1,Upper Middle,399877,1000,5,0,Auto Debit,2,Online Search,5,473816,107733,698,1,2,12,2564.19,213.6825,0.0,0.0,0.08333333333333333,1.0,2564.19,1.3463825696023748,new,0.0,128.21,0.1,5,0.8850473552387323,1833.3899999999999,5003.460309168233,5003.460309168233,1833.3899999999999,5003.460309168233,0
500313,CUST000313,2021,2021-08-11,2021-10-31,Home,TX,D,79901,25.25,N,Basic,Mixed,Shingle,1929,1,8,0,55,1,D,Online,1051.75,997.8,73.62,21.03,119.33,211239,0.0,0,0.941,1.0,12,1,1,1,0.1258,New,0.0,1,1,Low,211239,1000,3,1,Credit Card,7,Agent Referral,3,302578,36544,576,1,7,12,1051.75,87.64583333333333,0.0,0.08333333333333333,0.08333333333333333,1.0,1051.75,-1.9734779401501452,new,0.0,52.59,0.1,5,0.6129319850298633,904.51,1077.1045618387445,1077.1045618387445,904.51,1077.1045618387445,0
500314,CUST000314,2021,2021-04-21,2021-05-31,Rental,CA,B,94105,46.36,Y,Standard,Masonry,Shingle,1399,1,15,0,56,0,B,Direct,2415.09,2499.1,169.06,72.45,180.68,514110,0.0,0,1.042,1.0,12,0,1,0,0.1005,New,0.0,0,1,Upper Middle,514110,1500,4,1,Debit Card,1,Partner Referral,1,520976,146409,729,1,1,12,2415.09,201.25750000000002,0.0,0.08333333333333333,0.0,1.0,2415.09,-1.4265059109945915,new,0.0,120.75,0.1,5,0.8277315712323083,2052.8300000000004,4735.202608843593,4735.202608843593,2052.8300000000004,4735.202608843593,0
500315,CUST000315,2021,2021-08-14,2022-06-30,Home,FL,A,33101,79.61,Y,Standard,Mixed,Shingle,1737,2,18,1,43,2,D,Independent,3854.13,3953.09,327.6,462.5,245.44,401631,48918.52,1,0.517,0.5,6,1,0,1,0.0855,New,44318.52,1,1,Middle,401631,5000,3,0,Credit Card,3,Online Search,5,424067,61683,520,1,3,6,3854.13,642.355,0.16666666666666666,0.0,0.16666666666666666,1.0,3854.13,-0.39766646026060903,new,44318.52,192.71,0.1,5,0.5843341013089118,-41447.2,-44979.7875225624,-44979.7875225624,-41447.2,-44979.7875225624,0
500316,CUST000316,2021,2021-03-01,2021-04-30,Home,WA,B,98101,35.73,Y,Basic,Mixed,Shingle,2398,1,59,1,48,0,B,Direct,2315.36,2192.54,162.08,69.46,176.19,593629,0.0,0,0.943,1.0,12,0,0,0,0.0683,New,0.0,1,1,Middle,593629,1000,3,0,Debit Card,2,Social Media,10,738619,51264,680,1,2,12,2315.36,192.9466666666667,0.0,0.0,0.08333333333333333,1.0,2315.36,1.3463825696023748,new,0.0,115.77,0.1,5,0.7834196521293832,1968.0500000000002,3977.806523782338,3977.806523782338,1968.0500000000002,3977.806523782338,0
500317,CUST000317,2021,2021-07-12,2022-04-30,Condo,CA,B,92101,43.83,Y,Standard,Frame,Tile,1516,2,23,1,59,0,C,Independent,2912.68,2804.17,203.89,349.52,203.07,571141,13063.7,1,1.006,1.0,12,1,1,1,0.0891,New,12603.7,0,1,Middle,571141,500,3,1,Credit Card,7,Agent Referral,4,565844,54244,639,1,7,12,2912.68,242.72333333333333,0.08333333333333333,0.08333333333333333,0.0,1.0,2912.68,-3.7373795690551015,new,12603.7,145.63,0.1,5,0.4970607588348279,-10390.06,-8404.149310737404,-8404.149310737404,-10390.06,-8404.149310737404,0
500318,CUST000318,2021,2021-10-17,2022-01-31,Rental,FL,C,32801,56.04,N,Standard,Frame,Metal,2053,1,28,0,55,1,B,Online,2418.68,2436.92,205.59,48.37,180.84,385868,21127.82,1,0.972,1.0,12,0,0,0,0.1082,New,19287.82,0,1,Upper Middle,385868,2000,4,0,Bank Transfer,2,Agent Referral,9,444952,97536,694,1,2,12,2418.68,201.55666666666664,0.08333333333333333,0.0,0.0,1.0,2418.68,-0.4175190593025818,new,19287.82,120.93,0.1,5,0.576183330817315,-17244.03,-18220.010378612635,-18220.010378612635,-17244.03,-18220.010378612635,0
500319,CUST000319,2021,2021-09-10,2022-04-30,Home,CA,B,94105,42.25,Y,Standard,Masonry,Metal,2047,3,51,1,23,0,D,Independent,5090.4,5140.69,356.33,610.85,301.07,778126,0.0,0,1.005,1.0,12,1,0,1,0.0864,New,0.0,1,1,Middle,778126,2000,4,0,Auto Debit,3,Email Campaign,8,839305,55239,609,1,3,12,5090.4,424.2,0.0,0.0,0.08333333333333333,1.0,5090.4,0.9612369599256232,new,0.0,254.52,0.1,5,0.8387752693363888,3868.6999999999994,9219.84607372073,9219.84607372073,3868.6999999999994,9219.84607372073,1
500320,CUST000320,2021,2021-09-08,2022-06-30,Home,CA,D,94105,36.21,N,Standard,Frame,Tile,2347,1,29,1,28,0,A,Independent,3147.53,2924.49,220.33,377.7,213.64,839451,0.0,0,0.965,1.0,12,1,0,0,0.0732,New,0.0,1,1,Middle,839451,5000,5,1,Auto Debit,0,Social Media,8,944429,53662,748,1,0,12,3147.53,262.2941666666667,0.0,0.08333333333333333,0.08333333333333333,1.0,3147.53,0.722541327587117,new,0.0,157.38,0.1,5,0.8100063471076556,2392.1200000000003,5234.993529167584,5234.993529167584,2392.1200000000003,5234.993529167584,1
500321,CUST000321,2021,2021-01-05,2021-05-31,Home,TX,B,79901,33.84,Y,Basic,Masonry,Shingle,2024,1,27,1,29,1,C,Independent,899.19,886.75,62.94,107.9,112.46,196158,8149.82,1,0.979,1.0,12,0,0,0,0.0679,New,7229.82,1,1,Middle,196158,1000,5,0,Bank Transfer,0,Email Campaign,7,245887,54344,651,1,0,12,899.19,74.9325,0.08333333333333333,0.0,0.08333333333333333,1.0,899.19,2.1166737889558784,new,7229.82,44.96,0.1,5,0.6313754238352521,-6546.4299999999985,-8270.503078323434,-8270.503078323434,-6546.4299999999985,-8270.503078323434,0
500322,CUST000322,2021,2021-10-24,2022-04-30,Rental,NY,D,14604,24.14,N,Basic,Mixed,Tile,1432,2,25,1,50,0,C,Online,1542.24,1490.27,107.96,30.84,141.4,417044,0.0,0,0.964,1.0,12,0,0,0,0.0928,New,0.0,1,1,Middle,417044,5000,4,0,Credit Card,0,Partner Referral,2,586734,72829,672,1,0,12,1542.24,128.52,0.0,0.0,0.08333333333333333,1.0,1542.24,2.1166737889558784,new,0.0,77.11,0.1,5,0.7533834596430402,1326.3300000000002,2448.380171079201,2448.380171079201,1326.3300000000002,2448.380171079201,0
500323,CUST000323,2021,2021-05-07,2021-06-30,Rental,WA,D,98101,30.84,N,Standard,Mixed,Shingle,2373,2,48,0,68,1,B,Direct,2035.06,1865.16,142.45,61.05,163.58,531602,0.0,0,0.969,1.0,12,0,1,0,0.1178,New,0.0,1,1,Upper Middle,531602,1000,4,0,Debit Card,2,Online Search,7,657207,132385,715,1,2,12,2035.06,169.58833333333334,0.0,0.0,0.08333333333333333,1.0,2035.06,1.3463825696023748,new,0.0,101.75,0.1,5,0.825157308603356,1729.81,3959.7990124536627,3959.7990124536627,1729.81,3959.7990124536627,0
500324,CUST000324,2021,2021-01-02,2021-10-31,Home,TX,B,79901,35.81,N,Standard,Frame,Shingle,2218,1,3,1,42,1,B,Independent,1155.02,1121.9,80.85,138.6,123.98,302253,0.0,0,0.953,1.0,12,0,1,0,0.1205,New,0.0,1,1,Middle,302253,5000,5,0,Credit Card,1,Aggregator,1,357046,50007,709,1,1,12,1155.02,96.25166666666667,0.0,0.0,0.08333333333333333,1.0,1155.02,1.7315281792791266,new,0.0,57.75,0.1,5,0.8233222217252725,877.82,1998.5655113369019,1998.5655113369019,877.82,1998.5655113369019,0
500325,CUST000325,2021,2021-07-09,2021-07-31,Home,TX,B,77001,44.59,Y,Standard,Frame,Shingle,2036,2,27,0,55,0,C,Direct,1359.09,1309.27,95.14,40.77,133.16,292752,0.0,0,0.957,1.0,12,1,0,0,0.1148,New,0.0,1,1,Upper Middle,292752,2000,3,1,Bank Transfer,2,Online Search,4,323844,103380,660,1,2,12,1359.09,113.2575,0.0,0.08333333333333333,0.08333333333333333,1.0,1359.09,-0.047749891766386554,new,0.0,67.95,0.1,5,0.6961075404398545,1155.2299999999998,1788.9678251158434,1788.9678251158434,1155.2299999999998,1788.9678251158434,0
500326,CUST000326,2021,2021-05-11,2022-03-31,Condo,FL,D,32801,46.16,Y,Standard,Frame,Tile,881,1,14,0,61,0,A,Online,781.62,694.74,66.44,15.63,107.17,162048,0.0,0,0.894,1.0,12,0,0,0,0.0688,New,0.0,0,1,Upper Middle,162048,1000,4,0,Credit Card,2,Online Search,1,166669,117231,738,1,2,12,781.62,65.135,0.0,0.0,0.0,1.0,781.62,-0.4175190593025818,new,0.0,39.08,0.1,5,0.6863160848916949,660.47,992.1413184057265,992.1413184057265,660.47,992.1413184057265,0
500327,CUST000327,2021,2021-07-09,2022-02-28,Rental,TX,C,79901,44.3,Y,Standard,Mixed,Shingle,1787,2,24,0,52,0,B,Online,1213.2,1282.46,84.92,24.26,126.59,257810,4522.38,1,1.05,1.0,12,1,0,0,0.063,New,3602.38,1,1,Middle,257810,1000,3,1,Credit Card,6,Aggregator,1,277988,64279,710,1,6,12,1213.2,101.10000000000001,0.08333333333333333,0.08333333333333333,0.08333333333333333,1.0,1213.2,-1.5883323304733934,new,3602.38,60.66,0.1,5,0.567137749600233,-2559.0200000000004,-2624.398544661515,-2624.398544661515,-2559.0200000000004,-2624.398544661515,0
500328,CUST000328,2021,2021-12-21,2022-06-30,Home,NY,B,11201,30.04,Y,Standard,Frame,Tile,2275,3,32,0,51,0,C,Independent,4228.83,3893.54,296.02,507.46,262.3,1056653,0.0,0,0.926,1.0,12,0,1,0,0.1074,New,0.0,1,1,Middle,1056653,1000,4,0,Auto Debit,0,Partner Referral,8,1090491,60932,633,1,0,12,4228.83,352.4025,0.0,0.0,0.08333333333333333,1.0,4228.83,2.1166737889558784,new,0.0,211.44,0.1,5,0.8061623995014814,3213.91,6953.345055029687,6953.345055029687,3213.91,6953.345055029687,1
500329,CUST000329,2021,2021-09-10,2022-03-31,Home,NY,A,14604,34.18,Y,Standard,Masonry,Shingle,2523,1,23,0,75,1,C,Direct,5631.21,5785.75,394.19,168.94,325.4,1213418,0.0,0,1.05,1.0,12,1,0,0,0.088,New,0.0,1,1,Upper Middle,1213418,1000,4,0,Credit Card,5,Online Search,5,1205426,92599,673,1,5,12,5631.21,469.2675,0.0,0.0,0.08333333333333333,1.0,5631.21,0.19094574057211977,new,0.0,281.56,0.1,5,0.9390335302125147,4786.52,15263.98391228729,15263.98391228729,4786.52,15263.98391228729,1
500330,CUST000330,2021,2021-04-17,2021-08-31,Condo,NY,D,14604,36.56,N,Standard,Frame,Shingle,1289,1,21,1,49,0,D,Broker,2475.44,2585.44,173.28,371.32,183.39,463251,0.0,0,1.05,1.0,12,0,0,1,0.057,New,0.0,1,1,Middle,463251,500,4,0,Debit Card,8,Partner Referral,7,555578,59844,599,1,8,12,2475.44,206.28666666666666,0.0,0.0,0.08333333333333333,1.0,2475.44,-0.9644910884581352,new,0.0,123.77,0.1,5,0.7909938304661975,1807.07,3736.365811509195,3736.365811509195,1807.07,3736.365811509195,0
500331,CUST000331,2021,2021-04-08,2021-07-31,Home,CA,A,90001,68.75,N,Standard,Frame,Shingle,2681,1,38,1,51,0,C,Online,5977.02,5323.43,418.39,119.54,340.97,934616,14128.65,1,0.917,1.0,12,0,1,1,0.1199,New,13668.65,1,1,Upper Middle,934616,500,3,1,Debit Card,9,Social Media,5,1092541,97917,659,1,9,12,5977.02,498.08500000000004,0.08333333333333333,0.08333333333333333,0.08333333333333333,1.0,5977.02,-2.7437691595036484,new,13668.65,298.85,0.1,5,0.8394577504869687,-8528.41,-20365.77483781206,-20365.77483781206,-8528.41,-20365.77483781206,0
500332,CUST000332,2021,2021-04-03,2021-04-30,Home,TX,A,77001,44.49,Y,Standard,Frame,Metal,2427,2,24,1,23,1,D,Broker,1970.84,1726.45,137.96,295.63,160.69,375594,0.0,0,0.887,1.0,12,0,0,0,0.0675,New,0.0,0,1,Middle,375594,1000,5,1,Credit Card,3,Email Campaign,11,375972,51378,565,1,3,12,1970.84,164.23666666666665,0.0,0.08333333333333333,0.0,1.0,1970.84,-2.196797130348095,new,0.0,98.54,0.1,5,0.8142970587539529,1438.71,3188.96861653318,3188.96861653318,1438.71,3188.96861653318,0
500333,CUST000333,2021,2021-08-21,2021-12-31,Home,CA,B,90001,47.15,N,Standard,Frame,Shingle,1607,2,27,1,55,0,C,Direct,3362.06,3061.5,235.34,100.86,223.29,595856,0.0,0,0.936,1.0,12,1,0,0,0.0877,New,0.0,1,1,Low,595856,500,4,0,Credit Card,1,Online Search,3,719922,43729,641,1,1,12,3362.06,280.1716666666667,0.0,0.0,0.08333333333333333,1.0,3362.06,1.7315281792791266,new,0.0,168.1,0.1,5,0.8281806300055483,2857.7599999999998,6600.678872492313,6600.678872492313,2857.7599999999998,6600.678872492313,1
500334,CUST000334,2021,2021-10-07,2022-06-30,Home,NY,D,11201,25.19,N,Standard,Mixed,Metal,1401,1,35,0,49,0,B,Independent,1674.46,1633.1,117.21,200.94,147.35,527145,0.0,0,0.956,1.0,12,0,0,0,0.076,New,0.0,1,1,Low,527145,2000,4,0,Debit Card,1,Agent Referral,8,655709,37495,681,1,1,12,1674.46,139.53833333333333,0.0,0.0,0.08333333333333333,1.0,1674.46,1.7315281792791266,new,0.0,83.72,0.1,5,0.7870460949985278,1272.59,2600.299233065853,2600.299233065853,1272.59,2600.299233065853,0
500335,CUST000335,2021,2021-10-09,2021-10-31,Home,CA,B,94105,48.46,Y,Basic,Frame,Shingle,1889,1,4,1,65,2,D,Broker,4617.76,4174.85,323.24,692.66,279.8,666934,10553.17,1,0.905,1.0,12,0,0,0,0.0515,New,9633.17,0,1,Low,666934,1000,3,0,Credit Card,2,Social Media,10,810655,31796,572,1,2,12,4617.76,384.81333333333333,0.08333333333333333,0.0,0.0,1.0,4617.76,-0.4175190593025818,new,9633.17,230.89,0.1,5,0.47650942818079817,-6262.2,-4712.947551529861,-4712.947551529861,-6262.2,-4712.947551529861,0
500336,CUST000336,2021,2021-05-03,2021-11-30,Home,CA,A,92101,44.08,Y,Standard,Masonry,Tile,2302,2,36,1,23,1,D,Independent,6208.66,5939.22,434.61,745.04,351.39,944737,0.0,0,0.978,1.0,12,0,0,1,0.0823,New,0.0,0,1,Middle,944737,5000,4,0,Auto Debit,7,Email Campaign,1,929929,57578,544,1,7,12,6208.66,517.3883333333333,0.0,0.0,0.0,1.0,6208.66,-2.34324710768634,new,0.0,310.43,0.1,5,0.5252696075160871,4718.58,4205.430854879886,4205.430854879886,4718.58,4205.430854879886,0
500337,CUST000337,2021,2021-01-22,2021-04-30,Home,CA,B,95814,66.31,Y,Premium,Frame,Shingle,1697,2,46,0,55,0,B,Independent,4750.96,4802.04,332.57,570.12,285.79,780114,0.0,0,1.02,1.0,12,0,1,0,0.0911,New,0.0,1,1,Upper Middle,780114,500,5,1,Bank Transfer,1,Email Campaign,11,729295,127191,688,1,1,12,4750.96,395.91333333333336,0.0,0.08333333333333333,0.08333333333333333,1.0,4750.96,0.33739571791036516,new,0.0,237.55,0.1,5,0.9005952759492049,3610.7200000000003,10308.6061943989,10308.6061943989,3610.7200000000003,10308.6061943989,1
500338,CUST000338,2021,2021-02-11,2021-02-28,Home,TX,C,78701,40.92,N,Standard,Masonry,Shingle,2825,1,31,0,53,1,A,Direct,1078.76,1007.09,75.51,32.36,120.54,296680,0.0,0,0.934,1.0,12,0,1,0,0.1585,New,0.0,1,1,Upper Middle,296680,2000,4,0,Credit Card,0,Online Search,5,352594,125822,772,1,0,12,1078.76,89.89666666666666,0.0,0.0,0.08333333333333333,1.0,1078.76,2.1166737889558784,new,0.0,53.94,0.1,5,0.875011706221366,916.95,2430.3404398832963,2430.3404398832963,916.95,2430.3404398832963,0
500339,CUST000339,2021,2021-03-12,2021-07-31,Rental,TX,A,73301,36.81,Y,Basic,Mixed,Tile,1258,3,12,1,42,0,C,Online,728.27,657.96,50.98,14.57,104.77,155352,0.0,0,0.918,1.0,12,0,0,0,0.0863,New,0.0,0,1,Low,155352,1500,4,0,Debit Card,0,Social Media,3,201022,41995,628,1,0,12,728.27,60.689166666666665,0.0,0.0,0.0,1.0,728.27,0.3527721600509216,new,0.0,36.41,0.1,5,0.5274790799003077,626.31,562.4056906183757,562.4056906183757,626.31,562.4056906183757,0
500340,CUST000340,2021,2021-05-04,2021-12-31,Home,FL,A,32801,75.78,N,Basic,Frame,Shingle,2896,1,18,0,49,0,A,Independent,3140.73,2929.86,266.96,376.89,213.33,471702,0.0,0,0.931,1.0,12,0,1,0,0.112,New,0.0,1,1,Upper Middle,471702,2500,4,0,Credit Card,2,Agent Referral,10,665601,129858,743,1,2,12,3140.73,261.7275,0.0,0.0,0.08333333333333333,1.0,3140.73,1.3463825696023748,new,0.0,157.04,0.1,5,0.8655194320986971,2339.84,6032.050320750884,6032.050320750884,2339.84,6032.050320750884,1
500341,CUST000341,2021,2021-12-19,2022-01-31,Home,NY,A,10001,44.36,Y,Premium,Mixed,Shingle,1858,2,46,1,27,0,D,Broker,4544.07,4504.05,318.08,681.61,276.48,848455,0.0,0,1.0,1.0,12,0,1,1,0.1355,New,0.0,1,1,Upper Middle,848455,2000,5,0,Auto Debit,0,Online Search,10,784038,109131,561,1,0,12,4544.07,378.67249999999996,0.0,0.0,0.08333333333333333,1.0,4544.07,2.1166737889558784,new,0.0,227.2,0.1,5,0.6068734104558666,3317.18,3873.6774295842342,3873.6774295842342,3317.18,3873.6774295842342,0
500342,CUST000342,2021,2021-12-08,2022-07-31,Rental,NY,C,14604,22.93,Y,Standard,Mixed,Metal,1614,2,8,1,50,0,B,Independent,2259.3,1963.68,158.15,271.12,173.67,715557,114200.98,1,0.873,1.0,12,0,0,0,0.0965,New,112360.98,1,1,Low,715557,2000,5,0,Credit Card,0,Partner Referral,7,788392,28111,709,1,0,12,2259.3,188.275,0.08333333333333333,0.0,0.08333333333333333,1.0,2259.3,2.1166737889558784,new,112360.98,112.97,0.1,5,0.6920876856101899,-110643.91999999998,-169216.69642183022,-169216.69642183022,-110643.91999999998,-169216.69642183022,0
500343,CUST000343,2021,2021-01-13,2021-05-31,Condo,NY,D,10001,33.41,Y,Standard,Masonry,Tile,1285,1,43,1,53,2,C,Direct,1913.28,1826.42,133.93,57.4,158.1,483193,0.0,0,0.971,1.0,12,0,1,1,0.1117,New,0.0,0,1,Middle,483193,1000,4,0,Bank Transfer,11,Email Campaign,6,514584,66966,640,1,11,12,1913.28,159.44,0.0,0.0,0.0,1.0,1913.28,-3.8838295463933474,new,0.0,95.66,0.1,5,0.7830188974355722,1626.2899999999997,3283.0897608497385,3283.0897608497385,1626.2899999999997,3283.0897608497385,0
500344,CUST000344,2021,2021-05-23,2021-08-31,Rental,NY,C,11201,25.37,Y,Standard,Masonry,Metal,1415,3,22,0,35,0,A,Independent,1360.13,1373.69,95.21,163.22,133.21,520907,0.0,0,0.98,1.0,12,0,1,0,0.1391,New,0.0,1,1,Upper Middle,520907,5000,5,0,Debit Card,2,Partner Referral,3,541738,121304,794,1,2,12,1360.13,113.34416666666668,0.0,0.0,0.08333333333333333,1.0,1360.13,1.3463825696023748,new,0.0,68.01,0.1,5,0.9399047600654267,1033.69,3304.6149732169833,3304.6149732169833,1033.69,3304.6149732169833,0
500345,CUST000345,2021,2021-10-09,2021-10-31,Condo,TX,D,79901,29.91,Y,Standard,Mixed,Tile,1394,2,19,0,59,0,A,Online,585.09,547.21,40.96,11.7,98.33,206855,0.0,0,0.963,1.0,12,0,1,0,0.1525,New,0.0,1,1,Upper Middle,206855,2000,5,2,Credit Card,3,Agent Referral,2,232098,130813,745,1,3,12,585.09,48.7575,0.0,0.16666666666666666,0.08333333333333333,1.0,585.09,-1.8270279628118995,new,0.0,29.25,0.1,5,0.9090888125794909,503.17999999999995,1472.2878866681228,1472.2878866681228,503.17999999999995,1472.2878866681228,0
500346,CUST000346,2021,2021-10-20,2022-05-31,Home,CA,D,90001,39.88,N,Standard,Frame,Metal,2329,3,29,0,63,0,A,Direct,3319.56,3298.04,232.37,99.59,221.38,849104,0.0,0,0.963,1.0,12,0,0,0,0.0929,New,0.0,1,1,High,849104,2000,4,0,Auto Debit,0,Online Search,3,966890,159424,732,1,0,12,3319.56,276.63,0.0,0.0,0.08333333333333333,1.0,3319.56,2.1166737889558784,new,0.0,165.98,0.1,5,0.8046940016374486,2821.62,6077.951178747359,6077.951178747359,2821.62,6077.951178747359,1
500347,CUST000347,2021,2021-10-18,2022-04-30,Rental,CA,D,95814,51.01,Y,Standard,Mixed,Shingle,1767,3,54,1,31,0,D,Direct,5754.66,5124.23,402.83,172.64,330.96,706502,0.0,0,0.439,0.5,6,0,0,1,0.0739,New,0.0,1,1,Low,706502,500,4,0,Auto Debit,6,Partner Referral,4,723124,45683,595,1,6,6,5754.66,959.11,0.0,0.0,0.16666666666666666,1.0,5754.66,-1.5531032892908638,new,0.0,287.73,0.1,5,0.8532700928738616,4891.459999999999,12165.354366749993,12165.354366749993,4891.459999999999,12165.354366749993,1
500348,CUST000348,2021,2021-12-22,2021-12-31,Condo,FL,C,33601,46.13,N,Standard,Frame,Metal,1846,2,15,1,57,0,C,Direct,2370.13,2309.88,201.46,71.1,178.66,363707,0.0,0,0.952,1.0,12,0,0,0,0.0625,New,0.0,1,1,Middle,363707,1000,4,0,Credit Card,1,Email Campaign,4,409588,50318,671,1,1,12,2370.13,197.51083333333335,0.0,0.0,0.08333333333333333,1.0,2370.13,1.7315281792791266,new,0.0,118.51,0.1,5,0.8119459057640828,1979.0600000000002,4356.11263382491,4356.11263382491,1979.0600000000002,4356.11263382491,0
500349,CUST000349,2021,2021-05-11,2021-10-31,Condo,FL,A,33601,62.46,Y,Standard,Mixed,Tile,1395,1,38,0,48,0,B,Independent,1963.65,1935.1,166.91,235.64,160.36,291260,0.0,0,0.962,1.0,12,0,1,0,0.0865,New,0.0,1,1,High,291260,1000,4,0,Credit Card,1,Social Media,11,319191,156023,721,1,1,12,1963.65,163.63750000000002,0.0,0.0,0.08333333333333333,1.0,1963.65,1.7315281792791266,new,0.0,98.18,0.1,5,0.7963641413251368,1462.9199999999998,3073.8014351644692,3073.8014351644692,1462.9199999999998,3073.8014351644692,0
500350,CUST000350,2021,2021-06-18,2022-02-28,Rental,TX,B,78701,32.64,N,Premium,Masonry,Shingle,1678,1,17,1,23,0,C,Independent,1205.14,1156.4,84.36,144.62,126.23,253884,4142.94,1,0.941,1.0,12,1,0,0,0.0696,New,3682.94,1,1,Upper Middle,253884,500,4,0,Credit Card,0,Online Search,10,266218,114569,651,1,0,12,1205.14,100.42833333333334,0.08333333333333333,0.0,0.08333333333333333,1.0,1205.14,2.1166737889558784,new,3682.94,60.26,0.1,5,0.6450497400462333,-2767.0400000000004,-3651.1895084595744,-3651.1895084595744,-2767.0400000000004,-3651.1895084595744,0
500351,CUST000351,2021,2021-01-20,2021-01-31,Home,WA,C,99201,36.28,N,Standard,Mixed,Metal,1909,2,54,1,55,0,C,Online,1726.09,1748.46,120.83,34.52,149.67,475989,0.0,0,0.513,0.5,6,0,1,0,0.1563,New,0.0,1,1,Upper Middle,475989,2000,4,0,Auto Debit,0,Online Search,1,546312,103371,646,1,0,6,1726.09,287.6816666666667,0.0,0.0,0.16666666666666666,1.0,1726.09,0.7577703687696461,new,0.0,86.3,0.1,5,0.795106206061902,1484.44,3107.3045176666556,3107.3045176666556,1484.44,3107.3045176666556,0
500352,CUST000352,2021,2021-03-09,2021-04-30,Condo,TX,D,77001,47.15,N,Premium,Mixed,Shingle,1614,1,49,1,41,0,B,Direct,785.32,725.38,54.97,23.56,107.34,166362,0.0,0,0.944,1.0,12,0,0,0,0.0686,New,0.0,0,1,Middle,166362,1000,4,0,Auto Debit,1,Aggregator,11,180934,83156,710,1,1,12,785.32,65.44333333333334,0.0,0.0,0.0,1.0,785.32,-0.03237344962583011,new,0.0,39.27,0.1,5,0.6835148371227243,667.5200000000001,994.0187920563087,994.0187920563087,667.5200000000001,994.0187920563087,0
500353,CUST000353,2021,2021-10-09,2022-02-28,Home,NY,C,10001,31.67,Y,Basic,Masonry,Shingle,1580,2,17,1,45,0,D,Online,2579.17,2236.79,180.54,51.58,188.06,559926,0.0,0,0.883,1.0,12,0,0,1,0.1034,New,0.0,1,1,Middle,559926,2000,4,0,Credit Card,7,Agent Referral,9,738029,76101,562,1,7,12,2579.17,214.93083333333334,0.0,0.0,0.08333333333333333,1.0,2579.17,-0.5793454787813836,new,0.0,128.96,0.1,5,0.8313633812227317,2218.09,5171.67382922488,5171.67382922488,2218.09,5171.67382922488,0
500354,CUST000354,2021,2021-08-03,2021-10-31,Home,NY,C,11201,39.31,Y,Premium,Frame,Metal,1936,3,27,1,45,0,D,Independent,5300.27,5132.25,371.02,636.03,310.51,1114913,80651.1,2,0.485,0.5,6,1,1,0,0.0815,New,78811.1,1,1,Middle,1114913,1000,2,5,Credit Card,3,Partner Referral,6,998823,70477,597,1,3,6,5300.27,883.3783333333334,0.3333333333333333,0.8333333333333334,0.16666666666666666,1.0,5300.27,-14.338991073948225,new,78811.1,265.01,0.1,5,0.6502125134573761,-74782.89,-100304.86418872184,-100304.86418872184,-74782.89,-100304.86418872184,0
500355,CUST000355,2021,2021-02-16,2021-09-30,Home,NY,D,12207,38.18,Y,Standard,Frame,Tile,2118,2,45,1,61,0,B,Independent,4041.41,3807.23,282.9,484.97,253.86,1027368,0.0,0,0.963,1.0,12,0,0,0,0.0454,New,0.0,1,1,Upper Middle,1027368,1500,4,0,Auto Debit,0,Aggregator,6,1056680,94317,686,1,0,12,4041.41,336.78416666666664,0.0,0.0,0.08333333333333333,1.0,4041.41,2.1166737889558784,new,0.0,202.07,0.1,5,0.8045941014459067,3071.47,6614.173286076054,6614.173286076054,3071.47,6614.173286076054,1
500356,CUST000356,2021,2021-07-03,2021-10-31,Home,WA,C,99201,8.93,Y,Standard,Masonry,Metal,1914,2,31,1,32,0,B,Online,1250.88,1275.52,87.56,25.02,128.29,517183,0.0,0,1.025,1.0,12,1,0,0,0.1064,New,0.0,1,1,Middle,517183,2000,5,0,Auto Debit,0,Online Search,5,514142,62661,690,1,0,12,1250.88,104.24000000000001,0.0,0.0,0.08333333333333333,1.0,1250.88,2.1166737889558784,new,0.0,62.54,0.1,5,0.9372959692254023,1075.7600000000002,3413.529049951127,3413.529049951127,1075.7600000000002,3413.529049951127,0
500357,CUST000357,2021,2021-06-04,2022-02-28,Condo,FL,C,32801,46.96,N,Basic,Masonry,Tile,1371,1,2,0,55,0,C,Independent,1348.76,1371.64,114.64,161.85,132.69,215007,0.0,0,1.009,1.0,12,1,1,0,0.1034,New,0.0,1,1,Upper Middle,215007,500,4,1,Credit Card,2,Social Media,5,303918,102210,672,1,2,12,1348.76,112.39666666666666,0.0,0.08333333333333333,0.08333333333333333,1.0,1348.76,-0.047749891766386554,new,0.0,67.44,0.1,5,0.7624239026058411,1004.8299999999999,1906.4082505216752,1906.4082505216752,1004.8299999999999,1906.4082505216752,0
500358,CUST000358,2021,2021-08-10,2021-11-30,Home,CA,A,92101,42.81,Y,Basic,Masonry,Tile,1842,1,14,1,53,1,C,Independent,3593.06,3595.98,251.51,431.17,233.69,686842,0.0,0,0.993,1.0,12,1,1,1,0.1026,New,0.0,0,1,Middle,686842,500,4,1,Debit Card,10,Agent Referral,12,850894,56340,625,1,10,12,3593.06,299.4216666666667,0.0,0.08333333333333333,0.0,1.0,3593.06,-4.892816398085357,new,0.0,179.65,0.1,5,0.7999205828886583,2730.73,5798.960576148096,5798.960576148096,2730.73,5798.960576148096,1
500359,CUST000359,2021,2021-12-05,2022-09-30,Rental,CA,A,90001,47.71,N,Standard,Masonry,Shingle,1836,1,37,1,39,0,B,Direct,3373.1,3023.67,236.12,101.19,223.79,626174,26459.43,1,0.894,1.0,12,0,1,0,0.109,New,25539.43,1,1,Middle,626174,1000,4,0,Credit Card,2,Online Search,1,726339,59357,694,1,2,12,3373.1,281.09166666666664,0.08333333333333333,0.0,0.08333333333333333,1.0,3373.1,1.3463825696023748,new,25539.43,168.66,0.1,5,0.6539476878637936,-22672.3,-30771.03396340083,-30771.03396340083,-22672.3,-30771.03396340083,0
500360,CUST000360,2021,2021-02-09,2021-02-28,Home,FL,C,33601,41.07,N,Premium,Masonry,Metal,2595,1,21,1,38,0,C,Direct,3610.64,3506.79,306.9,108.32,234.48,590312,0.0,0,0.967,1.0,12,0,1,0,0.1133,New,0.0,1,1,Middle,590312,1000,5,0,Credit Card,1,Social Media,3,643416,71623,625,1,1,12,3610.64,300.88666666666666,0.0,0.0,0.08333333333333333,1.0,3610.64,1.7315281792791266,new,0.0,180.53,0.1,5,0.8597167089673398,3014.8899999999994,7641.368807145177,7641.368807145177,3014.8899999999994,7641.368807145177,1
500361,CUST000361,2021,2021-06-19,2021-11-30,Home,TX,A,79901,44.46,Y,Premium,Frame,Shingle,1754,1,21,1,67,1,B,Independent,1504.96,1445.73,105.35,180.6,139.72,360228,0.0,0,0.952,1.0,12,1,1,0,0.1,New,0.0,1,1,Low,360228,1000,4,0,Bank Transfer,2,Social Media,9,312854,43082,702,1,2,12,1504.96,125.41333333333334,0.0,0.0,0.08333333333333333,1.0,1504.96,1.3463825696023748,new,0.0,75.25,0.1,5,0.7566053408770363,1143.7600000000002,2132.092742194779,2132.092742194779,1143.7600000000002,2132.092742194779,0
500362,CUST000362,2021,2021-07-11,2021-12-31,Rental,NY,D,14604,30.68,Y,Standard,Mixed,Metal,1248,1,32,1,38,0,C,Independent,2429.55,2571.5,170.07,291.55,181.33,589308,0.0,0,1.05,1.0,12,1,0,0,0.0412,New,0.0,1,1,Middle,589308,1000,5,0,Credit Card,2,Aggregator,6,600939,62770,674,1,2,12,2429.55,202.4625,0.0,0.0,0.08333333333333333,1.0,2429.55,1.3463825696023748,new,0.0,121.48,0.1,5,0.870345049555968,1846.45,4827.729055010678,4827.729055010678,1846.45,4827.729055010678,0
500363,CUST000363,2021,2021-09-07,2022-06-30,Condo,FL,D,33101,51.36,Y,Premium,Frame,Shingle,1486,1,0,1,44,0,A,Online,2167.16,2072.47,184.21,43.34,169.52,399185,0.0,0,0.954,1.0,12,1,1,0,0.1191,New,0.0,1,1,Upper Middle,399185,1000,4,0,Auto Debit,3,Online Search,4,356378,97788,735,1,3,12,2167.16,180.59666666666666,0.0,0.0,0.08333333333333333,1.0,2167.16,0.9612369599256232,new,0.0,108.36,0.1,5,0.8199318469356625,1831.25,4127.559814109359,4127.559814109359,1831.25,4127.559814109359,0
500364,CUST000364,2021,2021-08-17,2021-08-31,Home,TX,C,77001,18.79,N,Premium,Masonry,Metal,1997,2,23,1,37,0,C,Online,1211.69,1117.71,84.82,24.23,126.53,331226,0.0,0,0.921,1.0,12,1,0,0,0.0931,New,0.0,1,1,Low,331226,2000,5,0,Auto Debit,1,Email Campaign,9,330819,47571,663,1,1,12,1211.69,100.97416666666668,0.0,0.0,0.08333333333333333,1.0,1211.69,1.7315281792791266,new,0.0,60.58,0.1,5,0.8603204095073154,1042.0600000000002,2645.8226734161453,2645.8226734161453,1042.0600000000002,2645.8226734161453,0
500365,CUST000365,2021,2021-03-09,2021-06-30,Home,WA,A,98101,33.43,N,Premium,Mixed,Tile,1099,2,29,1,23,0,D,Independent,1519.96,1548.48,106.4,182.4,140.4,325712,0.0,0,1.048,1.0,12,0,0,1,0.0839,New,0.0,1,1,Middle,325712,2500,4,0,Credit Card,4,Partner Referral,8,342056,57494,613,1,4,12,1519.96,126.66333333333334,0.0,0.0,0.08333333333333333,1.0,1519.96,0.5760913502488715,new,0.0,76.0,0.1,5,0.7378550899223543,1155.1599999999999,2033.9783359707726,2033.9783359707726,1155.1599999999999,2033.9783359707726,0
500366,CUST000366,2021,2021-11-09,2022-03-31,Rental,WA,B,98501,39.32,Y,Premium,Frame,Shingle,1954,1,32,0,52,0,A,Independent,2446.8,2370.83,171.28,293.62,182.11,726311,0.0,0,0.964,1.0,12,0,1,0,0.1083,New,0.0,0,1,Upper Middle,726311,1000,4,0,Auto Debit,1,Online Search,7,659200,118593,742,1,1,12,2446.8,203.9,0.0,0.0,0.0,1.0,2446.8,-0.03237344962583011,new,0.0,122.34,0.1,5,0.7758860696496476,1859.5600000000002,3674.334598731025,3674.334598731025,1859.5600000000002,3674.334598731025,0
500367,CUST000367,2021,2021-04-24,2021-04-30,Home,CA,C,92101,51.98,N,Standard,Masonry,Shingle,1469,1,42,1,44,1,C,Online,2481.86,2443.97,173.73,49.64,183.68,428123,104183.02,2,1.003,1.0,12,0,1,0,0.103,New,102343.02,0,1,Upper Middle,428123,1000,4,0,Credit Card,0,Partner Referral,6,521717,108203,635,1,0,12,2481.86,206.8216666666667,0.16666666666666666,0.0,0.0,1.0,2481.86,0.3527721600509216,new,102343.02,124.09,0.1,5,0.35,-100208.62,-46611.516059877766,-46611.516059877766,-100208.62,-46611.516059877766,0
500368,CUST000368,2021,2021-12-06,2022-06-30,Home,NY,A,12207,37.36,N,Standard,Frame,Tile,1463,2,36,1,30,0,C,Independent,2353.96,2212.45,164.78,282.47,177.93,524255,0.0,0,0.949,1.0,12,0,0,0,0.0911,New,0.0,1,1,Low,524255,2000,5,0,Bank Transfer,3,Social Media,8,613509,47618,664,1,3,12,2353.96,196.16333333333333,0.0,0.0,0.08333333333333333,1.0,2353.96,0.9612369599256232,new,0.0,117.7,0.1,5,0.86640200562413,1789.0099999999998,4623.9459069919285,4623.9459069919285,1789.0099999999998,4623.9459069919285,0
500369,CUST000369,2021,2021-11-13,2021-12-31,Rental,WA,B,98101,28.03,N,Premium,Frame,Tile,1629,1,51,1,49,2,B,Direct,1467.82,1459.79,102.75,44.03,138.05,418942,0.0,0,0.98,1.0,12,0,0,0,0.0694,New,0.0,1,1,Low,418942,1500,4,0,Credit Card,1,Email Campaign,8,461155,46842,683,1,1,12,1467.82,122.31833333333333,0.0,0.0,0.08333333333333333,1.0,1467.82,1.7315281792791266,new,0.0,73.39,0.1,5,0.7668859939342814,1247.6499999999999,2399.2403434076455,2399.2403434076455,1247.6499999999999,2399.2403434076455,0
500370,CUST000370,2021,2021-02-03,2021-11-30,Rental,CA,A,95814,61.08,Y,Standard,Frame,Tile,1828,1,34,0,54,0,A,Independent,3272.73,3144.2,229.09,392.73,219.27,713067,0.0,0,0.973,1.0,12,0,1,0,0.1176,New,0.0,1,1,Upper Middle,713067,5000,5,1,Credit Card,1,Partner Referral,10,733223,104087,755,1,1,12,3272.73,272.7275,0.0,0.08333333333333333,0.08333333333333333,1.0,3272.73,0.33739571791036516,new,0.0,163.64,0.1,5,0.850837662906106,2487.27,6141.943830297958,6141.943830297958,2487.27,6141.943830297958,1
500371,CUST000371,2021,2021-05-09,2022-01-31,Rental,NY,C,12207,36.44,N,Basic,Frame,Tile,1414,1,33,1,39,1,A,Broker,1813.41,1861.8,126.94,272.01,153.6,508471,61796.15,2,1.05,1.0,12,0,0,0,0.0408,New,59956.15,1,1,Upper Middle,508471,1000,3,0,Auto Debit,1,Agent Referral,5,687382,141969,733,1,1,12,1813.41,151.1175,0.16666666666666666,0.0,0.08333333333333333,1.0,1813.41,1.7315281792791266,new,59956.15,90.67,0.1,5,0.5242175353399441,-58632.36,-52069.31067821782,-52069.31067821782,-58632.36,-52069.31067821782,0
500372,CUST000372,2021,2021-06-21,2021-12-31,Home,CA,D,92101,33.52,N,Basic,Frame,Tile,1744,2,21,0,62,0,C,Direct,2426.78,2115.56,169.87,72.8,181.2,502684,0.0,0,0.885,1.0,12,1,1,1,0.115,New,0.0,1,1,Middle,502684,500,4,0,Auto Debit,3,Agent Referral,3,740034,52069,632,1,3,12,2426.78,202.23166666666668,0.0,0.0,0.08333333333333333,1.0,2426.78,0.9612369599256232,new,0.0,121.34,0.1,5,0.7918393727533997,2062.77,4275.876558972935,4275.876558972935,2062.77,4275.876558972935,0
500373,CUST000373,2021,2021-11-15,2022-01-31,Rental,WA,A,99201,47.79,Y,Standard,Frame,Shingle,2465,1,28,0,50,0,B,Independent,3167.38,2782.42,221.72,380.09,214.53,766992,0.0,0,0.913,1.0,12,0,1,0,0.0842,New,0.0,1,1,Upper Middle,766992,1000,4,0,Credit Card,0,Partner Referral,12,788889,102080,692,1,0,12,3167.38,263.9483333333333,0.0,0.0,0.08333333333333333,1.0,3167.38,2.1166737889558784,new,0.0,158.37,0.1,5,0.787024107375811,2407.2000000000003,4918.337777027832,4918.337777027832,2407.2000000000003,4918.337777027832,0
500374,CUST000374,2021,2021-03-13,2021-06-30,Home,CA,A,90001,64.56,N,Premium,Frame,Tile,2015,3,35,1,37,1,C,Broker,4404.66,3984.93,308.33,660.7,270.21,729004,56344.81,2,0.91,1.0,12,0,0,1,0.0881,New,47144.81,0,1,Low,729004,5000,3,1,Credit Card,2,Social Media,10,783324,43043,627,1,2,12,4404.66,367.055,0.16666666666666666,0.08333333333333333,0.0,1.0,4404.66,-1.8116515206713433,new,47144.81,220.23,0.1,5,0.35,-43929.409999999996,-20433.535555284114,-20433.535555284114,-43929.409999999996,-20433.535555284114,0
500375,CUST000375,2021,2021-11-12,2022-01-31,Condo,TX,A,77001,23.08,Y,Standard,Mixed,Tile,1646,1,0,0,48,0,C,Independent,850.01,832.66,59.5,102.0,110.25,213494,0.0,0,0.972,1.0,12,0,0,0,0.0569,New,0.0,1,1,Upper Middle,213494,1000,4,0,Auto Debit,0,Online Search,4,221842,109078,656,1,0,12,850.01,70.83416666666666,0.0,0.0,0.08333333333333333,1.0,850.01,2.1166737889558784,new,0.0,42.5,0.1,5,0.7945491227109597,646.01,1350.0086075070772,1350.0086075070772,646.01,1350.0086075070772,0
500376,CUST000376,2021,2021-02-10,2021-03-31,Home,CA,A,90001,50.05,N,Premium,Masonry,Shingle,1795,1,54,0,65,0,A,Independent,3051.86,3221.57,213.63,366.22,209.33,611108,7287.37,1,1.042,1.0,12,0,0,0,0.0726,New,5447.37,0,1,Middle,611108,2000,3,0,Bank Transfer,4,Online Search,6,651313,85047,755,1,4,12,3051.86,254.3216666666667,0.08333333333333333,0.0,0.0,1.0,3051.86,-1.1878102786560851,new,5447.37,152.59,0.1,5,0.612728481528578,-3127.95,-3722.370159022539,-3722.370159022539,-3127.95,-3722.370159022539,0
500377,CUST000377,2021,2021-11-11,2022-02-28,Home,NY,D,14604,32.1,Y,Standard,Mixed,Metal,2288,1,18,0,57,1,B,Online,3661.62,3283.06,256.31,73.23,236.77,1179072,0.0,0,0.868,1.0,12,0,0,1,0.109,New,0.0,0,1,High,1179072,5000,4,0,Auto Debit,7,Online Search,6,1252683,154582,684,1,7,12,3661.62,305.135,0.0,0.0,0.0,1.0,3661.62,-2.34324710768634,new,0.0,183.08,0.1,5,0.722235871730054,3149.0,5285.858190530496,5285.858190530496,3149.0,5285.858190530496,1
500378,CUST000378,2021,2021-11-19,2022-03-31,Condo,TX,A,73301,40.19,Y,Standard,Masonry,Shingle,847,2,9,1,48,2,B,Online,505.98,474.25,35.42,10.12,94.77,115919,0.0,0,0.948,1.0,12,0,1,1,0.1171,New,0.0,1,1,Middle,115919,1000,5,0,Credit Card,5,Partner Referral,7,120000,77214,696,1,5,12,505.98,42.165,0.0,0.0,0.08333333333333333,1.0,505.98,0.19094574057211977,new,0.0,25.3,0.1,5,0.8088142198273346,435.14,948.9002085749539,948.9002085749539,435.14,948.9002085749539,0
500379,CUST000379,2021,2021-03-02,2021-04-30,Home,FL,A,33101,65.01,Y,Standard,Frame,Metal,1478,2,20,1,39,1,C,Direct,2526.07,2520.95,214.72,75.78,185.67,370368,0.0,0,1.011,1.0,12,0,0,1,0.0709,New,0.0,1,1,Middle,370368,1000,3,0,Bank Transfer,12,Agent Referral,2,415417,80249,656,1,12,12,2526.07,210.50583333333336,0.0,0.0,0.08333333333333333,1.0,2526.07,-2.505073527165142,new,0.0,126.3,0.1,5,0.5084987495473938,2109.27,1775.0080933513095,1775.0080933513095,2109.27,1775.0080933513095,0
500380,CUST000380,2021,2021-06-02,2021-12-31,Condo,CA,C,92101,41.42,N,Premium,Frame,Metal,1199,1,24,1,42,0,C,Independent,1792.46,1663.52,125.47,215.1,152.66,392532,0.0,0,0.917,1.0,12,1,0,0,0.0959,New,0.0,0,1,Middle,392532,2000,4,0,Auto Debit,0,Partner Referral,7,428535,56531,653,1,0,12,1792.46,149.37166666666667,0.0,0.0,0.0,1.0,1792.46,0.3527721600509216,new,0.0,89.62,0.1,5,0.7503905032113898,1362.27,2491.9752127070246,2491.9752127070246,1362.27,2491.9752127070246,0
500381,CUST000381,2021,2021-04-09,2021-08-31,Rental,TX,B,79901,41.96,N,Standard,Mixed,Shingle,1583,1,12,1,52,1,B,Online,890.19,789.22,62.31,17.8,112.06,211958,0.0,0,0.901,1.0,12,0,0,0,0.0625,New,0.0,1,1,Low,211958,1000,5,0,Auto Debit,2,Partner Referral,8,262513,38750,728,1,2,12,890.19,74.1825,0.0,0.0,0.08333333333333333,1.0,890.19,1.3463825696023748,new,0.0,44.51,0.1,5,0.8414350352825494,765.5700000000002,1838.8639324376143,1838.8639324376143,765.5700000000002,1838.8639324376143,0
500382,CUST000382,2021,2021-09-02,2022-03-31,Home,TX,B,79901,29.37,Y,Premium,Mixed,Metal,1391,1,21,0,46,0,C,Broker,793.69,802.88,55.56,119.05,107.72,205091,0.0,0,1.007,1.0,12,1,0,0,0.0586,New,0.0,1,1,Middle,205091,500,5,0,Auto Debit,2,Online Search,4,203918,59907,668,1,2,12,793.69,66.14083333333333,0.0,0.0,0.08333333333333333,1.0,793.69,1.3463825696023748,new,0.0,39.68,0.1,5,0.8603787936464037,579.4000000000002,1471.366269868827,1471.366269868827,579.4000000000002,1471.366269868827,0
500383,CUST000383,2021,2021-03-22,2021-12-31,Home,CA,B,92101,31.77,Y,Standard,Masonry,Metal,1867,3,28,0,64,0,A,Broker,2676.89,2288.0,187.38,401.53,192.46,790224,0.0,0,0.876,1.0,12,0,0,0,0.0761,New,0.0,1,1,Upper Middle,790224,2500,4,0,Credit Card,2,Email Campaign,8,835982,107505,740,1,2,12,2676.89,223.07416666666666,0.0,0.0,0.08333333333333333,1.0,2676.89,1.3463825696023748,new,0.0,133.84,0.1,5,0.8279571779589202,1954.1399999999996,4510.56853168016,4510.56853168016,1954.1399999999996,4510.56853168016,0
500384,CUST000384,2021,2021-03-21,2021-03-31,Condo,CA,B,94105,47.48,Y,Standard,Frame,Tile,1818,1,33,1,40,1,A,Direct,2983.4,3140.19,208.84,89.5,206.25,746606,0.0,0,1.042,1.0,12,0,1,0,0.1366,New,0.0,1,1,Upper Middle,746606,2000,5,0,Bank Transfer,0,Online Search,8,752478,127101,759,1,0,12,2983.4,248.61666666666667,0.0,0.0,0.08333333333333333,1.0,2983.4,2.1166737889558784,new,0.0,149.17,0.1,5,0.8305061888881029,2535.89,5897.683777544442,5897.683777544442,2535.89,5897.683777544442,1
500385,CUST000385,2021,2021-08-02,2022-02-28,Home,WA,D,98004,11.47,N,Premium,Masonry,Shingle,1860,1,17,0,63,0,B,Independent,1511.65,1584.16,105.82,181.4,140.02,552815,0.0,0,1.041,1.0,12,1,0,0,0.0591,New,0.0,1,1,Low,552815,1000,4,0,Auto Debit,0,Social Media,10,632671,48942,698,1,0,12,1511.65,125.97083333333335,0.0,0.0,0.08333333333333333,1.0,1511.65,2.1166737889558784,new,0.0,75.58,0.1,5,0.8734216992092654,1148.8500000000001,3030.888880785998,3030.888880785998,1148.8500000000001,3030.888880785998,0
500386,CUST000386,2021,2021-01-14,2021-11-30,Home,WA,B,98501,32.38,Y,Standard,Mixed,Shingle,2418,2,49,1,51,0,B,Broker,2283.5,2281.61,159.84,342.52,174.76,595688,40721.44,1,0.984,1.0,12,0,1,0,0.0833,New,40261.44,1,1,Middle,595688,500,4,0,Debit Card,1,Partner Referral,10,617523,50249,693,1,1,12,2283.5,190.29166666666666,0.08333333333333333,0.0,0.08333333333333333,1.0,2283.5,1.7315281792791266,new,40261.44,114.18,0.1,5,0.6800460924579002,-38594.479999999996,-56853.353152784715,-56853.353152784715,-38594.479999999996,-56853.353152784715,0
500387,CUST000387,2021,2021-09-25,2021-09-30,Home,TX,B,78701,14.53,Y,Premium,Masonry,Tile,1142,3,22,1,42,0,B,Broker,703.6,677.99,49.25,105.54,103.66,220906,6776.56,1,0.983,1.0,12,1,1,0,0.0857,New,5856.56,0,1,High,220906,1000,4,1,Auto Debit,0,Online Search,6,198094,173885,728,1,0,12,703.6,58.63333333333333,0.08333333333333333,0.08333333333333333,0.0,1.0,703.6,-1.0413603013178399,new,5856.56,35.18,0.1,5,0.35,-5342.93,-2485.235975725469,-2485.235975725469,-5342.93,-2485.235975725469,0
500388,CUST000388,2021,2021-01-08,2021-01-31,Rental,FL,A,33301,72.27,Y,Basic,Frame,Shingle,1440,1,10,1,38,0,B,Independent,2345.11,2377.58,199.33,281.41,177.53,290133,0.0,0,1.037,1.0,12,0,0,0,0.0527,New,0.0,1,1,Upper Middle,290133,1000,4,0,Auto Debit,1,Aggregator,3,365940,111564,692,1,1,12,2345.11,195.42583333333334,0.0,0.0,0.08333333333333333,1.0,2345.11,1.7315281792791266,new,0.0,117.26,0.1,5,0.8989393249847484,1747.1100000000001,4964.142554993366,4964.142554993366,1747.1100000000001,4964.142554993366,0
500389,CUST000389,2021,2021-02-07,2021-12-31,Home,TX,B,78701,23.33,N,Basic,Masonry,Metal,2211,1,18,0,42,1,B,Broker,742.88,716.9,52.0,111.43,105.43,228395,0.0,0,0.934,1.0,12,0,0,0,0.0877,New,0.0,1,1,Middle,228395,2000,5,0,Auto Debit,2,Social Media,10,325357,88962,704,1,2,12,742.88,61.906666666666666,0.0,0.0,0.08333333333333333,1.0,742.88,1.3463825696023748,new,0.0,37.14,0.1,5,0.8550686281442799,542.3100000000001,1355.8978640452153,1355.8978640452153,542.3100000000001,1355.8978640452153,0
500390,CUST000390,2021,2021-12-20,2022-08-31,Home,FL,A,33101,45.82,N,Basic,Masonry,Shingle,2139,2,13,1,25,0,B,Independent,2497.49,2327.76,212.29,299.7,184.39,381336,42794.07,3,0.948,1.0,12,0,0,0,0.0862,New,37274.07,1,1,Middle,381336,2000,3,0,Auto Debit,0,Social Media,8,543848,69129,700,1,0,12,2497.49,208.12416666666664,0.25,0.0,0.08333333333333333,1.0,2497.49,2.1166737889558784,new,37274.07,124.87,0.1,5,0.4627202121173515,-35413.44,-25374.541820958304,-25374.541820958304,-35413.44,-25374.541820958304,0
500391,CUST000391,2021,2021-06-09,2022-02-28,Home,CA,C,92101,59.09,N,Premium,Frame,Tile,1435,1,26,1,75,1,D,Broker,3776.38,3480.68,264.35,566.46,241.94,573280,0.0,0,0.92,1.0,12,1,0,1,0.0805,New,0.0,1,1,Middle,573280,2000,3,1,Credit Card,6,Partner Referral,8,592084,61320,588,1,6,12,3776.38,314.6983333333333,0.0,0.08333333333333333,0.08333333333333333,1.0,3776.38,-1.5883323304733934,new,0.0,188.82,0.1,5,0.696304468087692,2756.75,4271.659909661189,4271.659909661189,2756.75,4271.659909661189,0
500392,CUST000392,2021,2021-06-14,2021-10-31,Home,TX,C,77001,45.63,Y,Basic,Mixed,Shingle,2810,2,25,0,41,1,A,Direct,1458.77,1435.61,102.11,43.76,137.64,359288,0.0,0,0.959,1.0,12,1,0,0,0.1088,New,0.0,1,1,High,359288,2000,4,0,Credit Card,1,Aggregator,2,440920,176184,739,1,1,12,1458.77,121.56416666666667,0.0,0.0,0.08333333333333333,1.0,1458.77,1.7315281792791266,new,0.0,72.94,0.1,5,0.7535730507309657,1239.96,2290.2600811152515,2290.2600811152515,1239.96,2290.2600811152515,0
500393,CUST000393,2021,2021-04-25,2021-12-31,Home,FL,D,33101,37.85,N,Premium,Masonry,Tile,1582,2,0,1,53,0,C,Direct,2513.88,2363.26,213.68,75.42,185.12,404245,0.0,0,0.918,1.0,12,0,0,0,0.0867,New,0.0,1,1,Middle,404245,1500,5,0,Debit Card,2,Agent Referral,1,413500,62443,641,1,2,12,2513.88,209.49,0.0,0.0,0.08333333333333333,1.0,2513.88,1.3463825696023748,new,0.0,125.69,0.1,5,0.8665743123124182,2099.09,5428.12564394724,5428.12564394724,2099.09,5428.12564394724,1
500394,CUST000394,2021,2021-07-22,2021-08-31,Home,FL,B,32801,48.74,N,Standard,Mixed,Tile,2261,2,30,1,23,1,D,Broker,3625.37,3206.61,308.16,543.81,235.14,429696,23094.54,1,0.89,1.0,12,1,0,1,0.084,New,21254.54,1,1,Middle,429696,2000,3,2,Credit Card,4,Social Media,8,510333,65398,609,1,4,12,3625.37,302.1141666666667,0.08333333333333333,0.16666666666666666,0.08333333333333333,1.0,3625.37,-2.212173572488651,new,21254.54,181.27,0.1,5,0.657543222665641,-18662.410000000003,-25617.756264060175,-25617.756264060175,-18662.410000000003,-25617.756264060175,0
500395,CUST000395,2021,2021-07-21,2022-05-31,Home,TX,A,79901,45.26,N,Basic,Masonry,Shingle,1948,1,25,1,25,0,C,Independent,1016.68,1016.84,71.17,122.0,117.75,209665,0.0,0,1.001,1.0,12,1,0,0,0.0584,New,0.0,0,1,Low,209665,1000,3,0,Debit Card,3,Online Search,6,302892,34091,663,1,3,12,1016.68,84.72333333333333,0.0,0.0,0.0,1.0,1016.68,-0.8026646689793335,new,0.0,50.83,0.1,5,0.590330542227451,772.68,855.1255597022563,855.1255597022563,772.68,855.1255597022563,0
500396,CUST000396,2021,2021-05-10,2021-09-30,Home,FL,B,33301,40.07,Y,Basic,Masonry,Tile,1717,2,0,0,40,1,A,Direct,1744.72,1819.13,148.3,52.34,150.51,367172,0.0,0,0.51,0.5,6,0,0,0,0.0797,New,0.0,1,1,Middle,367172,500,5,0,Credit Card,3,Online Search,4,470331,60740,751,1,3,6,1744.72,290.7866666666667,0.0,0.0,0.16666666666666666,1.0,1744.72,-0.39766646026060903,new,0.0,87.24,0.1,5,0.8432440692279687,1456.8400000000001,3517.9653222280863,3517.9653222280863,1456.8400000000001,3517.9653222280863,0
500397,CUST000397,2021,2021-08-27,2021-08-31,Condo,WA,A,98101,29.0,N,Standard,Mixed,Tile,1122,1,13,1,60,1,A,Online,737.21,706.34,51.6,14.74,105.17,285995,0.0,0,0.957,1.0,12,1,1,0,0.1056,New,0.0,1,1,High,285995,1000,4,1,Bank Transfer,3,Aggregator,5,332501,165865,800,1,3,12,737.21,61.43416666666667,0.0,0.08333333333333333,0.08333333333333333,1.0,737.21,-0.43289550144313826,new,0.0,36.86,0.1,5,0.8688977449606089,634.01,1650.6877063342497,1650.6877063342497,634.01,1650.6877063342497,0
500398,CUST000398,2021,2021-08-27,2021-10-31,Home,CA,A,92101,65.96,N,Basic,Frame,Tile,1474,1,54,1,52,1,B,Online,2139.3,2190.85,149.75,42.79,168.27,386484,0.0,0,1.008,1.0,12,1,0,0,0.0778,New,0.0,1,1,Middle,386484,1000,5,0,Bank Transfer,0,Agent Referral,6,572953,61622,712,1,0,12,2139.3,178.275,0.0,0.0,0.08333333333333333,1.0,2139.3,2.1166737889558784,new,0.0,106.97,0.1,5,0.8167321347535635,1839.7900000000002,4107.599096553079,4107.599096553079,1839.7900000000002,4107.599096553079,0
500399,CUST000399,2021,2021-10-20,2022-04-30,Rental,CA,B,94105,40.03,Y,Standard,Mixed,Tile,1457,1,18,1,34,0,B,Direct,2479.5,2464.83,173.56,74.38,183.58,512768,32873.83,2,0.982,1.0,12,0,0,0,0.0621,New,31033.83,0,1,Middle,512768,1000,3,0,Bank Transfer,2,Online Search,3,556671,50096,689,1,2,12,2479.5,206.625,0.16666666666666666,0.0,0.0,1.0,2479.5,-0.4175190593025818,new,31033.83,123.98,0.1,5,0.35,-28926.250000000004,-13454.894064273505,-13454.894064273505,-28926.250000000004,-13454.894064273505,0
500400,CUST000400,2021,2021-01-26,2021-06-30,Home,NY,A,10001,37.35,N,Basic,Mixed,Shingle,2357,1,16,1,50,1,C,Independent,4150.11,4026.51,290.51,498.01,258.76,914885,0.0,0,0.953,1.0,12,0,0,0,0.0537,New,0.0,1,1,Middle,914885,1000,4,1,Auto Debit,1,Agent Referral,7,1329767,70756,632,1,1,12,4150.11,345.8425,0.0,0.08333333333333333,0.08333333333333333,1.0,4150.11,0.33739571791036516,new,0.0,207.51,0.1,5,0.8178072926318288,3154.079999999999,7064.466345366845,7064.466345366845,3154.079999999999,7064.466345366845,1
500401,CUST000401,2021,2021-11-15,2021-12-31,Rental,FL,A,33101,65.21,Y,Standard,Mixed,Shingle,2390,2,5,1,39,1,D,Direct,5189.1,4989.66,441.07,155.67,305.51,481778,0.0,0,0.489,0.5,6,0,0,1,0.0759,New,0.0,0,1,Low,481778,1000,3,0,Credit Card,6,Partner Referral,8,527311,29933,595,1,6,6,5189.1,864.85,0.0,0.0,0.0,1.0,5189.1,-5.080906547100778,new,0.0,259.46,0.1,5,0.35,4332.900000000001,2015.4257980585342,2015.4257980585342,4332.900000000001,2015.4257980585342,0
500402,CUST000402,2021,2021-10-20,2021-11-30,Home,CA,D,94105,41.23,Y,Standard,Frame,Metal,1712,2,37,0,57,0,A,Direct,2491.62,2570.4,174.41,74.75,184.12,703031,0.0,0,1.013,1.0,12,0,1,0,0.1176,New,0.0,1,1,Upper Middle,703031,1000,5,0,Credit Card,3,Partner Referral,5,691943,136928,739,1,3,12,2491.62,207.635,0.0,0.0,0.08333333333333333,1.0,2491.62,0.9612369599256232,new,0.0,124.58,0.1,5,0.8797228477954069,2117.88,5690.976371850932,5690.976371850932,2117.88,5690.976371850932,1
500403,CUST000403,2021,2021-05-25,2021-05-31,Home,CA,B,90001,42.6,N,Premium,Frame,Metal,1579,2,28,1,54,0,A,Independent,2102.42,2060.25,147.17,252.29,166.61,573339,0.0,0,0.995,1.0,12,0,1,0,0.1106,New,0.0,1,1,Upper Middle,573339,5000,4,0,Auto Debit,1,Email Campaign,13,604023,126045,738,1,1,12,2102.42,175.20166666666668,0.0,0.0,0.08333333333333333,1.0,2102.42,1.7315281792791266,new,0.0,105.12,0.1,5,0.8543388087332384,1597.8400000000001,3986.4130683871135,3986.4130683871135,1597.8400000000001,3986.4130683871135,0
500404,CUST000404,2021,2021-08-02,2021-11-30,Condo,FL,B,33301,64.29,N,Standard,Mixed,Shingle,1307,1,18,1,53,2,D,Online,2595.39,2566.0,220.61,51.91,188.79,283743,0.0,0,0.98,1.0,12,1,1,1,0.1115,New,0.0,1,1,Low,283743,1500,3,0,Auto Debit,1,Online Search,3,331489,41795,599,1,1,12,2595.39,216.2825,0.0,0.0,0.08333333333333333,1.0,2595.39,1.7315281792791266,new,0.0,129.77,0.1,5,0.601754978739611,2193.1,2518.9457913610477,2518.9457913610477,2193.1,2518.9457913610477,0
500405,CUST000405,2021,2021-04-21,2021-05-31,Home,FL,D,32801,54.79,Y,Basic,Masonry,Shingle,1977,1,31,0,49,0,C,Broker,3085.5,3226.43,262.27,462.82,210.85,370326,8585.23,1,1.034,1.0,12,0,0,0,0.0582,New,7665.23,1,1,Middle,370326,1000,4,2,Credit Card,0,Social Media,12,488289,52151,679,1,0,12,3085.5,257.125,0.08333333333333333,0.16666666666666666,0.08333333333333333,1.0,3085.5,-0.6715911337816443,new,7665.23,154.28,0.1,5,0.5722137188358848,-5459.099999999999,-5693.180950288877,-5693.180950288877,-5459.099999999999,-5693.180950288877,0
500406,CUST000406,2021,2021-09-24,2022-02-28,Home,FL,D,33601,52.7,Y,Standard,Mixed,Tile,2564,1,41,1,39,2,C,Online,3958.52,3848.94,336.47,79.17,250.13,510439,3531.25,1,0.982,1.0,12,1,0,0,0.0926,New,0.0,1,1,Low,510439,5000,4,0,Auto Debit,1,Partner Referral,2,544279,35322,643,1,1,12,3958.52,329.87666666666667,0.08333333333333333,0.0,0.08333333333333333,1.0,3958.52,1.7315281792791266,new,2126.8291666666664,197.93,0.1,5,0.7887871483975216,1218.1208333333334,2502.0312019232424,2502.0312019232424,1218.1208333333334,2502.0312019232424,0
500407,CUST000407,2021,2021-05-22,2021-12-31,Home,CA,A,92101,50.82,N,Standard,Frame,Tile,2117,3,30,1,35,0,A,Broker,3299.73,3244.87,230.98,494.96,220.49,772416,0.0,0,0.979,1.0,12,0,1,0,0.1113,New,0.0,0,1,Upper Middle,772416,2500,5,0,Bank Transfer,2,Social Media,10,914174,114348,752,1,2,12,3299.73,274.9775,0.0,0.0,0.0,1.0,3299.73,-0.4175190593025818,new,0.0,164.99,0.1,5,0.8055499096856966,2408.8,5201.969811698842,5201.969811698842,2408.8,5201.969811698842,0
500408,CUST000408,2021,2021-03-20,2021-07-31,Home,CA,D,90001,34.06,N,Standard,Masonry,Shingle,2456,2,36,0,77,0,B,Independent,3815.68,3626.86,267.1,457.88,243.71,896691,0.0,0,0.959,1.0,12,0,1,0,0.13,New,0.0,1,1,High,896691,2500,4,0,Bank Transfer,2,Online Search,9,1062584,190518,700,1,2,12,3815.68,317.9733333333333,0.0,0.0,0.08333333333333333,1.0,3815.68,1.3463825696023748,new,0.0,190.78,0.1,5,0.8247369556727218,2899.9199999999996,6630.0968065964935,6630.0968065964935,2899.9199999999996,6630.0968065964935,1
500409,CUST000409,2021,2021-02-26,2021-04-30,Rental,TX,B,78701,26.75,N,Basic,Masonry,Shingle,1528,2,0,1,59,1,B,Broker,552.24,566.11,38.66,82.84,96.85,145756,0.0,0,1.01,1.0,12,0,0,0,0.0797,New,0.0,0,1,Middle,145756,2000,5,0,Auto Debit,2,Social Media,1,216173,75366,728,1,2,12,552.24,46.02,0.0,0.0,0.0,1.0,552.24,-0.4175190593025818,new,0.0,27.61,0.1,5,0.9291508492590949,403.13,1249.665950008571,1249.665950008571,403.13,1249.665950008571,0
500410,CUST000410,2021,2021-11-15,2022-01-31,Home,TX,B,73301,39.62,Y,Basic,Frame,Shingle,2195,2,24,1,49,1,A,Online,1032.88,970.46,72.3,20.66,118.48,283643,0.0,0,0.91,1.0,12,0,0,0,0.0846,New,0.0,1,1,Middle,283643,500,4,0,Credit Card,0,Social Media,3,347963,65437,773,1,0,12,1032.88,86.07333333333334,0.0,0.0,0.08333333333333333,1.0,1032.88,2.1166737889558784,new,0.0,51.64,0.1,5,0.8445290630869111,888.2800000000002,2153.144530425579,2153.144530425579,888.2800000000002,2153.144530425579,0
500411,CUST000411,2021,2021-01-19,2021-01-31,Condo,FL,D,32801,52.98,Y,Standard,Frame,Shingle,1281,1,18,1,52,0,A,Direct,1755.62,1771.38,149.23,52.67,151.0,287233,0.0,0,1.0,1.0,12,0,1,0,0.1071,New,0.0,1,1,Upper Middle,287233,500,5,0,Credit Card,2,Agent Referral,4,286348,118080,771,1,2,12,1755.62,146.30166666666665,0.0,0.0,0.08333333333333333,1.0,1755.62,1.3463825696023748,new,0.0,87.78,0.1,5,0.9352106335386171,1465.9399999999998,4623.925552402613,4623.925552402613,1465.9399999999998,4623.925552402613,0
500412,CUST000412,2021,2021-02-18,2021-12-31,Condo,CA,B,95814,48.73,N,Premium,Frame,Tile,1629,1,55,1,44,0,B,Broker,3193.74,3146.72,223.56,479.06,215.72,618000,0.0,0,0.995,1.0,12,0,0,0,0.0927,New,0.0,1,1,Upper Middle,618000,2000,4,0,Credit Card,4,Online Search,8,623141,138059,682,1,4,12,3193.74,266.145,0.0,0.0,0.08333333333333333,1.0,3193.74,0.5760913502488715,new,0.0,159.69,0.1,5,0.8573775181817739,2331.43,5868.723838186266,5868.723838186266,2331.43,5868.723838186266,1
500413,CUST000413,2021,2021-01-08,2021-03-31,Home,CA,C,95814,46.31,Y,Basic,Frame,Metal,1652,2,22,0,56,0,C,Broker,2860.07,2763.43,200.2,429.01,200.7,576136,6037.02,1,0.927,1.0,12,0,0,0,0.0668,New,5577.02,0,1,Middle,576136,500,4,1,Debit Card,1,Aggregator,12,725689,86225,661,1,1,12,2860.07,238.33916666666667,0.08333333333333333,0.08333333333333333,0.0,1.0,2860.07,-1.4265059109945915,new,5577.02,143.0,0.1,5,0.5682918208969646,-3489.16,-3591.9780510235146,-3591.9780510235146,-3489.16,-3591.9780510235146,0
500414,CUST000414,2021,2021-09-25,2021-11-30,Rental,NY,A,11201,33.25,Y,Premium,Mixed,Tile,1136,1,16,0,56,0,B,Independent,2177.46,2141.77,152.42,261.29,169.99,605265,29770.4,1,0.978,1.0,12,1,0,0,0.0996,New,27930.4,1,1,Upper Middle,605265,2000,4,0,Debit Card,0,Aggregator,11,561091,115706,692,1,0,12,2177.46,181.455,0.08333333333333333,0.0,0.08333333333333333,1.0,2177.46,2.1166737889558784,new,27930.4,108.87,0.1,5,0.7682029269816417,-26275.52,-50729.361021807286,-50729.361021807286,-26275.52,-50729.361021807286,0
500415,CUST000415,2021,2021-01-10,2021-11-30,Condo,CA,B,90001,35.03,Y,Standard,Mixed,Metal,1212,1,21,1,34,0,B,Online,2173.0,2200.17,152.11,43.46,169.79,523994,9660.57,1,1.01,1.0,12,0,0,0,0.0723,New,8280.57,0,1,Middle,523994,1500,4,1,Bank Transfer,3,Agent Referral,3,536817,54713,686,1,3,12,2173.0,181.08333333333334,0.08333333333333333,0.08333333333333333,0.0,1.0,2173.0,-2.196797130348095,new,8280.57,108.65,0.1,5,0.6320175017518025,-6411.789999999999,-8117.018481734285,-8117.018481734285,-6411.789999999999,-8117.018481734285,0
500416,CUST000416,2021,2021-06-26,2021-11-30,Home,NY,A,12207,50.53,N,Standard,Frame,Shingle,1697,2,40,1,51,0,B,Online,2888.65,2874.59,202.21,57.77,201.99,729394,0.0,0,0.987,1.0,12,1,0,0,0.0916,New,0.0,0,1,Middle,729394,2000,4,0,Bank Transfer,4,Partner Referral,8,887536,62250,726,1,4,12,2888.65,240.72083333333333,0.0,0.0,0.0,1.0,2888.65,-1.1878102786560851,new,0.0,144.43,0.1,5,0.7523247291262057,2484.2400000000002,4571.146822491551,4571.146822491551,2484.2400000000002,4571.146822491551,0
500417,CUST000417,2021,2021-05-26,2021-06-30,Home,NY,D,12207,24.29,N,Standard,Masonry,Tile,1972,1,40,0,55,0,B,Independent,2623.84,2645.4,183.67,314.86,190.07,892504,0.0,0,0.495,0.5,6,0,1,0,0.1218,New,0.0,1,1,Middle,892504,2000,5,0,Debit Card,3,Aggregator,13,1035522,71357,729,1,3,6,2623.84,437.3066666666667,0.0,0.0,0.16666666666666666,1.0,2623.84,-0.39766646026060903,new,0.0,131.19,0.1,5,0.8549402689948863,1994.12,4983.873830922945,4983.873830922945,1994.12,4983.873830922945,0
500418,CUST000418,2021,2021-09-18,2022-05-31,Home,FL,D,33101,41.73,N,Standard,Frame,Tile,1669,2,35,0,48,0,A,Broker,1703.45,1580.79,144.79,255.52,148.66,330048,0.0,0,0.938,1.0,12,1,1,0,0.1046,New,0.0,1,1,High,330048,1500,5,0,Bank Transfer,0,Agent Referral,7,394608,168334,749,1,0,12,1703.45,141.95416666666668,0.0,0.0,0.08333333333333333,1.0,1703.45,2.1166737889558784,new,0.0,85.17,0.1,5,0.8597138871086892,1217.97,3086.9719946026185,3086.9719946026185,1217.97,3086.9719946026185,0
500419,CUST000419,2021,2021-12-09,2022-05-31,Home,FL,B,33601,33.32,N,Basic,Masonry,Metal,1375,1,16,0,62,0,D,Independent,1425.25,1390.12,121.15,171.03,136.14,203516,0.0,0,0.488,0.5,6,0,0,1,0.08,New,0.0,1,1,Middle,203516,2500,4,0,Debit Card,8,Online Search,7,305585,74698,595,1,8,6,1425.25,237.54166666666666,0.0,0.0,0.16666666666666666,1.0,1425.25,-2.3233945086443675,new,0.0,71.26,0.1,5,0.7996617901961237,1061.81,2253.110453730971,2253.110453730971,1061.81,2253.110453730971,0
500420,CUST000420,2021,2021-10-23,2022-05-31,Rental,WA,D,98004,22.1,Y,Standard,Mixed,Metal,1538,2,34,0,56,1,C,Broker,1668.53,1679.99,116.8,250.28,147.08,431647,0.0,0,0.976,1.0,12,0,1,0,0.083,New,0.0,1,1,Middle,431647,1000,4,0,Auto Debit,0,Online Search,11,433096,67664,659,1,0,12,1668.53,139.04416666666665,0.0,0.0,0.08333333333333333,1.0,1668.53,2.1166737889558784,new,0.0,83.43,0.1,5,0.7759977334696893,1218.02,2407.514687708375,2407.514687708375,1218.02,2407.514687708375,0
500421,CUST000421,2021,2021-02-07,2021-06-30,Rental,WA,B,98004,23.76,N,Standard,Mixed,Shingle,2196,1,19,1,64,1,B,Broker,2114.33,1919.48,148.0,317.15,167.14,592062,67539.43,2,0.877,1.0,12,0,0,1,0.0403,New,65699.43,0,1,Middle,592062,1000,2,1,Auto Debit,4,Online Search,6,733201,52923,708,1,4,12,2114.33,176.19416666666666,0.16666666666666666,0.08333333333333333,0.0,1.0,2114.33,-2.5819427400248465,new,65699.43,105.72,0.1,5,0.35,-64155.969999999994,-29841.814266996553,-29841.814266996553,-64155.969999999994,-29841.814266996553,0
500422,CUST000422,2021,2021-07-04,2021-07-31,Condo,FL,A,32801,53.67,N,Standard,Mixed,Tile,735,1,13,1,52,0,C,Independent,897.73,844.31,76.31,107.73,112.4,131711,4788.01,1,0.987,1.0,12,1,1,0,0.0837,New,3868.01,1,1,Low,131711,1000,4,0,Auto Debit,1,Agent Referral,7,148624,39799,648,1,1,12,897.73,74.81083333333333,0.08333333333333333,0.0,0.08333333333333333,1.0,897.73,1.7315281792791266,new,3868.01,44.89,0.1,5,0.7706495998969516,-3199.21,-6222.392724692408,-6222.392724692408,-3199.21,-6222.392724692408,0
500423,CUST000423,2021,2021-01-03,2021-06-30,Rental,WA,B,98004,38.89,N,Basic,Masonry,Shingle,1550,1,61,1,46,0,D,Direct,1814.87,1692.91,127.04,54.45,153.67,321921,0.0,0,0.963,1.0,12,0,0,0,0.1059,New,0.0,1,1,Middle,321921,2000,4,1,Credit Card,0,Email Campaign,1,435570,54296,565,1,0,12,1814.87,151.23916666666665,0.0,0.08333333333333333,0.08333333333333333,1.0,1814.87,0.722541327587117,new,0.0,90.74,0.1,5,0.7506843232345186,1542.6399999999999,2824.4425994817066,2824.4425994817066,1542.6399999999999,2824.4425994817066,0
500424,CUST000424,2021,2021-03-07,2021-11-30,Rental,TX,C,77001,57.7,N,Standard,Frame,Shingle,1387,1,33,0,51,0,A,Independent,729.1,765.7,51.04,87.49,104.81,161862,0.0,0,1.05,1.0,12,0,1,0,0.0901,New,0.0,1,1,Middle,161862,500,4,0,Bank Transfer,1,Online Search,6,187148,74485,735,1,1,12,729.1,60.75833333333333,0.0,0.0,0.08333333333333333,1.0,729.1,1.7315281792791266,new,0.0,36.46,0.1,5,0.7294759351402934,554.11,950.9933592916025,950.9933592916025,554.11,950.9933592916025,0
500425,CUST000425,2021,2021-01-02,2021-06-30,Rental,NY,D,11201,28.85,Y,Basic,Masonry,Metal,2216,2,48,0,68,1,B,Broker,2997.47,2889.68,209.82,449.62,206.89,802181,0.0,0,0.937,1.0,12,0,0,0,0.057,New,0.0,1,1,Upper Middle,802181,1000,4,0,Credit Card,3,Online Search,8,1004528,107181,700,1,3,12,2997.47,249.78916666666666,0.0,0.0,0.08333333333333333,1.0,2997.47,0.9612369599256232,new,0.0,149.87,0.1,5,0.8460694641626761,2188.16,5328.092928068512,5328.092928068512,2188.16,5328.092928068512,1
500426,CUST000426,2021,2021-04-10,2021-07-31,Home,WA,C,99201,36.81,N,Basic,Frame,Tile,2388,1,30,1,54,0,A,Broker,1736.56,1693.69,121.56,260.48,150.15,576667,42696.68,2,0.967,1.0,12,0,0,0,0.0814,New,39016.68,0,1,Upper Middle,576667,2000,4,0,Credit Card,0,Agent Referral,3,824371,122740,737,1,0,12,1736.56,144.71333333333334,0.16666666666666666,0.0,0.0,1.0,1736.56,0.3527721600509216,new,39016.68,86.83,0.1,5,0.35,-37748.990000000005,-17558.745481468213,-17558.745481468213,-37748.990000000005,-17558.745481468213,0
500427,CUST000427,2021,2021-07-15,2021-12-31,Home,NY,C,14604,22.31,Y,Basic,Masonry,Metal,1997,1,26,1,64,1,D,Online,3453.53,3247.74,241.75,69.07,227.41,791244,0.0,0,0.955,1.0,12,1,1,1,0.1239,New,0.0,1,1,Middle,791244,1000,4,0,Bank Transfer,6,Partner Referral,5,945973,75229,597,1,6,12,3453.53,287.7941666666667,0.0,0.0,0.08333333333333333,1.0,3453.53,-0.19419986910463183,new,0.0,172.68,0.1,5,0.807450290134134,2970.03,6450.417298233462,6450.417298233462,2970.03,6450.417298233462,1
500428,CUST000428,2021,2021-03-16,2021-08-31,Rental,TX,C,73301,36.35,Y,Standard,Masonry,Shingle,1145,2,11,0,52,0,A,Broker,640.48,616.5,44.83,96.07,100.82,169739,0.0,0,0.961,1.0,12,0,0,0,0.043,New,0.0,1,1,Upper Middle,169739,500,4,0,Credit Card,3,Agent Referral,5,179300,111516,741,1,3,12,640.48,53.373333333333335,0.0,0.0,0.08333333333333333,1.0,640.48,0.9612369599256232,new,0.0,32.02,0.1,5,0.7128636811132052,467.56,762.5417493243745,762.5417493243745,467.56,762.5417493243745,0
500429,CUST000429,2021,2021-01-18,2021-04-30,Condo,WA,D,98501,27.03,N,Basic,Masonry,Shingle,1941,1,33,0,30,0,B,Online,1386.35,1354.4,97.04,27.73,134.39,437367,15996.67,1,0.984,1.0,12,0,1,0,0.1509,New,14156.67,0,1,Upper Middle,437367,2000,4,1,Credit Card,6,Aggregator,3,636957,105222,720,1,6,12,1386.35,115.52916666666665,0.08333333333333333,0.08333333333333333,0.0,1.0,1386.35,-3.35223395937835,new,14156.67,69.32,0.1,5,0.436095190569773,-12964.41,-8432.453628538395,-8432.453628538395,-12964.41,-8432.453628538395,0
500430,CUST000430,2021,2021-01-25,2021-02-28,Rental,NY,A,14604,45.82,N,Premium,Mixed,Shingle,1745,2,43,1,58,1,D,Independent,4432.19,3858.78,310.25,531.86,271.45,734091,11743.02,1,0.889,1.0,12,0,0,0,0.051,New,10823.02,0,1,Upper Middle,734091,1000,4,2,Auto Debit,1,Partner Referral,7,734060,94647,605,1,1,12,4432.19,369.34916666666663,0.08333333333333333,0.16666666666666666,0.0,1.0,4432.19,-2.820638372363353,new,10823.02,221.61,0.1,5,0.4418188003906427,-7454.55,-4951.723688624919,-4951.723688624919,-7454.55,-4951.723688624919,0
500431,CUST000431,2021,2021-07-09,2021-10-31,Rental,FL,C,33101,67.93,N,Standard,Frame,Metal,1623,1,14,0,47,1,A,Direct,2411.2,2302.72,204.95,72.34,180.5,387185,0.0,0,0.952,1.0,12,1,0,0,0.0604,New,0.0,1,1,Upper Middle,387185,1000,4,0,Credit Card,2,Email Campaign,5,428281,108037,745,1,2,12,2411.2,200.9333333333333,0.0,0.0,0.08333333333333333,1.0,2411.2,1.3463825696023748,new,0.0,120.56,0.1,5,0.8875097958448273,2013.35,5534.058210654564,5534.058210654564,2013.35,5534.058210654564,1
500432,CUST000432,2021,2021-12-06,2021-12-31,Home,FL,D,33101,36.81,N,Basic,Masonry,Metal,2076,3,22,1,61,1,C,Online,2199.02,2076.06,186.92,43.98,170.96,361670,0.0,0,1.007,1.0,12,0,1,0,0.116,New,0.0,1,1,Low,361670,1000,4,0,Credit Card,1,Social Media,4,521353,49936,625,1,1,12,2199.02,183.25166666666667,0.0,0.0,0.08333333333333333,1.0,2199.02,1.7315281792791266,new,0.0,109.95,0.1,5,0.8158211562405702,1858.1699999999998,4137.421634400202,4137.421634400202,1858.1699999999998,4137.421634400202,0
500433,CUST000433,2021,2021-03-27,2021-06-30,Rental,CA,A,95814,55.78,Y,Standard,Frame,Metal,1847,3,22,1,23,0,B,Online,3399.51,3291.47,237.97,67.99,224.98,679697,29992.02,1,0.988,1.0,12,0,0,0,0.0669,New,29072.02,1,1,Upper Middle,679697,1000,3,0,Credit Card,0,Social Media,2,723308,133503,681,1,0,12,3399.51,283.2925,0.08333333333333333,0.0,0.08333333333333333,1.0,3399.51,2.1166737889558784,new,29072.02,169.98,0.1,5,0.7410170559027753,-26148.450000000004,-46487.746943373495,-46487.746943373495,-26148.450000000004,-46487.746943373495,0
500434,CUST000434,2021,2021-12-09,2022-09-30,Home,TX,B,77001,29.01,N,Basic,Frame,Metal,1083,2,15,1,46,0,B,Online,450.0,423.2,31.5,9.0,92.25,118837,0.0,0,0.936,1.0,12,0,1,0,0.1051,New,0.0,1,1,Low,118837,500,5,0,Credit Card,4,Online Search,6,170354,31576,690,1,4,12,450.0,37.5,0.0,0.0,0.08333333333333333,1.0,450.0,0.5760913502488715,new,0.0,22.5,0.1,5,0.9489348383251784,387.0,1269.53643530906,1269.53643530906,387.0,1269.53643530906,0
500435,CUST000435,2021,2021-09-02,2022-06-30,Home,CA,D,95814,35.57,N,Basic,Masonry,Shingle,2184,2,35,1,52,0,C,Independent,3175.84,2999.78,222.31,381.1,214.91,616738,0.0,0,0.945,1.0,12,1,1,1,0.0933,New,0.0,1,1,Low,616738,1000,4,0,Debit Card,5,Online Search,15,919778,30675,629,1,5,12,3175.84,264.65333333333336,0.0,0.0,0.08333333333333333,1.0,3175.84,0.19094574057211977,new,0.0,158.79,0.1,5,0.8492391330091507,2413.6400000000003,5932.1849805424345,5932.1849805424345,2413.6400000000003,5932.1849805424345,1
500436,CUST000436,2021,2021-06-03,2021-10-31,Home,CA,C,90001,66.9,Y,Basic,Frame,Shingle,1729,1,37,1,33,0,B,Direct,2949.04,2473.34,206.43,88.47,204.71,571160,101961.38,2,0.863,1.0,12,1,1,0,0.1167,New,100121.38,0,1,Middle,571160,1000,3,1,Auto Debit,2,Online Search,3,719648,51321,702,1,2,12,2949.04,245.75333333333333,0.16666666666666666,0.08333333333333333,0.0,1.0,2949.04,-1.8116515206713433,new,100121.38,147.45,0.1,5,0.35,-97614.69,-45404.9630721887,-45404.9630721887,-97614.69,-45404.9630721887,0
500437,CUST000437,2021,2021-01-04,2021-07-31,Home,WA,B,98101,18.99,N,Premium,Mixed,Metal,1855,1,21,1,28,0,C,Broker,1850.48,1811.48,129.53,277.57,155.27,604301,0.0,0,0.989,1.0,12,0,0,0,0.0421,New,0.0,1,1,Middle,604301,1500,4,0,Bank Transfer,2,Social Media,8,644743,58456,667,1,2,12,1850.48,154.20666666666668,0.0,0.0,0.08333333333333333,1.0,1850.48,1.3463825696023748,new,0.0,92.52,0.1,5,0.7764128330208966,1350.8600000000001,2673.422703688542,2673.422703688542,1350.8600000000001,2673.422703688542,0
500438,CUST000438,2021,2021-05-24,2021-06-30,Condo,CA,A,92101,68.14,N,Premium,Frame,Shingle,1115,2,42,0,56,0,A,Independent,2263.62,2224.23,158.45,271.63,173.86,423875,0.0,0,1.014,1.0,12,0,1,0,0.0917,New,0.0,1,1,Upper Middle,423875,1000,4,0,Bank Transfer,1,Agent Referral,4,448173,114546,756,1,1,12,2263.62,188.635,0.0,0.0,0.08333333333333333,1.0,2263.62,1.7315281792791266,new,0.0,113.18,0.1,5,0.8853118897992889,1720.36,4698.605952268648,4698.605952268648,1720.36,4698.605952268648,0
500439,CUST000439,2021,2021-10-07,2022-04-30,Home,TX,D,79901,28.73,N,Standard,Masonry,Tile,2504,2,29,1,25,0,C,Independent,1467.32,1423.38,102.71,176.08,138.03,378902,0.0,0,0.5,0.5,6,0,1,0,0.0977,New,0.0,0,1,Middle,378902,1000,4,0,Bank Transfer,3,Online Search,6,430888,59291,645,1,3,6,1467.32,244.5533333333333,0.0,0.0,0.0,1.0,1467.32,-3.9254697180705223,new,0.0,73.37,0.1,5,0.7503905032113898,1115.1599999999999,2039.9414787100686,2039.9414787100686,1115.1599999999999,2039.9414787100686,0
500440,CUST000440,2021,2021-04-05,2021-05-31,Condo,CA,D,95814,46.76,N,Standard,Mixed,Shingle,1468,1,38,0,60,0,C,Direct,2640.96,2320.62,184.87,79.23,190.84,468558,0.0,0,0.893,1.0,12,0,0,0,0.0837,New,0.0,1,1,Middle,468558,500,3,1,Credit Card,3,Online Search,7,554523,88144,657,1,3,12,2640.96,220.08,0.0,0.08333333333333333,0.08333333333333333,1.0,2640.96,-0.43289550144313826,new,0.0,132.05,0.1,5,0.7387289661812225,2244.81,3963.1617440770174,3963.1617440770174,2244.81,3963.1617440770174,0
500441,CUST000441,2021,2021-09-04,2022-06-30,Rental,TX,A,78701,51.44,Y,Basic,Mixed,Shingle,1871,1,23,0,49,0,C,Direct,1310.84,1257.9,91.76,39.33,130.99,255048,6901.44,1,0.944,1.0,12,1,1,0,0.1462,New,4601.44,0,1,Middle,255048,2500,3,2,Auto Debit,0,Partner Referral,3,312766,68737,647,1,0,12,1310.84,109.23666666666666,0.08333333333333333,0.16666666666666666,0.0,1.0,1310.84,-2.435492762686601,new,4601.44,65.54,0.1,5,0.5740033691961892,-3487.2299999999996,-3658.264704070651,-3658.264704070651,-3487.2299999999996,-3658.264704070651,0
500442,CUST000442,2021,2021-09-04,2022-03-31,Home,NY,B,14604,32.68,Y,Basic,Mixed,Shingle,2116,1,23,0,47,1,A,Independent,3367.22,3213.23,235.71,404.07,223.52,929527,0.0,0,0.931,1.0,12,1,0,0,0.0529,New,0.0,1,1,Upper Middle,929527,1000,4,0,Debit Card,1,Agent Referral,10,1140282,117413,743,1,1,12,3367.22,280.60166666666663,0.0,0.0,0.08333333333333333,1.0,3367.22,1.7315281792791266,new,0.0,168.36,0.1,5,0.8000507511194598,2559.0799999999995,5436.559050051808,5436.559050051808,2559.0799999999995,5436.559050051808,1
500443,CUST000443,2021,2021-05-18,2022-03-31,Home,CA,C,92101,54.96,Y,Basic,Frame,Shingle,2609,1,28,0,50,1,A,Broker,4337.63,3925.78,303.63,650.64,267.19,901232,0.0,0,0.932,1.0,12,0,1,0,0.0971,New,0.0,1,1,Upper Middle,901232,500,4,0,Bank Transfer,4,Agent Referral,3,1161266,109456,731,1,4,12,4337.63,361.4691666666667,0.0,0.0,0.08333333333333333,1.0,4337.63,0.5760913502488715,new,0.0,216.88,0.1,5,0.8396269879254669,3166.48,7565.3039038234,7565.3039038234,3166.48,7565.3039038234,1
500444,CUST000444,2021,2021-06-14,2021-08-31,Rental,NY,D,14604,32.11,Y,Standard,Frame,Tile,2053,3,43,0,47,0,A,Online,3044.18,2821.87,213.09,60.88,208.99,982802,0.0,0,0.933,1.0,12,1,0,0,0.09,New,0.0,1,1,High,982802,1500,5,1,Credit Card,4,Online Search,1,982433,183459,730,1,4,12,3044.18,253.68166666666664,0.0,0.08333333333333333,0.08333333333333333,1.0,3044.18,-0.81804111111989,new,0.0,152.21,0.1,5,0.8406571577139061,2617.9999999999995,6273.912851018207,6273.912851018207,2617.9999999999995,6273.912851018207,1
500445,CUST000445,2021,2021-04-04,2021-04-30,Condo,FL,B,33101,43.29,N,Standard,Masonry,Metal,1325,1,39,1,57,1,D,Broker,2141.37,2071.12,182.02,321.2,168.36,251588,0.0,0,0.973,1.0,12,0,0,1,0.0628,New,0.0,1,1,Low,251588,1000,4,0,Auto Debit,5,Agent Referral,3,288529,41952,591,1,5,12,2141.37,178.4475,0.0,0.0,0.08333333333333333,1.0,2141.37,0.19094574057211977,new,0.0,107.07,0.1,5,0.8282336577931367,1531.08,3536.949812029704,3536.949812029704,1531.08,3536.949812029704,0
500446,CUST000446,2021,2021-08-23,2022-01-31,Condo,CA,D,94105,34.85,Y,Standard,Frame,Metal,1189,1,34,1,60,0,B,Online,1855.11,1686.91,129.86,37.1,155.48,456887,31169.52,1,0.91,1.0,12,1,1,0,0.137,New,26569.52,1,1,Upper Middle,456887,5000,4,0,Credit Card,4,Social Media,7,474615,127137,718,1,4,12,1855.11,154.5925,0.08333333333333333,0.0,0.08333333333333333,1.0,1855.11,0.5760913502488715,new,26569.52,92.76,0.1,5,0.7339281662017912,-24974.129999999997,-43449.63658855363,-43449.63658855363,-24974.129999999997,-43449.63658855363,0
500447,CUST000447,2021,2021-11-08,2022-02-28,Home,TX,D,77001,25.35,Y,Basic,Masonry,Tile,1800,1,29,0,49,1,C,Direct,921.52,908.77,64.51,27.65,113.47,224893,0.0,0,0.967,1.0,12,0,1,0,0.1187,New,0.0,1,1,Upper Middle,224893,500,4,0,Credit Card,2,Aggregator,6,285285,90097,643,1,2,12,921.52,76.79333333333334,0.0,0.0,0.08333333333333333,1.0,921.52,1.3463825696023748,new,0.0,46.08,0.1,5,0.7409871805155012,783.28,1392.4193022153604,1392.4193022153604,783.28,1392.4193022153604,0
500448,CUST000448,2021,2021-08-13,2022-02-28,Condo,WA,B,98101,26.85,N,Basic,Frame,Shingle,1382,1,39,0,64,0,D,Online,1374.07,1350.41,96.19,27.48,133.83,305428,0.0,0,0.946,1.0,12,1,0,0,0.0663,New,0.0,1,1,Middle,305428,1000,4,0,Credit Card,4,Agent Referral,1,416089,54917,609,1,4,12,1374.07,114.50583333333333,0.0,0.0,0.08333333333333333,1.0,1374.07,0.5760913502488715,new,0.0,68.7,0.1,5,0.7112647360868024,1181.6999999999998,1917.7571131687007,1917.7571131687007,1181.6999999999998,1917.7571131687007,0
500449,CUST000449,2021,2021-12-25,2022-06-30,Home,NY,B,14604,46.82,Y,Standard,Frame,Shingle,1446,2,51,0,46,0,B,Direct,2451.64,2657.97,171.61,73.55,182.32,582987,0.0,0,1.028,1.0,12,0,1,0,0.1116,New,0.0,1,1,High,582987,500,5,0,Auto Debit,2,Online Search,5,589272,200845,698,1,2,12,2451.64,204.3033333333333,0.0,0.0,0.08333333333333333,1.0,2451.64,1.3463825696023748,new,0.0,122.58,0.1,5,0.8916075590676382,2083.8999999999996,5796.550540281277,5796.550540281277,2083.8999999999996,5796.550540281277,1
500450,CUST000450,2021,2021-09-23,2022-06-30,Home,FL,C,33601,59.53,Y,Premium,Frame,Tile,2597,3,40,0,72,0,B,Independent,4800.35,4367.44,408.03,576.04,288.02,716306,0.0,0,0.896,1.0,12,1,1,0,0.1262,New,0.0,1,1,High,716306,2000,4,0,Debit Card,1,Email Campaign,10,633897,165491,720,1,1,12,4800.35,400.0291666666667,0.0,0.0,0.08333333333333333,1.0,4800.35,1.7315281792791266,new,0.0,240.02,0.1,5,0.8433016730601569,3576.2600000000007,8637.388931700118,8637.388931700118,3576.2600000000007,8637.388931700118,1
500451,CUST000451,2021,2021-10-07,2021-11-30,Home,TX,B,77001,23.01,Y,Standard,Masonry,Tile,2011,1,32,1,59,1,B,Independent,996.22,958.56,69.74,119.55,116.83,288021,0.0,0,0.961,1.0,12,0,0,0,0.0751,New,0.0,1,1,Middle,288021,5000,5,0,Credit Card,2,Email Campaign,14,295633,83682,696,1,2,12,996.22,83.01833333333333,0.0,0.0,0.08333333333333333,1.0,996.22,1.3463825696023748,new,0.0,49.81,0.1,5,0.87466214090238,757.1200000000001,2004.6719352131793,2004.6719352131793,757.1200000000001,2004.6719352131793,0
500452,CUST000452,2021,2021-06-25,2022-01-31,Rental,NY,D,12207,19.21,Y,Standard,Masonry,Tile,2142,1,55,0,68,0,A,Broker,2739.79,2693.82,191.79,410.97,195.29,902725,0.0,0,0.976,1.0,12,1,1,0,0.1252,New,0.0,1,1,Upper Middle,902725,2000,5,0,Bank Transfer,2,Partner Referral,10,963562,130498,754,1,2,12,2739.79,228.31583333333333,0.0,0.0,0.08333333333333333,1.0,2739.79,1.3463825696023748,new,0.0,136.99,0.1,5,0.8181854815477361,2000.0399999999997,4484.696464906088,4484.696464906088,2000.0399999999997,4484.696464906088,0
500453,CUST000453,2021,2021-12-07,2022-10-31,Home,TX,A,77001,36.86,Y,Basic,Frame,Metal,2436,2,16,0,82,0,B,Broker,1021.11,1001.69,71.48,153.17,117.95,277650,0.0,0,0.993,1.0,12,0,0,0,0.0438,New,0.0,1,1,Middle,277650,500,5,0,Auto Debit,1,Online Search,10,354996,67012,704,1,1,12,1021.11,85.0925,0.0,0.0,0.08333333333333333,1.0,1021.11,1.7315281792791266,new,0.0,51.06,0.1,5,0.8479517983697891,745.4000000000001,1825.1030923696278,1825.1030923696278,745.4000000000001,1825.1030923696278,0
500454,CUST000454,2021,2021-05-05,2021-05-31,Condo,TX,C,73301,40.95,N,Standard,Frame,Metal,1371,1,28,1,46,0,C,Independent,662.56,623.53,46.38,79.51,101.82,151693,0.0,0,0.945,1.0,12,0,0,0,0.0558,New,0.0,0,1,Upper Middle,151693,500,4,0,Auto Debit,0,Online Search,11,182492,95685,677,1,0,12,662.56,55.21333333333333,0.0,0.0,0.0,1.0,662.56,0.3527721600509216,new,0.0,33.13,0.1,5,0.5905728159460774,503.53999999999996,557.7085835530643,557.7085835530643,503.53999999999996,557.7085835530643,0
500455,CUST000455,2021,2021-10-15,2022-02-28,Rental,NY,A,11201,34.55,N,Basic,Frame,Tile,1646,1,11,1,47,0,A,Independent,1772.25,1467.58,124.06,212.67,151.75,584560,22724.52,1,0.838,1.0,12,0,0,0,0.0865,New,20884.52,1,1,Upper Middle,584560,2000,4,0,Credit Card,2,Partner Referral,12,811781,93562,731,1,2,12,1772.25,147.6875,0.08333333333333333,0.0,0.08333333333333333,1.0,1772.25,1.3463825696023748,new,20884.52,88.61,0.1,5,0.709187022786991,-19537.61,-31504.685919860018,-31504.685919860018,-19537.61,-31504.685919860018,0
500456,CUST000456,2021,2021-03-16,2021-06-30,Home,TX,C,73301,36.08,Y,Basic,Masonry,Shingle,1979,1,0,1,27,1,C,Independent,1059.86,1087.39,74.19,127.18,119.69,257593,0.0,0,1.038,1.0,12,0,0,0,0.0696,New,0.0,1,1,Low,257593,500,4,0,Credit Card,4,Online Search,8,311268,38351,648,1,4,12,1059.86,88.32166666666666,0.0,0.0,0.08333333333333333,1.0,1059.86,0.5760913502488715,new,0.0,52.99,0.1,5,0.7583296738109465,805.4999999999998,1509.4060092848772,1509.4060092848772,805.4999999999998,1509.4060092848772,0
500457,CUST000457,2021,2021-11-11,2021-11-30,Home,NY,C,14604,33.22,N,Basic,Mixed,Shingle,2410,2,33,1,51,0,C,Online,3389.54,3171.01,237.27,67.79,224.53,798995,23418.31,1,0.958,1.0,12,0,0,0,0.1102,New,21578.31,1,1,Middle,798995,2000,4,0,Credit Card,3,Agent Referral,2,1172921,62436,676,1,3,12,3389.54,282.46166666666664,0.08333333333333333,0.0,0.08333333333333333,1.0,3389.54,0.9612369599256232,new,21578.31,169.48,0.1,5,0.7322346676025845,-18663.31,-32302.48852666044,-32302.48852666044,-18663.31,-32302.48852666044,0
500458,CUST000458,2021,2021-10-04,2022-05-31,Condo,CA,D,92101,36.67,Y,Basic,Masonry,Tile,1430,2,26,0,47,0,A,Independent,1704.82,1503.38,119.34,204.58,148.72,473900,0.0,0,0.883,1.0,12,0,1,0,0.1063,New,0.0,1,1,Upper Middle,473900,1000,4,0,Auto Debit,0,Email Campaign,9,597256,109165,730,1,0,12,1704.82,142.06833333333333,0.0,0.0,0.08333333333333333,1.0,1704.82,2.1166737889558784,new,0.0,85.24,0.1,5,0.8017984182288612,1295.66,2766.926641375868,2766.926641375868,1295.66,2766.926641375868,0
500459,CUST000459,2021,2021-04-26,2021-05-31,Condo,CA,A,94105,64.68,Y,Basic,Mixed,Tile,1582,2,53,0,74,0,C,Direct,3001.27,2872.24,210.09,90.04,207.06,449440,40499.37,1,0.962,1.0,12,0,0,0,0.0822,New,40039.37,0,1,Upper Middle,449440,500,4,0,Debit Card,2,Partner Referral,9,550456,113052,676,1,2,12,3001.27,250.10583333333332,0.08333333333333333,0.0,0.0,1.0,3001.27,-0.4175190593025818,new,40039.37,150.06,0.1,5,0.35,-37488.29,-17437.48223847764,-17437.48223847764,-37488.29,-17437.48223847764,0
500460,CUST000460,2021,2021-02-26,2021-11-30,Home,TX,B,79901,41.03,N,Standard,Frame,Shingle,2173,3,37,1,42,1,C,Online,1455.05,1456.32,101.85,29.1,137.48,310876,0.0,0,1.028,1.0,12,0,0,0,0.1115,New,0.0,1,1,Middle,310876,2000,5,0,Bank Transfer,0,Agent Referral,7,361476,64588,662,1,0,12,1455.05,121.25416666666666,0.0,0.0,0.08333333333333333,1.0,1455.05,2.1166737889558784,new,0.0,72.75,0.1,5,0.8599276652938295,1251.3500000000001,3173.5619780832094,3173.5619780832094,1251.3500000000001,3173.5619780832094,0
500461,CUST000461,2021,2021-10-08,2022-01-31,Home,NY,A,14604,29.81,Y,Premium,Masonry,Shingle,2184,2,5,1,55,0,B,Broker,3986.75,3993.56,279.07,598.01,251.4,1209886,0.0,0,0.489,0.5,6,0,0,0,0.0882,New,0.0,1,1,Low,1209886,2000,4,0,Bank Transfer,2,Partner Referral,5,1157577,45533,701,1,2,6,3986.75,664.4583333333334,0.0,0.0,0.16666666666666666,1.0,3986.75,-0.012520850583857324,new,0.0,199.34,0.1,5,0.7285246239812336,2910.33,4980.337248353386,4980.337248353386,2910.33,4980.337248353386,0
500462,CUST000462,2021,2021-04-01,2021-05-31,Home,TX,D,77001,20.99,Y,Standard,Masonry,Shingle,2016,2,2,1,66,0,C,Broker,1477.84,1323.36,103.45,221.68,138.5,333978,0.0,0,0.906,1.0,12,0,0,1,0.0545,New,0.0,0,1,Middle,333978,1000,4,0,Auto Debit,0,Online Search,9,330104,73432,626,1,0,12,1477.84,123.15333333333332,0.0,0.0,0.0,1.0,1477.84,0.3527721600509216,new,0.0,73.89,0.1,5,0.7241979788651821,1078.8199999999997,1821.8246466202463,1821.8246466202463,1078.8199999999997,1821.8246466202463,0
500463,CUST000463,2021,2021-01-18,2021-01-31,Condo,TX,C,77001,33.37,Y,Standard,Frame,Tile,1656,1,13,1,35,0,B,Online,846.7,815.63,59.27,16.93,110.1,228502,0.0,0,0.979,1.0,12,0,0,0,0.07,New,0.0,1,1,Upper Middle,228502,1000,4,0,Bank Transfer,5,Aggregator,9,247791,96796,684,1,5,12,846.7,70.55833333333334,0.0,0.0,0.08333333333333333,1.0,846.7,0.19094574057211977,new,0.0,42.34,0.1,5,0.7258430014608291,728.1600000000001,1235.8765574152628,1235.8765574152628,728.1600000000001,1235.8765574152628,0
500464,CUST000464,2021,2021-02-10,2021-04-30,Rental,WA,D,98501,25.34,N,Premium,Frame,Tile,1982,2,35,1,55,1,B,Online,1911.0,1930.7,133.77,38.22,158.0,593399,76579.65,1,0.994,1.0,12,0,1,1,0.1005,New,75199.65,1,1,Middle,593399,1500,4,1,Credit Card,4,Social Media,1,616349,74404,684,1,4,12,1911.0,159.25,0.08333333333333333,0.08333333333333333,0.08333333333333333,1.0,1911.0,-0.81804111111989,new,75199.65,95.55,0.1,5,0.6764030240137879,-73556.19,-107129.01305080931,-107129.01305080931,-73556.19,-107129.01305080931,0
500465,CUST000465,2021,2021-07-24,2022-02-28,Home,TX,C,78701,36.34,N,Premium,Masonry,Shingle,2486,2,45,0,61,0,B,Independent,1601.26,1612.81,112.09,192.15,144.06,368564,0.0,0,1.027,1.0,12,1,0,0,0.0753,New,0.0,1,1,Upper Middle,368564,2500,4,0,Auto Debit,0,Partner Referral,9,391765,139381,703,1,0,12,1601.26,133.43833333333333,0.0,0.0,0.08333333333333333,1.0,1601.26,2.1166737889558784,new,0.0,80.06,0.1,5,0.7869370154465073,1216.96,2485.816219420284,2485.816219420284,1216.96,2485.816219420284,0
500466,CUST000466,2021,2021-07-20,2021-08-31,Condo,FL,B,33601,44.33,N,Standard,Masonry,Shingle,1243,1,0,1,43,1,C,Online,1642.79,1549.74,139.64,32.86,145.93,244123,16569.79,1,0.963,1.0,12,1,1,0,0.1023,New,15649.79,1,1,Upper Middle,244123,1000,4,0,Credit Card,2,Online Search,7,290933,93264,653,1,2,12,1642.79,136.89916666666667,0.08333333333333333,0.0,0.08333333333333333,1.0,1642.79,1.3463825696023748,new,15649.79,82.14,0.1,5,0.5873691497813665,-14261.64,-15631.533611228186,-15631.533611228186,-14261.64,-15631.533611228186,0
500467,CUST000467,2021,2021-09-25,2022-03-31,Home,WA,C,99201,32.27,N,Basic,Masonry,Shingle,1858,2,55,1,58,0,C,Online,1871.03,1979.49,130.97,37.42,156.2,458484,0.0,0,0.521,0.5,6,1,0,0,0.0801,New,0.0,1,1,Upper Middle,458484,1000,4,0,Auto Debit,3,Social Media,2,639265,121976,656,1,3,6,1871.03,311.8383333333333,0.0,0.0,0.16666666666666666,1.0,1871.03,-0.39766646026060903,new,0.0,93.55,0.1,5,0.8446281250613695,1609.09,3901.488355575041,3901.488355575041,1609.09,3901.488355575041,0
500468,CUST000468,2021,2021-05-22,2021-08-31,Home,TX,C,78701,35.87,Y,Standard,Masonry,Shingle,2060,2,18,1,69,1,B,Online,1375.85,1407.86,96.31,27.52,133.91,321746,11515.13,1,0.514,0.5,6,0,1,0,0.1061,New,10595.13,1,1,Upper Middle,321746,1000,4,2,Credit Card,1,Social Media,2,329339,100366,706,1,1,6,1375.85,229.3083333333333,0.16666666666666666,0.3333333333333333,0.16666666666666666,1.0,1375.85,-5.203905086382152,new,10595.13,68.79,0.1,5,0.5419761442289159,-9411.9,-8875.806351632145,-8875.806351632145,-9411.9,-8875.806351632145,0
500469,CUST000469,2021,2021-06-22,2021-10-31,Rental,CA,B,92101,42.53,Y,Standard,Masonry,Shingle,1893,1,35,0,73,0,C,Online,4331.58,4498.94,303.21,86.63,266.92,698853,0.0,0,1.036,1.0,12,1,1,0,0.1132,New,0.0,1,1,Low,698853,1000,4,0,Auto Debit,0,Social Media,3,708257,37866,673,1,0,12,4331.58,360.965,0.0,0.0,0.08333333333333333,1.0,4331.58,2.1166737889558784,new,0.0,216.58,0.1,5,0.8337971448217455,3725.16,8748.245180458625,8748.245180458625,3725.16,8748.245180458625,1
500470,CUST000470,2021,2021-10-21,2022-05-31,Home,CA,A,94105,41.98,N,Basic,Masonry,Tile,1871,1,52,1,56,1,C,Broker,2696.58,2337.97,188.76,404.49,193.35,475860,0.0,0,0.884,1.0,12,0,0,0,0.072,New,0.0,1,1,Middle,475860,5000,3,0,Auto Debit,1,Agent Referral,7,640609,63672,630,1,1,12,2696.58,224.715,0.0,0.0,0.08333333333333333,1.0,2696.58,1.7315281792791266,new,0.0,134.83,0.1,5,0.7367560421491469,1968.5,3454.479793574983,3454.479793574983,1968.5,3454.479793574983,0
500471,CUST000471,2021,2021-09-25,2021-09-30,Condo,NY,B,11201,31.18,N,Premium,Mixed,Shingle,1372,1,11,0,66,0,B,Broker,1975.11,1847.99,138.26,296.27,160.88,553510,0.0,0,0.928,1.0,12,1,0,0,0.0453,New,0.0,1,1,Low,553510,500,5,0,Debit Card,0,Aggregator,9,587239,43746,696,1,0,12,1975.11,164.5925,0.0,0.0,0.08333333333333333,1.0,1975.11,2.1166737889558784,new,0.0,98.76,0.1,5,0.8693242763946241,1441.82,3758.5573160137287,3758.5573160137287,1441.82,3758.5573160137287,0
500472,CUST000472,2021,2021-11-09,2022-01-31,Condo,NY,B,12207,34.94,N,Premium,Frame,Shingle,1549,1,30,1,58,1,B,Independent,2827.21,2822.35,197.9,339.26,199.22,663092,0.0,0,0.964,1.0,12,0,0,0,0.0403,New,0.0,1,1,Middle,663092,500,4,0,Credit Card,3,Online Search,8,674882,51224,682,1,3,12,2827.21,235.60083333333333,0.0,0.0,0.08333333333333333,1.0,2827.21,0.9612369599256232,new,0.0,141.36,0.1,5,0.79901585215306,2148.69,4550.628212642539,4550.628212642539,2148.69,4550.628212642539,0
500473,CUST000473,2021,2021-02-03,2021-10-31,Home,CA,C,92101,37.21,Y,Standard,Masonry,Tile,2489,2,41,1,54,0,B,Broker,4443.64,4292.47,311.05,666.55,271.96,1026703,0.0,0,0.947,1.0,12,0,0,0,0.0574,New,0.0,1,1,Middle,1026703,500,4,0,Credit Card,1,Online Search,4,1037643,78622,715,1,1,12,4443.64,370.30333333333334,0.0,0.0,0.08333333333333333,1.0,4443.64,1.7315281792791266,new,0.0,222.18,0.1,5,0.8092136532766352,3243.86,7082.23362258354,7082.23362258354,3243.86,7082.23362258354,1
500474,CUST000474,2021,2021-09-11,2022-02-28,Home,CA,B,92101,41.71,Y,Premium,Mixed,Metal,2063,2,32,0,42,0,A,Independent,3683.46,3730.33,257.84,442.02,237.76,962761,0.0,0,1.011,1.0,12,1,0,0,0.0692,New,0.0,1,1,Upper Middle,962761,1000,4,0,Credit Card,0,Email Campaign,7,844472,101757,736,1,0,12,3683.46,306.955,0.0,0.0,0.08333333333333333,1.0,3683.46,2.1166737889558784,new,0.0,184.17,0.1,5,0.7868138938164715,2799.43,5716.127638925018,5716.127638925018,2799.43,5716.127638925018,1
500475,CUST000475,2021,2021-03-16,2021-09-30,Home,FL,D,33301,59.2,Y,Basic,Frame,Shingle,1752,1,18,1,23,1,D,Direct,3163.44,2844.75,268.89,94.9,214.35,333108,0.0,0,0.915,1.0,12,0,0,0,0.1088,New,0.0,1,1,Low,333108,5000,4,0,Auto Debit,0,Partner Referral,1,424671,28646,617,1,0,12,3163.44,263.62,0.0,0.0,0.08333333333333333,1.0,3163.44,2.1166737889558784,new,0.0,158.17,0.1,5,0.8124956122439876,2641.48,5823.68258425009,5823.68258425009,2641.48,5823.68258425009,1
500476,CUST000476,2021,2021-02-08,2021-10-31,Home,FL,A,33101,42.54,Y,Basic,Masonry,Tile,2154,1,0,1,43,0,A,Online,2057.45,1814.83,174.88,41.15,164.59,444204,0.0,0,0.866,1.0,12,0,0,0,0.0712,New,0.0,0,1,Middle,444204,1000,4,1,Bank Transfer,1,Partner Referral,10,550035,85411,783,1,1,12,2057.45,171.45416666666665,0.0,0.08333333333333333,0.0,1.0,2057.45,-1.4265059109945915,new,0.0,102.87,0.1,5,0.8295062228985627,1738.5499999999997,4031.378950220713,4031.378950220713,1738.5499999999997,4031.378950220713,0
500477,CUST000477,2021,2021-11-25,2021-12-31,Home,CA,B,94105,49.11,Y,Standard,Frame,Shingle,1979,2,13,0,65,0,B,Online,3810.12,3602.34,266.71,76.2,243.46,787846,0.0,0,0.909,1.0,12,0,0,0,0.0904,New,0.0,0,1,Upper Middle,787846,2000,4,1,Auto Debit,2,Social Media,4,805009,135636,728,1,2,12,3810.12,317.51,0.0,0.08333333333333333,0.0,1.0,3810.12,-1.8116515206713433,new,0.0,190.51,0.1,5,0.7477020262200431,3276.7,5945.226188954159,5945.226188954159,3276.7,5945.226188954159,1
500478,CUST000478,2021,2021-05-15,2022-03-31,Condo,NY,B,12207,31.85,Y,Premium,Masonry,Shingle,1449,2,38,0,48,0,B,Online,2273.49,2191.87,159.14,45.47,174.31,634928,45883.31,2,0.957,1.0,12,0,1,0,0.1117,New,44963.31,1,1,Upper Middle,634928,500,3,2,Credit Card,1,Social Media,2,598979,141123,723,1,1,12,2273.49,189.45749999999998,0.16666666666666666,0.16666666666666666,0.08333333333333333,1.0,2273.49,-1.056736743458396,new,44963.31,113.67,0.1,5,0.5261097777979059,-43008.1,-38440.598959793206,-38440.598959793206,-43008.1,-38440.598959793206,0
500479,CUST000479,2021,2021-07-24,2021-07-31,Home,CA,B,92101,52.64,N,Standard,Frame,Shingle,2777,3,49,1,43,0,A,Broker,4194.25,4088.83,293.6,629.14,260.74,845141,25473.2,1,0.974,1.0,12,1,0,0,0.0432,New,24553.2,0,1,Middle,845141,1000,3,0,Bank Transfer,1,Online Search,9,989378,60319,740,1,1,12,4194.25,349.5208333333333,0.08333333333333333,0.0,0.0,1.0,4194.25,-0.03237344962583011,new,24553.2,209.71,0.1,5,0.6078644046037928,-21491.399999999998,-25177.331478119748,-25177.331478119748,-21491.399999999998,-25177.331478119748,0
500480,CUST000480,2021,2021-11-08,2022-09-30,Home,TX,C,73301,34.7,N,Standard,Masonry,Metal,2192,2,21,1,42,0,B,Online,872.89,842.86,61.1,17.46,111.28,272012,0.0,0,0.973,1.0,12,0,0,0,0.0843,New,0.0,1,1,Upper Middle,272012,1500,5,0,Auto Debit,0,Agent Referral,11,329491,90433,686,1,0,12,872.89,72.74083333333333,0.0,0.0,0.08333333333333333,1.0,872.89,2.1166737889558784,new,0.0,43.64,0.1,5,0.8528225000972341,750.6899999999999,1864.558506455442,1864.558506455442,750.6899999999999,1864.558506455442,0
500481,CUST000481,2021,2021-10-04,2022-07-31,Home,CA,D,94105,27.45,N,Standard,Mixed,Metal,1657,2,23,0,65,0,C,Online,2518.06,2334.64,176.26,50.36,185.31,631206,0.0,0,0.931,1.0,12,0,1,0,0.1146,New,0.0,1,1,Middle,631206,500,4,0,Debit Card,1,Agent Referral,3,722040,85092,661,1,1,12,2518.06,209.83833333333334,0.0,0.0,0.08333333333333333,1.0,2518.06,1.7315281792791266,new,0.0,125.9,0.1,5,0.8350908952487164,2165.54,5105.07285810368,5105.07285810368,2165.54,5105.07285810368,0
500482,CUST000482,2021,2021-03-27,2021-09-30,Condo,TX,B,78701,31.89,Y,Premium,Frame,Shingle,1473,1,26,0,47,0,C,Independent,1109.51,984.56,77.67,133.14,121.93,234338,3820.55,1,0.912,1.0,12,0,0,0,0.0511,New,2900.55,1,1,Middle,234338,1000,4,0,Credit Card,3,Partner Referral,5,215863,88842,659,1,3,12,1109.51,92.45916666666666,0.08333333333333333,0.0,0.08333333333333333,1.0,1109.51,0.9612369599256232,new,2900.55,55.48,0.1,5,0.6079473266511215,-2057.3300000000004,-2410.8227073018506,-2410.8227073018506,-2057.3300000000004,-2410.8227073018506,0
500483,CUST000483,2021,2021-03-24,2021-10-31,Home,WA,C,98004,5.0,N,Premium,Masonry,Metal,2171,2,19,0,75,1,D,Online,2304.92,1918.73,161.34,46.1,175.72,705912,0.0,0,0.852,1.0,12,0,1,1,0.1244,New,0.0,1,1,Low,705912,500,5,0,Bank Transfer,7,Online Search,2,783437,34769,588,1,7,12,2304.92,192.07666666666668,0.0,0.0,0.08333333333333333,1.0,2304.92,-0.5793454787813836,new,0.0,115.25,0.1,5,0.9253912350491711,1982.23,6078.752017803379,6078.752017803379,1982.23,6078.752017803379,1
500484,CUST000484,2021,2021-12-13,2022-02-28,Home,WA,A,98004,22.98,Y,Standard,Masonry,Tile,1628,1,40,0,62,0,B,Independent,1505.09,1471.35,105.36,180.61,139.73,513738,0.0,0,0.985,1.0,12,0,1,0,0.1275,New,0.0,1,1,Middle,513738,2000,5,1,Credit Card,1,Online Search,10,529141,68361,687,1,1,12,1505.09,125.42416666666666,0.0,0.08333333333333333,0.08333333333333333,1.0,1505.09,0.33739571791036516,new,0.0,75.25,0.1,5,0.878461630926245,1143.87,3062.431127724659,3062.431127724659,1143.87,3062.431127724659,0
500485,CUST000485,2021,2021-12-08,2022-06-30,Home,FL,D,33601,39.3,Y,Basic,Masonry,Metal,2143,2,27,1,34,0,B,Independent,2182.37,2078.65,185.5,261.88,170.21,436363,0.0,0,0.936,1.0,12,0,1,0,0.0856,New,0.0,1,1,Upper Middle,436363,500,5,0,Debit Card,2,Partner Referral,10,569712,108714,694,1,2,12,2182.37,181.86416666666665,0.0,0.0,0.08333333333333333,1.0,2182.37,1.3463825696023748,new,0.0,109.12,0.1,5,0.902874653983481,1625.87,4672.574978574937,4672.574978574937,1625.87,4672.574978574937,0
500486,CUST000486,2021,2021-08-22,2021-12-31,Condo,FL,C,32801,63.79,N,Standard,Mixed,Tile,1456,2,35,0,40,0,A,Online,1570.11,1594.31,133.46,31.4,142.66,260333,0.0,0,1.018,1.0,12,1,1,0,0.1053,New,0.0,1,1,High,260333,500,5,0,Bank Transfer,1,Online Search,2,312517,238153,782,1,1,12,1570.11,130.8425,0.0,0.0,0.08333333333333333,1.0,1570.11,1.7315281792791266,new,0.0,78.51,0.1,5,0.8935011297155603,1326.7399999999998,3710.7754947178455,3710.7754947178455,1326.7399999999998,3710.7754947178455,0
500487,CUST000487,2021,2021-12-14,2022-09-30,Condo,NY,A,12207,43.94,N,Standard,Masonry,Shingle,1458,1,21,1,45,0,C,Online,1877.74,1798.06,131.44,37.55,156.5,470340,0.0,0,0.963,1.0,12,0,1,1,0.1461,New,0.0,0,1,Middle,470340,5000,3,0,Credit Card,9,Online Search,5,537846,79652,635,1,9,12,1877.74,156.47833333333332,0.0,0.0,0.0,1.0,1877.74,-3.113538327039844,new,0.0,93.89,0.1,5,0.7080289466699966,1614.86,2594.696830299742,2594.696830299742,1614.86,2594.696830299742,0
500488,CUST000488,2021,2021-06-16,2021-09-30,Home,TX,D,79901,26.87,Y,Basic,Frame,Tile,2146,2,8,0,74,0,B,Independent,942.31,832.88,65.96,113.08,114.4,305385,0.0,0,0.899,1.0,12,1,1,0,0.0931,New,0.0,1,1,Middle,305385,1000,3,0,Auto Debit,0,Online Search,1,374793,76929,702,1,0,12,942.31,78.52583333333332,0.0,0.0,0.08333333333333333,1.0,942.31,2.1166737889558784,new,0.0,47.12,0.1,5,0.6808645161561949,716.1499999999999,1057.6556581829268,1057.6556581829268,716.1499999999999,1057.6556581829268,0
500489,CUST000489,2021,2021-12-24,2022-04-30,Home,TX,A,79901,39.36,N,Basic,Mixed,Shingle,1481,3,25,0,74,0,A,Independent,572.61,532.59,40.08,68.71,97.77,159841,4314.02,1,0.934,1.0,12,0,0,0,0.0502,New,3394.02,0,1,Middle,159841,1000,4,0,Bank Transfer,2,Agent Referral,7,222026,77813,736,1,2,12,572.61,47.7175,0.08333333333333333,0.0,0.0,1.0,572.61,-0.4175190593025818,new,3394.02,28.63,0.1,5,0.3891015402678602,-2958.83,-1610.5106159097543,-1610.5106159097543,-2958.83,-1610.5106159097543,0
500490,CUST000490,2021,2021-04-17,2021-06-30,Home,CA,A,95814,61.43,Y,Basic,Frame,Shingle,1882,2,26,1,53,0,A,Independent,3429.2,3522.97,240.04,411.5,226.31,753921,0.0,0,1.006,1.0,12,0,1,0,0.0928,New,0.0,1,1,Upper Middle,753921,1000,4,0,Credit Card,2,Agent Referral,2,910007,105922,740,1,2,12,3429.2,285.76666666666665,0.0,0.0,0.08333333333333333,1.0,3429.2,1.3463825696023748,new,0.0,171.46,0.1,5,0.8266783038499431,2606.2,5992.927284270736,5992.927284270736,2606.2,5992.927284270736,1
500491,CUST000491,2021,2021-08-19,2022-03-31,Condo,WA,B,98004,38.47,N,Standard,Masonry,Shingle,1328,1,25,1,24,0,C,Online,1371.08,1285.9,95.98,27.42,133.7,342249,0.0,0,0.938,1.0,12,1,0,0,0.0712,New,0.0,1,1,High,342249,1000,4,0,Debit Card,1,Email Campaign,2,426958,169571,644,1,1,12,1371.08,114.25666666666666,0.0,0.0,0.08333333333333333,1.0,1371.08,1.7315281792791266,new,0.0,68.55,0.1,5,0.7691247319955435,1179.1299999999999,2282.8542896595836,2282.8542896595836,1179.1299999999999,2282.8542896595836,0
500492,CUST000492,2021,2021-01-11,2021-04-30,Home,WA,B,98101,19.8,N,Premium,Mixed,Metal,2516,1,49,0,37,1,A,Independent,1974.2,1798.12,138.19,236.9,160.84,761943,0.0,0,0.885,1.0,12,0,0,0,0.0756,New,0.0,1,1,High,761943,2000,5,0,Credit Card,3,Agent Referral,8,781175,180188,785,1,3,12,1974.2,164.51666666666668,0.0,0.0,0.08333333333333333,1.0,1974.2,0.9612369599256232,new,0.0,98.71,0.1,5,0.9091059378062388,1500.3999999999999,4390.337387272171,4390.337387272171,1500.3999999999999,4390.337387272171,0
500493,CUST000493,2021,2021-08-23,2021-12-31,Home,TX,B,78701,13.96,N,Standard,Masonry,Metal,2058,2,5,1,24,0,C,Broker,726.56,654.73,50.86,108.98,104.7,249407,0.0,0,0.942,1.0,12,1,1,1,0.1335,New,0.0,1,1,Upper Middle,249407,2000,4,0,Credit Card,5,Online Search,2,293752,90776,649,1,5,12,726.56,60.54666666666666,0.0,0.0,0.08333333333333333,1.0,726.56,0.19094574057211977,new,0.0,36.33,0.1,5,0.8734780557373059,530.3899999999999,1399.5017371237382,1399.5017371237382,530.3899999999999,1399.5017371237382,0
500494,CUST000494,2021,2021-10-17,2022-08-31,Home,TX,A,79901,56.03,N,Standard,Frame,Shingle,2762,1,32,1,45,0,D,Independent,2015.16,1996.95,141.06,241.82,162.68,343699,0.0,0,0.971,1.0,12,0,0,1,0.0981,New,0.0,0,1,Low,343699,2000,3,0,Credit Card,8,Aggregator,1,424771,31201,594,1,8,12,2015.16,167.93,0.0,0.0,0.0,1.0,2015.16,-2.728392717363092,new,0.0,100.76,0.1,5,0.5963647452525317,1531.5200000000002,1728.5634556448997,1728.5634556448997,1531.5200000000002,1728.5634556448997,0
500495,CUST000495,2021,2021-03-16,2022-01-31,Condo,CA,C,94105,55.67,N,Basic,Frame,Tile,1266,1,42,1,23,0,D,Independent,2269.19,2287.29,158.84,272.3,174.11,348472,0.0,0,1.023,1.0,12,0,0,0,0.051,New,0.0,1,1,Middle,348472,1000,4,0,Auto Debit,1,Online Search,9,486712,56258,561,1,1,12,2269.19,189.09916666666666,0.0,0.0,0.08333333333333333,1.0,2269.19,1.7315281792791266,new,0.0,113.46,0.1,5,0.8184205768445878,1724.59,3869.7542697851113,3869.7542697851113,1724.59,3869.7542697851113,0
500496,CUST000496,2021,2021-03-19,2021-06-30,Home,CA,D,90001,51.96,N,Basic,Frame,Shingle,1640,1,39,1,49,2,C,Direct,2875.75,2994.74,201.3,86.27,201.41,439054,0.0,0,1.05,1.0,12,0,0,0,0.0811,New,0.0,0,1,Upper Middle,439054,1500,4,0,Debit Card,3,Agent Referral,3,634961,104767,659,1,3,12,2875.75,239.64583333333334,0.0,0.0,0.0,1.0,2875.75,-0.8026646689793335,new,0.0,143.79,0.1,5,0.7881713433538693,2444.39,5011.537472887856,5011.537472887856,2444.39,5011.537472887856,0
500497,CUST000497,2021,2021-01-15,2021-07-31,Home,CA,B,90001,46.22,N,Standard,Masonry,Shingle,2055,1,43,1,47,0,D,Online,5263.71,4734.83,368.46,105.27,308.87,782082,0.0,0,0.452,0.5,6,0,0,1,0.0969,New,0.0,1,1,Upper Middle,782082,2500,4,0,Auto Debit,6,Online Search,2,932793,117545,616,1,6,6,5263.71,877.285,0.0,0.0,0.16666666666666666,1.0,5263.71,-1.5531032892908638,new,0.0,263.19,0.1,5,0.8307189834480021,4526.79,10534.519690576928,10534.519690576928,4526.79,10534.519690576928,1
500498,CUST000498,2021,2021-01-10,2021-03-31,Home,NY,B,12207,24.58,Y,Basic,Mixed,Metal,1947,2,48,1,66,0,B,Online,2391.37,2222.22,167.4,47.83,179.61,749253,0.0,0,0.948,1.0,12,0,0,0,0.0852,New,0.0,1,1,Upper Middle,749253,1000,5,0,Credit Card,4,Partner Referral,8,920356,94966,727,1,4,12,2391.37,199.28083333333333,0.0,0.0,0.08333333333333333,1.0,2391.37,0.5760913502488715,new,0.0,119.57,0.1,5,0.8519149681827803,2056.5699999999997,5094.49504933546,5094.49504933546,2056.5699999999997,5094.49504933546,0
500499,CUST000499,2021,2021-11-01,2022-02-28,Rental,WA,D,99201,20.37,Y,Standard,Masonry,Shingle,1982,2,22,1,65,0,B,Independent,1810.08,1750.26,126.71,217.21,153.45,607732,0.0,0,0.995,1.0,12,0,0,1,0.0775,New,0.0,1,1,Upper Middle,607732,5000,4,0,Credit Card,6,Social Media,12,639579,91704,684,1,6,12,1810.08,150.84,0.0,0.0,0.08333333333333333,1.0,1810.08,-0.19419986910463183,new,0.0,90.5,0.1,5,0.7910683893740234,1375.6599999999999,2845.001677191326,2845.001677191326,1375.6599999999999,2845.001677191326,0
500500,CUST000500,2021,2021-04-05,2021-12-31,Home,WA,D,99201,20.72,Y,Basic,Masonry,Metal,2196,2,48,0,50,0,B,Broker,1507.47,1500.03,105.52,226.12,139.84,481925,0.0,0,1.012,1.0,12,0,1,0,0.0812,New,0.0,1,1,Upper Middle,481925,1000,4,0,Credit Card,2,Online Search,6,615103,99279,685,1,2,12,1507.47,125.6225,0.0,0.0,0.08333333333333333,1.0,1507.47,1.3463825696023748,new,0.0,75.37,0.1,5,0.6943864187741664,1100.46,1695.077246830664,1695.077246830664,1100.46,1695.077246830664,0
500501,CUST000501,2021,2021-08-03,2022-06-30,Home,CA,B,92101,54.57,N,Standard,Frame,Shingle,1394,3,41,1,59,0,D,Broker,3673.38,3625.47,257.14,551.01,237.3,496506,79990.8,3,0.976,1.0,12,1,0,0,0.0587,New,78610.8,0,1,Middle,496506,500,3,0,Credit Card,2,Agent Referral,3,607922,56631,615,1,2,12,3673.38,306.115,0.25,0.0,0.0,1.0,3673.38,-0.4175190593025818,new,78610.8,183.67,0.1,5,0.35,-75929.23999999999,-35318.08929884787,-35318.08929884787,-75929.23999999999,-35318.08929884787,0
500502,CUST000502,2021,2021-10-15,2022-06-30,Home,FL,D,33101,49.63,N,Standard,Mixed,Tile,1684,1,29,1,44,1,D,Independent,2989.25,2686.29,254.09,358.71,206.52,332599,0.0,0,0.933,1.0,12,0,0,0,0.0412,New,0.0,1,1,Low,332599,1000,4,1,Credit Card,2,Partner Referral,5,399463,34550,604,1,2,12,2989.25,249.10416666666666,0.0,0.08333333333333333,0.08333333333333333,1.0,2989.25,-0.047749891766386554,new,0.0,149.46,0.1,5,0.8149593230396958,2226.99,4945.955911234537,4945.955911234537,2226.99,4945.955911234537,0
500503,CUST000503,2021,2021-09-07,2022-03-31,Home,NY,C,14604,19.56,Y,Standard,Mixed,Metal,1118,2,37,1,36,0,B,Independent,1436.3,1383.23,100.54,172.36,136.63,437491,0.0,0,0.941,1.0,12,1,0,0,0.0614,New,0.0,1,1,Upper Middle,437491,1500,5,0,Auto Debit,1,Aggregator,8,458453,111347,712,1,1,12,1436.3,119.69166666666666,0.0,0.0,0.08333333333333333,1.0,1436.3,1.7315281792791266,new,0.0,71.82,0.1,5,0.9035814291048576,1091.5800000000002,3143.502309642075,3143.502309642075,1091.5800000000002,3143.502309642075,0
500504,CUST000504,2021,2021-02-12,2021-11-30,Condo,CA,B,92101,50.58,N,Basic,Frame,Metal,1813,1,39,1,69,0,C,Broker,2841.0,2867.27,198.87,426.15,199.84,507600,0.0,0,1.018,1.0,12,0,0,0,0.0443,New,0.0,1,1,Middle,507600,1000,4,0,Credit Card,2,Email Campaign,10,740088,54347,656,1,2,12,2841.0,236.75,0.0,0.0,0.08333333333333333,1.0,2841.0,1.3463825696023748,new,0.0,142.05,0.1,5,0.818094601250447,2073.93,4649.12552077027,4649.12552077027,2073.93,4649.12552077027,0
500505,CUST000505,2021,2021-10-10,2021-11-30,Rental,CA,D,90001,35.67,Y,Basic,Masonry,Shingle,1903,2,45,0,49,0,C,Independent,3351.15,3406.57,234.58,402.14,222.8,596162,0.0,0,0.987,1.0,12,0,1,0,0.1088,New,0.0,1,1,Upper Middle,596162,500,4,0,Bank Transfer,1,Agent Referral,4,742211,120190,669,1,1,12,3351.15,279.2625,0.0,0.0,0.08333333333333333,1.0,3351.15,1.7315281792791266,new,0.0,167.56,0.1,5,0.8420065317631971,2546.8700000000003,6127.7769389650075,6127.7769389650075,2546.8700000000003,6127.7769389650075,1
500506,CUST000506,2021,2021-10-21,2022-04-30,Rental,NY,C,12207,45.97,N,Standard,Frame,Shingle,1383,2,38,1,26,0,A,Independent,1968.04,1892.34,137.76,236.17,160.56,510051,0.0,0,0.954,1.0,12,0,0,0,0.0641,New,0.0,1,1,Upper Middle,510051,1000,4,0,Bank Transfer,3,Online Search,10,617556,136849,820,1,3,12,1968.04,164.00333333333333,0.0,0.0,0.08333333333333333,1.0,1968.04,0.9612369599256232,new,0.0,98.4,0.1,5,0.878793502557727,1495.7099999999998,4008.2705008944863,4008.2705008944863,1495.7099999999998,4008.2705008944863,0
500507,CUST000507,2021,2021-12-05,2022-01-31,Home,FL,B,32801,53.1,Y,Premium,Mixed,Shingle,1860,1,15,0,63,1,B,Direct,3276.32,3469.44,278.49,98.29,219.43,481367,0.0,0,0.531,0.5,6,0,1,0,0.1233,New,0.0,1,1,Middle,481367,1500,4,0,Credit Card,1,Agent Referral,1,442133,65229,689,1,1,6,3276.32,546.0533333333334,0.0,0.0,0.16666666666666666,1.0,3276.32,0.3726247590928944,new,0.0,163.82,0.1,5,0.7873489976609928,2735.72,5595.012474547524,5595.012474547524,2735.72,5595.012474547524,1
500508,CUST000508,2021,2021-09-22,2022-02-28,Home,NY,D,11201,16.35,N,Basic,Mixed,Metal,1698,1,30,0,57,2,D,Independent,2123.41,2089.9,148.64,254.81,167.55,484671,0.0,0,0.957,1.0,12,1,0,1,0.0644,New,0.0,1,1,Middle,484671,500,3,0,Debit Card,8,Email Campaign,5,731671,82087,613,1,8,12,2123.41,176.95083333333332,0.0,0.0,0.08333333333333333,1.0,2123.41,-0.9644910884581352,new,0.0,106.17,0.1,5,0.8434653102122909,1613.79,3899.507388689704,3899.507388689704,1613.79,3899.507388689704,0
500509,CUST000509,2021,2021-11-16,2022-07-31,Condo,WA,B,99201,18.08,Y,Standard,Mixed,Tile,1455,1,23,1,48,0,B,Independent,1221.42,1217.27,85.5,146.57,126.96,443392,0.0,0,1.029,1.0,12,0,0,0,0.078,New,0.0,1,1,Middle,443392,2000,5,1,Debit Card,1,Agent Referral,12,461917,78353,708,1,1,12,1221.42,101.78500000000001,0.0,0.08333333333333333,0.08333333333333333,1.0,1221.42,0.33739571791036516,new,0.0,61.07,0.1,5,0.8583384348172016,928.2800000000001,2343.2792312740326,2343.2792312740326,928.2800000000001,2343.2792312740326,0
500510,CUST000510,2021,2021-09-11,2021-09-30,Home,FL,C,33301,63.88,Y,Basic,Masonry,Tile,850,2,18,1,41,0,B,Online,1150.82,1096.0,97.82,23.02,123.79,184606,7036.84,1,0.935,1.0,12,1,0,0,0.1159,New,5196.84,1,1,Middle,184606,2000,4,0,Debit Card,1,Social Media,6,229467,65170,716,1,1,12,1150.82,95.90166666666666,0.08333333333333333,0.0,0.08333333333333333,1.0,1150.82,1.7315281792791266,new,5196.84,57.54,0.1,5,0.545477372785362,-4224.400000000001,-4030.885394664792,-4030.885394664792,-4224.400000000001,-4030.885394664792,0
500511,CUST000511,2021,2021-11-27,2022-04-30,Condo,WA,D,98101,30.63,N,Basic,Mixed,Shingle,1782,2,30,0,43,0,A,Direct,1076.62,1054.95,75.36,32.3,120.45,378814,0.0,0,0.495,0.5,6,0,1,0,0.1466,New,0.0,1,1,High,378814,2500,5,0,Credit Card,2,Agent Referral,10,540807,173886,806,1,2,6,1076.62,179.43666666666664,0.0,0.0,0.16666666666666666,1.0,1076.62,-0.012520850583857324,new,0.0,53.83,0.1,5,0.9402714365961226,915.1299999999999,2928.6594030643937,2928.6594030643937,915.1299999999999,2928.6594030643937,0
500512,CUST000512,2021,2021-01-10,2021-01-31,Home,FL,D,33301,47.22,N,Premium,Frame,Metal,2044,2,33,1,40,1,D,Direct,3321.74,3454.2,282.35,99.65,221.48,433063,2927.84,1,1.042,1.0,12,0,1,1,0.1109,New,2007.84,1,1,Middle,433063,1000,3,1,Bank Transfer,10,Partner Referral,8,444023,57003,602,1,10,12,3321.74,276.81166666666667,0.08333333333333333,0.08333333333333333,0.08333333333333333,1.0,3321.74,-3.1289147691804002,new,2007.84,166.09,0.1,5,0.5608954365804609,765.8099999999997,769.2996444758533,769.2996444758533,765.8099999999997,769.2996444758533,0
500513,CUST000513,2021,2021-06-17,2021-11-30,Home,FL,A,33101,76.0,Y,Premium,Frame,Shingle,1902,1,49,1,67,0,D,Independent,5186.38,4583.02,440.84,622.37,305.39,484413,0.0,0,0.907,1.0,12,1,0,1,0.0567,New,0.0,0,1,Middle,484413,1000,4,0,Debit Card,7,Online Search,8,451667,70745,552,1,7,12,5186.38,432.1983333333333,0.0,0.0,0.0,1.0,5186.38,-2.34324710768634,new,0.0,259.32,0.1,5,0.4511404969712001,3863.85,2655.29344382773,2655.29344382773,3863.85,2655.29344382773,0
500514,CUST000514,2021,2021-11-19,2022-06-30,Home,TX,D,79901,29.28,N,Standard,Mixed,Tile,1402,2,40,1,38,0,D,Broker,860.37,807.56,60.23,129.05,110.72,163070,0.0,0,0.941,1.0,12,0,0,0,0.047,New,0.0,1,1,Low,163070,500,4,1,Debit Card,3,Agent Referral,3,191246,39335,579,1,3,12,860.37,71.6975,0.0,0.08333333333333333,0.08333333333333333,1.0,860.37,-0.43289550144313826,new,0.0,43.02,0.1,5,0.7399155004355156,628.0699999999999,1112.863802659506,1112.863802659506,628.0699999999999,1112.863802659506,0
500515,CUST000515,2021,2021-11-02,2021-11-30,Home,FL,C,32801,48.95,Y,Standard,Masonry,Tile,1655,2,8,0,44,0,B,Online,2564.78,2568.79,218.01,51.3,187.42,419346,0.0,0,1.01,1.0,12,0,0,0,0.0817,New,0.0,1,1,Middle,419346,1000,4,0,Bank Transfer,5,Email Campaign,7,451548,71010,681,1,5,12,2564.78,213.73166666666668,0.0,0.0,0.08333333333333333,1.0,2564.78,0.19094574057211977,new,0.0,128.24,0.1,5,0.8108060402869068,2167.2300000000005,4754.14053269419,4754.14053269419,2167.2300000000005,4754.14053269419,0
500516,CUST000516,2021,2021-02-22,2021-05-31,Rental,FL,A,32801,66.69,N,Standard,Frame,Tile,1448,1,36,1,44,0,C,Online,2123.61,1986.12,180.51,42.47,167.56,295376,0.0,0,0.934,1.0,12,0,1,0,0.1512,New,0.0,1,1,Low,295376,2000,5,0,Bank Transfer,1,Agent Referral,6,346407,43626,676,1,1,12,2123.61,176.9675,0.0,0.0,0.08333333333333333,1.0,2123.61,1.7315281792791266,new,0.0,106.18,0.1,5,0.8131921924668863,1794.45,3964.437200353352,3964.437200353352,1794.45,3964.437200353352,0
500517,CUST000517,2021,2021-08-21,2021-12-31,Condo,TX,A,79901,31.24,N,Basic,Masonry,Shingle,1362,1,22,0,42,0,B,Direct,450.0,464.17,31.5,13.5,92.25,118154,3345.98,1,0.987,1.0,12,1,1,0,0.1013,New,2425.98,1,1,Middle,118154,1000,5,1,Credit Card,3,Agent Referral,1,169422,65940,692,1,3,12,450.0,37.5,0.08333333333333333,0.08333333333333333,0.08333333333333333,1.0,450.0,-0.43289550144313826,new,2425.98,22.5,0.1,5,0.8498233334471587,-2043.48,-5031.048484725343,-5031.048484725343,-2043.48,-5031.048484725343,0
500518,CUST000518,2021,2021-06-05,2021-06-30,Condo,CA,A,94105,56.21,Y,Standard,Mixed,Tile,1282,1,48,0,61,1,A,Direct,2254.8,2177.97,157.84,67.64,173.47,477337,0.0,0,0.98,1.0,12,1,1,0,0.1139,New,0.0,0,1,Upper Middle,477337,1500,5,0,Bank Transfer,3,Online Search,3,499131,111728,748,1,3,12,2254.8,187.9,0.0,0.0,0.0,1.0,2254.8,-0.8026646689793335,new,0.0,112.74,0.1,5,0.5931012980858471,1916.58,2140.31964422037,2140.31964422037,1916.58,2140.31964422037,0
500519,CUST000519,2021,2021-10-14,2022-03-31,Home,NY,C,10001,25.73,N,Basic,Mixed,Metal,1737,1,24,0,79,0,C,Independent,2078.6,2119.33,145.5,249.43,165.54,590695,0.0,0,0.97,1.0,12,0,1,0,0.1058,New,0.0,1,1,Middle,590695,1000,4,0,Auto Debit,2,Aggregator,11,813420,67496,629,1,2,12,2078.6,173.21666666666667,0.0,0.0,0.08333333333333333,1.0,2078.6,1.3463825696023748,new,0.0,103.93,0.1,5,0.8443341830979276,1579.7399999999998,3827.010823710681,3827.010823710681,1579.7399999999998,3827.010823710681,0
500520,CUST000520,2021,2021-05-06,2021-12-31,Condo,WA,B,99201,28.19,Y,Standard,Mixed,Tile,1685,1,21,0,54,1,D,Independent,1966.13,1751.25,137.63,235.94,160.48,459105,0.0,0,0.876,1.0,12,0,0,0,0.0873,New,0.0,1,1,Upper Middle,459105,2500,3,1,Debit Card,4,Agent Referral,9,471390,90191,613,1,4,12,1966.13,163.84416666666667,0.0,0.08333333333333333,0.08333333333333333,1.0,1966.13,-0.81804111111989,new,0.0,98.31,0.1,5,0.7331825715021717,1494.25,2593.7570081681083,2593.7570081681083,1494.25,2593.7570081681083,0
500521,CUST000521,2021,2021-05-24,2021-09-30,Rental,NY,D,14604,22.73,Y,Basic,Masonry,Tile,1753,1,34,0,70,0,C,Direct,2664.93,2367.15,186.55,79.95,191.92,631288,0.0,0,0.872,1.0,12,0,0,0,0.0799,New,0.0,1,1,Low,631288,1000,4,2,Credit Card,2,Email Campaign,7,810718,49184,652,1,2,12,2664.93,222.0775,0.0,0.16666666666666666,0.08333333333333333,1.0,2664.93,-1.441882353135148,new,0.0,133.25,0.1,5,0.8143510502035423,2265.18,5021.684364585615,5021.684364585615,2265.18,5021.684364585615,0
500522,CUST000522,2021,2021-06-04,2022-04-30,Home,CA,C,90001,63.37,N,Basic,Frame,Tile,1247,1,30,0,70,0,C,Broker,2155.5,1864.11,150.88,323.32,169.0,373730,0.0,0,0.895,1.0,12,1,1,1,0.1074,New,0.0,0,1,Upper Middle,373730,1500,3,0,Credit Card,6,Partner Referral,7,532233,94360,638,1,6,12,2155.5,179.625,0.0,0.0,0.0,1.0,2155.5,-1.9581014980095888,new,0.0,107.78,0.1,5,0.37307432147633074,1573.52,803.9412116255546,803.9412116255546,1573.52,803.9412116255546,0
500523,CUST000523,2021,2021-05-06,2021-08-31,Home,TX,C,73301,21.46,N,Basic,Masonry,Tile,2741,2,9,0,49,1,C,Direct,1157.47,1099.75,81.02,34.72,124.09,285610,0.0,0,0.973,1.0,12,0,0,0,0.0636,New,0.0,0,1,Middle,285610,1000,5,1,Auto Debit,1,Online Search,3,419211,83003,643,1,1,12,1157.47,96.45583333333333,0.0,0.08333333333333333,0.0,1.0,1157.47,-1.4265059109945915,new,0.0,57.87,0.1,5,0.8709395581483608,983.86,2576.871689882186,2576.871689882186,983.86,2576.871689882186,0
500524,CUST000524,2021,2021-06-07,2021-12-31,Home,TX,B,77001,44.12,N,Standard,Frame,Shingle,1133,3,63,1,40,1,C,Independent,693.38,673.0,48.54,83.21,103.2,137880,0.0,0,0.974,1.0,12,1,1,0,0.1138,New,0.0,1,1,Middle,137880,5000,5,0,Auto Debit,0,Partner Referral,4,159787,71154,667,1,0,12,693.38,57.781666666666666,0.0,0.0,0.08333333333333333,1.0,693.38,2.1166737889558784,new,0.0,34.67,0.1,5,0.8737761999244494,526.96,1391.661541216153,1391.661541216153,526.96,1391.661541216153,0
500525,CUST000525,2021,2021-02-11,2021-11-30,Home,NY,C,14604,24.71,N,Basic,Frame,Metal,2585,2,14,0,53,0,B,Online,2534.86,2463.34,177.44,50.7,186.07,873058,0.0,0,0.96,1.0,12,0,0,0,0.0836,New,0.0,0,1,Middle,873058,500,4,2,Bank Transfer,2,Partner Referral,6,1231121,78086,705,1,2,12,2534.86,211.23833333333334,0.0,0.16666666666666666,0.0,1.0,2534.86,-3.2057839820401046,new,0.0,126.74,0.1,5,0.7839881841221734,2179.9800000000005,4413.687034866958,4413.687034866958,2179.9800000000005,4413.687034866958,0
500526,CUST000526,2021,2021-02-05,2021-09-30,Rental,CA,D,94105,38.93,N,Basic,Masonry,Tile,2560,1,45,1,56,0,B,Broker,3527.22,3412.67,246.91,529.08,230.72,702980,15666.0,1,0.983,1.0,12,0,1,0,0.0813,New,15206.0,1,1,Middle,702980,500,4,0,Auto Debit,0,Social Media,1,1012991,74319,726,1,0,12,3527.22,293.935,0.08333333333333333,0.0,0.08333333333333333,1.0,3527.22,2.1166737889558784,new,15206.0,176.36,0.1,5,0.5703853776697048,-12631.130000000001,-13093.546974071916,-13093.546974071916,-12631.130000000001,-13093.546974071916,0
500527,CUST000527,2021,2021-09-21,2022-04-30,Home,NY,A,12207,37.62,N,Basic,Masonry,Shingle,2863,1,26,1,23,0,D,Independent,5063.06,5256.74,354.41,607.57,299.84,1002151,0.0,0,1.039,1.0,12,1,1,1,0.0988,New,0.0,1,1,Middle,1002151,1000,5,0,Auto Debit,1,Agent Referral,6,1312354,74176,585,1,1,12,5063.06,421.9216666666667,0.0,0.0,0.08333333333333333,1.0,5063.06,1.7315281792791266,new,0.0,253.15,0.1,5,0.8931864716625916,3847.9300000000007,10752.503960132197,10752.503960132197,3847.9300000000007,10752.503960132197,1
500528,CUST000528,2021,2021-04-06,2021-12-31,Condo,TX,B,77001,40.68,Y,Standard,Mixed,Shingle,1376,1,39,0,47,0,B,Independent,911.9,884.71,63.83,109.43,113.04,197150,0.0,0,0.975,1.0,12,0,0,0,0.0493,New,0.0,1,1,Middle,197150,1500,4,0,Credit Card,0,Aggregator,12,208562,61552,716,1,0,12,911.9,75.99166666666666,0.0,0.0,0.08333333333333333,1.0,911.9,2.1166737889558784,new,0.0,45.6,0.1,5,0.7430938585484821,693.0399999999998,1239.9357340214224,1239.9357340214224,693.0399999999998,1239.9357340214224,0
500529,CUST000529,2021,2021-10-08,2022-01-31,Home,NY,B,11201,40.11,Y,Standard,Frame,Shingle,2119,2,26,0,76,1,B,Independent,3670.41,3321.68,256.93,440.45,237.17,902185,0.0,0,0.89,1.0,12,0,0,0,0.0767,New,0.0,0,1,Upper Middle,902185,2000,4,0,Auto Debit,2,Online Search,7,912454,97622,715,1,2,12,3670.41,305.8675,0.0,0.0,0.0,1.0,3670.41,-0.4175190593025818,new,0.0,183.52,0.1,5,0.792868644192569,2789.51,5800.171082159104,5800.171082159104,2789.51,5800.171082159104,1
500530,CUST000530,2021,2021-10-02,2021-11-30,Condo,CA,D,95814,50.93,N,Premium,Frame,Shingle,1544,1,19,0,25,0,A,Broker,3170.3,3100.19,221.92,475.54,214.66,670180,0.0,0,0.98,1.0,12,0,0,0,0.071,New,0.0,1,1,High,670180,2500,4,0,Credit Card,0,Online Search,10,685216,188632,801,1,0,12,3170.3,264.19166666666666,0.0,0.0,0.08333333333333333,1.0,3170.3,2.1166737889558784,new,0.0,158.52,0.1,5,0.8714089444946999,2314.32,6069.85384089344,6069.85384089344,2314.32,6069.85384089344,1
500531,CUST000531,2021,2021-07-04,2021-08-31,Home,NY,D,10001,18.73,N,Basic,Frame,Metal,2255,2,24,1,38,0,D,Online,3396.28,3166.01,237.74,67.93,224.83,798035,0.0,0,0.899,1.0,12,1,0,0,0.0781,New,0.0,1,1,Middle,798035,1000,4,0,Credit Card,1,Email Campaign,1,1140876,67438,611,1,1,12,3396.28,283.02333333333337,0.0,0.0,0.08333333333333333,1.0,3396.28,1.7315281792791266,new,0.0,169.81,0.1,5,0.7890391957004907,2920.8,6003.884439754353,6003.884439754353,2920.8,6003.884439754353,1
500532,CUST000532,2021,2021-09-19,2021-10-31,Home,FL,D,33601,51.13,Y,Basic,Frame,Tile,2410,2,30,1,35,1,C,Broker,3642.21,3148.16,309.59,546.33,235.9,462305,0.0,0,0.897,1.0,12,1,0,0,0.056,New,0.0,1,1,Upper Middle,462305,1000,5,0,Debit Card,0,Partner Referral,4,581305,90039,666,1,0,12,3642.21,303.5175,0.0,0.0,0.08333333333333333,1.0,3642.21,2.1166737889558784,new,0.0,182.11,0.1,5,0.8740859619396383,2604.18,6883.661763882468,6883.661763882468,2604.18,6883.661763882468,1
500533,CUST000533,2021,2021-06-09,2021-06-30,Home,TX,D,77001,19.29,Y,Standard,Mixed,Tile,2087,3,17,1,61,0,C,Independent,1283.99,1259.64,89.88,154.08,129.78,337245,0.0,0,0.972,1.0,12,1,0,0,0.0425,New,0.0,1,1,Low,337245,1000,4,2,Debit Card,2,Online Search,4,340618,34075,640,1,2,12,1283.99,106.99916666666667,0.0,0.16666666666666666,0.08333333333333333,1.0,1283.99,-1.441882353135148,new,0.0,64.2,0.1,5,0.7781106740236969,975.8300000000002,1941.1123425925828,1941.1123425925828,975.8300000000002,1941.1123425925828,0
500534,CUST000534,2021,2021-12-27,2022-05-31,Home,CA,D,95814,48.4,N,Standard,Mixed,Tile,1971,2,24,1,45,0,C,Independent,4009.84,3614.98,280.69,481.18,252.44,681322,0.0,0,0.903,1.0,12,0,0,0,0.0439,New,0.0,1,1,Low,681322,1000,4,0,Debit Card,1,Aggregator,10,823239,29539,635,1,1,12,4009.84,334.15333333333336,0.0,0.0,0.08333333333333333,1.0,4009.84,1.7315281792791266,new,0.0,200.49,0.1,5,0.8456266292430697,3047.4800000000005,7410.841223749736,7410.841223749736,3047.4800000000005,7410.841223749736,1
500535,CUST000535,2021,2021-05-02,2022-02-28,Rental,TX,C,73301,37.81,Y,Premium,Masonry,Tile,1794,2,24,1,43,0,B,Online,1115.88,1073.9,78.11,22.32,122.21,267031,0.0,0,0.484,0.5,6,0,0,0,0.0786,New,0.0,0,1,Upper Middle,267031,1000,4,0,Credit Card,4,Partner Referral,7,247636,119322,715,1,4,6,1115.88,185.98000000000002,0.0,0.0,0.0,1.0,1115.88,-4.310615327747275,new,0.0,55.79,0.1,5,0.7946426911273947,959.6600000000002,2006.0247251043722,2006.0247251043722,959.6600000000002,2006.0247251043722,0
500536,CUST000536,2021,2021-02-06,2021-05-31,Home,FL,B,33301,43.65,N,Standard,Masonry,Metal,1492,2,15,1,56,0,D,Independent,2121.83,2067.0,180.36,254.62,167.48,276825,15686.83,1,0.979,1.0,12,0,0,1,0.0626,New,14766.83,1,1,Low,276825,1000,3,1,Credit Card,9,Online Search,6,317178,26719,594,1,9,12,2121.83,176.81916666666666,0.08333333333333333,0.08333333333333333,0.08333333333333333,1.0,2121.83,-2.7437691595036484,new,14766.83,106.09,0.1,5,0.5622397699783824,-13186.070000000002,-13305.374999196156,-13305.374999196156,-13186.070000000002,-13305.374999196156,0
500537,CUST000537,2021,2021-03-10,2021-06-30,Condo,CA,B,94105,64.81,Y,Standard,Frame,Shingle,1405,1,32,1,49,0,B,Online,3160.51,3004.46,221.24,63.21,214.22,558733,70085.59,2,0.943,1.0,12,0,0,0,0.0811,New,69165.59,0,1,Upper Middle,558733,500,4,1,Debit Card,2,Online Search,5,565101,102126,685,1,2,12,3160.51,263.37583333333333,0.16666666666666666,0.08333333333333333,0.0,1.0,3160.51,-1.8116515206713433,new,69165.59,158.03,0.1,5,0.35,-66447.56000000001,-30907.735383240393,-30907.735383240393,-66447.56000000001,-30907.735383240393,0
500538,CUST000538,2021,2021-06-26,2021-07-31,Home,TX,A,73301,32.86,Y,Standard,Masonry,Tile,1516,2,6,1,51,0,C,Online,846.61,874.64,59.26,16.93,110.1,229614,0.0,0,1.041,1.0,12,1,0,1,0.0657,New,0.0,0,1,Middle,229614,1000,4,0,Credit Card,8,Partner Referral,4,232670,65617,642,1,8,12,846.61,70.55083333333333,0.0,0.0,0.0,1.0,846.61,-2.728392717363092,new,0.0,42.33,0.1,5,0.7238091520219082,728.09,1228.074312025664,1228.074312025664,728.09,1228.074312025664,0
500539,CUST000539,2021,2021-04-09,2022-01-31,Home,WA,D,99201,20.67,N,Basic,Frame,Shingle,2199,1,18,0,69,1,C,Direct,1725.12,1772.06,120.76,51.75,149.63,464669,0.0,0,1.001,1.0,12,0,0,0,0.0887,New,0.0,1,1,Low,464669,1000,4,1,Debit Card,3,Aggregator,5,657680,42537,656,1,3,12,1725.12,143.76,0.0,0.08333333333333333,0.08333333333333333,1.0,1725.12,-0.43289550144313826,new,0.0,86.26,0.1,5,0.7836740734867437,1466.35,2966.0400676488102,2966.0400676488102,1466.35,2966.0400676488102,0
500540,CUST000540,2021,2021-03-13,2021-09-30,Home,NY,A,11201,28.83,Y,Standard,Masonry,Shingle,2060,2,20,1,33,1,C,Broker,3752.59,3606.68,262.68,562.89,240.87,946446,0.0,0,0.963,1.0,12,0,1,0,0.1191,New,0.0,0,1,Middle,946446,2500,4,1,Debit Card,1,Partner Referral,9,1011782,75992,648,1,1,12,3752.59,312.71583333333336,0.0,0.08333333333333333,0.0,1.0,3752.59,-1.4265059109945915,new,0.0,187.63,0.1,5,0.8049186377352398,2739.3900000000003,5904.7767536706315,5904.7767536706315,2739.3900000000003,5904.7767536706315,1
500541,CUST000541,2021,2021-02-12,2021-12-31,Home,NY,B,11201,27.74,N,Basic,Frame,Metal,2238,2,19,1,36,0,C,Broker,2934.86,2642.64,205.44,440.23,204.07,808473,0.0,0,0.907,1.0,12,0,1,0,0.1091,New,0.0,0,1,Upper Middle,808473,1000,4,0,Credit Card,3,Social Media,7,1144170,91263,667,1,3,12,2934.86,244.5716666666667,0.0,0.0,0.0,1.0,2934.86,-0.8026646689793335,new,0.0,146.74,0.1,5,0.8020183899694364,2142.45,4578.2810832332225,4578.2810832332225,2142.45,4578.2810832332225,0
500542,CUST000542,2021,2021-07-05,2021-09-30,Home,NY,A,10001,43.55,N,Standard,Mixed,Shingle,1689,1,45,1,38,0,A,Independent,2159.59,2248.19,151.17,259.15,169.18,574103,0.0,0,1.018,1.0,12,1,1,0,0.1101,New,0.0,1,1,Upper Middle,574103,2500,5,0,Debit Card,2,Partner Referral,7,681772,139369,751,1,2,12,2159.59,179.96583333333334,0.0,0.0,0.08333333333333333,1.0,2159.59,1.3463825696023748,new,0.0,107.98,0.1,5,0.8651025428645774,1641.29,4226.047898761535,4226.047898761535,1641.29,4226.047898761535,0
500543,CUST000543,2021,2021-12-15,2022-06-30,Rental,FL,D,32801,60.26,N,Standard,Frame,Metal,1539,1,32,1,65,0,C,Direct,2249.72,2233.61,191.23,67.49,173.24,302041,7496.72,1,0.506,0.5,6,0,1,0,0.1025,New,6576.72,1,1,Middle,302041,1000,3,1,Credit Card,5,Social Media,3,374970,77780,650,1,5,6,2249.72,374.9533333333333,0.16666666666666666,0.16666666666666666,0.16666666666666666,1.0,2249.72,-3.956222602351635,new,6576.72,112.49,0.1,5,0.456089612024047,-4698.209999999999,-3287.0199104429103,-3287.0199104429103,-4698.209999999999,-3287.0199104429103,0
500544,CUST000544,2021,2021-08-03,2021-11-30,Home,FL,B,32801,52.41,Y,Basic,Frame,Tile,1682,1,1,0,65,0,C,Independent,2376.35,2138.53,201.99,285.16,178.94,333784,0.0,0,0.92,1.0,12,1,0,0,0.0629,New,0.0,0,1,Middle,333784,500,4,0,Debit Card,1,Partner Referral,14,419062,80405,632,1,1,12,2376.35,198.02916666666667,0.0,0.0,0.0,1.0,2376.35,-0.03237344962583011,new,0.0,118.82,0.1,5,0.8108060402869068,1770.3799999999997,3883.5911814948763,3883.5911814948763,1770.3799999999997,3883.5911814948763,0
500545,CUST000545,2021,2021-05-23,2021-08-31,Home,CA,D,90001,44.02,N,Standard,Frame,Shingle,1829,2,30,1,43,2,D,Broker,4028.16,4497.8,281.97,604.22,253.27,594111,0.0,0,0.548,0.5,6,0,1,1,0.0858,New,0.0,1,1,Low,594111,500,4,0,Auto Debit,10,Partner Referral,6,688275,49643,602,1,10,6,4028.16,671.36,0.0,0.0,0.16666666666666666,1.0,4028.16,-3.093685727997871,new,0.0,201.41,0.1,5,0.789056429533024,2940.5599999999995,6044.814618870583,6044.814618870583,2940.5599999999995,6044.814618870583,1
500546,CUST000546,2021,2021-03-22,2022-01-31,Home,CA,A,95814,70.9,Y,Standard,Frame,Shingle,2229,2,51,1,47,0,C,Independent,5706.52,5271.08,399.46,684.78,328.79,791440,0.0,0,0.972,1.0,12,0,0,0,0.0526,New,0.0,1,1,Middle,791440,1000,3,0,Debit Card,2,Social Media,13,826688,53602,642,1,2,12,5706.52,475.54333333333335,0.0,0.0,0.08333333333333333,1.0,5706.52,1.3463825696023748,new,0.0,285.33,0.1,5,0.8994846955081759,4336.950000000001,12342.247679293374,12342.247679293374,4336.950000000001,12342.247679293374,1
500547,CUST000547,2021,2021-12-11,2022-04-30,Rental,WA,A,99201,19.78,Y,Basic,Masonry,Metal,1779,1,3,0,43,0,B,Broker,1363.94,1429.0,95.48,204.59,133.38,478079,0.0,0,1.025,1.0,12,0,0,0,0.0526,New,0.0,1,1,Upper Middle,478079,1000,4,0,Auto Debit,1,Email Campaign,4,624613,113681,703,1,1,12,1363.94,113.66166666666668,0.0,0.0,0.08333333333333333,1.0,1363.94,1.7315281792791266,new,0.0,68.2,0.1,5,0.753910342881394,995.6700000000001,1840.9289825659487,1840.9289825659487,995.6700000000001,1840.9289825659487,0
500548,CUST000548,2021,2021-01-11,2021-08-31,Condo,FL,C,33301,50.22,N,Premium,Mixed,Tile,1541,1,12,1,31,1,C,Independent,2486.06,2170.64,211.32,298.33,183.87,382297,0.0,0,0.888,1.0,12,0,1,0,0.1245,New,0.0,1,1,Low,382297,2000,5,0,Credit Card,0,Agent Referral,2,391597,36414,669,1,0,12,2486.06,207.17166666666665,0.0,0.0,0.08333333333333333,1.0,2486.06,2.1166737889558784,new,0.0,124.3,0.1,5,0.8784237274129513,1852.11,4958.0222293551,4958.0222293551,1852.11,4958.0222293551,0
500549,CUST000549,2021,2021-11-21,2022-03-31,Home,CA,B,94105,52.48,Y,Basic,Frame,Shingle,1942,2,6,1,60,1,C,Independent,4684.3,4350.56,327.9,562.12,282.79,765325,0.0,0,0.936,1.0,12,0,0,0,0.04,New,0.0,1,1,Upper Middle,765325,500,4,0,Debit Card,1,Aggregator,4,956505,94642,625,1,1,12,4684.3,390.35833333333335,0.0,0.0,0.08333333333333333,1.0,4684.3,1.7315281792791266,new,0.0,234.22,0.1,5,0.7964119633245972,3560.060000000001,7481.258424133038,7481.258424133038,3560.060000000001,7481.258424133038,1
500550,CUST000550,2021,2021-08-22,2021-08-31,Rental,TX,D,77001,32.08,Y,Standard,Masonry,Tile,1421,1,59,0,52,0,B,Independent,827.96,822.41,57.96,99.36,109.26,177721,0.0,0,1.001,1.0,12,1,0,0,0.0448,New,0.0,1,1,Middle,177721,1000,4,0,Debit Card,2,Agent Referral,9,182298,57787,686,1,2,12,827.96,68.99666666666667,0.0,0.0,0.08333333333333333,1.0,827.96,1.3463825696023748,new,0.0,41.4,0.1,5,0.7256742259235923,629.24,1067.4312208699157,1067.4312208699157,629.24,1067.4312208699157,0
500551,CUST000551,2021,2021-02-10,2021-12-31,Home,NY,D,10001,23.21,Y,Premium,Mixed,Metal,1517,2,29,0,71,1,B,Broker,2959.44,2654.79,207.16,443.92,205.17,910242,0.0,0,0.908,1.0,12,0,1,0,0.0801,New,0.0,1,1,Low,910242,1000,5,0,Debit Card,0,Online Search,7,823233,47996,695,1,0,12,2959.44,246.62,0.0,0.0,0.08333333333333333,1.0,2959.44,2.1166737889558784,new,0.0,147.97,0.1,5,0.8344151705705034,2160.3900000000003,5082.7776030281,5082.7776030281,2160.3900000000003,5082.7776030281,0
500552,CUST000552,2021,2021-10-24,2022-05-31,Condo,WA,B,98004,23.6,N,Standard,Frame,Tile,1116,1,19,0,63,1,A,Online,772.1,730.8,54.05,15.44,106.74,309116,10841.21,1,0.461,0.5,6,0,0,0,0.0673,New,9921.21,0,1,Upper Middle,309116,1000,4,2,Auto Debit,0,Agent Referral,2,376307,144756,754,1,0,6,772.1,128.68333333333334,0.16666666666666666,0.3333333333333333,0.0,1.0,772.1,-8.346562734515313,new,9921.21,38.61,0.1,5,0.35,-9257.21,-4305.94286783573,-4305.94286783573,-9257.21,-4305.94286783573,0
500553,CUST000553,2021,2021-01-04,2021-06-30,Condo,WA,C,98004,27.41,N,Premium,Mixed,Shingle,1490,2,27,0,45,0,B,Broker,1495.58,1408.56,104.69,224.34,139.3,425659,0.0,0,0.95,1.0,12,0,0,0,0.0726,New,0.0,0,1,Low,425659,2000,5,0,Auto Debit,1,Online Search,9,441975,49962,708,1,1,12,1495.58,124.63166666666666,0.0,0.0,0.0,1.0,1495.58,-0.03237344962583011,new,0.0,74.78,0.1,5,0.8300930468305661,1091.77,2536.013280280419,2536.013280280419,1091.77,2536.013280280419,0
500554,CUST000554,2021,2021-09-16,2022-05-31,Rental,FL,C,33301,63.31,Y,Standard,Masonry,Tile,1624,1,17,1,42,0,C,Direct,3390.59,3566.76,288.2,101.72,224.58,422077,0.0,0,1.05,1.0,12,1,0,0,0.0611,New,0.0,1,1,Middle,422077,500,4,0,Credit Card,0,Email Campaign,6,405724,56053,661,1,0,12,3390.59,282.5491666666667,0.0,0.0,0.08333333333333333,1.0,3390.59,2.1166737889558784,new,0.0,169.53,0.1,5,0.6462605876241759,2831.1400000000003,3750.137578332156,3750.137578332156,2831.1400000000003,3750.137578332156,0
500555,CUST000555,2021,2021-02-14,2021-08-31,Home,TX,B,79901,32.0,N,Standard,Frame,Tile,2249,1,0,1,33,0,C,Broker,1104.82,1124.94,77.34,165.72,121.72,313225,0.0,0,1.029,1.0,12,0,1,0,0.1233,New,0.0,1,1,Middle,313225,2000,3,0,Credit Card,3,Social Media,4,361869,63588,666,1,3,12,1104.82,92.06833333333333,0.0,0.0,0.08333333333333333,1.0,1104.82,0.9612369599256232,new,0.0,55.24,0.1,5,0.7027223515439704,806.52,1274.8124499929027,1274.8124499929027,806.52,1274.8124499929027,0
500556,CUST000556,2021,2021-09-25,2022-06-30,Condo,TX,C,77001,30.12,Y,Standard,Mixed,Metal,1302,1,20,1,48,0,C,Broker,831.73,790.23,58.22,124.76,109.43,196725,0.0,0,0.94,1.0,12,1,1,0,0.0845,New,0.0,1,1,Upper Middle,196725,1500,5,0,Debit Card,1,Partner Referral,11,191801,110027,646,1,1,12,831.73,69.31083333333333,0.0,0.0,0.08333333333333333,1.0,831.73,1.7315281792791266,new,0.0,41.59,0.1,5,0.9016008156967719,607.16,1738.4936895879223,1738.4936895879223,607.16,1738.4936895879223,0
500557,CUST000557,2021,2021-07-07,2021-08-31,Home,NY,B,12207,26.19,N,Standard,Mixed,Shingle,2565,1,31,0,73,0,C,Online,4305.32,4262.28,301.37,86.11,265.74,1105041,0.0,0,0.489,0.5,6,1,0,1,0.1004,New,0.0,0,1,Upper Middle,1105041,2000,3,0,Credit Card,5,Agent Referral,1,1293629,127854,632,1,5,6,4305.32,717.5533333333333,0.0,0.0,0.0,1.0,4305.32,-4.695760937424026,new,0.0,215.27,0.1,5,0.35,3702.5699999999997,1722.2310916747638,1722.2310916747638,3702.5699999999997,1722.2310916747638,0
500558,CUST000558,2021,2021-11-24,2022-02-28,Home,TX,B,73301,30.31,Y,Basic,Masonry,Shingle,1625,2,33,1,50,0,C,Broker,1066.93,1106.22,74.68,160.04,120.01,215020,0.0,0,0.515,0.5,6,0,0,1,0.0737,New,0.0,0,1,Middle,215020,2000,4,0,Auto Debit,1,Aggregator,6,263965,53476,671,1,1,6,1066.93,177.8216666666667,0.0,0.0,0.0,1.0,1066.93,-3.155178498717019,new,0.0,53.35,0.1,5,0.7462276809318029,778.86,1406.8360629998378,1406.8360629998378,778.86,1406.8360629998378,0
500559,CUST000559,2021,2021-10-02,2022-05-31,Rental,CA,C,90001,66.55,Y,Standard,Frame,Shingle,1896,1,33,1,35,0,B,Direct,5969.82,6226.24,417.89,179.09,340.64,909505,0.0,0,1.001,1.0,12,0,0,0,0.0615,New,0.0,1,1,Upper Middle,909505,1000,5,0,Auto Debit,2,Partner Referral,1,937662,102399,692,1,2,12,5969.82,497.48499999999996,0.0,0.0,0.08333333333333333,1.0,5969.82,1.3463825696023748,new,0.0,298.49,0.1,5,0.9186890927423996,5074.349999999999,15264.051341758512,15264.051341758512,5074.349999999999,15264.051341758512,1
500560,CUST000560,2021,2021-04-17,2021-05-31,Condo,TX,A,73301,47.23,N,Standard,Frame,Metal,1873,1,49,0,65,0,A,Direct,806.4,761.94,56.45,24.19,108.29,229522,46955.65,1,0.966,1.0,12,0,0,0,0.1118,New,42355.65,0,1,High,229522,5000,4,1,Credit Card,2,Online Search,5,271102,173400,733,1,2,12,806.4,67.2,0.08333333333333333,0.08333333333333333,0.0,1.0,806.4,-1.8116515206713433,new,42355.65,40.32,0.1,5,0.35,-41670.21,-19382.68047832092,-19382.68047832092,-41670.21,-19382.68047832092,0
500561,CUST000561,2021,2021-04-24,2021-11-30,Home,TX,D,78701,30.21,N,Premium,Masonry,Tile,2013,3,36,1,35,1,C,Broker,1156.32,1121.97,80.94,173.45,124.03,273211,11447.31,1,0.972,1.0,12,0,0,0,0.0913,New,9607.31,0,1,Middle,273211,2000,4,0,Bank Transfer,1,Agent Referral,6,297158,54396,677,1,1,12,1156.32,96.36,0.08333333333333333,0.0,0.0,1.0,1156.32,-0.03237344962583011,new,9607.31,57.82,0.1,5,0.4250895536208576,-8763.2,-5471.894996757854,-5471.894996757854,-8763.2,-5471.894996757854,0
500562,CUST000562,2021,2021-12-09,2022-07-31,Condo,NY,A,11201,53.95,Y,Standard,Frame,Shingle,1775,1,27,0,59,0,A,Online,3426.45,3514.42,239.85,68.53,226.19,836439,0.0,0,0.998,1.0,12,0,0,0,0.0788,New,0.0,1,1,Upper Middle,836439,1000,5,0,Debit Card,2,Online Search,1,867096,117689,730,1,2,12,3426.45,285.53749999999997,0.0,0.0,0.08333333333333333,1.0,3426.45,1.3463825696023748,new,0.0,171.32,0.1,5,0.8624089721219006,2946.7499999999995,7527.8034581826705,7527.8034581826705,2946.7499999999995,7527.8034581826705,1
500563,CUST000563,2021,2021-04-23,2021-04-30,Rental,NY,D,11201,33.43,N,Basic,Frame,Shingle,2000,1,48,1,44,0,C,Independent,2590.97,2471.03,181.37,310.92,188.59,566053,24375.07,1,0.967,1.0,12,0,0,0,0.0954,New,22535.07,1,1,Middle,566053,2000,4,0,Credit Card,1,Social Media,8,804037,78606,670,1,1,12,2590.97,215.91416666666666,0.08333333333333333,0.0,0.08333333333333333,1.0,2590.97,1.7315281792791266,new,22535.07,129.55,0.1,5,0.7000463180659973,-20565.939999999995,-32239.123666561558,-32239.123666561558,-20565.939999999995,-32239.123666561558,0
500564,CUST000564,2021,2021-11-05,2022-05-31,Home,FL,C,32801,56.97,N,Premium,Frame,Metal,1924,2,21,0,60,1,A,Direct,2366.58,2510.04,201.16,71.0,178.5,434940,0.0,0,1.047,1.0,12,0,0,0,0.1147,New,0.0,1,1,High,434940,2000,4,0,Credit Card,1,Aggregator,3,455189,158110,755,1,1,12,2366.58,197.215,0.0,0.0,0.08333333333333333,1.0,2366.58,1.7315281792791266,new,0.0,118.33,0.1,5,0.8449908260680598,1976.0900000000001,4796.456246552559,4796.456246552559,1976.0900000000001,4796.456246552559,0
500565,CUST000565,2021,2021-08-26,2021-08-31,Home,WA,D,98004,25.76,N,Basic,Mixed,Shingle,2301,2,39,0,63,0,B,Online,2071.81,1851.68,145.03,41.44,165.23,595661,0.0,0,0.889,1.0,12,1,1,0,0.1053,New,0.0,1,1,Middle,595661,500,4,0,Credit Card,4,Online Search,4,798268,54683,720,1,4,12,2071.81,172.65083333333334,0.0,0.0,0.08333333333333333,1.0,2071.81,0.5760913502488715,new,0.0,103.59,0.1,5,0.756891911946126,1781.75,3324.261640398573,3324.261640398573,1781.75,3324.261640398573,0
500566,CUST000566,2021,2021-11-27,2022-07-31,Condo,CA,A,90001,59.09,Y,Standard,Mixed,Shingle,1532,1,31,1,38,3,D,Direct,4208.62,4163.89,294.6,126.26,261.39,580938,15672.43,1,0.993,1.0,12,0,1,1,0.1233,New,14752.43,1,1,Middle,580938,1000,3,0,Auto Debit,1,Agent Referral,2,588588,65074,592,1,1,12,4208.62,350.7183333333333,0.08333333333333333,0.0,0.08333333333333333,1.0,4208.62,1.7315281792791266,new,14752.43,210.43,0.1,5,0.5537393255330598,-11175.100000000002,-10961.892505273612,-10961.892505273612,-11175.100000000002,-10961.892505273612,0
500567,CUST000567,2021,2021-04-12,2021-08-31,Home,FL,B,33101,46.27,Y,Basic,Frame,Tile,1490,1,0,1,35,0,B,Online,1669.11,1558.58,141.87,33.38,147.11,291715,0.0,0,0.466,0.5,6,0,0,0,0.0881,New,0.0,0,1,Middle,291715,500,3,1,Credit Card,3,Online Search,4,352489,50235,680,1,3,6,1669.11,278.185,0.0,0.16666666666666666,0.0,1.0,1669.11,-6.713734640808045,new,0.0,83.46,0.1,5,0.682669901830559,1410.3999999999996,2094.7323120003743,2094.7323120003743,1410.3999999999996,2094.7323120003743,0
500568,CUST000568,2021,2021-11-19,2022-02-28,Home,TX,C,79901,35.12,N,Basic,Frame,Tile,3029,3,36,1,46,1,C,Broker,1337.19,1428.8,93.6,200.58,132.17,313727,0.0,0,0.516,0.5,6,0,1,0,0.1055,New,0.0,1,1,Low,313727,1000,4,0,Auto Debit,1,Online Search,8,427051,31023,647,1,1,6,1337.19,222.865,0.0,0.0,0.16666666666666666,1.0,1337.19,0.3726247590928944,new,0.0,66.86,0.1,5,0.8064466276813012,976.1500000000002,2113.7059174002475,2113.7059174002475,976.1500000000002,2113.7059174002475,0
500569,CUST000569,2021,2021-09-03,2022-07-31,Home,FL,C,33101,48.71,N,Standard,Masonry,Tile,2451,2,9,0,81,0,B,Independent,2708.4,2432.54,230.21,325.01,193.88,460049,0.0,0,0.452,0.5,6,1,0,0,0.0654,New,0.0,1,1,Middle,460049,1000,4,0,Credit Card,2,Online Search,6,554891,67399,706,1,2,6,2708.4,451.40000000000003,0.0,0.0,0.16666666666666666,1.0,2708.4,-0.012520850583857324,new,0.0,135.42,0.1,5,0.8234078841390321,2017.7600000000002,4595.076086059997,4595.076086059997,2017.7600000000002,4595.076086059997,0
500570,CUST000570,2021,2021-04-18,2021-09-30,Home,WA,A,98101,28.77,N,Basic,Masonry,Shingle,1704,2,35,1,47,0,B,Direct,1247.67,1204.2,87.34,37.43,128.15,349146,0.0,0,0.491,0.5,6,0,1,0,0.1028,New,0.0,1,1,Low,349146,1000,4,0,Credit Card,2,Online Search,10,497881,44437,727,1,2,6,1247.67,207.94500000000002,0.0,0.0,0.16666666666666666,1.0,1247.67,-0.012520850583857324,new,0.0,62.38,0.1,5,0.7558591713902282,1060.52,1972.4573064412293,1972.4573064412293,1060.52,1972.4573064412293,0
500571,CUST000571,2021,2021-02-25,2021-12-31,Home,WA,C,99201,36.38,N,Standard,Frame,Metal,1754,2,59,0,31,0,A,Independent,1203.51,1171.81,84.25,144.42,126.16,413799,0.0,0,0.972,1.0,12,0,0,0,0.0923,New,0.0,1,1,High,413799,5000,4,1,Bank Transfer,5,Agent Referral,4,481314,163184,732,1,5,12,1203.51,100.2925,0.0,0.08333333333333333,0.08333333333333333,1.0,1203.51,-1.2031867207966416,new,0.0,60.18,0.1,5,0.7558516175398311,914.6600000000001,1701.133857697319,1701.133857697319,914.6600000000001,1701.133857697319,0
500572,CUST000572,2021,2021-11-23,2021-11-30,Home,WA,D,98004,26.6,N,Basic,Masonry,Shingle,2649,2,47,1,25,1,A,Online,1809.83,1794.09,126.69,36.2,153.44,592428,0.0,0,0.977,1.0,12,0,1,0,0.118,New,0.0,1,1,Upper Middle,592428,1000,5,0,Credit Card,2,Agent Referral,1,841407,129668,732,1,2,12,1809.83,150.81916666666666,0.0,0.0,0.08333333333333333,1.0,1809.83,1.3463825696023748,new,0.0,90.49,0.1,5,0.8795385523197699,1556.4499999999998,4180.107616930866,4180.107616930866,1556.4499999999998,4180.107616930866,0
500573,CUST000573,2021,2021-01-26,2021-05-31,Home,FL,C,33301,51.46,N,Basic,Mixed,Tile,2042,1,31,0,38,1,C,Online,2313.65,1984.31,196.66,46.27,176.11,306732,0.0,0,0.856,1.0,12,0,1,1,0.1021,New,0.0,1,1,Low,306732,500,4,0,Debit Card,5,Online Search,7,453385,40238,666,1,5,12,2313.65,192.80416666666667,0.0,0.0,0.08333333333333333,1.0,2313.65,0.19094574057211977,new,0.0,115.68,0.1,5,0.8255637209398419,1955.0400000000002,4480.776348482368,4480.776348482368,1955.0400000000002,4480.776348482368,0
500574,CUST000574,2021,2021-06-14,2021-09-30,Home,CA,C,90001,44.62,N,Standard,Frame,Metal,2435,3,42,1,42,0,C,Online,4691.36,4482.67,328.4,93.83,283.11,910300,0.0,0,0.971,1.0,12,1,0,1,0.0825,New,0.0,0,1,Low,910300,500,3,2,Bank Transfer,10,Partner Referral,8,1070129,31652,624,1,10,12,4691.36,390.94666666666666,0.0,0.16666666666666666,0.0,1.0,4691.36,-6.286948859454118,new,0.0,234.57,0.1,5,0.5897502468061339,4034.56,4456.606820295286,4456.606820295286,4034.56,4456.606820295286,0
500575,CUST000575,2021,2021-07-03,2022-02-28,Home,WA,A,99201,41.72,Y,Basic,Frame,Shingle,1534,1,42,0,42,0,A,Direct,1365.44,1270.72,95.58,40.96,133.44,402807,0.0,0,0.463,0.5,6,1,0,0,0.089,New,0.0,1,1,Upper Middle,402807,500,5,0,Credit Card,2,Agent Referral,1,487612,118726,786,1,2,6,1365.44,227.57333333333335,0.0,0.0,0.16666666666666666,1.0,1365.44,-0.012520850583857324,new,0.0,68.27,0.1,5,0.9386055164955442,1160.63,3696.6632571570844,3696.6632571570844,1160.63,3696.6632571570844,0
500576,CUST000576,2021,2021-07-19,2021-07-31,Rental,CA,D,92101,44.13,N,Premium,Frame,Tile,1834,2,21,0,65,0,A,Independent,2964.14,2560.7,207.49,355.7,205.39,722504,49038.95,2,0.865,1.0,12,1,1,0,0.0826,New,48118.95,0,1,Upper Middle,722504,500,3,2,Debit Card,2,Online Search,8,793351,117615,746,1,2,12,2964.14,247.01166666666666,0.16666666666666666,0.16666666666666666,0.0,1.0,2964.14,-3.2057839820401046,new,48118.95,148.21,0.1,5,0.35,-45866.20999999999,-21334.427956604195,-21334.427956604195,-45866.20999999999,-21334.427956604195,0
500577,CUST000577,2021,2021-05-19,2021-12-31,Home,FL,C,33301,64.47,N,Standard,Masonry,Shingle,2540,2,12,0,62,0,B,Broker,3243.28,3270.57,275.68,486.49,217.95,505891,0.0,0,1.033,1.0,12,0,1,0,0.1301,New,0.0,0,1,Middle,505891,5000,4,0,Bank Transfer,6,Online Search,9,589786,65133,701,1,6,12,3243.28,270.27333333333337,0.0,0.0,0.0,1.0,3243.28,-1.9581014980095888,new,0.0,162.16,0.1,5,0.6886655894845984,2318.9500000000007,3509.0321029653105,3509.0321029653105,2318.9500000000007,3509.0321029653105,0
500578,CUST000578,2021,2021-08-07,2022-06-30,Home,TX,C,79901,43.75,N,Basic,Mixed,Shingle,1693,2,19,1,53,0,C,Independent,810.04,768.1,56.7,97.2,108.45,180168,0.0,0,0.971,1.0,12,1,1,1,0.0864,New,0.0,1,1,Middle,180168,1000,5,0,Auto Debit,5,Email Campaign,8,265213,61124,671,1,5,12,810.04,67.50333333333333,0.0,0.0,0.08333333333333333,1.0,810.04,0.19094574057211977,new,0.0,40.5,0.1,5,0.8473882733830991,615.6399999999999,1504.8905081611272,1504.8905081611272,615.6399999999999,1504.8905081611272,0
500579,CUST000579,2021,2021-03-07,2021-04-30,Home,NY,C,14604,26.58,Y,Standard,Frame,Metal,2371,3,25,1,42,0,C,Broker,3655.95,3861.43,255.92,548.39,236.52,992753,166185.95,3,1.046,1.0,12,0,0,1,0.0495,New,163425.95,0,1,Middle,992753,1000,3,2,Auto Debit,4,Online Search,13,1016250,52958,635,1,4,12,3655.95,304.66249999999997,0.25,0.16666666666666666,0.0,1.0,3655.95,-3.976075201393608,new,163425.95,182.8,0.1,5,0.35,-160757.11000000002,-74775.3298519083,-74775.3298519083,-160757.11000000002,-74775.3298519083,0
500580,CUST000580,2021,2021-04-21,2021-06-30,Condo,FL,D,33101,42.51,N,Basic,Masonry,Metal,1454,1,43,1,54,0,C,Online,1328.56,1216.45,112.93,26.57,131.79,201379,0.0,0,0.917,1.0,12,0,0,0,0.1198,New,0.0,0,1,Low,201379,2000,5,0,Auto Debit,0,Email Campaign,1,294254,48282,661,1,0,12,1328.56,110.71333333333332,0.0,0.0,0.0,1.0,1328.56,0.3527721600509216,new,0.0,66.43,0.1,5,0.7836807711374861,1122.6299999999999,2270.8306587901056,2270.8306587901056,1122.6299999999999,2270.8306587901056,0
500581,CUST000581,2021,2021-01-16,2021-02-28,Home,FL,C,33601,43.77,Y,Standard,Masonry,Tile,2111,1,22,1,57,0,D,Independent,4240.83,4199.09,360.47,508.9,262.84,526271,0.0,0,1.006,1.0,12,0,1,0,0.1009,New,0.0,1,1,Low,526271,1000,5,0,Bank Transfer,2,Social Media,7,564635,42025,619,1,2,12,4240.83,353.4025,0.0,0.0,0.08333333333333333,1.0,4240.83,1.3463825696023748,new,0.0,212.04,0.1,5,0.879029778795595,3159.4199999999996,8472.58543116342,8472.58543116342,3159.4199999999996,8472.58543116342,1
500582,CUST000582,2021,2021-12-17,2022-05-31,Home,FL,A,32801,61.73,Y,Standard,Mixed,Tile,1341,1,14,1,49,1,C,Direct,2543.96,2541.85,216.24,76.32,186.48,331569,0.0,0,0.97,1.0,12,0,0,0,0.0614,New,0.0,0,1,Upper Middle,331569,500,4,0,Bank Transfer,4,Aggregator,2,338229,97634,671,1,4,12,2543.96,211.99666666666667,0.0,0.0,0.0,1.0,2543.96,-1.1878102786560851,new,0.0,127.2,0.1,5,0.7703512222027923,2124.2000000000003,4127.804939508209,4127.804939508209,2124.2000000000003,4127.804939508209,0
500583,CUST000583,2021,2021-11-22,2022-01-31,Condo,CA,C,95814,44.06,Y,Standard,Mixed,Metal,1307,1,42,0,50,0,A,Broker,1701.35,1704.82,119.09,255.2,148.56,398848,37150.34,3,0.995,1.0,12,0,0,0,0.045,New,35770.34,1,1,Upper Middle,398848,500,3,0,Credit Card,1,Partner Referral,7,399519,105394,770,1,1,12,1701.35,141.77916666666667,0.25,0.0,0.08333333333333333,1.0,1701.35,1.7315281792791266,new,35770.34,85.07,0.1,5,0.7464741028494106,-34528.34999999999,-62414.50241820091,-62414.50241820091,-34528.34999999999,-62414.50241820091,0
500584,CUST000584,2021,2021-03-17,2021-11-30,Home,NY,C,12207,37.62,N,Basic,Mixed,Metal,2189,1,31,1,49,0,C,Online,2769.87,2873.08,193.89,55.4,196.64,718207,0.0,0,1.038,1.0,12,0,0,0,0.096,New,0.0,1,1,Middle,718207,5000,5,0,Auto Debit,1,Aggregator,7,1049273,54236,642,1,1,12,2769.87,230.8225,0.0,0.0,0.08333333333333333,1.0,2769.87,1.7315281792791266,new,0.0,138.49,0.1,5,0.8254570251966056,2382.09,5457.811350198398,5457.811350198398,2382.09,5457.811350198398,1
500585,CUST000585,2021,2021-09-16,2022-02-28,Rental,TX,D,79901,24.28,Y,Basic,Masonry,Tile,1167,3,6,0,53,1,B,Online,545.96,528.63,38.22,10.92,96.57,151673,0.0,0,0.948,1.0,12,1,0,0,0.0628,New,0.0,1,1,Upper Middle,151673,1000,5,0,Auto Debit,1,Agent Referral,5,188810,102287,702,1,1,12,545.96,45.49666666666667,0.0,0.0,0.08333333333333333,1.0,545.96,1.7315281792791266,new,0.0,27.3,0.1,5,0.9406332973781506,469.52,1504.1448549141355,1504.1448549141355,469.52,1504.1448549141355,0
500586,CUST000586,2021,2021-11-26,2022-09-30,Home,WA,A,99201,43.35,Y,Basic,Frame,Metal,2033,1,46,0,41,0,A,Direct,1580.48,1371.76,110.63,47.41,143.12,493862,0.0,0,0.85,1.0,12,0,0,0,0.0704,New,0.0,0,1,Middle,493862,1000,4,0,Debit Card,2,Partner Referral,4,615806,64831,734,1,2,12,1580.48,131.70666666666668,0.0,0.0,0.0,1.0,1580.48,-0.4175190593025818,new,0.0,79.02,0.1,5,0.7205998114817682,1343.4199999999998,2243.7420520829073,2243.7420520829073,1343.4199999999998,2243.7420520829073,0
500587,CUST000587,2021,2021-08-09,2022-03-31,Home,WA,D,98501,22.36,Y,Standard,Mixed,Metal,2765,1,39,1,40,0,D,Online,3475.45,3039.69,243.28,69.51,228.4,840499,0.0,0,0.904,1.0,12,1,1,1,0.1239,New,0.0,0,1,Low,840499,1000,3,1,Bank Transfer,10,Partner Referral,5,892009,41603,609,1,10,12,3475.45,289.62083333333334,0.0,0.08333333333333333,0.0,1.0,3475.45,-4.892816398085357,new,0.0,173.77,0.1,5,0.35,2988.8899999999994,1390.2665682474028,1390.2665682474028,2988.8899999999994,1390.2665682474028,0
500588,CUST000588,2021,2021-02-11,2021-03-31,Home,TX,C,79901,43.81,N,Basic,Frame,Shingle,1827,2,30,0,37,0,A,Online,716.3,734.58,50.14,14.33,104.23,192418,0.0,0,1.017,1.0,12,0,0,0,0.0859,New,0.0,1,1,Upper Middle,192418,500,4,0,Credit Card,3,Agent Referral,3,265016,90303,761,1,3,12,716.3,59.69166666666666,0.0,0.0,0.08333333333333333,1.0,716.3,0.9612369599256232,new,0.0,35.82,0.1,5,0.7688720448572003,616.0099999999999,1191.7167571888667,1191.7167571888667,616.0099999999999,1191.7167571888667,0
500589,CUST000589,2021,2021-12-07,2021-12-31,Rental,NY,C,14604,49.02,N,Standard,Frame,Tile,1604,1,56,1,38,1,C,Independent,3021.86,2997.84,211.53,362.62,207.98,607848,0.0,0,0.509,0.5,6,0,0,0,0.0591,New,0.0,1,1,Middle,607848,500,4,0,Credit Card,2,Agent Referral,5,720170,72673,652,1,2,6,3021.86,503.6433333333334,0.0,0.0,0.16666666666666666,1.0,3021.86,-0.012520850583857324,new,0.0,151.09,0.1,5,0.7854403304776758,2296.62,4670.156786960704,4670.156786960704,2296.62,4670.156786960704,0
500590,CUST000590,2021,2021-01-11,2021-10-31,Rental,CA,C,94105,56.05,Y,Basic,Frame,Tile,1216,3,18,0,71,1,B,Independent,2269.68,2216.93,158.88,272.36,174.14,389820,15029.28,1,0.96,1.0,12,0,0,0,0.0423,New,14109.28,1,1,Middle,389820,1000,4,1,Auto Debit,2,Aggregator,5,503607,74067,697,1,2,12,2269.68,189.14,0.08333333333333333,0.08333333333333333,0.08333333333333333,1.0,2269.68,-0.047749891766386554,new,14109.28,113.48,0.1,5,0.6026965205065086,-12384.32,-14267.812526436393,-14267.812526436393,-12384.32,-14267.812526436393,0
500591,CUST000591,2021,2021-03-23,2021-04-30,Home,TX,C,78701,28.83,Y,Standard,Frame,Metal,2412,3,6,0,39,0,B,Independent,888.51,865.36,62.2,106.62,111.98,293500,0.0,0,0.988,1.0,12,0,0,0,0.0682,New,0.0,0,1,Middle,293500,1000,4,0,Debit Card,2,Agent Referral,11,316934,51332,698,1,2,12,888.51,74.0425,0.0,0.0,0.0,1.0,888.51,-0.4175190593025818,new,0.0,44.43,0.1,5,0.705982392597756,675.26,1078.1480247343397,1078.1480247343397,675.26,1078.1480247343397,0
500592,CUST000592,2021,2021-05-12,2021-06-30,Home,CA,A,92101,48.64,N,Standard,Frame,Tile,1882,2,24,1,42,0,C,Broker,3433.02,3452.44,240.31,514.95,226.49,633889,5653.19,1,1.039,1.0,12,0,0,1,0.0677,New,4733.19,1,1,Middle,633889,1000,3,1,Auto Debit,3,Email Campaign,5,782474,72289,652,1,3,12,3433.02,286.085,0.08333333333333333,0.08333333333333333,0.08333333333333333,1.0,3433.02,-0.43289550144313826,new,4733.19,171.65,0.1,5,0.6654649711931683,-2227.0799999999995,-3134.267681106841,-3134.267681106841,-2227.0799999999995,-3134.267681106841,0
500593,CUST000593,2021,2021-08-05,2021-12-31,Home,NY,D,11201,30.24,Y,Basic,Frame,Shingle,2522,2,41,0,71,0,D,Independent,5157.33,4695.6,361.01,618.88,304.08,955626,0.0,0,0.892,1.0,12,1,0,1,0.0467,New,0.0,1,1,Upper Middle,955626,1000,4,0,Auto Debit,3,Agent Referral,3,1260908,97324,601,1,3,12,5157.33,429.7775,0.0,0.0,0.08333333333333333,1.0,5157.33,0.9612369599256232,new,0.0,257.87,0.1,5,0.8690779630432574,3919.5699999999997,10210.240274957509,10210.240274957509,3919.5699999999997,10210.240274957509,1
500594,CUST000594,2021,2021-09-25,2021-09-30,Condo,FL,A,33601,44.44,Y,Standard,Masonry,Metal,1833,1,17,0,55,0,B,Online,2134.65,2147.99,181.45,42.69,168.06,416276,0.0,0,0.505,0.5,6,1,1,0,0.135,New,0.0,1,1,Upper Middle,416276,2000,4,0,Credit Card,2,Online Search,7,438397,119471,692,1,2,6,2134.65,355.77500000000003,0.0,0.0,0.16666666666666666,1.0,2134.65,-0.012520850583857324,new,0.0,106.73,0.1,5,0.8510162369758768,1803.78,4456.504860405791,4456.504860405791,1803.78,4456.504860405791,0
500595,CUST000595,2021,2021-07-08,2021-09-30,Rental,WA,D,98101,18.55,N,Basic,Mixed,Shingle,1753,1,15,0,53,0,C,Independent,1271.25,1272.12,88.99,152.55,129.21,352192,0.0,0,0.97,1.0,12,1,0,1,0.0996,New,0.0,1,1,Middle,352192,2000,4,1,Bank Transfer,8,Agent Referral,7,536340,75636,637,1,8,12,1271.25,105.9375,0.0,0.08333333333333333,0.08333333333333333,1.0,1271.25,-2.3586235498268966,new,0.0,63.56,0.1,5,0.7494188565884998,966.1500000000001,1762.1500712648856,1762.1500712648856,966.1500000000001,1762.1500712648856,0
500596,CUST000596,2021,2021-07-04,2021-07-31,Home,WA,C,99201,46.21,Y,Standard,Mixed,Shingle,1712,1,35,0,50,0,B,Independent,2151.4,2039.08,150.6,258.17,168.81,560048,0.0,0,0.916,1.0,12,1,1,0,0.0925,New,0.0,1,1,Middle,560048,1000,4,0,Auto Debit,0,Partner Referral,3,570798,58770,699,1,0,12,2151.4,179.28333333333333,0.0,0.0,0.08333333333333333,1.0,2151.4,2.1166737889558784,new,0.0,107.57,0.1,5,0.8322772403830192,1635.0600000000002,3822.601238018908,3822.601238018908,1635.0600000000002,3822.601238018908,0
500597,CUST000597,2021,2021-07-02,2021-07-31,Rental,FL,A,33601,56.67,Y,Basic,Mixed,Tile,1519,1,8,0,74,0,A,Independent,1745.5,1669.67,148.37,209.46,150.55,292750,2866.95,1,0.972,1.0,12,1,0,0,0.0686,New,1486.95,1,1,Middle,292750,1500,4,0,Debit Card,1,Social Media,9,365984,82496,758,1,1,12,1745.5,145.45833333333334,0.08333333333333333,0.0,0.08333333333333333,1.0,1745.5,1.7315281792791266,new,1486.95,87.28,0.1,5,0.6733133711865092,-186.56000000000006,-269.096634554769,-269.096634554769,-186.56000000000006,-269.096634554769,0
500598,CUST000598,2021,2021-09-15,2022-02-28,Condo,CA,D,92101,37.31,Y,Standard,Mixed,Tile,1291,1,36,1,59,0,C,Independent,2645.77,2665.11,185.2,317.49,191.06,492033,0.0,0,0.988,1.0,12,1,0,1,0.0511,New,0.0,1,1,Low,492033,500,4,0,Bank Transfer,9,Online Search,12,508518,46527,674,1,9,12,2645.77,220.48083333333332,0.0,0.0,0.08333333333333333,1.0,2645.77,-1.349636698134887,new,0.0,132.29,0.1,5,0.8180740441000214,2010.79,4507.309543677143,4507.309543677143,2010.79,4507.309543677143,0
500599,CUST000599,2021,2021-01-10,2021-08-31,Condo,WA,B,98501,20.73,N,Premium,Masonry,Shingle,1264,1,21,0,77,0,B,Online,1186.37,1209.29,83.05,23.73,125.39,391914,0.0,0,1.05,1.0,12,0,0,1,0.0855,New,0.0,1,1,Low,391914,500,5,0,Auto Debit,2,Agent Referral,4,396002,34554,691,1,2,12,1186.37,98.86416666666666,0.0,0.0,0.08333333333333333,1.0,1186.37,1.3463825696023748,new,0.0,59.32,0.1,5,0.8690963032372486,1020.2699999999999,2657.883434986431,2657.883434986431,1020.2699999999999,2657.883434986431,0
500600,CUST000600,2021,2021-05-08,2022-01-31,Home,CA,D,90001,39.98,Y,Basic,Masonry,Tile,985,1,17,1,39,0,C,Independent,1431.55,1386.15,100.21,171.79,136.42,269859,0.0,0,0.963,1.0,12,0,0,0,0.0588,New,0.0,1,1,Middle,269859,1000,4,0,Credit Card,1,Agent Referral,6,322729,69582,628,1,1,12,1431.55,119.29583333333333,0.0,0.0,0.08333333333333333,1.0,1431.55,1.7315281792791266,new,0.0,71.58,0.1,5,0.676877467781713,1087.97,1586.8978419727302,1586.8978419727302,1087.97,1586.8978419727302,0
500601,CUST000601,2021,2021-05-17,2021-10-31,Condo,WA,A,98501,37.8,Y,Basic,Frame,Shingle,1338,1,18,0,81,0,B,Online,1151.61,1129.66,80.61,23.03,123.82,298510,0.0,0,0.934,1.0,12,0,0,0,0.0721,New,0.0,1,1,Upper Middle,298510,1000,4,0,Bank Transfer,1,Email Campaign,4,381314,105212,707,1,1,12,1151.61,95.96749999999999,0.0,0.0,0.08333333333333333,1.0,1151.61,1.7315281792791266,new,0.0,57.58,0.1,5,0.7663763121233625,990.39,1901.5975058170507,1901.5975058170507,990.39,1901.5975058170507,0
500602,CUST000602,2021,2021-09-24,2021-11-30,Condo,CA,D,95814,41.47,N,Basic,Mixed,Metal,1310,1,36,1,53,0,D,Independent,2033.95,1877.27,142.38,244.07,163.53,343829,0.0,0,0.882,1.0,12,1,0,0,0.0688,New,0.0,0,1,Low,343829,500,3,0,Auto Debit,2,Online Search,12,465768,45832,563,1,2,12,2033.95,169.49583333333334,0.0,0.0,0.0,1.0,2033.95,-0.4175190593025818,new,0.0,101.7,0.1,5,0.7127080639307696,1545.8000000000002,2519.830748821563,2519.830748821563,1545.8000000000002,2519.830748821563,0
500603,CUST000603,2021,2021-11-05,2022-06-30,Condo,FL,D,33101,52.34,N,Standard,Masonry,Tile,1349,1,43,1,35,1,C,Online,1843.66,1846.67,156.71,36.87,154.96,257781,0.0,0,0.491,0.5,6,0,0,0,0.0879,New,0.0,1,1,Upper Middle,257781,1000,3,0,Credit Card,3,Online Search,4,276594,97524,630,1,3,6,1843.66,307.2766666666667,0.0,0.0,0.16666666666666666,1.0,1843.66,-0.39766646026060903,new,0.0,92.18,0.1,5,0.6755211021885996,1557.9,2262.7141245506364,2262.7141245506364,1557.9,2262.7141245506364,0
500604,CUST000604,2021,2021-02-27,2021-12-31,Home,CA,B,95814,51.74,Y,Premium,Mixed,Shingle,2268,1,52,0,68,3,B,Direct,5474.58,5805.99,383.22,164.24,318.36,950600,0.0,0,1.05,1.0,12,0,0,0,0.0744,New,0.0,1,1,Upper Middle,950600,1000,4,0,Auto Debit,0,Partner Referral,3,899181,116716,681,1,0,12,5474.58,456.215,0.0,0.0,0.08333333333333333,1.0,5474.58,2.1166737889558784,new,0.0,273.73,0.1,5,0.8932447964163674,4653.389999999999,13005.44992667046,13005.44992667046,4653.389999999999,13005.44992667046,1
500605,CUST000605,2021,2021-09-16,2022-04-30,Home,WA,D,98101,10.52,Y,Standard,Masonry,Metal,2142,1,3,1,40,0,C,Direct,2501.23,2385.22,175.09,75.04,184.56,871725,0.0,0,0.979,1.0,12,1,0,1,0.0667,New,0.0,1,1,Upper Middle,871725,1000,2,1,Bank Transfer,13,Partner Referral,1,891012,119211,674,1,13,12,2501.23,208.43583333333333,0.0,0.08333333333333333,0.08333333333333333,1.0,2501.23,-4.284351598210655,new,0.0,125.06,0.1,5,0.6380507219756084,2126.04,2743.698976682709,2743.698976682709,2126.04,2743.698976682709,0
500606,CUST000606,2021,2021-10-10,2021-10-31,Rental,CA,D,95814,42.58,N,Basic,Frame,Metal,1794,1,22,1,49,0,B,Independent,2069.42,1860.33,144.86,248.33,165.12,474269,0.0,0,0.896,1.0,12,0,0,0,0.0478,New,0.0,1,1,Upper Middle,474269,500,4,1,Bank Transfer,5,Social Media,6,667682,90663,691,1,5,12,2069.42,172.45166666666668,0.0,0.08333333333333333,0.08333333333333333,1.0,2069.42,-1.2031867207966416,new,0.0,103.47,0.1,5,0.7798821044273462,1572.76,3145.2342697183017,3145.2342697183017,1572.76,3145.2342697183017,0
500607,CUST000607,2021,2021-02-07,2021-12-31,Condo,CA,A,92101,59.41,Y,Standard,Mixed,Tile,1082,1,42,1,23,0,C,Independent,2141.39,2007.99,149.9,256.97,168.36,357483,0.0,0,0.93,1.0,12,0,1,1,0.0849,New,0.0,0,1,Middle,357483,500,5,0,Auto Debit,1,Partner Referral,10,362881,89870,655,1,1,12,2141.39,178.44916666666666,0.0,0.0,0.0,1.0,2141.39,-0.03237344962583011,new,0.0,107.07,0.1,5,0.8311898365627047,1627.4499999999998,3792.5975346425566,3792.5975346425566,1627.4499999999998,3792.5975346425566,0
500608,CUST000608,2021,2021-07-18,2022-03-31,Home,FL,C,33601,64.14,Y,Basic,Masonry,Shingle,1227,2,38,1,52,0,C,Online,2214.17,2106.93,188.2,44.28,171.64,268721,0.0,0,0.955,1.0,12,1,0,0,0.0641,New,0.0,0,1,Middle,268721,1000,4,0,Bank Transfer,2,Partner Referral,5,346302,61841,656,1,2,12,2214.17,184.51416666666668,0.0,0.0,0.0,1.0,2214.17,-0.4175190593025818,new,0.0,110.71,0.1,5,0.7559559530588885,1870.98,3480.8502129679828,3480.8502129679828,1870.98,3480.8502129679828,0
500609,CUST000609,2021,2021-02-03,2021-03-31,Home,NY,A,12207,25.09,N,Basic,Masonry,Shingle,2072,1,39,0,57,1,A,Independent,2230.22,2212.65,156.12,267.63,172.36,696247,0.0,0,0.992,1.0,12,0,0,0,0.0525,New,0.0,1,1,Upper Middle,696247,1000,4,0,Debit Card,5,Partner Referral,9,950239,116452,745,1,5,12,2230.22,185.85166666666666,0.0,0.0,0.08333333333333333,1.0,2230.22,0.19094574057211977,new,0.0,111.51,0.1,5,0.8373804017397266,1694.9599999999998,4022.8207205070016,4022.8207205070016,1694.9599999999998,4022.8207205070016,0
500610,CUST000610,2021,2021-04-03,2021-05-31,Condo,TX,C,79901,16.75,N,Standard,Masonry,Metal,923,1,16,0,56,0,B,Broker,450.0,423.92,31.5,67.5,92.25,111635,0.0,0,0.468,0.5,6,0,0,0,0.0926,New,0.0,1,1,High,111635,5000,5,0,Credit Card,1,Email Campaign,7,134082,162153,717,1,1,6,450.0,75.0,0.0,0.0,0.16666666666666666,1.0,450.0,0.3726247590928944,new,0.0,22.5,0.1,5,0.942549534651655,328.5,1058.1577601351344,1058.1577601351344,328.5,1058.1577601351344,0
500611,CUST000611,2021,2021-06-16,2022-02-28,Home,FL,D,33301,39.69,Y,Standard,Masonry,Metal,1680,1,37,1,54,0,C,Online,2632.97,2551.17,223.8,52.66,190.48,393293,0.0,0,0.492,0.5,6,1,0,0,0.1044,New,0.0,1,1,Low,393293,2000,4,0,Auto Debit,1,Agent Referral,12,397569,46449,632,1,1,6,2632.97,438.8283333333333,0.0,0.0,0.16666666666666666,1.0,2632.97,0.3726247590928944,new,0.0,131.65,0.1,5,0.8227457127018571,2224.8599999999997,5056.771525254227,5056.771525254227,2224.8599999999997,5056.771525254227,0
500612,CUST000612,2021,2021-09-23,2022-02-28,Condo,WA,D,98101,37.54,Y,Basic,Frame,Shingle,1048,2,63,1,27,1,C,Broker,990.74,991.75,69.35,148.61,116.58,226807,19226.66,2,0.984,1.0,12,1,0,0,0.0932,New,15546.66,0,1,Middle,226807,2000,4,0,Credit Card,1,Online Search,7,294263,80125,640,1,1,12,990.74,82.56166666666667,0.16666666666666666,0.0,0.0,1.0,990.74,-0.03237344962583011,new,15546.66,49.54,0.1,5,0.35,-14823.420000000002,-6895.03636905002,-6895.03636905002,-14823.420000000002,-6895.03636905002,0
500613,CUST000613,2021,2021-11-26,2022-07-31,Home,CA,D,94105,44.68,Y,Basic,Mixed,Shingle,2446,1,30,0,69,1,D,Independent,5752.55,5229.97,402.68,690.31,330.86,824156,0.0,0,0.909,1.0,12,0,1,0,0.0823,New,0.0,1,1,Middle,824156,500,5,1,Auto Debit,0,Social Media,8,1025321,73821,616,1,0,12,5752.55,479.37916666666666,0.0,0.08333333333333333,0.08333333333333333,1.0,5752.55,0.722541327587117,new,0.0,287.63,0.1,5,0.9299749938506121,4371.929999999999,13584.669194838496,13584.669194838496,4371.929999999999,13584.669194838496,1
500614,CUST000614,2021,2021-09-09,2022-07-31,Home,NY,C,14604,22.5,N,Standard,Masonry,Metal,1517,1,36,1,33,0,B,Online,2228.17,2062.62,155.97,44.56,172.27,741991,0.0,0,0.948,1.0,12,1,1,0,0.1006,New,0.0,1,1,Upper Middle,741991,1000,4,0,Credit Card,1,Email Campaign,1,852480,123718,723,1,1,12,2228.17,185.68083333333334,0.0,0.0,0.08333333333333333,1.0,2228.17,1.7315281792791266,new,0.0,111.41,0.1,5,0.8042657372247827,1916.2300000000002,4122.413936330915,4122.413936330915,1916.2300000000002,4122.413936330915,0
500615,CUST000615,2021,2021-07-07,2022-04-30,Home,FL,A,32801,55.98,Y,Premium,Frame,Tile,2092,1,23,0,71,0,A,Direct,2730.74,2611.59,232.11,81.92,194.88,498112,0.0,0,0.96,1.0,12,1,1,0,0.114,New,0.0,1,1,Middle,498112,1000,5,0,Auto Debit,0,Partner Referral,7,465635,60273,731,1,0,12,2730.74,227.56166666666664,0.0,0.0,0.08333333333333333,1.0,2730.74,2.1166737889558784,new,0.0,136.54,0.1,5,0.6925961458323608,2280.1699999999996,3492.759924532847,3492.759924532847,2280.1699999999996,3492.759924532847,0
500616,CUST000616,2021,2021-09-25,2021-09-30,Condo,NY,D,14604,13.07,N,Basic,Masonry,Metal,1364,2,6,1,44,0,C,Independent,1316.87,1149.17,92.18,158.02,131.26,462919,0.0,0,0.886,1.0,12,1,0,0,0.0781,New,0.0,1,1,Low,462919,2000,4,0,Debit Card,1,Partner Referral,7,660593,46913,673,1,1,12,1316.87,109.73916666666666,0.0,0.0,0.08333333333333333,1.0,1316.87,1.7315281792791266,new,0.0,65.84,0.1,5,0.8670261441899149,1000.8299999999998,2591.5105783219087,2591.5105783219087,1000.8299999999998,2591.5105783219087,0
500617,CUST000617,2021,2021-07-11,2021-10-31,Rental,CA,B,90001,54.51,Y,Standard,Frame,Shingle,1338,2,18,0,65,0,D,Broker,3753.21,3644.62,262.72,562.98,240.89,498906,41706.89,1,0.476,0.5,6,1,0,1,0.0591,New,40786.89,0,1,Low,498906,1000,3,0,Credit Card,11,Online Search,13,514755,42367,535,1,11,6,3753.21,625.535,0.16666666666666666,0.0,0.0,1.0,3753.21,-7.006634595484536,new,40786.89,187.66,0.1,5,0.36584378819715346,-38047.04000000001,-18882.401232530105,-18882.401232530105,-38047.04000000001,-18882.401232530105,0
500618,CUST000618,2021,2021-09-16,2021-09-30,Home,WA,C,99201,26.92,N,Standard,Frame,Shingle,1806,2,20,1,58,0,C,Broker,1440.23,1521.72,100.82,216.03,136.81,412109,0.0,0,1.037,1.0,12,1,0,0,0.0944,New,0.0,0,1,Middle,412109,2000,4,0,Credit Card,0,Email Campaign,9,468138,71218,622,1,0,12,1440.23,120.01916666666666,0.0,0.0,0.0,1.0,1440.23,0.3527721600509216,new,0.0,72.01,0.1,5,0.7632531924602144,1051.3700000000001,1999.7156534873504,1999.7156534873504,1051.3700000000001,1999.7156534873504,0
500619,CUST000619,2021,2021-11-19,2022-06-30,Rental,CA,A,92101,66.19,Y,Standard,Frame,Shingle,1681,1,21,0,59,0,C,Independent,3817.18,3764.73,267.2,458.06,243.77,633603,55505.06,1,1.001,1.0,12,0,1,0,0.1078,New,54585.06,1,1,Middle,633603,1000,4,2,Auto Debit,1,Partner Referral,5,669682,82505,639,1,1,12,3817.18,318.0983333333333,0.08333333333333333,0.16666666666666666,0.08333333333333333,1.0,3817.18,-1.056736743458396,new,54585.06,190.86,0.1,5,0.5895768777541625,-51683.99999999999,-57058.27060945091,-57058.27060945091,-51683.99999999999,-57058.27060945091,0
500620,CUST000620,2021,2021-05-03,2021-08-31,Home,TX,A,77001,49.66,N,Standard,Frame,Shingle,1747,3,33,1,69,0,D,Independent,1141.26,1111.69,79.89,136.95,123.36,198501,0.0,0,0.983,1.0,12,0,0,1,0.0505,New,0.0,0,1,Middle,198501,500,4,0,Auto Debit,2,Online Search,8,239095,76172,600,1,2,12,1141.26,95.105,0.0,0.0,0.0,1.0,1141.26,-0.4175190593025818,new,0.0,57.06,0.1,5,0.7633435969555199,867.3599999999999,1650.1779938017833,1650.1779938017833,867.3599999999999,1650.1779938017833,0
500621,CUST000621,2021,2021-10-09,2022-06-30,Condo,FL,C,33301,52.56,N,Standard,Masonry,Metal,1283,1,28,1,23,0,B,Independent,1232.61,1108.38,104.77,147.91,127.47,216541,0.0,0,0.907,1.0,12,0,0,0,0.0816,New,0.0,1,1,Low,216541,2000,5,0,Auto Debit,3,Social Media,7,259407,32015,690,1,3,12,1232.61,102.71749999999999,0.0,0.0,0.08333333333333333,1.0,1232.61,0.9612369599256232,new,0.0,61.63,0.1,5,0.8870638889204248,918.3,2520.8455677585143,2520.8455677585143,918.3,2520.8455677585143,0
500622,CUST000622,2021,2021-11-03,2022-01-31,Condo,TX,A,73301,53.36,N,Standard,Masonry,Shingle,1919,1,35,0,63,1,B,Online,913.06,821.74,63.91,18.26,113.09,187991,0.0,0,0.916,1.0,12,0,0,0,0.0619,New,0.0,1,1,Upper Middle,187991,500,4,0,Debit Card,3,Aggregator,1,235279,96917,694,1,3,12,913.06,76.08833333333332,0.0,0.0,0.08333333333333333,1.0,913.06,0.9612369599256232,new,0.0,45.65,0.1,5,0.744220657461431,785.24,1409.7222912571224,1409.7222912571224,785.24,1409.7222912571224,0
500623,CUST000623,2021,2021-02-15,2021-06-30,Home,NY,D,10001,32.04,Y,Standard,Frame,Shingle,2172,2,21,1,31,0,A,Independent,2994.05,2977.64,209.58,359.29,206.73,996723,0.0,0,0.976,1.0,12,0,1,0,0.1342,New,0.0,1,1,High,996723,2000,4,1,Bank Transfer,2,Aggregator,8,1014165,200468,816,1,2,12,2994.05,249.5041666666667,0.0,0.08333333333333333,0.08333333333333333,1.0,2994.05,-0.047749891766386554,new,0.0,149.7,0.1,5,0.8759727566385356,2275.4800000000005,6048.000234594487,6048.000234594487,2275.4800000000005,6048.000234594487,1
500624,CUST000624,2021,2021-01-22,2021-06-30,Rental,FL,C,33301,69.43,N,Premium,Mixed,Tile,1841,1,32,1,53,0,B,Online,2384.43,2363.62,202.68,47.69,179.3,324209,0.0,0,1.014,1.0,12,0,0,0,0.0618,New,0.0,1,1,Low,324209,1000,4,0,Auto Debit,1,Agent Referral,5,350462,40149,699,1,1,12,2384.43,198.7025,0.0,0.0,0.08333333333333333,1.0,2384.43,1.7315281792791266,new,0.0,119.22,0.1,5,0.853808772679141,2014.84,5018.960351250365,5018.960351250365,2014.84,5018.960351250365,0
500625,CUST000625,2021,2021-03-11,2021-12-31,Home,TX,D,73301,37.47,N,Standard,Masonry,Shingle,1769,3,29,1,49,1,C,Independent,1004.11,854.72,70.29,120.49,117.19,212230,5206.56,1,0.882,1.0,12,0,0,0,0.0643,New,4746.56,0,1,Low,212230,500,5,0,Auto Debit,0,Online Search,4,260632,26156,650,1,0,12,1004.11,83.67583333333333,0.08333333333333333,0.0,0.0,1.0,1004.11,0.3527721600509216,new,4746.56,50.21,0.1,5,0.40021296639489595,-3983.44,-2263.6327883233034,-2263.6327883233034,-3983.44,-2263.6327883233034,0
500626,CUST000626,2021,2021-09-12,2022-02-28,Home,CA,C,95814,46.46,Y,Basic,Mixed,Shingle,1706,2,27,1,51,2,D,Direct,3656.64,3704.83,255.96,109.7,236.55,585263,0.0,0,1.007,1.0,12,1,0,1,0.1033,New,0.0,0,1,Low,585263,2000,4,0,Bank Transfer,10,Partner Referral,6,755715,32208,562,1,10,12,3656.64,304.71999999999997,0.0,0.0,0.0,1.0,3656.64,-3.4986839367165956,new,0.0,182.83,0.1,5,0.7432957344399946,3108.15,5564.2916548780395,5564.2916548780395,3108.15,5564.2916548780395,1
500627,CUST000627,2021,2021-01-01,2021-06-30,Home,WA,B,98101,24.09,N,Premium,Mixed,Shingle,2893,2,17,0,67,1,C,Independent,3363.59,3039.55,235.45,403.63,223.36,908984,0.0,0,0.917,1.0,12,0,1,1,0.101,New,0.0,1,1,Upper Middle,908984,1000,4,1,Auto Debit,2,Social Media,10,953168,132165,624,1,2,12,3363.59,280.2991666666667,0.0,0.08333333333333333,0.08333333333333333,1.0,3363.59,-0.047749891766386554,new,0.0,168.18,0.1,5,0.8456902752273953,2556.3300000000004,6217.630712423745,6217.630712423745,2556.3300000000004,6217.630712423745,1
500628,CUST000628,2021,2021-11-20,2022-02-28,Rental,TX,D,78701,38.97,N,Basic,Mixed,Shingle,1710,1,30,1,23,0,B,Independent,663.71,602.64,46.46,79.64,101.87,162613,522.81,1,0.908,1.0,12,0,0,0,0.0685,New,0.0,0,1,Middle,162613,1000,4,0,Debit Card,1,Social Media,4,228172,53354,681,1,1,12,663.71,55.30916666666667,0.08333333333333333,0.0,0.0,1.0,663.71,-0.03237344962583011,new,677.5541666666666,33.19,0.1,5,0.35,-173.13416666666652,-80.53245309731716,-80.53245309731716,-173.13416666666652,-80.53245309731716,0
500629,CUST000629,2021,2021-12-17,2022-05-31,Rental,TX,B,73301,40.13,N,Premium,Masonry,Shingle,2039,1,18,0,49,1,D,Independent,1732.06,1727.41,121.24,207.85,149.94,314912,0.0,0,0.99,1.0,12,0,1,1,0.0885,New,0.0,1,1,Low,314912,1000,5,0,Auto Debit,1,Agent Referral,6,334070,47441,583,1,1,12,1732.06,144.33833333333334,0.0,0.0,0.08333333333333333,1.0,1732.06,1.7315281792791266,new,0.0,86.6,0.1,5,0.8210508187001804,1316.3700000000001,2976.9092671223216,2976.9092671223216,1316.3700000000001,2976.9092671223216,0
500630,CUST000630,2021,2021-12-01,2022-08-31,Home,CA,B,95814,43.41,Y,Premium,Mixed,Tile,1797,2,48,1,40,0,B,Independent,3765.26,3992.09,263.57,451.83,241.44,800707,0.0,0,1.02,1.0,12,0,1,0,0.1175,New,0.0,1,1,Low,800707,2000,5,0,Credit Card,1,Partner Referral,10,766956,41836,695,1,1,12,3765.26,313.7716666666667,0.0,0.0,0.08333333333333333,1.0,3765.26,1.7315281792791266,new,0.0,188.26,0.1,5,0.8454481483382364,2861.6000000000004,6955.164388381012,6955.164388381012,2861.6000000000004,6955.164388381012,1
500631,CUST000631,2021,2021-03-04,2021-03-31,Home,TX,D,77001,24.18,N,Standard,Masonry,Tile,1732,2,0,1,31,0,D,Independent,991.24,929.76,69.39,118.95,116.61,219991,0.0,0,0.965,1.0,12,0,0,1,0.0597,New,0.0,0,1,Middle,219991,500,4,0,Credit Card,9,Partner Referral,5,263553,65218,565,1,9,12,991.24,82.60333333333334,0.0,0.0,0.0,1.0,991.24,-3.113538327039844,new,0.0,49.56,0.1,5,0.7449582914701756,753.3399999999999,1355.493467673446,1355.493467673446,753.3399999999999,1355.493467673446,0
500632,CUST000632,2021,2021-10-05,2021-11-30,Home,WA,C,98004,38.06,Y,Basic,Mixed,Shingle,1738,2,39,1,28,0,D,Independent,2397.02,2253.54,167.79,287.64,179.87,445881,0.0,0,0.962,1.0,12,0,0,1,0.046,New,0.0,1,1,Middle,445881,500,4,0,Auto Debit,2,Partner Referral,13,547650,51355,572,1,2,12,2397.02,199.75166666666667,0.0,0.0,0.08333333333333333,1.0,2397.02,1.3463825696023748,new,0.0,119.85,0.1,5,0.7887098086037903,1821.7400000000002,3741.0029113533947,3741.0029113533947,1821.7400000000002,3741.0029113533947,0
500633,CUST000633,2021,2021-03-11,2021-04-30,Condo,WA,B,98101,24.38,N,Premium,Frame,Shingle,1138,1,19,1,43,0,A,Independent,977.32,986.9,68.41,117.28,115.98,333527,0.0,0,0.986,1.0,12,0,0,0,0.065,New,0.0,1,1,Upper Middle,333527,1000,4,1,Credit Card,1,Aggregator,10,347239,95017,734,1,1,12,977.32,81.44333333333334,0.0,0.08333333333333333,0.08333333333333333,1.0,977.32,0.33739571791036516,new,0.0,48.87,0.1,5,0.7415476636951748,742.7600000000001,1322.6454129892793,1322.6454129892793,742.7600000000001,1322.6454129892793,0
500634,CUST000634,2021,2021-07-02,2021-11-30,Home,FL,B,33301,52.57,N,Standard,Frame,Metal,2167,1,21,1,45,0,C,Direct,3134.4,2591.39,266.42,94.03,213.05,465797,0.0,0,0.831,1.0,12,1,1,0,0.1075,New,0.0,1,1,Middle,465797,1500,4,0,Bank Transfer,9,Agent Referral,1,548744,79411,651,1,9,12,3134.4,261.2,0.0,0.0,0.08333333333333333,1.0,3134.4,-1.349636698134887,new,0.0,156.72,0.1,5,0.8108060402869068,2617.23,5741.282294165001,5741.282294165001,2617.23,5741.282294165001,1
500635,CUST000635,2021,2021-11-17,2022-06-30,Condo,FL,B,33601,52.15,N,Premium,Frame,Metal,1537,1,38,1,44,0,D,Independent,2670.0,2546.37,226.95,320.4,192.15,318420,15150.83,1,0.935,1.0,12,0,0,1,0.0431,New,14230.83,0,1,Middle,318420,1000,3,1,Auto Debit,1,Email Campaign,7,327522,81713,567,1,1,12,2670.0,222.5,0.08333333333333333,0.08333333333333333,0.0,1.0,2670.0,-1.4265059109945915,new,14230.83,133.5,0.1,5,0.5185807809606684,-12241.68,-10664.362594009523,-10664.362594009523,-12241.68,-10664.362594009523,0
500636,CUST000636,2021,2021-11-19,2021-11-30,Condo,FL,B,33601,40.53,N,Standard,Mixed,Metal,1459,1,30,1,65,0,A,Direct,1242.32,1273.4,105.6,37.27,127.9,268899,0.0,0,1.012,1.0,12,0,1,0,0.1241,New,0.0,0,1,Middle,268899,1500,4,0,Bank Transfer,0,Agent Referral,2,319148,58175,741,1,0,12,1242.32,103.52666666666666,0.0,0.0,0.0,1.0,1242.32,0.3527721600509216,new,0.0,62.12,0.1,5,0.7120469435090614,1037.3300000000002,1687.5254037655202,1687.5254037655202,1037.3300000000002,1687.5254037655202,0
500637,CUST000637,2021,2021-08-25,2022-03-31,Condo,NY,A,14604,48.93,Y,Standard,Frame,Shingle,1403,1,38,0,55,0,B,Independent,2807.01,2686.88,196.49,336.84,198.32,600047,0.0,0,0.948,1.0,12,1,1,0,0.0844,New,0.0,1,1,Middle,600047,500,5,1,Debit Card,0,Agent Referral,8,654570,76286,729,1,0,12,2807.01,233.91750000000002,0.0,0.08333333333333333,0.08333333333333333,1.0,2807.01,0.722541327587117,new,0.0,140.35,0.1,5,0.8495022197894075,2133.3300000000004,5247.303246567126,5247.303246567126,2133.3300000000004,5247.303246567126,1
500638,CUST000638,2021,2021-11-16,2021-11-30,Home,TX,A,73301,38.04,N,Basic,Mixed,Shingle,2474,2,21,1,29,1,B,Broker,1125.05,1164.94,78.75,168.76,122.63,262555,0.0,0,1.046,1.0,12,0,0,0,0.0604,New,0.0,1,1,Middle,262555,1000,4,1,Bank Transfer,0,Agent Referral,5,351096,66441,699,1,0,12,1125.05,93.75416666666666,0.0,0.08333333333333333,0.08333333333333333,1.0,1125.05,0.722541327587117,new,0.0,56.25,0.1,5,0.7490171659599962,821.29,1496.1139224571848,1496.1139224571848,821.29,1496.1139224571848,0
500639,CUST000639,2021,2021-08-20,2022-05-31,Rental,NY,D,10001,34.4,Y,Standard,Frame,Tile,1736,1,32,1,59,1,B,Broker,2795.35,2936.24,195.67,419.3,197.79,705602,0.0,0,1.05,1.0,12,1,0,0,0.0444,New,0.0,1,1,Middle,705602,1000,4,0,Bank Transfer,4,Partner Referral,4,742268,80982,685,1,4,12,2795.35,232.94583333333333,0.0,0.0,0.08333333333333333,1.0,2795.35,0.5760913502488715,new,0.0,139.77,0.1,5,0.8198700708342173,2040.6099999999997,4598.605240671394,4598.605240671394,2040.6099999999997,4598.605240671394,0
500640,CUST000640,2021,2021-09-06,2022-01-31,Condo,NY,C,11201,37.97,Y,Premium,Frame,Metal,1397,2,35,0,44,1,A,Broker,2164.77,2111.5,151.53,324.72,169.41,682128,0.0,0,0.968,1.0,12,1,0,0,0.0425,New,0.0,1,1,Upper Middle,682128,500,4,0,Debit Card,3,Agent Referral,4,607465,109170,744,1,3,12,2164.77,180.3975,0.0,0.0,0.08333333333333333,1.0,2164.77,0.9612369599256232,new,0.0,108.24,0.1,5,0.8566573738720618,1580.28,3969.5198012076025,3969.5198012076025,1580.28,3969.5198012076025,0
500641,CUST000641,2021,2021-08-15,2021-10-31,Condo,CA,C,94105,52.69,N,Premium,Mixed,Shingle,1207,1,43,1,38,0,B,Direct,2016.21,2040.36,141.13,60.49,162.73,393035,0.0,0,0.997,1.0,12,1,0,0,0.0783,New,0.0,1,1,Middle,393035,1000,5,0,Credit Card,2,Partner Referral,6,405507,52718,689,1,2,12,2016.21,168.0175,0.0,0.0,0.08333333333333333,1.0,2016.21,1.3463825696023748,new,0.0,100.81,0.1,5,0.8793782502307854,1713.78,4600.494940096813,4600.494940096813,1713.78,4600.494940096813,0
500642,CUST000642,2021,2021-01-10,2021-01-31,Home,CA,C,92101,50.2,N,Basic,Mixed,Metal,2554,1,14,1,35,0,B,Broker,2582.14,2514.48,180.75,387.32,188.2,588145,0.0,0,1.005,1.0,12,0,0,0,0.0479,New,0.0,1,1,Upper Middle,588145,1000,4,0,Credit Card,1,Partner Referral,12,873797,100152,702,1,1,12,2582.14,215.1783333333333,0.0,0.0,0.08333333333333333,1.0,2582.14,1.7315281792791266,new,0.0,129.11,0.1,5,0.8228527166138684,1884.96,4285.58944380136,4285.58944380136,1884.96,4285.58944380136,0
500643,CUST000643,2021,2021-05-13,2022-02-28,Home,FL,B,33301,63.35,N,Standard,Frame,Tile,2588,1,38,1,40,0,B,Broker,3750.02,3312.97,318.75,562.5,240.75,544363,0.0,0,0.915,1.0,12,0,0,0,0.0865,New,0.0,1,1,Middle,544363,5000,4,1,Debit Card,1,Social Media,6,659064,60913,726,1,1,12,3750.02,312.50166666666667,0.0,0.08333333333333333,0.08333333333333333,1.0,3750.02,0.33739571791036516,new,0.0,187.5,0.1,5,0.8280446091368466,2681.27,6190.540261770665,6190.540261770665,2681.27,6190.540261770665,1
500644,CUST000644,2021,2021-11-08,2022-07-31,Condo,WA,B,98004,24.88,Y,Premium,Mixed,Tile,1024,1,36,1,52,2,D,Broker,1745.45,1595.4,122.18,261.82,150.55,360435,0.0,0,0.904,1.0,12,0,0,1,0.0655,New,0.0,1,1,Low,360435,500,4,1,Auto Debit,5,Email Campaign,4,333294,35519,586,1,5,12,1745.45,145.45416666666668,0.0,0.08333333333333333,0.08333333333333333,1.0,1745.45,-1.2031867207966416,new,0.0,87.27,0.1,5,0.7726758729438539,1274.18,2493.4406330535194,2493.4406330535194,1274.18,2493.4406330535194,0
500645,CUST000645,2021,2021-08-23,2022-06-30,Condo,CA,A,92101,41.05,N,Basic,Mixed,Metal,1268,1,33,0,53,0,A,Direct,1412.01,1367.69,98.84,42.36,135.54,344511,0.0,0,0.94,1.0,12,1,0,0,0.0605,New,0.0,0,1,High,344511,1500,4,0,Credit Card,1,Partner Referral,8,493973,215985,752,1,1,12,1412.01,117.6675,0.0,0.0,0.0,1.0,1412.01,-0.03237344962583011,new,0.0,70.6,0.1,5,0.6305330604961766,1200.2100000000003,1512.2263350195904,1512.2263350195904,1200.2100000000003,1512.2263350195904,0
500646,CUST000646,2021,2021-07-18,2022-03-31,Home,CA,C,95814,34.86,N,Basic,Masonry,Metal,1649,2,8,1,39,0,D,Online,2733.07,2653.75,191.32,54.66,194.99,505564,0.0,0,0.988,1.0,12,1,1,0,0.1019,New,0.0,1,1,Middle,505564,1000,4,0,Debit Card,0,Partner Referral,1,724894,51393,606,1,0,12,2733.07,227.75583333333336,0.0,0.0,0.08333333333333333,1.0,2733.07,2.1166737889558784,new,0.0,136.65,0.1,5,0.796024871797713,2350.44,4933.59795487908,4933.59795487908,2350.44,4933.59795487908,0
500647,CUST000647,2021,2021-12-10,2022-07-31,Condo,WA,C,98101,23.5,Y,Basic,Frame,Tile,804,1,21,0,51,0,B,Independent,611.32,586.78,42.79,73.36,99.51,210923,0.0,0,0.925,1.0,12,0,1,0,0.1023,New,0.0,1,1,Middle,210923,1000,5,2,Auto Debit,1,Social Media,11,271797,89807,699,1,1,12,611.32,50.943333333333335,0.0,0.16666666666666666,0.08333333333333333,1.0,611.32,-1.056736743458396,new,0.0,30.57,0.1,5,0.8575893686745485,464.6000000000001,1170.2275758982341,1170.2275758982341,464.6000000000001,1170.2275758982341,0
500648,CUST000648,2021,2021-01-12,2021-01-31,Home,FL,D,32801,51.08,Y,Basic,Frame,Metal,1838,2,30,0,43,0,B,Independent,1635.27,1559.55,139.0,196.23,145.59,262855,0.0,0,0.935,1.0,12,0,1,0,0.0831,New,0.0,1,1,Middle,262855,1000,4,0,Credit Card,1,Partner Referral,4,344983,78300,704,1,1,12,1635.27,136.2725,0.0,0.0,0.08333333333333333,1.0,1635.27,1.7315281792791266,new,0.0,81.76,0.1,5,0.7593107774670564,1218.28,2289.6981363619498,2289.6981363619498,1218.28,2289.6981363619498,0
500649,CUST000649,2021,2021-09-25,2021-10-31,Condo,CA,C,94105,48.1,N,Standard,Mixed,Tile,1317,1,21,0,60,0,B,Broker,1757.32,1749.62,123.01,263.6,151.08,398992,0.0,0,0.995,1.0,12,1,1,0,0.127,New,0.0,1,1,Upper Middle,398992,2500,4,0,Credit Card,0,Online Search,4,468481,140942,715,1,0,12,1757.32,146.44333333333333,0.0,0.0,0.08333333333333333,1.0,1757.32,2.1166737889558784,new,0.0,87.87,0.1,5,0.815691810721432,1282.8400000000001,2855.2878954285607,2855.2878954285607,1282.8400000000001,2855.2878954285607,0
500650,CUST000650,2021,2021-06-05,2021-11-30,Rental,TX,C,73301,48.31,N,Standard,Mixed,Shingle,1734,3,38,1,50,1,B,Direct,961.96,941.83,67.34,28.86,115.29,197927,0.0,0,0.975,1.0,12,1,0,0,0.0963,New,0.0,1,1,Middle,197927,2000,5,0,Credit Card,2,Agent Referral,3,242048,71627,698,1,2,12,961.96,80.16333333333334,0.0,0.0,0.08333333333333333,1.0,961.96,1.3463825696023748,new,0.0,48.1,0.1,5,0.8734755282600819,817.66,2157.4843978740537,2157.4843978740537,817.66,2157.4843978740537,0
500651,CUST000651,2021,2021-05-08,2021-10-31,Home,TX,B,77001,14.28,N,Basic,Masonry,Metal,2048,1,19,0,70,1,A,Online,561.49,512.83,39.3,11.23,97.27,225466,0.0,0,0.935,1.0,12,0,0,0,0.0687,New,0.0,1,1,Upper Middle,225466,1500,4,0,Credit Card,1,Agent Referral,1,313342,93986,778,1,1,12,561.49,46.79083333333333,0.0,0.0,0.08333333333333333,1.0,561.49,1.7315281792791266,new,0.0,28.07,0.1,5,0.8294550817818066,482.89000000000004,1119.5640372343535,1119.5640372343535,482.89000000000004,1119.5640372343535,0
500652,CUST000652,2021,2021-01-15,2021-10-31,Rental,CA,C,94105,56.61,N,Premium,Masonry,Shingle,1173,1,28,0,65,0,A,Direct,2003.34,1974.18,140.23,60.1,162.15,379108,0.0,0,0.474,0.5,6,0,0,0,0.0783,New,0.0,1,1,High,379108,1000,5,1,Auto Debit,1,Partner Referral,1,407921,160768,760,1,1,6,2003.34,333.89,0.0,0.16666666666666666,0.16666666666666666,1.0,2003.34,-2.4156401636446283,new,0.0,100.17,0.1,5,0.883421150985606,1702.84,4625.248592455406,4625.248592455406,1702.84,4625.248592455406,0
500653,CUST000653,2021,2021-12-15,2022-04-30,Rental,CA,D,92101,67.47,Y,Standard,Frame,Shingle,1524,3,41,1,54,0,A,Online,3509.65,3447.9,245.68,70.19,229.93,622906,0.0,0,0.961,1.0,12,0,0,0,0.0788,New,0.0,0,1,Upper Middle,622906,1000,4,0,Credit Card,0,Partner Referral,5,642888,126054,757,1,0,12,3509.65,292.47083333333336,0.0,0.0,0.0,1.0,3509.65,0.3527721600509216,new,0.0,175.48,0.1,5,0.8530491255511782,3018.3,7501.8235179039675,7501.8235179039675,3018.3,7501.8235179039675,1
500654,CUST000654,2021,2021-11-14,2022-03-31,Home,NY,B,11201,30.54,N,Basic,Frame,Shingle,2364,2,19,1,54,0,C,Online,2963.0,3025.05,207.41,59.26,205.34,748827,0.0,0,1.046,1.0,12,0,1,0,0.1085,New,0.0,1,1,Middle,748827,1000,4,0,Bank Transfer,2,Partner Referral,5,1098656,72791,667,1,2,12,2963.0,246.91666666666666,0.0,0.0,0.08333333333333333,1.0,2963.0,1.3463825696023748,new,0.0,148.15,0.1,5,0.781181355569569,2548.18,5115.840417511974,5115.840417511974,2548.18,5115.840417511974,0
500655,CUST000655,2021,2021-06-14,2022-01-31,Home,CA,C,94105,54.07,Y,Premium,Mixed,Tile,2236,2,35,0,52,0,A,Online,4297.76,3873.3,300.84,85.96,265.4,1089341,0.0,0,0.935,1.0,12,1,1,0,0.1504,New,0.0,1,1,High,1089341,2000,5,0,Auto Debit,1,Online Search,2,1000046,175983,767,1,1,12,4297.76,358.1466666666667,0.0,0.0,0.08333333333333333,1.0,4297.76,1.7315281792791266,new,0.0,214.89,0.1,5,0.8094754869437812,3696.07,8075.825813611407,8075.825813611407,3696.07,8075.825813611407,1
500656,CUST000656,2021,2021-10-09,2021-10-31,Condo,FL,D,33101,59.38,Y,Standard,Mixed,Tile,1482,1,48,0,63,0,C,Independent,2638.39,2442.49,224.26,316.61,190.73,316365,0.0,0,0.935,1.0,12,0,0,0,0.0484,New,0.0,0,1,Upper Middle,316365,500,3,0,Auto Debit,1,Online Search,10,324794,110022,635,1,1,12,2638.39,219.8658333333333,0.0,0.0,0.0,1.0,2638.39,-0.03237344962583011,new,0.0,131.92,0.1,5,0.6217819566569951,1965.6,2408.204412930292,2408.204412930292,1965.6,2408.204412930292,0
500657,CUST000657,2021,2021-01-09,2021-05-31,Condo,TX,D,78701,33.64,Y,Standard,Mixed,Metal,1254,1,17,1,36,0,A,Online,450.0,473.26,31.5,9.0,92.25,148048,0.0,0,1.047,1.0,12,0,1,0,0.1133,New,0.0,1,1,Middle,148048,500,4,0,Credit Card,2,Aggregator,9,152543,83035,745,1,2,12,450.0,37.5,0.0,0.0,0.08333333333333333,1.0,450.0,1.3463825696023748,new,0.0,22.5,0.1,5,0.8679922413373421,387.0,1004.91733824609,1004.91733824609,387.0,1004.91733824609,0
500658,CUST000658,2021,2021-03-05,2021-03-31,Home,NY,B,14604,30.97,N,Premium,Masonry,Shingle,2271,2,20,1,30,0,D,Independent,5614.06,4992.99,392.98,673.69,324.63,1055374,0.0,0,0.873,1.0,12,0,0,1,0.0471,New,0.0,1,1,Middle,1055374,1500,4,2,Credit Card,9,Agent Referral,3,1097477,68711,575,1,9,12,5614.06,467.83833333333337,0.0,0.16666666666666666,0.08333333333333333,1.0,5614.06,-4.13790162087241,new,0.0,280.7,0.1,5,0.8437557993405731,4266.69,10318.70999045883,10318.70999045883,4266.69,10318.70999045883,1
500659,CUST000659,2021,2021-05-04,2021-11-30,Home,NY,D,12207,30.06,Y,Standard,Frame,Tile,1574,3,50,0,55,0,B,Online,2624.92,2202.3,183.74,52.5,190.12,766795,0.0,0,0.83,1.0,12,0,0,0,0.1035,New,0.0,1,1,Upper Middle,766795,2500,5,0,Credit Card,2,Online Search,2,783167,116549,719,1,2,12,2624.92,218.74333333333334,0.0,0.0,0.08333333333333333,1.0,2624.92,1.3463825696023748,new,0.0,131.25,0.1,5,0.644818943227427,2257.4300000000003,2976.5651679002453,2976.5651679002453,2257.4300000000003,2976.5651679002453,0
500660,CUST000660,2021,2021-11-21,2022-01-31,Rental,CA,C,90001,54.44,N,Standard,Masonry,Shingle,1733,1,56,1,48,0,B,Broker,3758.89,3545.11,263.12,563.83,241.15,617226,63170.52,1,0.946,1.0,12,0,0,0,0.0513,New,62710.52,0,1,Middle,617226,500,3,2,Bank Transfer,2,Aggregator,4,688750,87279,727,1,2,12,3758.89,313.24083333333334,0.08333333333333333,0.16666666666666666,0.0,1.0,3758.89,-3.2057839820401046,new,62710.52,187.94,0.1,5,0.5016349392460102,-59966.520000000004,-49280.96013565052,-49280.96013565052,-59966.520000000004,-49280.96013565052,0
500661,CUST000661,2021,2021-03-24,2021-04-30,Rental,CA,C,95814,51.49,Y,Basic,Frame,Metal,1512,2,34,0,44,0,B,Broker,2329.06,2304.1,163.03,349.36,176.81,437042,0.0,0,1.021,1.0,12,0,0,0,0.0453,New,0.0,1,1,Middle,437042,1000,4,0,Credit Card,2,Social Media,7,588718,89265,685,1,2,12,2329.06,194.08833333333334,0.0,0.0,0.08333333333333333,1.0,2329.06,1.3463825696023748,new,0.0,116.45,0.1,5,0.8281452336178379,1700.2199999999996,3926.65253219229,3926.65253219229,1700.2199999999996,3926.65253219229,0
500662,CUST000662,2021,2021-05-21,2022-01-31,Rental,NY,A,10001,49.71,Y,Premium,Frame,Shingle,1834,1,45,1,38,0,B,Independent,4166.84,4262.14,291.68,500.02,259.51,955336,88621.69,2,0.5,0.5,6,0,0,0,0.0538,New,85861.69,0,1,Middle,955336,1500,3,1,Debit Card,3,Online Search,5,880923,77717,699,1,3,6,4166.84,694.4733333333334,0.3333333333333333,0.16666666666666666,0.0,1.0,4166.84,-6.713734640808045,new,85861.69,208.34,0.1,5,0.35,-82694.89,-38465.09604966943,-38465.09604966943,-82694.89,-38465.09604966943,0
500663,CUST000663,2021,2021-05-04,2021-05-31,Home,WA,B,98501,32.92,N,Standard,Mixed,Shingle,1998,2,32,1,41,0,C,Independent,1967.92,1794.7,137.75,236.15,160.56,522100,0.0,0,0.912,1.0,12,0,1,1,0.0966,New,0.0,1,1,Low,522100,1000,4,0,Bank Transfer,11,Online Search,9,643856,48850,623,1,11,12,1967.92,163.99333333333334,0.0,0.0,0.08333333333333333,1.0,1967.92,-2.1199279174883903,new,0.0,98.4,0.1,5,0.7764311656782843,1495.62,2960.07369156735,2960.07369156735,1495.62,2960.07369156735,0
500664,CUST000664,2021,2021-02-04,2021-02-28,Rental,WA,B,98101,28.05,Y,Standard,Frame,Shingle,1090,1,14,0,46,0,A,Direct,964.7,915.64,67.53,28.94,115.41,306314,0.0,0,0.925,1.0,12,0,0,0,0.1124,New,0.0,1,1,Upper Middle,306314,2000,5,0,Auto Debit,3,Online Search,4,310821,107253,767,1,3,12,964.7,80.39166666666667,0.0,0.0,0.08333333333333333,1.0,964.7,0.9612369599256232,new,0.0,48.24,0.1,5,0.9341192942285678,819.99,2578.3699542301088,2578.3699542301088,819.99,2578.3699542301088,0
500665,CUST000665,2021,2021-07-05,2021-08-31,Home,WA,B,99201,29.42,N,Basic,Frame,Metal,2276,2,25,0,77,0,A,Broker,1463.98,1510.78,102.48,219.6,137.88,598446,0.0,0,1.049,1.0,12,1,1,0,0.0919,New,0.0,1,1,Upper Middle,598446,1000,4,1,Bank Transfer,0,Partner Referral,2,819109,93072,747,1,0,12,1463.98,121.99833333333333,0.0,0.08333333333333333,0.08333333333333333,1.0,1463.98,0.722541327587117,new,0.0,73.2,0.1,5,0.7558175211639941,1068.7,1987.4202559024316,1987.4202559024316,1068.7,1987.4202559024316,0
500666,CUST000666,2021,2021-03-06,2021-04-30,Home,WA,C,98501,40.02,Y,Basic,Frame,Tile,1603,2,42,1,44,0,B,Online,1279.96,1213.39,89.6,25.6,129.6,385690,34079.53,3,0.947,1.0,12,0,0,0,0.0711,New,32699.53,0,1,Middle,385690,500,3,1,Bank Transfer,1,Agent Referral,1,474975,58695,688,1,1,12,1279.96,106.66333333333334,0.25,0.08333333333333333,0.0,1.0,1279.96,-1.4265059109945915,new,32699.53,64.0,0.1,5,0.35,-31598.769999999997,-14698.002779874463,-14698.002779874463,-31598.769999999997,-14698.002779874463,0
500667,CUST000667,2021,2021-11-04,2022-08-31,Home,FL,D,32801,36.2,Y,Standard,Mixed,Metal,2261,2,12,1,44,2,B,Independent,3065.73,3075.7,260.59,367.89,209.96,548578,0.0,0,1.011,1.0,12,0,1,0,0.1115,New,0.0,1,1,Middle,548578,2500,4,1,Auto Debit,0,Online Search,8,538463,82683,681,1,0,12,3065.73,255.4775,0.0,0.08333333333333333,0.08333333333333333,1.0,3065.73,0.722541327587117,new,0.0,153.29,0.1,5,0.8350908952487164,2283.96,5384.237744393769,5384.237744393769,2283.96,5384.237744393769,1
500668,CUST000668,2021,2021-09-07,2021-10-31,Rental,FL,A,33301,63.61,N,Standard,Masonry,Shingle,1210,1,26,0,61,1,B,Broker,1645.26,1719.92,139.85,246.79,146.04,213647,10650.11,1,1.02,1.0,12,1,0,0,0.0718,New,8810.11,0,1,Middle,213647,2000,3,0,Credit Card,1,Agent Referral,11,260280,77409,714,1,1,12,1645.26,137.105,0.08333333333333333,0.0,0.0,1.0,1645.26,-0.03237344962583011,new,8810.11,82.26,0.1,5,0.37960269995714907,-7633.750000000001,-4002.8046929157695,-4002.8046929157695,-7633.750000000001,-4002.8046929157695,0
500669,CUST000669,2021,2021-08-02,2022-02-28,Home,TX,B,77001,30.11,Y,Basic,Mixed,Shingle,1831,3,18,1,23,1,C,Broker,934.35,903.6,65.4,140.15,114.05,209264,0.0,0,0.995,1.0,12,1,0,1,0.0931,New,0.0,0,1,Low,209264,2500,3,1,Bank Transfer,17,Agent Referral,9,256843,39891,663,1,17,12,934.35,77.8625,0.0,0.08333333333333333,0.0,1.0,934.35,-7.588835665822619,new,0.0,46.72,0.1,5,0.6472639834349966,682.08,906.3621980224336,906.3621980224336,682.08,906.3621980224336,0
500670,CUST000670,2021,2021-06-16,2021-06-30,Rental,NY,A,12207,39.07,Y,Basic,Mixed,Tile,2260,1,47,0,65,0,A,Direct,3394.26,3334.22,237.6,101.83,224.74,883369,0.0,0,0.986,1.0,12,1,0,0,0.0624,New,0.0,1,1,Middle,883369,1000,4,1,Credit Card,1,Online Search,1,1060131,77772,760,1,1,12,3394.26,282.855,0.0,0.08333333333333333,0.08333333333333333,1.0,3394.26,0.33739571791036516,new,0.0,169.71,0.1,5,0.8040523143102203,2885.1200000000003,6202.851353754659,6202.851353754659,2885.1200000000003,6202.851353754659,1
500671,CUST000671,2021,2021-10-16,2022-02-28,Home,FL,C,32801,57.6,N,Basic,Frame,Tile,1485,1,11,1,36,0,C,Broker,1927.46,1912.57,163.83,289.12,158.74,279367,0.0,0,0.983,1.0,12,0,1,0,0.108,New,0.0,1,1,Upper Middle,279367,1000,5,0,Auto Debit,1,Agent Referral,9,403785,131883,664,1,1,12,1927.46,160.62166666666667,0.0,0.0,0.08333333333333333,1.0,1927.46,1.7315281792791266,new,0.0,96.37,0.1,5,0.8998479454601918,1378.1400000000003,3926.087131365037,3926.087131365037,1378.1400000000003,3926.087131365037,0
500672,CUST000672,2021,2021-08-23,2022-02-28,Home,NY,C,14604,44.83,Y,Basic,Frame,Shingle,2511,3,34,1,39,0,C,Independent,3821.43,3913.4,267.5,458.57,243.96,811096,69184.47,2,1.022,1.0,12,1,1,1,0.0836,New,66424.47,0,1,Upper Middle,811096,1500,3,2,Bank Transfer,14,Email Campaign,9,1034612,96308,650,1,14,12,3821.43,318.4525,0.16666666666666666,0.16666666666666666,0.0,1.0,3821.43,-7.827531298161125,new,66424.47,191.07,0.1,5,0.35,-63520.18,-29546.079870138183,-29546.079870138183,-63520.18,-29546.079870138183,0
500673,CUST000673,2021,2021-03-15,2021-05-31,Home,WA,D,99201,26.55,N,Basic,Frame,Metal,1673,2,43,1,30,2,C,Independent,1414.92,1393.87,99.04,169.79,135.67,374106,0.0,0,0.978,1.0,12,0,0,0,0.0515,New,0.0,0,1,Middle,374106,500,4,1,Credit Card,1,Agent Referral,2,539837,52258,669,1,1,12,1414.92,117.91000000000001,0.0,0.08333333333333333,0.0,1.0,1414.92,-1.4265059109945915,new,0.0,70.75,0.1,5,0.6147372954430258,1075.3400000000001,1287.9971898261367,1287.9971898261367,1075.3400000000001,1287.9971898261367,0
500674,CUST000674,2021,2021-06-16,2021-07-31,Home,CA,D,90001,41.46,Y,Basic,Frame,Shingle,2586,1,20,1,49,0,B,Broker,3950.58,4004.4,276.54,592.59,249.78,816872,0.0,0,0.991,1.0,12,1,0,0,0.0598,New,0.0,1,1,Upper Middle,816872,500,4,0,Auto Debit,1,Social Media,6,1025220,123123,724,1,1,12,3950.58,329.215,0.0,0.0,0.08333333333333333,1.0,3950.58,1.7315281792791266,new,0.0,197.53,0.1,5,0.8080876233910249,2883.9199999999996,6275.304729486143,6275.304729486143,2883.9199999999996,6275.304729486143,1
500675,CUST000675,2021,2021-11-15,2021-11-30,Home,TX,C,78701,38.75,N,Basic,Mixed,Metal,1726,2,40,1,39,0,D,Direct,1024.12,1057.78,71.69,30.72,118.09,201840,0.0,0,1.03,1.0,12,0,0,1,0.0961,New,0.0,1,1,Low,201840,5000,3,0,Bank Transfer,10,Online Search,2,289143,47367,560,1,10,12,1024.12,85.34333333333332,0.0,0.0,0.08333333333333333,1.0,1024.12,-1.734782307811639,new,0.0,51.21,0.1,5,0.7545146028523511,870.4999999999998,1612.4510982517158,1612.4510982517158,870.4999999999998,1612.4510982517158,0
500676,CUST000676,2021,2021-07-20,2022-04-30,Home,NY,A,10001,47.8,Y,Standard,Frame,Shingle,1897,3,24,0,64,0,B,Online,3478.42,3151.49,243.49,69.57,228.53,924062,0.0,0,0.953,1.0,12,1,0,0,0.1171,New,0.0,0,1,Low,924062,5000,4,0,Bank Transfer,2,Online Search,12,991173,39738,709,1,2,12,3478.42,289.86833333333334,0.0,0.0,0.0,1.0,3478.42,-0.4175190593025818,new,0.0,173.92,0.1,5,0.6707335370963609,2991.44,4280.163281328735,4280.163281328735,2991.44,4280.163281328735,0
500677,CUST000677,2021,2021-01-12,2021-07-31,Home,CA,D,90001,51.5,Y,Premium,Frame,Shingle,2523,2,37,1,65,0,B,Broker,6245.51,5862.18,437.19,936.83,353.05,1136016,0.0,0,0.957,1.0,12,0,1,0,0.0882,New,0.0,1,1,High,1136016,1000,5,0,Credit Card,2,Online Search,5,1069109,233411,684,1,2,12,6245.51,520.4591666666666,0.0,0.0,0.08333333333333333,1.0,6245.51,1.3463825696023748,new,0.0,312.28,0.1,5,0.8946332139135962,4559.210000000001,12793.646625085064,12793.646625085064,4559.210000000001,12793.646625085064,1
500678,CUST000678,2021,2021-11-27,2022-08-31,Home,NY,B,11201,42.17,N,Standard,Mixed,Shingle,1945,3,45,0,68,0,B,Independent,2707.27,2803.5,189.51,324.87,193.83,688600,0.0,0,1.024,1.0,12,0,0,0,0.052,New,0.0,1,1,Middle,688600,500,4,0,Auto Debit,1,Email Campaign,8,807920,55926,695,1,1,12,2707.27,225.60583333333332,0.0,0.0,0.08333333333333333,1.0,2707.27,1.7315281792791266,new,0.0,135.36,0.1,5,0.7957945157046882,2057.53,4315.802337313835,4315.802337313835,2057.53,4315.802337313835,0
500679,CUST000679,2021,2021-04-24,2021-05-31,Home,CA,D,95814,48.71,N,Basic,Frame,Shingle,2308,2,27,1,31,1,A,Online,3627.15,3371.42,253.9,72.54,235.22,753390,23121.38,1,0.925,1.0,12,0,1,0,0.1276,New,21741.38,1,1,Middle,753390,1500,3,0,Debit Card,2,Partner Referral,6,1036817,55956,740,1,2,12,3627.15,302.2625,0.08333333333333333,0.0,0.08333333333333333,1.0,3627.15,1.3463825696023748,new,21741.38,181.36,0.1,5,0.5553794384628792,-18622.030000000002,-18366.875587259943,-18366.875587259943,-18622.030000000002,-18366.875587259943,0
500680,CUST000680,2021,2021-04-09,2021-10-31,Home,TX,C,73301,52.99,N,Basic,Frame,Shingle,1651,1,33,1,40,0,D,Broker,871.4,817.47,61.0,130.71,111.21,140288,0.0,0,0.47,0.5,6,0,0,1,0.0693,New,0.0,1,1,Middle,140288,500,4,0,Auto Debit,7,Online Search,14,207303,84094,617,1,7,6,871.4,145.23333333333332,0.0,0.0,0.16666666666666666,1.0,871.4,-1.938248898967616,new,0.0,43.57,0.1,5,0.8096561696707452,636.1199999999999,1390.6551605611369,1390.6551605611369,636.1199999999999,1390.6551605611369,0
500681,CUST000681,2021,2021-04-03,2021-04-30,Home,NY,A,10001,33.84,N,Standard,Masonry,Shingle,1927,1,25,1,44,0,C,Independent,3158.49,3311.32,221.09,379.02,214.13,780127,0.0,0,1.008,1.0,12,0,1,1,0.0867,New,0.0,1,1,Low,780127,1500,4,0,Credit Card,7,Online Search,9,902873,38754,624,1,7,12,3158.49,263.2075,0.0,0.0,0.08333333333333333,1.0,3158.49,-0.5793454787813836,new,0.0,157.92,0.1,5,0.7858131783081631,2400.4599999999996,4886.779662777333,4886.779662777333,2400.4599999999996,4886.779662777333,0
500682,CUST000682,2021,2021-01-03,2021-05-31,Home,FL,A,33101,67.41,Y,Standard,Frame,Metal,1441,1,29,1,36,0,B,Broker,2492.54,2501.54,211.87,373.88,184.16,347204,32553.54,1,0.49,0.5,6,0,0,0,0.0763,New,30253.54,1,1,Upper Middle,347204,2500,3,1,Credit Card,0,Online Search,6,368657,126196,708,1,0,6,2492.54,415.42333333333335,0.16666666666666666,0.16666666666666666,0.16666666666666666,1.0,2492.54,-2.0304945539678765,new,30253.54,124.63,0.1,5,0.5930175585478153,-28471.38,-31786.431600012518,-31786.431600012518,-28471.38,-31786.431600012518,0
500683,CUST000683,2021,2021-03-23,2021-08-31,Condo,NY,D,11201,16.52,N,Standard,Mixed,Metal,1111,1,35,1,52,0,B,Online,1204.9,1104.22,84.34,24.1,126.22,418144,0.0,0,0.923,1.0,12,0,0,0,0.0766,New,0.0,0,1,Middle,418144,1000,4,1,Credit Card,3,Online Search,5,497495,50648,713,1,3,12,1204.9,100.40833333333335,0.0,0.08333333333333333,0.0,1.0,1204.9,-2.196797130348095,new,0.0,60.24,0.1,5,0.7025052076734808,1036.2200000000003,1636.7842395418916,1636.7842395418916,1036.2200000000003,1636.7842395418916,0
500684,CUST000684,2021,2021-03-01,2021-04-30,Condo,CA,A,94105,55.57,Y,Basic,Masonry,Shingle,1618,1,43,0,49,1,D,Independent,3497.88,3394.27,244.85,419.75,229.4,451323,0.0,0,0.955,1.0,12,0,0,1,0.0615,New,0.0,1,1,Low,451323,1000,4,0,Credit Card,6,Aggregator,7,559357,46870,579,1,6,12,3497.88,291.49,0.0,0.0,0.08333333333333333,1.0,3497.88,-0.19419986910463183,new,0.0,174.89,0.1,5,0.8189130428512894,2658.3900000000003,5973.806792038702,5973.806792038702,2658.3900000000003,5973.806792038702,1
500685,CUST000685,2021,2021-03-05,2022-01-31,Home,NY,B,12207,39.9,N,Standard,Masonry,Shingle,2771,2,27,0,64,1,C,Online,4722.38,4674.84,330.57,94.45,284.51,1100862,0.0,0,0.495,0.5,6,0,1,0,0.1471,New,0.0,0,1,Middle,1100862,5000,3,0,Bank Transfer,2,Email Campaign,6,1302569,75795,672,1,2,6,4722.38,787.0633333333334,0.0,0.0,0.0,1.0,4722.38,-3.540324108393771,new,0.0,236.12,0.1,5,0.3635637231349946,4061.2400000000007,1997.044627212155,1997.044627212155,4061.2400000000007,1997.044627212155,0
500686,CUST000686,2021,2021-02-11,2021-02-28,Home,TX,A,79901,53.29,N,Standard,Mixed,Shingle,2291,2,21,1,61,2,C,Broker,1507.56,1460.01,105.53,226.13,139.84,264733,0.0,0,0.963,1.0,12,0,1,0,0.09,New,0.0,1,1,Low,264733,1000,4,0,Auto Debit,2,Partner Referral,1,342432,45135,643,1,2,12,1507.56,125.63,0.0,0.0,0.08333333333333333,1.0,1507.56,1.3463825696023748,new,0.0,75.38,0.1,5,0.7668859939342814,1100.52,2116.308245683471,2116.308245683471,1100.52,2116.308245683471,0
500687,CUST000687,2021,2021-08-26,2021-10-31,Rental,WA,D,98004,30.44,N,Basic,Frame,Metal,2317,2,27,1,51,0,B,Independent,1783.36,1681.64,124.83,214.0,152.25,607347,0.0,0,0.935,1.0,12,1,1,0,0.0909,New,0.0,1,1,Middle,607347,1000,4,0,Auto Debit,0,Aggregator,1,847086,70493,682,1,0,12,1783.36,148.61333333333332,0.0,0.0,0.08333333333333333,1.0,1783.36,2.1166737889558784,new,0.0,89.17,0.1,5,0.786610757682383,1355.36,2765.8097346631876,2765.8097346631876,1355.36,2765.8097346631876,0
500688,CUST000688,2021,2021-08-03,2021-10-31,Rental,NY,A,14604,47.84,N,Standard,Frame,Shingle,1835,1,42,1,27,0,A,Direct,2332.71,2145.65,163.29,69.98,176.97,602873,74746.83,3,0.471,0.5,6,1,1,0,0.1196,New,71986.83,1,1,High,602873,1000,3,0,Bank Transfer,1,Social Media,8,710151,183821,783,1,1,6,2332.71,388.785,0.5,0.0,0.16666666666666666,1.0,2332.71,0.3726247590928944,new,71986.83,116.64,0.1,5,0.7638582445792771,-70004.02999999998,-133392.15888506378,-133392.15888506378,-70004.02999999998,-133392.15888506378,0
500689,CUST000689,2021,2021-12-21,2022-03-31,Home,WA,B,98501,30.7,N,Standard,Mixed,Tile,2390,1,28,0,65,0,A,Direct,1839.61,1886.51,128.77,55.19,154.78,683329,41071.34,2,0.521,0.5,6,0,1,0,0.1096,New,38311.34,0,1,Middle,683329,1500,3,0,Bank Transfer,1,Partner Referral,1,796042,74274,737,1,1,6,1839.61,306.60166666666663,0.3333333333333333,0.0,0.0,1.0,1839.61,-3.155178498717019,new,38311.34,91.98,0.1,5,0.43807886976786475,-36747.67,-24077.03444198657,-24077.03444198657,-36747.67,-24077.03444198657,0
500690,CUST000690,2021,2021-07-02,2022-05-31,Home,FL,A,33601,58.36,Y,Basic,Mixed,Tile,1794,1,37,1,45,0,C,Broker,2633.4,2358.89,223.84,395.01,190.5,352360,14599.36,1,0.904,1.0,12,1,0,0,0.048,New,14139.36,0,1,Low,352360,500,2,0,Credit Card,2,Partner Referral,7,445385,29557,649,1,2,12,2633.4,219.45000000000002,0.08333333333333333,0.0,0.0,1.0,2633.4,-0.4175190593025818,new,14139.36,131.67,0.1,5,0.35,-12256.480000000001,-5701.037638853531,-5701.037638853531,-12256.480000000001,-5701.037638853531,0
500691,CUST000691,2021,2021-10-07,2021-10-31,Condo,CA,D,94105,59.88,Y,Premium,Mixed,Shingle,1288,2,66,1,52,0,C,Direct,3496.96,3430.2,244.79,104.91,229.36,538395,7403.81,1,0.486,0.5,6,0,0,1,0.0617,New,6943.81,1,1,Middle,538395,500,4,1,Auto Debit,4,Agent Referral,6,495479,53355,662,1,4,6,3496.96,582.8266666666667,0.16666666666666666,0.16666666666666666,0.16666666666666666,1.0,3496.96,-3.5710769926748833,new,6943.81,174.85,0.1,5,0.5915745716682328,-3971.4,-4413.01384020015,-4413.01384020015,-3971.4,-4413.01384020015,0
500692,CUST000692,2021,2021-12-08,2021-12-31,Condo,FL,C,33301,61.97,N,Basic,Masonry,Tile,1460,1,13,0,81,1,B,Independent,1470.13,1369.32,124.96,176.42,138.16,223447,0.0,0,0.937,1.0,12,0,0,0,0.0607,New,0.0,1,1,Low,223447,500,4,0,Bank Transfer,2,Online Search,2,318502,36165,729,1,2,12,1470.13,122.51083333333334,0.0,0.0,0.08333333333333333,1.0,1470.13,1.3463825696023748,new,0.0,73.51,0.1,5,0.7254565134414405,1095.24,1856.705419552725,1856.705419552725,1095.24,1856.705419552725,0
500693,CUST000693,2021,2021-01-05,2021-01-31,Home,TX,D,73301,24.05,N,Basic,Masonry,Tile,2106,2,18,1,26,0,D,Broker,847.87,789.49,59.35,127.18,110.15,178894,0.0,0,0.473,0.5,6,0,0,1,0.0833,New,0.0,0,1,Middle,178894,2000,3,2,Auto Debit,4,Partner Referral,8,276685,61878,603,1,4,6,847.87,141.31166666666667,0.0,0.3333333333333333,0.0,1.0,847.87,-9.88714517322232,new,0.0,42.39,0.1,5,0.49411345830476344,618.9499999999999,495.5357295338715,495.5357295338715,618.9499999999999,495.5357295338715,0
500694,CUST000694,2021,2021-04-22,2021-05-31,Home,TX,B,77001,23.46,N,Standard,Masonry,Tile,2186,2,22,1,43,0,C,Online,1029.5,1010.28,72.06,20.59,118.33,266789,0.0,0,0.959,1.0,12,0,0,1,0.0637,New,0.0,0,1,Middle,266789,1000,2,0,Bank Transfer,15,Social Media,6,304258,72824,627,1,15,12,1029.5,85.79166666666667,0.0,0.0,0.0,1.0,1029.5,-5.4244119851003525,new,0.0,51.48,0.1,5,0.4396500910550897,885.37,583.4526045480062,583.4526045480062,885.37,583.4526045480062,0
500695,CUST000695,2021,2021-10-01,2022-06-30,Home,FL,C,33101,68.48,N,Standard,Frame,Shingle,2245,2,17,1,28,0,D,Independent,5445.95,4834.33,462.91,653.51,317.07,560838,12286.49,1,0.881,1.0,12,0,0,0,0.0614,New,11366.49,1,1,Low,560838,1000,3,0,Credit Card,1,Social Media,4,660275,33075,602,1,1,12,5445.95,453.82916666666665,0.08333333333333333,0.0,0.08333333333333333,1.0,5445.95,1.7315281792791266,new,11366.49,272.3,0.1,5,0.7248375198869039,-7309.26,-12367.52619350422,-12367.52619350422,-7309.26,-12367.52619350422,0
500696,CUST000696,2021,2021-08-15,2021-09-30,Home,WA,A,98101,31.07,N,Basic,Frame,Shingle,2088,2,21,1,52,0,B,Independent,1521.47,1440.8,106.5,182.58,140.47,455493,11157.45,1,0.469,0.5,6,1,0,0,0.0808,New,9317.45,1,1,Upper Middle,455493,2000,4,0,Auto Debit,0,Partner Referral,14,661637,95299,681,1,0,6,1521.47,253.57833333333335,0.16666666666666666,0.0,0.16666666666666666,1.0,1521.47,0.7577703687696461,new,9317.45,76.07,0.1,5,0.5920361992011002,-8161.13,-9082.287908750146,-9082.287908750146,-8161.13,-9082.287908750146,0
500697,CUST000697,2021,2021-03-05,2021-09-30,Home,TX,B,79901,23.07,N,Basic,Mixed,Metal,1702,2,0,1,33,0,C,Broker,624.25,576.97,43.7,93.64,100.09,176963,0.0,0,0.956,1.0,12,0,0,1,0.0571,New,0.0,0,1,Middle,176963,1000,4,0,Auto Debit,5,Social Media,9,245434,74627,657,1,5,12,624.25,52.020833333333336,0.0,0.0,0.0,1.0,624.25,-1.572955888332837,new,0.0,31.21,0.1,5,0.42160234305329414,455.7,280.86056890112087,280.86056890112087,455.7,280.86056890112087,0
500698,CUST000698,2021,2021-06-14,2021-06-30,Home,FL,C,33601,35.15,Y,Standard,Masonry,Tile,2581,2,15,1,63,0,C,Independent,3594.95,3468.29,305.57,431.39,233.77,585233,0.0,0,0.49,0.5,6,1,0,0,0.0508,New,0.0,1,1,Middle,585233,1000,4,0,Bank Transfer,2,Partner Referral,8,647443,56938,666,1,2,6,3594.95,599.1583333333333,0.0,0.0,0.16666666666666666,1.0,3594.95,-0.012520850583857324,new,0.0,179.75,0.1,5,0.7613964250757819,2678.24,5065.504236455163,5065.504236455163,2678.24,5065.504236455163,0
500699,CUST000699,2021,2021-08-01,2021-08-31,Home,FL,D,33101,65.67,N,Basic,Frame,Shingle,2546,2,37,1,46,1,D,Broker,4783.67,4511.15,406.61,717.55,287.27,456235,64158.41,2,0.922,1.0,12,1,0,1,0.0466,New,62318.41,0,1,Middle,456235,1000,2,1,Credit Card,12,Agent Referral,6,683745,56140,607,1,12,12,4783.67,398.63916666666665,0.16666666666666666,0.08333333333333333,0.0,1.0,4783.67,-5.66310761743886,new,62318.41,239.18,0.1,5,0.35,-58898.08000000001,-27396.134202985388,-27396.134202985388,-58898.08000000001,-27396.134202985388,0
500700,CUST000700,2021,2021-08-12,2022-05-31,Rental,CA,B,95814,62.67,N,Standard,Frame,Shingle,2290,2,33,1,34,3,C,Independent,5282.38,5701.85,369.77,633.89,309.71,751061,0.0,0,1.045,1.0,12,1,1,0,0.0896,New,0.0,1,1,Middle,751061,1000,4,1,Debit Card,1,Aggregator,10,905370,57369,678,1,1,12,5282.38,440.1983333333333,0.0,0.08333333333333333,0.08333333333333333,1.0,5282.38,0.33739571791036516,new,0.0,264.12,0.1,5,0.8451197886382792,4014.6000000000004,9748.121631257138,9748.121631257138,4014.6000000000004,9748.121631257138,1
500701,CUST000701,2021,2021-06-13,2021-11-30,Home,WA,B,98501,20.53,Y,Standard,Mixed,Tile,2490,2,30,1,50,0,C,Online,2221.34,2184.9,155.49,44.43,171.96,712546,0.0,0,0.996,1.0,12,1,1,0,0.1594,New,0.0,1,1,Middle,712546,2000,4,0,Debit Card,1,Aggregator,6,754518,65691,639,1,1,12,2221.34,185.11166666666668,0.0,0.0,0.08333333333333333,1.0,2221.34,1.7315281792791266,new,0.0,111.07,0.1,5,0.82829759207955,1910.3500000000004,4413.937068238647,4413.937068238647,1910.3500000000004,4413.937068238647,0
500702,CUST000702,2021,2021-05-22,2021-06-30,Home,WA,D,98101,22.47,N,Premium,Frame,Shingle,2113,2,26,0,28,0,A,Broker,1860.95,1772.73,130.27,279.14,155.74,654818,0.0,0,0.952,1.0,12,0,0,0,0.0407,New,0.0,1,1,Upper Middle,654818,500,4,0,Debit Card,2,Agent Referral,12,707869,105396,734,1,2,12,1860.95,155.07916666666668,0.0,0.0,0.08333333333333333,1.0,1860.95,1.3463825696023748,new,0.0,93.05,0.1,5,0.8285367987514047,1358.49,3141.066263975459,3141.066263975459,1358.49,3141.066263975459,0
500703,CUST000703,2021,2021-09-16,2022-01-31,Home,TX,C,77001,36.06,Y,Basic,Mixed,Metal,1215,2,30,1,53,0,C,Independent,460.4,441.89,32.23,55.25,92.72,107385,0.0,0,0.98,1.0,12,1,1,0,0.0983,New,0.0,1,1,Middle,107385,500,5,0,Credit Card,2,Online Search,6,142284,52987,635,1,2,12,460.4,38.36666666666667,0.0,0.0,0.08333333333333333,1.0,460.4,1.3463825696023748,new,0.0,23.02,0.1,5,0.9306988852718308,349.9,1089.4861550993742,1089.4861550993742,349.9,1089.4861550993742,0
500704,CUST000704,2021,2021-03-21,2021-08-31,Home,TX,C,79901,18.91,N,Standard,Masonry,Tile,2235,2,5,1,36,0,C,Online,926.29,885.28,64.84,18.53,113.68,270678,0.0,0,0.981,1.0,12,0,1,0,0.1299,New,0.0,1,1,Middle,270678,1000,3,1,Credit Card,2,Aggregator,3,314675,52614,668,1,2,12,926.29,77.19083333333333,0.0,0.08333333333333333,0.08333333333333333,1.0,926.29,-0.047749891766386554,new,0.0,46.31,0.1,5,0.6173713955995406,796.6099999999999,962.2640643633962,962.2640643633962,796.6099999999999,962.2640643633962,0
500705,CUST000705,2021,2021-10-18,2022-05-31,Rental,WA,A,98101,49.56,N,Standard,Frame,Shingle,1749,3,32,0,59,0,A,Independent,1598.76,1595.88,111.91,191.85,143.94,427414,0.0,0,0.976,1.0,12,0,1,0,0.1082,New,0.0,1,1,Upper Middle,427414,500,4,0,Credit Card,0,Online Search,11,496108,135315,808,1,0,12,1598.76,133.23,0.0,0.0,0.08333333333333333,1.0,1598.76,2.1166737889558784,new,0.0,79.94,0.1,5,0.8701872392203883,1215.06,3175.43224015417,3175.43224015417,1215.06,3175.43224015417,0
500706,CUST000706,2021,2021-04-13,2021-12-31,Condo,TX,B,77001,46.37,Y,Standard,Frame,Shingle,1959,1,24,0,72,0,B,Direct,1058.11,1069.23,74.07,31.74,119.61,253856,0.0,0,1.012,1.0,12,0,0,0,0.1018,New,0.0,1,1,Middle,253856,2500,5,0,Auto Debit,0,Social Media,9,251303,50759,725,1,0,12,1058.11,88.17583333333333,0.0,0.0,0.08333333333333333,1.0,1058.11,2.1166737889558784,new,0.0,52.91,0.1,5,0.8488570312712899,899.39,2208.0164016440413,2208.0164016440413,899.39,2208.0164016440413,0
500707,CUST000707,2021,2021-02-22,2021-03-31,Home,CA,C,94105,57.45,N,Standard,Mixed,Tile,1458,2,30,1,51,1,C,Independent,2871.67,2695.63,201.02,344.6,201.23,496660,0.0,0,0.941,1.0,12,0,1,0,0.1095,New,0.0,0,1,Upper Middle,496660,500,3,0,Bank Transfer,1,Online Search,5,575783,94103,637,1,1,12,2871.67,239.30583333333334,0.0,0.0,0.0,1.0,2871.67,-0.03237344962583011,new,0.0,143.58,0.1,5,0.6316064276929857,2182.4700000000003,2759.280544428019,2759.280544428019,2182.4700000000003,2759.280544428019,0
500708,CUST000708,2021,2021-09-24,2021-10-31,Home,TX,B,78701,35.84,Y,Standard,Frame,Shingle,2258,2,26,1,56,0,C,Broker,1756.77,1659.91,122.97,263.52,151.05,357955,20784.79,1,0.951,1.0,12,1,0,1,0.0561,New,20324.79,1,1,Middle,357955,500,3,0,Auto Debit,7,Online Search,10,360378,62648,636,1,7,12,1756.77,146.3975,0.08333333333333333,0.0,0.08333333333333333,1.0,1756.77,-0.5793454787813836,new,20324.79,87.84,0.1,5,0.6589889014666984,-19042.350000000002,-26258.663660017955,-26258.663660017955,-19042.350000000002,-26258.663660017955,0
500709,CUST000709,2021,2021-06-03,2022-03-31,Rental,NY,D,11201,31.66,Y,Standard,Frame,Tile,1847,3,51,0,56,0,B,Independent,3055.45,2907.56,213.88,366.65,209.5,773103,0.0,0,0.482,0.5,6,1,0,0,0.069,New,0.0,1,1,Middle,773103,1500,5,0,Credit Card,2,Aggregator,6,837422,73896,706,1,2,6,3055.45,509.2416666666666,0.0,0.0,0.16666666666666666,1.0,3055.45,-0.012520850583857324,new,0.0,152.77,0.1,5,0.7355073933441053,2322.1499999999996,4059.584006172033,4059.584006172033,2322.1499999999996,4059.584006172033,0
500710,CUST000710,2021,2021-11-25,2022-08-31,Home,CA,C,92101,51.09,Y,Basic,Frame,Metal,1362,2,27,0,46,0,B,Direct,2136.2,2232.3,149.53,64.09,168.13,471462,14607.4,1,1.022,1.0,12,0,0,0,0.0983,New,12767.4,1,1,Upper Middle,471462,2000,4,0,Credit Card,2,Aggregator,10,592872,94469,705,1,2,12,2136.2,178.01666666666665,0.08333333333333333,0.0,0.08333333333333333,1.0,2136.2,1.3463825696023748,new,12767.4,106.81,0.1,5,0.5988303484607421,-10951.630000000001,-12460.043738185295,-12460.043738185295,-10951.630000000001,-12460.043738185295,0
500711,CUST000711,2021,2021-08-18,2021-08-31,Home,WA,A,99201,60.12,N,Standard,Frame,Shingle,1548,1,66,1,57,0,B,Direct,1716.04,1626.95,120.12,51.48,149.22,386770,0.0,0,0.952,1.0,12,1,0,1,0.1,New,0.0,0,1,Middle,386770,2000,4,0,Auto Debit,3,Email Campaign,1,470551,55760,726,1,3,12,1716.04,143.00333333333333,0.0,0.0,0.0,1.0,1716.04,-0.8026646689793335,new,0.0,85.8,0.1,5,0.6451332977605275,1458.64,1925.2277674336137,1925.2277674336137,1458.64,1925.2277674336137,0
500712,CUST000712,2021,2021-12-15,2022-06-30,Rental,TX,B,77001,27.52,Y,Basic,Masonry,Tile,1325,1,26,0,23,0,C,Online,666.06,677.94,46.62,13.32,101.97,163495,0.0,0,1.012,1.0,12,0,1,0,0.1016,New,0.0,0,1,Upper Middle,163495,1500,4,0,Auto Debit,0,Agent Referral,2,203949,105411,671,1,0,12,666.06,55.504999999999995,0.0,0.0,0.0,1.0,666.06,0.3527721600509216,new,0.0,33.3,0.1,5,0.7644986941721319,572.8199999999999,1093.619711988955,1093.619711988955,572.8199999999999,1093.619711988955,0
500713,CUST000713,2021,2021-06-13,2021-10-31,Home,WA,D,98501,25.74,N,Standard,Mixed,Metal,2182,2,64,0,60,0,C,Broker,2291.59,2253.3,160.41,343.74,175.12,573569,0.0,0,0.976,1.0,12,1,0,0,0.0644,New,0.0,1,1,Middle,573569,1000,4,0,Bank Transfer,3,Agent Referral,1,690515,89759,646,1,3,12,2291.59,190.96583333333334,0.0,0.0,0.08333333333333333,1.0,2291.59,0.9612369599256232,new,0.0,114.58,0.1,5,0.848645723605606,1672.8600000000004,4104.346040627851,4104.346040627851,1672.8600000000004,4104.346040627851,0
500714,CUST000714,2021,2021-11-04,2022-09-30,Home,FL,D,33301,37.99,N,Basic,Mixed,Metal,2994,3,3,1,52,0,C,Independent,3012.7,2805.17,256.08,361.52,207.57,517681,0.0,0,0.953,1.0,12,0,0,0,0.0694,New,0.0,1,1,Low,517681,500,4,0,Credit Card,2,Social Media,13,730009,42471,663,1,2,12,3012.7,251.0583333333333,0.0,0.0,0.08333333333333333,1.0,3012.7,1.3463825696023748,new,0.0,150.64,0.1,5,0.8281806300055483,2244.46,5184.116126670573,5184.116126670573,2244.46,5184.116126670573,0
500715,CUST000715,2021,2021-09-15,2021-09-30,Home,TX,D,78701,36.14,N,Basic,Frame,Tile,2157,3,33,1,60,0,C,Online,986.56,951.27,69.06,19.73,116.4,240688,0.0,0,0.956,1.0,12,1,1,0,0.1008,New,0.0,0,1,Middle,240688,500,4,0,Credit Card,2,Agent Referral,3,344784,68317,628,1,2,12,986.56,82.21333333333332,0.0,0.0,0.0,1.0,986.56,-0.4175190593025818,new,0.0,49.33,0.1,5,0.7142216423849818,848.4399999999999,1389.5166817363495,1389.5166817363495,848.4399999999999,1389.5166817363495,0
500716,CUST000716,2021,2021-10-10,2022-05-31,Rental,FL,A,33301,73.48,N,Premium,Frame,Shingle,1825,1,12,0,55,0,A,Online,2748.35,2644.24,233.61,54.97,195.68,407450,0.0,0,0.954,1.0,12,0,0,0,0.1163,New,0.0,1,1,High,407450,5000,4,0,Debit Card,3,Email Campaign,1,449100,169787,794,1,3,12,2748.35,229.02916666666667,0.0,0.0,0.08333333333333333,1.0,2748.35,0.9612369599256232,new,0.0,137.42,0.1,5,0.8686869508314576,2322.35,6042.670741960124,6042.670741960124,2322.35,6042.670741960124,1
500717,CUST000717,2021,2021-01-16,2021-07-31,Home,TX,C,78701,36.85,Y,Standard,Frame,Shingle,2209,3,24,1,43,0,C,Online,1688.34,1483.28,118.18,33.77,147.98,346078,0.0,0,0.904,1.0,12,0,0,0,0.0641,New,0.0,1,1,Middle,346078,500,3,0,Credit Card,4,Aggregator,2,356057,84954,670,1,4,12,1688.34,140.695,0.0,0.0,0.08333333333333333,1.0,1688.34,0.5760913502488715,new,0.0,84.42,0.1,5,0.749201012183519,1451.9699999999998,2646.4789660095903,2646.4789660095903,1451.9699999999998,2646.4789660095903,0
500718,CUST000718,2021,2021-01-09,2021-03-31,Home,FL,A,33101,66.75,N,Basic,Masonry,Metal,2098,1,28,1,50,0,B,Online,2655.73,2650.83,225.74,53.11,191.51,393575,29259.57,2,1.019,1.0,12,0,1,0,0.1032,New,27419.57,0,1,Low,393575,1000,3,0,Credit Card,5,Email Campaign,2,551840,46619,713,1,5,12,2655.73,221.31083333333333,0.16666666666666666,0.0,0.0,1.0,2655.73,-1.572955888332837,new,27419.57,132.79,0.1,5,0.35,-25175.480000000003,-11710.242994416363,-11710.242994416363,-25175.480000000003,-11710.242994416363,0
500719,CUST000719,2021,2021-10-18,2022-05-31,Home,WA,A,98501,45.28,Y,Basic,Frame,Shingle,2448,2,32,1,55,1,C,Online,2679.78,2489.74,187.58,53.6,192.59,557385,42333.6,1,0.957,1.0,12,0,0,0,0.0647,New,41413.6,0,1,Middle,557385,1000,5,0,Auto Debit,0,Social Media,4,725509,57068,651,1,0,12,2679.78,223.31500000000003,0.08333333333333333,0.0,0.0,1.0,2679.78,0.3527721600509216,new,41413.6,133.99,0.1,5,0.6179122320872744,-39108.99,-47323.83747095575,-47323.83747095575,-39108.99,-47323.83747095575,0
500720,CUST000720,2021,2021-06-15,2022-03-31,Home,WA,A,99201,23.32,N,Standard,Masonry,Tile,2950,2,40,0,37,1,C,Independent,2957.21,2829.56,207.0,354.87,205.07,793447,0.0,0,0.949,1.0,12,1,1,1,0.1203,New,0.0,1,1,Middle,793447,2500,4,0,Debit Card,9,Online Search,11,911898,73009,632,1,9,12,2957.21,246.43416666666667,0.0,0.0,0.08333333333333333,1.0,2957.21,-1.349636698134887,new,0.0,147.86,0.1,5,0.8104589955555779,2247.48,4925.090655925624,4925.090655925624,2247.48,4925.090655925624,0
500721,CUST000721,2021,2021-04-04,2022-02-28,Condo,TX,C,77001,32.08,N,Premium,Masonry,Shingle,1415,2,18,1,68,0,D,Broker,1169.12,1131.55,81.84,175.37,124.61,216842,0.0,0,0.981,1.0,12,0,1,0,0.1026,New,0.0,1,1,Low,216842,1000,4,2,Auto Debit,1,Online Search,12,223192,43106,579,1,1,12,1169.12,97.42666666666666,0.0,0.16666666666666666,0.08333333333333333,1.0,1169.12,-1.056736743458396,new,0.0,58.46,0.1,5,0.7793677097442696,853.4499999999999,1704.106804624874,1704.106804624874,853.4499999999999,1704.106804624874,0
500722,CUST000722,2021,2021-12-25,2022-07-31,Home,FL,C,32801,56.51,Y,Standard,Frame,Tile,2081,2,1,1,28,0,D,Broker,4151.34,3742.31,352.86,622.7,258.81,505362,0.0,0,0.94,1.0,12,0,0,0,0.053,New,0.0,0,1,Middle,505362,500,5,1,Credit Card,1,Partner Referral,10,530354,80673,589,1,1,12,4151.34,345.945,0.0,0.08333333333333333,0.0,1.0,4151.34,-1.4265059109945915,new,0.0,207.57,0.1,5,0.7080214600339194,2968.2099999999996,4769.098942026948,4769.098942026948,2968.2099999999996,4769.098942026948,0
500723,CUST000723,2021,2021-08-21,2022-03-31,Home,CA,D,90001,41.54,N,Premium,Mixed,Shingle,1350,2,31,0,55,1,D,Online,3658.19,3575.05,256.07,73.16,236.62,559028,0.0,0,0.981,1.0,12,1,0,1,0.0725,New,0.0,0,1,Middle,559028,1000,4,0,Credit Card,5,Social Media,1,580278,55260,587,1,5,12,3658.19,304.8491666666667,0.0,0.0,0.0,1.0,3658.19,-1.572955888332837,new,0.0,182.91,0.1,5,0.795871252813976,3146.05,6600.558262364504,6600.558262364504,3146.05,6600.558262364504,1
500724,CUST000724,2021,2021-02-02,2021-04-30,Home,CA,A,95814,48.73,Y,Basic,Frame,Tile,1945,2,20,1,67,1,C,Independent,3396.13,3146.48,237.73,407.54,224.83,634365,11178.21,1,0.949,1.0,12,0,0,0,0.065,New,10718.21,0,1,Low,634365,500,3,1,Auto Debit,2,Email Campaign,7,761330,39176,648,1,2,12,3396.13,283.0108333333333,0.08333333333333333,0.08333333333333333,0.0,1.0,3396.13,-1.8116515206713433,new,10718.21,169.81,0.1,5,0.5583599725624944,-8137.159999999999,-8105.673871258829,-8105.673871258829,-8137.159999999999,-8105.673871258829,0
500725,CUST000725,2021,2021-09-24,2022-03-31,Home,FL,A,32801,65.76,N,Basic,Frame,Metal,1737,1,28,0,71,0,C,Direct,2131.67,2133.68,181.19,63.95,167.92,282573,0.0,0,1.026,1.0,12,1,0,0,0.0748,New,0.0,0,1,Low,282573,500,3,0,Auto Debit,0,Agent Referral,4,385604,42797,622,1,0,12,2131.67,177.63916666666668,0.0,0.0,0.0,1.0,2131.67,0.3527721600509216,new,0.0,106.58,0.1,5,0.5411950323309465,1779.95,1674.1630941187022,1674.1630941187022,1779.95,1674.1630941187022,0
500726,CUST000726,2021,2021-08-17,2021-08-31,Condo,NY,D,11201,31.28,Y,Basic,Frame,Tile,1103,1,49,1,48,1,D,Independent,1999.91,1953.34,139.99,239.99,162.0,389478,8109.14,1,0.98,1.0,12,1,1,0,0.1095,New,7649.14,0,1,Low,389478,500,4,0,Credit Card,5,Agent Referral,6,465479,40698,592,1,5,12,1999.91,166.65916666666666,0.08333333333333333,0.0,0.0,1.0,1999.91,-1.572955888332837,new,7649.14,100.0,0.1,5,0.6214839991323745,-6129.21,-7502.183724372972,-7502.183724372972,-6129.21,-7502.183724372972,0
500727,CUST000727,2021,2021-05-06,2021-12-31,Home,WA,A,98101,29.42,N,Standard,Masonry,Tile,1381,2,69,0,47,1,B,Online,1358.28,1393.6,95.08,27.17,133.12,353873,11420.66,1,0.5,0.5,6,0,0,0,0.0671,New,10960.66,1,1,Upper Middle,353873,500,3,1,Credit Card,3,Partner Referral,2,421346,120530,729,1,3,6,1358.28,226.38,0.16666666666666666,0.16666666666666666,0.16666666666666666,1.0,1358.28,-3.185931382998132,new,10960.66,67.91,0.1,5,0.6612760903252474,-9792.539999999999,-13601.139915098069,-13601.139915098069,-9792.539999999999,-13601.139915098069,0
500728,CUST000728,2021,2021-05-01,2021-11-30,Home,TX,A,78701,31.2,N,Basic,Mixed,Metal,3129,3,25,1,43,0,C,Independent,1180.07,1135.44,82.6,141.61,125.1,307675,0.0,0,0.953,1.0,12,0,1,0,0.1188,New,0.0,1,1,Low,307675,2000,4,0,Auto Debit,1,Aggregator,12,436777,41200,641,1,1,12,1180.07,98.33916666666666,0.0,0.0,0.08333333333333333,1.0,1180.07,1.7315281792791266,new,0.0,59.0,0.1,5,0.7583296738109465,896.86,1680.6031948941463,1680.6031948941463,896.86,1680.6031948941463,0
500729,CUST000729,2021,2021-08-27,2021-09-30,Condo,NY,B,14604,42.92,N,Basic,Frame,Shingle,1785,1,43,1,49,0,C,Independent,2436.67,2302.05,170.57,292.4,181.65,545956,24795.02,1,0.92,1.0,12,1,0,0,0.0541,New,24335.02,1,1,Middle,545956,500,4,1,Credit Card,1,Agent Referral,4,795521,58656,670,1,1,12,2436.67,203.05583333333334,0.08333333333333333,0.08333333333333333,0.08333333333333333,1.0,2436.67,0.33739571791036516,new,24335.02,121.83,0.1,5,0.6711313578967885,-22483.15,-32209.10539398235,-32209.10539398235,-22483.15,-32209.10539398235,0
500730,CUST000730,2021,2021-08-04,2022-05-31,Home,CA,B,92101,42.67,N,Standard,Frame,Shingle,1686,1,13,1,50,0,C,Online,3635.64,3132.45,254.49,72.71,235.6,678285,0.0,0,0.888,1.0,12,1,0,0,0.0637,New,0.0,1,1,Middle,678285,500,4,0,Auto Debit,1,Online Search,4,784462,76653,653,1,1,12,3635.64,302.96999999999997,0.0,0.0,0.08333333333333333,1.0,3635.64,1.7315281792791266,new,0.0,181.78,0.1,5,0.8173143679372552,3126.6599999999994,6992.807018660728,6992.807018660728,3126.6599999999994,6992.807018660728,1
500731,CUST000731,2021,2021-08-05,2021-08-31,Home,TX,A,77001,39.34,N,Basic,Mixed,Shingle,2527,2,7,1,53,1,B,Independent,1057.06,1040.37,73.99,126.85,119.57,267787,0.0,0,1.004,1.0,12,1,0,1,0.0858,New,0.0,1,1,Middle,267787,2000,5,0,Auto Debit,2,Agent Referral,8,383171,80868,700,1,2,12,1057.06,88.08833333333332,0.0,0.0,0.08333333333333333,1.0,1057.06,1.3463825696023748,new,0.0,52.85,0.1,5,0.861327570024522,803.3699999999999,2045.8090432266574,2045.8090432266574,803.3699999999999,2045.8090432266574,0
500732,CUST000732,2021,2021-01-24,2021-10-31,Condo,FL,B,33101,34.92,N,Basic,Masonry,Metal,1723,2,7,0,51,0,B,Independent,1455.64,1399.28,123.73,174.68,137.5,302653,0.0,0,0.964,1.0,12,0,0,0,0.0653,New,0.0,0,1,Upper Middle,302653,1000,5,0,Credit Card,0,Agent Referral,9,405261,118765,721,1,0,12,1455.64,121.30333333333334,0.0,0.0,0.0,1.0,1455.64,0.3527721600509216,new,0.0,72.78,0.1,5,0.7513821369783414,1084.45,1989.7484126235618,1989.7484126235618,1084.45,1989.7484126235618,0
500733,CUST000733,2021,2021-11-05,2022-08-31,Home,WA,B,99201,38.46,Y,Basic,Mixed,Shingle,1746,2,43,1,42,1,B,Independent,1755.68,1703.01,122.9,210.68,151.01,467003,0.0,0,0.952,1.0,12,0,1,0,0.0974,New,0.0,1,1,Middle,467003,500,5,0,Auto Debit,1,Social Media,7,584588,69490,727,1,1,12,1755.68,146.30666666666667,0.0,0.0,0.08333333333333333,1.0,1755.68,1.7315281792791266,new,0.0,87.78,0.1,5,0.8608181391195856,1334.32,3392.824123706829,3392.824123706829,1334.32,3392.824123706829,0
500734,CUST000734,2021,2021-04-22,2021-04-30,Home,FL,C,33101,47.93,N,Standard,Masonry,Shingle,2577,2,29,0,74,0,B,Direct,3187.89,2993.29,270.97,95.64,215.46,562794,0.0,0,0.927,1.0,12,0,1,0,0.1425,New,0.0,1,1,Upper Middle,562794,2500,5,0,Debit Card,2,Agent Referral,6,679283,102676,718,1,2,12,3187.89,265.65749999999997,0.0,0.0,0.08333333333333333,1.0,3187.89,1.3463825696023748,new,0.0,159.39,0.1,5,0.8538619824876176,2661.8900000000003,6631.795933998396,6631.795933998396,2661.8900000000003,6631.795933998396,1
500735,CUST000735,2021,2021-03-25,2022-01-31,Rental,NY,D,14604,25.59,Y,Standard,Mixed,Shingle,1205,1,14,0,73,0,B,Broker,2155.45,1956.02,150.88,323.32,169.0,587406,0.0,0,0.931,1.0,12,0,0,0,0.0461,New,0.0,1,1,Middle,587406,1500,4,0,Credit Card,1,Partner Referral,12,646244,68928,709,1,1,12,2155.45,179.6208333333333,0.0,0.0,0.08333333333333333,1.0,2155.45,1.7315281792791266,new,0.0,107.77,0.1,5,0.7298383231385435,1573.4799999999998,2703.4882159730355,2703.4882159730355,1573.4799999999998,2703.4882159730355,0
500736,CUST000736,2021,2021-01-10,2021-04-30,Home,FL,C,32801,37.59,Y,Basic,Masonry,Metal,1630,1,8,1,32,0,C,Broker,2267.34,2208.68,192.72,340.1,174.03,357672,0.0,0,0.973,1.0,12,0,0,0,0.0555,New,0.0,1,1,Middle,357672,1000,4,0,Credit Card,0,Partner Referral,10,448785,84364,679,1,0,12,2267.34,188.94500000000002,0.0,0.0,0.08333333333333333,1.0,2267.34,2.1166737889558784,new,0.0,113.37,0.1,5,0.8378051355760192,1621.1500000000005,3852.4655618626543,3852.4655618626543,1621.1500000000005,3852.4655618626543,0
500737,CUST000737,2021,2021-02-16,2021-03-31,Home,CA,C,94105,56.31,Y,Standard,Frame,Shingle,1557,3,28,0,60,0,C,Online,3606.23,3548.74,252.44,72.12,234.28,642117,0.0,0,0.986,1.0,12,0,1,0,0.1104,New,0.0,1,1,Upper Middle,642117,1500,4,0,Credit Card,1,Agent Referral,5,680305,131557,661,1,1,12,3606.23,300.51916666666665,0.0,0.0,0.08333333333333333,1.0,3606.23,1.7315281792791266,new,0.0,180.31,0.1,5,0.8573775181817739,3101.36,7806.807565655997,7806.807565655997,3101.36,7806.807565655997,1
500738,CUST000738,2021,2021-12-09,2021-12-31,Home,CA,B,90001,50.54,N,Standard,Frame,Shingle,1317,2,15,1,43,0,B,Online,2258.1,2376.05,158.07,45.16,173.61,435321,4128.24,1,1.05,1.0,12,0,0,0,0.0882,New,3668.24,1,1,Upper Middle,435321,500,4,0,Credit Card,2,Email Campaign,5,509968,104056,715,1,2,12,2258.1,188.17499999999998,0.08333333333333333,0.0,0.08333333333333333,1.0,2258.1,1.3463825696023748,new,3668.24,112.9,0.1,5,0.7101175956223928,-1726.27,-2791.637488612104,-2791.637488612104,-1726.27,-2791.637488612104,0
500739,CUST000739,2021,2021-07-12,2021-09-30,Home,TX,A,73301,30.71,N,Basic,Mixed,Tile,1687,3,9,1,64,0,C,Broker,683.68,684.24,47.86,102.55,102.77,182534,0.0,0,0.998,1.0,12,1,1,0,0.0929,New,0.0,1,1,Low,182534,1000,5,0,Credit Card,0,Social Media,6,268273,48334,636,1,0,12,683.68,56.97333333333333,0.0,0.0,0.08333333333333333,1.0,683.68,2.1166737889558784,new,0.0,34.18,0.1,5,0.7790488078816594,499.09,995.5911816564253,995.5911816564253,499.09,995.5911816564253,0
500740,CUST000740,2021,2021-10-15,2021-10-31,Home,TX,C,79901,28.43,Y,Basic,Masonry,Metal,2993,1,13,1,27,0,B,Independent,1404.16,1343.15,98.29,168.5,135.19,435696,9949.07,1,0.961,1.0,12,0,0,0,0.0956,New,8109.07,1,1,Middle,435696,2000,4,1,Credit Card,1,Social Media,11,525133,77962,698,1,1,12,1404.16,117.01333333333334,0.08333333333333333,0.08333333333333333,0.08333333333333333,1.0,1404.16,0.33739571791036516,new,8109.07,70.21,0.1,5,0.5685951003951274,-7041.91,-7256.687552432213,-7256.687552432213,-7041.91,-7256.687552432213,0
500741,CUST000741,2021,2021-05-14,2021-06-30,Home,TX,D,79901,33.55,Y,Basic,Masonry,Shingle,2035,2,37,1,25,1,C,Independent,1168.73,1172.59,81.81,140.25,124.59,245751,0.0,0,0.999,1.0,12,0,0,0,0.0699,New,0.0,1,1,Middle,245751,1000,3,0,Bank Transfer,1,Aggregator,11,296574,58928,636,1,1,12,1168.73,97.39416666666666,0.0,0.0,0.08333333333333333,1.0,1168.73,1.7315281792791266,new,0.0,58.44,0.1,5,0.7027223515439704,888.23,1403.9660051296878,1403.9660051296878,888.23,1403.9660051296878,0
500742,CUST000742,2021,2021-07-05,2021-07-31,Home,FL,A,32801,73.47,N,Basic,Frame,Shingle,1217,1,27,1,63,0,C,Broker,2062.28,2107.52,175.29,309.34,164.8,235275,12637.98,1,1.005,1.0,12,1,0,0,0.0691,New,11717.98,0,1,Middle,235275,1000,4,0,Auto Debit,0,Social Media,8,322075,51557,645,1,0,12,2062.28,171.85666666666668,0.08333333333333333,0.0,0.0,1.0,2062.28,0.3527721600509216,new,11717.98,103.11,0.1,5,0.4685385591729393,-10243.44,-7493.974625121793,-7493.974625121793,-10243.44,-7493.974625121793,0
500743,CUST000743,2021,2021-04-12,2021-06-30,Home,TX,C,73301,38.1,Y,Basic,Masonry,Shingle,2126,2,37,1,61,1,B,Independent,1083.3,1039.82,75.83,130.0,120.75,231402,0.0,0,0.97,1.0,12,0,0,0,0.0528,New,0.0,1,1,Middle,231402,1000,4,0,Bank Transfer,1,Social Media,9,286041,57046,696,1,1,12,1083.3,90.27499999999999,0.0,0.0,0.08333333333333333,1.0,1083.3,1.7315281792791266,new,0.0,54.16,0.1,5,0.723521931662151,823.31,1387.4593938740963,1387.4593938740963,823.31,1387.4593938740963,0
500744,CUST000744,2021,2021-01-19,2021-08-31,Home,NY,B,14604,35.59,Y,Premium,Frame,Tile,1987,1,18,0,39,0,B,Direct,3327.58,3228.56,232.93,99.83,221.74,1003958,0.0,0,0.939,1.0,12,0,0,0,0.0995,New,0.0,1,1,Upper Middle,1003958,2000,4,0,Auto Debit,0,Aggregator,5,918069,128055,694,1,0,12,3327.58,277.29833333333335,0.0,0.0,0.08333333333333333,1.0,3327.58,2.1166737889558784,new,0.0,166.38,0.1,5,0.8375263230382157,2828.44,6715.915396243448,6715.915396243448,2828.44,6715.915396243448,1
500745,CUST000745,2021,2021-05-14,2021-12-31,Rental,TX,C,79901,39.1,N,Basic,Masonry,Shingle,1200,3,17,1,53,1,C,Broker,550.49,501.58,38.53,82.57,96.77,116121,3505.87,1,0.891,1.0,12,0,0,1,0.0987,New,1665.87,0,1,Middle,116121,2000,3,2,Bank Transfer,10,Partner Referral,6,169238,57225,632,1,10,12,550.49,45.87416666666667,0.08333333333333333,0.16666666666666666,0.0,1.0,550.49,-6.286948859454118,new,1665.87,27.52,0.1,5,0.417683602882391,-1263.9999999999998,-767.6565406980635,-767.6565406980635,-1263.9999999999998,-767.6565406980635,0
500746,CUST000746,2021,2021-05-13,2021-11-30,Condo,FL,B,33601,34.83,N,Basic,Masonry,Metal,1101,1,17,1,23,1,B,Direct,998.4,1033.63,84.86,29.95,116.93,192959,0.0,0,1.02,1.0,12,0,0,0,0.0892,New,0.0,1,1,Upper Middle,192959,1000,4,0,Credit Card,3,Partner Referral,4,281579,96931,694,1,3,12,998.4,83.2,0.0,0.0,0.08333333333333333,1.0,998.4,0.9612369599256232,new,0.0,49.92,0.1,5,0.7635424582369543,833.67,1587.0358692404707,1587.0358692404707,833.67,1587.0358692404707,0
500747,CUST000747,2021,2021-12-21,2022-05-31,Home,NY,D,11201,17.42,N,Standard,Mixed,Metal,1409,2,24,1,51,1,B,Independent,1333.75,1435.14,93.36,160.05,132.02,513221,0.0,0,0.529,0.5,6,0,1,1,0.1377,New,0.0,1,1,Low,513221,5000,4,1,Bank Transfer,14,Aggregator,10,617559,28395,699,1,14,6,1333.75,222.29166666666666,0.0,0.16666666666666666,0.16666666666666666,1.0,1333.75,-7.4225330894424,new,0.0,66.69,0.1,5,0.8241949176702529,1013.6500000000001,2313.7919472040935,2313.7919472040935,1013.6500000000001,2313.7919472040935,0
500748,CUST000748,2021,2021-05-08,2021-08-31,Home,NY,B,12207,37.0,N,Standard,Mixed,Tile,1810,1,36,1,50,1,C,Independent,3274.79,3031.75,229.24,392.97,219.37,733696,41638.02,1,0.945,1.0,12,0,0,0,0.048,New,40718.02,1,1,Upper Middle,733696,1000,3,1,Auto Debit,2,Online Search,8,899884,90210,623,1,2,12,3274.79,272.89916666666664,0.08333333333333333,0.08333333333333333,0.08333333333333333,1.0,3274.79,-0.047749891766386554,new,40718.02,163.74,0.1,5,0.5504513915157546,-38229.17999999999,-37090.438906106676,-37090.438906106676,-38229.17999999999,-37090.438906106676,0
500749,CUST000749,2021,2021-11-20,2022-07-31,Home,FL,B,33301,51.4,N,Premium,Frame,Tile,1877,3,9,0,54,1,C,Broker,3320.44,3181.86,282.24,498.07,221.42,464926,0.0,0,0.95,1.0,12,0,0,0,0.0533,New,0.0,1,1,Middle,464926,1000,4,0,Credit Card,3,Social Media,4,471019,57951,665,1,3,12,3320.44,276.7033333333333,0.0,0.0,0.08333333333333333,1.0,3320.44,0.9612369599256232,new,0.0,166.02,0.1,5,0.8084545316588936,2374.1099999999997,5171.625973707931,5171.625973707931,2374.1099999999997,5171.625973707931,0
500750,CUST000750,2021,2021-01-10,2021-11-30,Home,TX,C,77001,46.2,N,Standard,Frame,Tile,1736,2,38,0,62,0,C,Independent,919.31,895.96,64.35,110.32,113.37,211842,16573.56,1,0.981,1.0,12,0,1,0,0.1341,New,14733.56,1,1,Middle,211842,2000,5,1,Credit Card,2,Agent Referral,9,265999,68618,624,1,2,12,919.31,76.60916666666667,0.08333333333333333,0.08333333333333333,0.08333333333333333,1.0,919.31,-0.047749891766386554,new,14733.56,45.97,0.1,5,0.5646553067847736,-14034.89,-14275.703660482472,-14275.703660482472,-14034.89,-14275.703660482472,0
500751,CUST000751,2021,2021-07-25,2021-07-31,Condo,FL,B,33101,52.14,Y,Basic,Mixed,Shingle,1380,1,12,1,56,1,C,Independent,1800.81,1883.72,153.07,216.1,153.04,237176,0.0,0,1.05,1.0,12,1,1,1,0.1289,New,0.0,1,1,Low,237176,2000,4,1,Auto Debit,2,Agent Referral,7,295507,33090,628,1,2,12,1800.81,150.0675,0.0,0.08333333333333333,0.08333333333333333,1.0,1800.81,-0.047749891766386554,new,0.0,90.04,0.1,5,0.7714782351550444,1341.6000000000001,2615.91188812252,2615.91188812252,1341.6000000000001,2615.91188812252,0
500752,CUST000752,2021,2021-12-02,2022-07-31,Home,TX,B,77001,42.94,N,Basic,Frame,Shingle,2706,2,28,1,49,0,B,Broker,1227.02,1153.57,85.89,184.05,127.22,274692,0.0,0,0.466,0.5,6,0,0,0,0.0459,New,0.0,0,1,Middle,274692,1000,4,0,Credit Card,2,Online Search,6,394554,89165,684,1,2,6,1227.02,204.50333333333333,0.0,0.0,0.0,1.0,1227.02,-3.540324108393771,new,0.0,61.35,0.1,5,0.777496516044094,895.7299999999999,1778.4883279994117,1778.4883279994117,895.7299999999999,1778.4883279994117,0
500753,CUST000753,2021,2021-08-18,2022-02-28,Rental,CA,D,92101,41.85,N,Standard,Frame,Tile,2426,1,34,1,41,0,B,Independent,3802.04,3539.65,266.14,456.25,243.09,778008,0.0,0,0.947,1.0,12,1,0,0,0.0534,New,0.0,1,1,Upper Middle,778008,500,5,0,Credit Card,1,Aggregator,8,881999,118651,690,1,1,12,3802.04,316.83666666666664,0.0,0.0,0.08333333333333333,1.0,3802.04,1.7315281792791266,new,0.0,190.1,0.1,5,0.8350658692979563,2889.55,6811.36023509771,6811.36023509771,2889.55,6811.36023509771,1
500754,CUST000754,2021,2021-01-26,2021-06-30,Condo,WA,C,98004,23.51,Y,Basic,Frame,Metal,1616,1,8,0,60,0,B,Independent,1044.51,1041.48,73.12,125.34,119.0,368517,0.0,0,1.0,1.0,12,0,0,0,0.0631,New,0.0,0,1,Upper Middle,368517,1500,4,0,Auto Debit,3,Social Media,4,470773,101931,712,1,3,12,1044.51,87.0425,0.0,0.0,0.0,1.0,1044.51,-0.8026646689793335,new,0.0,52.23,0.1,5,0.7377300432214953,793.8199999999999,1397.206122265829,1397.206122265829,793.8199999999999,1397.206122265829,0
500755,CUST000755,2021,2021-08-05,2022-06-30,Home,NY,B,11201,29.33,N,Premium,Mixed,Metal,2029,2,20,1,69,0,C,Online,3869.08,3560.71,270.84,77.38,246.11,1066451,86608.55,2,0.929,1.0,12,1,0,1,0.0689,New,84768.55,0,1,Middle,1066451,1000,3,0,Auto Debit,4,Social Media,1,1097727,50395,633,1,4,12,3869.08,322.42333333333335,0.16666666666666666,0.0,0.0,1.0,3869.08,-1.1878102786560851,new,84768.55,193.45,0.1,5,0.35,-81441.14,-37881.92078730107,-37881.92078730107,-81441.14,-37881.92078730107,0
500756,CUST000756,2021,2021-05-01,2021-10-31,Home,CA,B,92101,52.15,N,Standard,Mixed,Shingle,1758,2,57,1,31,0,C,Direct,3647.33,3519.77,255.31,109.42,236.13,620578,0.0,0,0.934,1.0,12,0,1,0,0.1588,New,0.0,1,1,Low,620578,2500,5,0,Credit Card,2,Agent Referral,5,717505,35880,666,1,2,12,3647.33,303.94416666666666,0.0,0.0,0.08333333333333333,1.0,3647.33,1.3463825696023748,new,0.0,182.37,0.1,5,0.8832669407680164,3100.23,8417.057350160823,8417.057350160823,3100.23,8417.057350160823,1
500757,CUST000757,2021,2021-09-09,2022-02-28,Home,CA,A,95814,59.4,Y,Premium,Frame,Shingle,2914,3,20,1,56,0,D,Broker,9500.0,8703.43,665.0,1425.0,499.5,1316456,0.0,0,0.923,1.0,12,1,1,1,0.084,New,0.0,1,1,Upper Middle,1316456,1000,4,1,Credit Card,10,Agent Referral,5,1150217,90375,619,1,10,12,9500.0,791.6666666666666,0.0,0.08333333333333333,0.08333333333333333,1.0,9500.0,-3.1289147691804002,new,0.0,475.0,0.1,5,0.9304957570296978,6935.0,21580.980789878784,21580.980789878784,6935.0,21580.980789878784,1
500758,CUST000758,2021,2021-02-05,2021-09-30,Rental,CA,C,95814,59.88,Y,Premium,Frame,Shingle,1622,1,35,1,44,1,A,Online,3917.38,3894.6,274.22,78.35,248.28,673268,79895.84,2,0.997,1.0,12,0,0,0,0.0679,New,78055.84,0,1,High,673268,1000,3,0,Auto Debit,1,Social Media,2,624420,152992,764,1,1,12,3917.38,326.4483333333333,0.16666666666666666,0.0,0.0,1.0,3917.38,-0.03237344962583011,new,78055.84,195.87,0.1,5,0.35,-74686.9,-34740.221338368734,-34740.221338368734,-74686.9,-34740.221338368734,0
500759,CUST000759,2021,2021-02-04,2021-05-31,Home,CA,C,92101,37.41,Y,Standard,Masonry,Metal,2289,1,33,1,53,0,D,Independent,4948.37,4646.77,346.39,593.8,294.68,893124,75655.27,1,0.934,1.0,12,0,1,1,0.1011,New,74735.27,0,1,Middle,893124,1000,3,1,Auto Debit,4,Email Campaign,6,910006,69997,619,1,4,12,4948.37,412.3641666666667,0.08333333333333333,0.08333333333333333,0.0,1.0,4948.37,-2.5819427400248465,new,74735.27,247.42,0.1,5,0.7024101969491713,-70974.51000000001,-112076.41504853606,-112076.41504853606,-70974.51000000001,-112076.41504853606,0
500760,CUST000760,2021,2021-10-16,2021-10-31,Rental,TX,A,73301,21.4,N,Premium,Masonry,Tile,1675,2,21,0,69,0,B,Independent,856.53,837.5,59.96,102.78,110.54,253189,0.0,0,1.009,1.0,12,0,0,0,0.0619,New,0.0,0,1,Middle,253189,1000,3,0,Bank Transfer,3,Agent Referral,3,263177,78949,702,1,3,12,856.53,71.3775,0.0,0.0,0.0,1.0,856.53,-0.8026646689793335,new,0.0,42.83,0.1,5,0.5699032617089084,650.9599999999999,673.7183252954796,673.7183252954796,650.9599999999999,673.7183252954796,0
500761,CUST000761,2021,2021-03-27,2021-10-31,Condo,TX,A,79901,38.88,N,Basic,Frame,Metal,1388,1,25,1,31,0,C,Direct,542.14,568.63,37.95,16.26,96.4,138371,0.0,0,1.012,1.0,12,0,1,0,0.1515,New,0.0,0,1,Upper Middle,138371,5000,4,0,Auto Debit,0,Aggregator,7,200850,90914,641,1,0,12,542.14,45.178333333333335,0.0,0.0,0.0,1.0,542.14,0.3527721600509216,new,0.0,27.11,0.1,5,0.7366432115317543,460.82,808.404925503945,808.404925503945,460.82,808.404925503945,0
500762,CUST000762,2021,2021-04-08,2021-08-31,Condo,FL,A,33101,55.22,N,Standard,Masonry,Tile,1523,1,23,0,40,0,A,Independent,1614.33,1605.74,137.22,193.72,144.65,273381,0.0,0,0.983,1.0,12,0,1,0,0.0801,New,0.0,0,1,Middle,273381,1000,4,0,Auto Debit,0,Partner Referral,3,323660,85750,761,1,0,12,1614.33,134.5275,0.0,0.0,0.0,1.0,1614.33,0.3527721600509216,new,0.0,80.72,0.1,5,0.7419266292116704,1202.6699999999998,2144.0897494396377,2144.0897494396377,1202.6699999999998,2144.0897494396377,0
500763,CUST000763,2021,2021-12-05,2022-04-30,Home,TX,D,78701,25.38,Y,Standard,Masonry,Metal,1136,1,13,0,62,0,B,Direct,493.76,461.88,34.56,14.81,94.22,158619,0.0,0,0.467,0.5,6,0,0,0,0.0927,New,0.0,1,1,Upper Middle,158619,2500,5,1,Debit Card,1,Online Search,8,168189,99493,690,1,1,6,493.76,82.29333333333334,0.0,0.16666666666666666,0.16666666666666666,1.0,493.76,-2.4156401636446283,new,0.0,24.69,0.1,5,0.8907932253341123,419.7,1164.676069899977,1164.676069899977,419.7,1164.676069899977,0
500764,CUST000764,2021,2021-09-13,2022-02-28,Home,CA,B,95814,34.74,Y,Basic,Masonry,Shingle,2113,1,21,1,36,1,C,Independent,4383.69,4273.78,306.86,526.04,269.27,737760,0.0,0,0.49,0.5,6,1,0,1,0.0467,New,0.0,1,1,Upper Middle,737760,1000,4,0,Credit Card,3,Online Search,8,910386,106256,634,1,3,6,4383.69,730.6149999999999,0.0,0.0,0.16666666666666666,1.0,4383.69,-0.39766646026060903,new,0.0,219.18,0.1,5,0.7601793362229881,3331.6099999999997,6278.088617106952,6278.088617106952,3331.6099999999997,6278.088617106952,1
500765,CUST000765,2021,2021-11-20,2022-05-31,Rental,NY,C,10001,32.89,N,Standard,Frame,Tile,1254,1,41,1,48,0,B,Direct,1585.97,1656.59,111.02,47.58,143.37,479282,17826.33,1,1.033,1.0,12,0,0,0,0.1082,New,15986.33,0,1,Middle,479282,2000,4,0,Credit Card,2,Agent Referral,4,538683,60529,689,1,2,12,1585.97,132.16416666666666,0.08333333333333333,0.0,0.0,1.0,1585.97,-0.4175190593025818,new,15986.33,79.3,0.1,5,0.5168127215835253,-14638.26,-12675.255976442284,-12675.255976442284,-14638.26,-12675.255976442284,0
500766,CUST000766,2021,2021-05-01,2021-07-31,Rental,CA,A,90001,62.0,Y,Standard,Frame,Tile,1032,1,26,1,53,0,D,Independent,2887.73,2944.0,202.14,346.53,201.95,414900,0.0,0,1.039,1.0,12,0,0,0,0.0956,New,0.0,1,1,Middle,414900,2000,4,0,Credit Card,1,Partner Referral,7,412773,60924,607,1,1,12,2887.73,240.64416666666668,0.0,0.0,0.08333333333333333,1.0,2887.73,1.7315281792791266,new,0.0,144.39,0.1,5,0.7593985440321058,2194.6700000000005,4125.872218218398,4125.872218218398,2194.6700000000005,4125.872218218398,0
500767,CUST000767,2021,2021-09-24,2021-12-31,Home,CA,D,92101,45.87,Y,Standard,Mixed,Shingle,2014,2,25,0,44,0,A,Direct,3308.31,3442.39,231.58,99.25,220.87,725800,0.0,0,1.027,1.0,12,1,0,0,0.0861,New,0.0,1,1,High,725800,500,4,0,Credit Card,4,Aggregator,12,746836,204419,765,1,4,12,3308.31,275.6925,0.0,0.0,0.08333333333333333,1.0,3308.31,0.5760913502488715,new,0.0,165.42,0.1,5,0.7594886611548655,2812.06,5287.978090766803,5287.978090766803,2812.06,5287.978090766803,1
500768,CUST000768,2021,2021-01-04,2021-02-28,Rental,WA,D,99201,22.65,Y,Standard,Mixed,Metal,1776,2,36,0,45,1,A,Online,1670.72,1641.16,116.95,33.41,147.18,574832,0.0,0,0.994,1.0,12,0,0,0,0.0678,New,0.0,1,1,Upper Middle,574832,1000,4,3,Credit Card,2,Online Search,8,578826,96845,773,1,2,12,1670.72,139.22666666666666,0.0,0.25,0.08333333333333333,1.0,1670.72,-2.8360148145039097,new,0.0,83.54,0.1,5,0.8780619515800452,1436.82,3842.2551116795817,3842.2551116795817,1436.82,3842.2551116795817,0
500769,CUST000769,2021,2021-06-21,2021-07-31,Condo,CA,B,95814,52.26,N,Premium,Frame,Tile,1477,1,27,0,51,0,A,Broker,2228.89,2234.09,156.02,334.33,172.3,545932,0.0,0,0.98,1.0,12,1,1,0,0.1026,New,0.0,1,1,Upper Middle,545932,1000,4,1,Credit Card,2,Agent Referral,7,574398,145194,750,1,2,12,2228.89,185.7408333333333,0.0,0.08333333333333333,0.08333333333333333,1.0,2228.89,-0.047749891766386554,new,0.0,111.44,0.1,5,0.8372015635560401,1627.1,3859.723985711905,3859.723985711905,1627.1,3859.723985711905,0
500770,CUST000770,2021,2021-07-05,2021-08-31,Home,CA,B,90001,44.32,N,Standard,Mixed,Tile,1556,2,18,1,47,0,C,Broker,2779.0,2479.02,194.53,416.85,197.06,533347,0.0,0,0.453,0.5,6,1,0,0,0.0877,New,0.0,1,1,Upper Middle,533347,5000,3,0,Credit Card,1,Online Search,9,596704,96882,665,1,1,6,2779.0,463.1666666666667,0.0,0.0,0.16666666666666666,1.0,2779.0,0.3726247590928944,new,0.0,138.95,0.1,5,0.8351042270137539,2028.6699999999998,4782.601997331666,4782.601997331666,2028.6699999999998,4782.601997331666,0
500771,CUST000771,2021,2021-08-25,2022-03-31,Home,WA,D,98004,18.41,N,Basic,Masonry,Shingle,2293,2,27,1,53,1,C,Direct,2016.76,1802.19,141.17,60.5,162.75,532165,0.0,0,0.917,1.0,12,1,1,0,0.1022,New,0.0,0,1,Middle,532165,1000,5,0,Auto Debit,0,Agent Referral,1,764203,58758,679,1,0,12,2016.76,168.06333333333333,0.0,0.0,0.0,1.0,2016.76,0.3527721600509216,new,0.0,100.84,0.1,5,0.8666137913299595,1714.25,4433.463453038353,4433.463453038353,1714.25,4433.463453038353,0
500772,CUST000772,2021,2021-05-24,2022-02-28,Home,TX,B,79901,46.57,N,Basic,Frame,Shingle,1618,2,32,0,45,0,B,Independent,749.4,810.3,52.46,89.93,105.72,174233,0.0,0,1.05,1.0,12,0,0,0,0.0406,New,0.0,0,1,Middle,174233,1000,4,0,Bank Transfer,2,Partner Referral,3,251002,78074,716,1,2,12,749.4,62.449999999999996,0.0,0.0,0.0,1.0,749.4,-0.4175190593025818,new,0.0,37.47,0.1,5,0.7286797491915463,569.54,975.0952737629761,975.0952737629761,569.54,975.0952737629761,0
500773,CUST000773,2021,2021-03-27,2021-09-30,Condo,FL,C,32801,61.55,N,Standard,Frame,Tile,1469,1,16,0,72,0,C,Independent,2214.34,2207.17,188.22,265.72,171.65,291449,4759.35,1,0.983,1.0,12,0,0,1,0.0507,New,4299.35,1,1,Low,291449,500,3,3,Auto Debit,5,Agent Referral,9,341113,49616,633,1,5,12,2214.34,184.52833333333334,0.08333333333333333,0.25,0.08333333333333333,1.0,2214.34,-3.9914516435341647,new,4299.35,110.72,0.1,5,0.40256307319699725,-2649.6699999999996,-1519.3590966745396,-1519.3590966745396,-2649.6699999999996,-1519.3590966745396,0
500774,CUST000774,2021,2021-05-03,2022-02-28,Home,WA,D,98004,27.2,Y,Standard,Frame,Shingle,2064,2,0,1,28,0,C,Direct,2579.72,2508.29,180.58,77.39,188.09,697651,0.0,0,0.969,1.0,12,0,0,1,0.0643,New,0.0,1,1,Middle,697651,500,3,0,Auto Debit,1,Agent Referral,3,709063,65629,644,1,1,12,2579.72,214.97666666666666,0.0,0.0,0.08333333333333333,1.0,2579.72,1.7315281792791266,new,0.0,128.99,0.1,5,0.7543405638477471,2192.76,4059.5657855633867,4059.5657855633867,2192.76,4059.5657855633867,0
500775,CUST000775,2021,2021-10-01,2022-08-31,Home,TX,B,78701,29.82,N,Basic,Masonry,Tile,2185,1,23,1,40,0,D,Broker,1074.35,1065.68,75.2,161.15,120.35,226246,0.0,0,0.987,1.0,12,0,1,1,0.0932,New,0.0,0,1,Middle,226246,1000,4,1,Credit Card,11,Social Media,2,324697,79697,602,1,11,12,1074.35,89.52916666666665,0.0,0.08333333333333333,0.0,1.0,1074.35,-5.277962007762109,new,0.0,53.72,0.1,5,0.7453396131455786,784.2799999999999,1412.8029617037723,1412.8029617037723,784.2799999999999,1412.8029617037723,0
500776,CUST000776,2021,2021-01-13,2021-06-30,Rental,CA,A,92101,67.07,Y,Standard,Mixed,Shingle,2287,1,39,1,32,0,B,Online,4443.01,4122.64,311.01,88.86,271.94,774329,0.0,0,0.953,1.0,12,0,1,0,0.1128,New,0.0,1,1,Middle,774329,500,4,0,Credit Card,0,Partner Referral,2,800329,73076,725,1,0,12,4443.01,370.25083333333333,0.0,0.0,0.08333333333333333,1.0,4443.01,2.1166737889558784,new,0.0,222.15,0.1,5,0.8151191758466583,3820.99,8490.127637607347,8490.127637607347,3820.99,8490.127637607347,1
500777,CUST000777,2021,2021-07-14,2022-01-31,Condo,FL,C,32801,74.18,Y,Standard,Frame,Shingle,1009,1,36,0,60,0,A,Independent,1473.93,1472.19,125.28,176.87,138.33,182700,0.0,0,0.494,0.5,6,1,0,0,0.0505,New,0.0,1,1,Middle,182700,1000,4,0,Debit Card,2,Email Campaign,8,182507,80708,731,1,2,6,1473.93,245.655,0.0,0.0,0.16666666666666666,1.0,1473.93,-0.012520850583857324,new,0.0,73.7,0.1,5,0.8437446631827807,1098.0800000000002,2655.547375266235,2655.547375266235,1098.0800000000002,2655.547375266235,0
500778,CUST000778,2021,2021-05-10,2021-07-31,Home,NY,A,11201,47.41,Y,Basic,Mixed,Shingle,2420,1,50,0,59,0,B,Online,3160.68,2821.62,221.25,63.21,214.23,825901,0.0,0,0.866,1.0,12,0,1,0,0.112,New,0.0,1,1,Upper Middle,825901,500,4,0,Auto Debit,0,Aggregator,6,1079119,98627,729,1,0,12,3160.68,263.39,0.0,0.0,0.08333333333333333,1.0,3160.68,2.1166737889558784,new,0.0,158.03,0.1,5,0.810021964629347,2718.1899999999996,5948.8523514640965,5948.8523514640965,2718.1899999999996,5948.8523514640965,1
500779,CUST000779,2021,2021-01-02,2021-03-31,Rental,NY,B,11201,30.59,Y,Standard,Masonry,Tile,1871,1,18,1,39,0,A,Online,2618.6,2487.12,183.3,52.37,189.84,873042,0.0,0,0.932,1.0,12,0,0,1,0.1095,New,0.0,1,1,Middle,873042,5000,3,0,Bank Transfer,8,Online Search,1,897007,65024,747,1,8,12,2618.6,218.21666666666667,0.0,0.0,0.08333333333333333,1.0,2618.6,-0.9644910884581352,new,0.0,130.93,0.1,5,0.7424556622755963,2252.0,4021.285682745874,4021.285682745874,2252.0,4021.285682745874,0
500780,CUST000780,2021,2021-02-17,2021-12-31,Home,WA,D,99201,12.19,N,Standard,Mixed,Metal,1677,2,23,0,64,0,C,Broker,1520.76,1561.26,106.45,228.11,140.43,483013,0.0,0,1.016,1.0,12,0,0,0,0.0643,New,0.0,1,1,Middle,483013,500,4,0,Credit Card,1,Agent Referral,12,585138,62092,636,1,1,12,1520.76,126.73,0.0,0.0,0.08333333333333333,1.0,1520.76,1.7315281792791266,new,0.0,76.04,0.1,5,0.8688282164869572,1110.1599999999999,2889.7890226104746,2889.7890226104746,1110.1599999999999,2889.7890226104746,0
500781,CUST000781,2021,2021-08-05,2021-10-31,Rental,TX,B,78701,36.94,N,Basic,Mixed,Tile,2679,2,14,1,60,1,C,Direct,1231.86,1108.62,86.23,36.96,127.43,278260,0.0,0,0.919,1.0,12,1,0,1,0.089,New,0.0,1,1,Middle,278260,500,5,0,Auto Debit,1,Agent Referral,6,371377,67631,640,1,1,12,1231.86,102.65499999999999,0.0,0.0,0.08333333333333333,1.0,1231.86,1.7315281792791266,new,0.0,61.59,0.1,5,0.8551129625502963,1047.08,2618.277886369516,2618.277886369516,1047.08,2618.277886369516,0
500782,CUST000782,2021,2021-02-02,2021-08-31,Home,NY,C,12207,37.33,N,Basic,Masonry,Tile,1101,2,38,1,38,1,C,Direct,1669.59,1488.46,116.87,50.09,147.13,401145,0.0,0,0.877,1.0,12,0,1,1,0.1195,New,0.0,1,1,Middle,401145,1000,4,0,Bank Transfer,9,Partner Referral,1,558820,68484,649,1,9,12,1669.59,139.1325,0.0,0.0,0.08333333333333333,1.0,1669.59,-1.349636698134887,new,0.0,83.48,0.1,5,0.7695119683935905,1419.1499999999999,2750.75767578434,2750.75767578434,1419.1499999999999,2750.75767578434,0
500783,CUST000783,2021,2021-10-20,2021-12-31,Home,CA,B,94105,33.85,N,Standard,Mixed,Metal,979,1,36,0,81,0,D,Online,1999.63,1864.25,139.97,39.99,161.98,361501,5950.33,1,0.944,1.0,12,0,0,0,0.0809,New,5490.33,1,1,Middle,361501,500,3,1,Credit Card,2,Partner Referral,3,435093,50517,617,1,2,12,1999.63,166.63583333333335,0.08333333333333333,0.08333333333333333,0.08333333333333333,1.0,1999.63,-0.047749891766386554,new,5490.33,99.98,0.1,5,0.6476525598774305,-3770.6399999999994,-5016.675662865082,-5016.675662865082,-3770.6399999999994,-5016.675662865082,0
500784,CUST000784,2021,2021-05-27,2022-02-28,Home,TX,A,73301,43.03,Y,Basic,Masonry,Shingle,1715,2,15,1,30,1,B,Independent,807.41,830.0,56.52,96.89,108.33,193712,0.0,0,1.007,1.0,12,0,0,1,0.0693,New,0.0,1,1,Low,193712,500,4,1,Credit Card,6,Partner Referral,8,249353,43983,683,1,6,12,807.41,67.28416666666666,0.0,0.08333333333333333,0.08333333333333333,1.0,807.41,-1.5883323304733934,new,0.0,40.37,0.1,5,0.7957408852274045,613.63,1286.9221861751032,1286.9221861751032,613.63,1286.9221861751032,0
500785,CUST000785,2021,2021-02-18,2021-08-31,Condo,FL,A,33101,54.43,N,Basic,Mixed,Tile,1079,1,8,1,55,0,D,Independent,1481.18,1543.49,125.9,177.74,138.65,178781,0.0,0,0.513,0.5,6,0,1,0,0.1018,New,0.0,0,1,Low,178781,1000,4,0,Credit Card,2,Email Campaign,9,253001,37056,520,1,2,6,1481.18,246.86333333333334,0.0,0.0,0.0,1.0,1481.18,-3.540324108393771,new,0.0,74.06,0.1,5,0.6210551035587252,1103.48,1348.8080918958374,1348.8080918958374,1103.48,1348.8080918958374,0
500786,CUST000786,2021,2021-05-14,2021-05-31,Condo,CA,C,95814,57.31,N,Premium,Mixed,Shingle,1448,1,33,0,39,0,B,Broker,2713.03,2598.53,189.91,406.95,194.09,524777,0.0,0,0.984,1.0,12,0,0,0,0.0901,New,0.0,1,1,Upper Middle,524777,2000,4,0,Auto Debit,0,Online Search,9,565506,125828,703,1,0,12,2713.03,226.08583333333334,0.0,0.0,0.08333333333333333,1.0,2713.03,2.1166737889558784,new,0.0,135.65,0.1,5,0.8600486130769854,1980.5200000000004,5024.598312652162,5024.598312652162,1980.5200000000004,5024.598312652162,0
500787,CUST000787,2021,2021-10-10,2022-08-31,Home,TX,C,73301,30.04,Y,Standard,Mixed,Shingle,1973,1,12,0,73,1,B,Independent,1143.66,1052.76,80.06,137.24,123.46,300076,14877.83,1,0.907,1.0,12,0,0,0,0.0503,New,13957.83,1,1,Middle,300076,1000,3,2,Credit Card,1,Partner Referral,7,310658,62465,698,1,1,12,1143.66,95.305,0.08333333333333333,0.16666666666666666,0.08333333333333333,1.0,1143.66,-1.056736743458396,new,13957.83,57.18,0.1,5,0.5766731343936848,-13088.65,-13851.732876550806,-13851.732876550806,-13088.65,-13851.732876550806,0
500788,CUST000788,2021,2021-10-10,2022-08-31,Home,NY,D,10001,31.26,N,Standard,Frame,Metal,2362,3,30,1,62,0,B,Broker,2656.18,2375.97,185.93,398.43,191.53,848598,0.0,0,0.878,1.0,12,0,0,0,0.0982,New,0.0,1,1,Middle,848598,2500,4,2,Credit Card,1,Agent Referral,7,1049236,67946,694,1,1,12,2656.18,221.34833333333333,0.0,0.16666666666666666,0.08333333333333333,1.0,2656.18,-1.056736743458396,new,0.0,132.81,0.1,5,0.7875203427595692,1939.0100000000002,3967.6436230407053,3967.6436230407053,1939.0100000000002,3967.6436230407053,0
500789,CUST000789,2021,2021-05-27,2021-05-31,Condo,WA,C,98501,20.61,Y,Standard,Masonry,Tile,1722,2,10,1,37,1,B,Online,1416.23,1247.16,99.14,28.32,135.73,503559,0.0,0,0.453,0.5,6,0,1,0,0.129,New,0.0,1,1,Upper Middle,503559,500,5,0,Auto Debit,1,Agent Referral,5,525158,98765,680,1,1,6,1416.23,236.03833333333333,0.0,0.0,0.16666666666666666,1.0,1416.23,0.3726247590928944,new,0.0,70.81,0.1,5,0.893470366802325,1217.96,3406.223405503621,3406.223405503621,1217.96,3406.223405503621,0
500790,CUST000790,2021,2021-03-04,2021-10-31,Home,NY,D,12207,34.24,N,Standard,Frame,Shingle,1887,3,36,0,50,0,B,Direct,2581.74,2328.68,180.72,77.45,188.18,702539,0.0,0,0.897,1.0,12,0,0,1,0.0897,New,0.0,0,1,Middle,702539,1500,5,0,Auto Debit,6,Agent Referral,3,836947,80740,696,1,6,12,2581.74,215.14499999999998,0.0,0.0,0.0,1.0,2581.74,-1.9581014980095888,new,0.0,129.09,0.1,5,0.6886314961104594,2194.48,3320.332117856417,3320.332117856417,2194.48,3320.332117856417,0
500791,CUST000791,2021,2021-04-22,2022-01-31,Rental,TX,B,73301,30.37,Y,Standard,Frame,Metal,1609,1,3,1,28,1,D,Independent,1068.8,1010.62,74.82,128.26,120.1,211410,0.0,0,0.974,1.0,12,0,0,1,0.0529,New,0.0,1,1,Middle,211410,1000,4,0,Auto Debit,3,Online Search,4,217012,84347,599,1,3,12,1068.8,89.06666666666666,0.0,0.0,0.08333333333333333,1.0,1068.8,0.9612369599256232,new,0.0,53.44,0.1,5,0.743723983138774,812.28,1456.0627712711198,1456.0627712711198,812.28,1456.0627712711198,0
500792,CUST000792,2021,2021-06-12,2022-01-31,Condo,FL,C,33301,65.9,N,Basic,Frame,Metal,1579,1,54,0,78,0,B,Direct,1530.36,1483.0,130.08,45.91,140.87,224785,16917.54,1,0.935,1.0,12,1,0,0,0.104,New,15077.54,0,1,Upper Middle,224785,2000,4,1,Auto Debit,0,Online Search,3,322466,104873,680,1,0,12,1530.36,127.52999999999999,0.08333333333333333,0.08333333333333333,0.0,1.0,1530.36,-1.0413603013178399,new,15077.54,76.52,0.1,5,0.35,-13799.69,-6418.8537079578045,-6418.8537079578045,-13799.69,-6418.8537079578045,0
500793,CUST000793,2021,2021-11-22,2022-01-31,Condo,TX,C,77001,43.05,N,Standard,Mixed,Metal,1316,1,24,1,51,0,C,Independent,735.34,671.86,51.47,88.24,105.09,170878,0.0,0,0.892,1.0,12,0,0,0,0.0496,New,0.0,1,1,Upper Middle,170878,500,4,0,Credit Card,1,Agent Referral,8,191891,91151,677,1,1,12,735.34,61.278333333333336,0.0,0.0,0.08333333333333333,1.0,735.34,1.7315281792791266,new,0.0,36.77,0.1,5,0.7361824786080697,558.86,979.0157777037722,979.0157777037722,558.86,979.0157777037722,0
500794,CUST000794,2021,2021-06-20,2021-07-31,Home,FL,B,33101,52.76,Y,Premium,Frame,Tile,2411,2,20,0,71,0,A,Direct,3794.28,3306.45,322.51,113.83,242.74,643603,0.0,0,0.881,1.0,12,1,0,0,0.0611,New,0.0,1,1,Upper Middle,643603,500,4,0,Auto Debit,0,Agent Referral,7,576144,103471,767,1,0,12,3794.28,316.19,0.0,0.0,0.08333333333333333,1.0,3794.28,2.1166737889558784,new,0.0,189.71,0.1,5,0.8441239649314177,3168.2300000000005,7670.469048807026,7670.469048807026,3168.2300000000005,7670.469048807026,1
500795,CUST000795,2021,2021-10-17,2022-04-30,Home,FL,D,33301,39.25,Y,Standard,Masonry,Tile,1888,3,0,0,67,0,C,Independent,3075.1,2874.17,261.38,369.01,210.38,465606,0.0,0,0.92,1.0,12,0,1,0,0.0839,New,0.0,0,1,Middle,465606,1000,4,0,Auto Debit,0,Agent Referral,8,499532,57708,677,1,0,12,3075.1,256.2583333333333,0.0,0.0,0.0,1.0,3075.1,0.3527721600509216,new,0.0,153.76,0.1,5,0.7941941366853663,2290.95,4782.4624719027925,4782.4624719027925,2290.95,4782.4624719027925,0
500796,CUST000796,2021,2021-09-01,2021-11-30,Condo,TX,A,78701,34.3,N,Basic,Frame,Tile,1417,2,18,1,38,1,C,Independent,587.3,566.98,41.11,70.48,98.43,135106,0.0,0,0.974,1.0,12,1,0,1,0.0744,New,0.0,0,1,Low,135106,2000,4,0,Credit Card,8,Partner Referral,9,193824,45385,620,1,8,12,587.3,48.94166666666666,0.0,0.0,0.0,1.0,587.3,-2.728392717363092,new,0.0,29.36,0.1,5,0.8931557112475801,446.3499999999999,1247.1515566324947,1247.1515566324947,446.3499999999999,1247.1515566324947,0
500797,CUST000797,2021,2021-03-02,2021-03-31,Home,WA,C,98501,22.94,Y,Basic,Masonry,Metal,1282,2,44,0,38,1,C,Online,1108.16,1073.95,77.57,22.16,121.87,319563,0.0,0,0.976,1.0,12,0,1,0,0.1044,New,0.0,0,1,Upper Middle,319563,1500,4,0,Auto Debit,0,Social Media,7,419679,91506,660,1,0,12,1108.16,92.34666666666668,0.0,0.0,0.0,1.0,1108.16,0.3527721600509216,new,0.0,55.41,0.1,5,0.7409871805155012,953.0200000000002,1694.1622962379777,1694.1622962379777,953.0200000000002,1694.1622962379777,0
500798,CUST000798,2021,2021-09-17,2022-02-28,Home,FL,C,33301,57.88,Y,Basic,Mixed,Shingle,1987,2,2,1,62,0,D,Independent,3221.73,3154.76,273.85,386.61,216.98,385940,30411.24,2,0.97,1.0,12,1,1,0,0.1177,New,26731.24,0,1,Middle,385940,2000,3,1,Auto Debit,1,Online Search,7,495183,65394,617,1,1,12,3221.73,268.4775,0.16666666666666666,0.08333333333333333,0.0,1.0,3221.73,-1.4265059109945915,new,26731.24,161.09,0.1,5,0.35,-24331.06,-11317.46544303124,-11317.46544303124,-24331.06,-11317.46544303124,0
500799,CUST000799,2021,2021-08-16,2021-12-31,Rental,FL,C,32801,51.89,Y,Standard,Masonry,Shingle,2079,2,10,1,30,1,B,Independent,3226.97,3011.77,274.29,387.24,217.21,463985,0.0,0,0.956,1.0,12,1,0,0,0.056,New,0.0,1,1,Middle,463985,1000,4,0,Auto Debit,0,Agent Referral,9,467776,80158,681,1,0,12,3226.97,268.91416666666663,0.0,0.0,0.08333333333333333,1.0,3226.97,2.1166737889558784,new,0.0,161.35,0.1,5,0.8108060402869068,2404.0899999999997,5273.728082965248,5273.728082965248,2404.0899999999997,5273.728082965248,1
500800,CUST000800,2021,2021-05-11,2021-11-30,Condo,CA,D,92101,64.84,N,Standard,Mixed,Shingle,1217,1,71,0,52,1,B,Direct,2446.02,2395.11,171.22,73.38,182.07,425474,1766.35,1,0.963,1.0,12,0,1,0,0.149,New,0.0,0,1,Upper Middle,425474,2000,4,0,Bank Transfer,1,Social Media,1,468702,143029,694,1,1,12,2446.02,203.835,0.08333333333333333,0.0,0.0,1.0,2446.02,-0.03237344962583011,new,1772.8083333333332,122.3,0.1,5,0.36226298807761087,306.3116666666668,149.83049673118086,149.83049673118086,306.3116666666668,149.83049673118086,0
500801,CUST000801,2021,2021-10-05,2022-01-31,Home,NY,D,10001,19.77,N,Standard,Mixed,Metal,2418,2,27,0,39,0,B,Online,2674.68,2484.27,187.23,53.49,192.36,992440,0.0,0,0.939,1.0,12,0,0,0,0.1132,New,0.0,0,1,High,992440,5000,4,1,Bank Transfer,3,Partner Referral,4,1160092,177872,726,1,3,12,2674.68,222.89,0.0,0.08333333333333333,0.0,1.0,2674.68,-2.196797130348095,new,0.0,133.73,0.1,5,0.7845074707086377,2300.23,4664.417709068729,4664.417709068729,2300.23,4664.417709068729,0
500802,CUST000802,2021,2021-12-02,2022-04-30,Home,CA,B,92101,40.83,Y,Basic,Mixed,Shingle,2052,3,30,1,41,0,C,Online,3152.02,3175.03,220.64,63.04,213.84,597077,0.0,0,1.007,1.0,12,0,0,0,0.1162,New,0.0,1,1,Middle,597077,2000,4,0,Auto Debit,1,Agent Referral,4,729996,66664,634,1,1,12,3152.02,262.66833333333335,0.0,0.0,0.08333333333333333,1.0,3152.02,1.7315281792791266,new,0.0,157.6,0.1,5,0.8279353758937467,2710.7400000000002,6256.557619388591,6256.557619388591,2710.7400000000002,6256.557619388591,1
500803,CUST000803,2021,2021-02-04,2021-12-31,Rental,WA,D,98101,18.1,N,Standard,Mixed,Tile,1804,2,31,0,41,0,C,Independent,1697.84,1622.76,118.85,203.74,148.4,476281,0.0,0,0.988,1.0,12,0,0,0,0.0481,New,0.0,1,1,Middle,476281,1500,5,0,Bank Transfer,2,Agent Referral,4,544953,88925,626,1,2,12,1697.84,141.48666666666665,0.0,0.0,0.08333333333333333,1.0,1697.84,1.3463825696023748,new,0.0,84.89,0.1,5,0.8570125828728856,1290.36,3244.646093051737,3244.646093051737,1290.36,3244.646093051737,0
500804,CUST000804,2021,2021-10-25,2022-07-31,Rental,TX,B,77001,32.78,Y,Standard,Masonry,Shingle,2041,1,36,1,49,1,C,Online,1482.77,1375.59,103.79,29.66,138.72,307630,0.0,0,0.908,1.0,12,0,1,0,0.1258,New,0.0,1,1,Upper Middle,307630,1000,5,0,Bank Transfer,3,Online Search,8,330618,93430,651,1,3,12,1482.77,123.56416666666667,0.0,0.0,0.08333333333333333,1.0,1482.77,0.9612369599256232,new,0.0,74.14,0.1,5,0.858656870007126,1275.1799999999998,3221.973759896721,3221.973759896721,1275.1799999999998,3221.973759896721,0
500805,CUST000805,2021,2021-08-06,2021-10-31,Rental,FL,B,33101,45.8,N,Basic,Masonry,Tile,1644,2,19,1,47,0,D,Direct,2257.87,2241.46,191.92,67.74,173.6,279008,0.0,0,0.99,1.0,12,1,0,1,0.1033,New,0.0,1,1,Middle,279008,5000,3,0,Bank Transfer,15,Online Search,6,385153,61440,600,1,15,12,2257.87,188.15583333333333,0.0,0.0,0.08333333333333333,1.0,2257.87,-3.6605103561953967,new,0.0,112.89,0.1,5,0.7525573340218138,1885.3199999999997,3471.5495205529987,3471.5495205529987,1885.3199999999997,3471.5495205529987,0
500806,CUST000806,2021,2021-09-22,2021-10-31,Home,TX,C,79901,32.73,N,Basic,Masonry,Shingle,2294,1,38,1,31,0,A,Independent,897.71,897.92,62.84,107.72,112.4,246873,0.0,0,1.007,1.0,12,1,1,0,0.083,New,0.0,1,1,Middle,246873,1000,5,0,Auto Debit,0,Partner Referral,7,355487,75984,776,1,0,12,897.71,74.80916666666667,0.0,0.0,0.08333333333333333,1.0,897.71,2.1166737889558784,new,0.0,44.89,0.1,5,0.9214607584500365,682.26,2068.7268665161646,2068.7268665161646,682.26,2068.7268665161646,0
500807,CUST000807,2021,2021-10-23,2021-12-31,Home,TX,D,73301,23.36,N,Basic,Frame,Tile,2144,3,12,1,23,0,C,Independent,820.94,744.68,57.47,98.51,108.94,224108,0.0,0,0.895,1.0,12,0,1,0,0.0924,New,0.0,1,1,Middle,224108,1000,4,0,Credit Card,1,Email Campaign,9,312677,87439,662,1,1,12,820.94,68.41166666666668,0.0,0.0,0.08333333333333333,1.0,820.94,1.7315281792791266,new,0.0,41.05,0.1,5,0.7328838577593993,623.9100000000001,1082.010208600004,1082.010208600004,623.9100000000001,1082.010208600004,0
500808,CUST000808,2021,2021-07-24,2021-09-30,Home,FL,A,33301,52.49,N,Basic,Masonry,Shingle,2856,3,20,1,44,1,C,Independent,3430.27,3519.05,291.57,411.63,226.36,450599,13377.24,1,0.496,0.5,6,1,1,0,0.0897,New,12457.24,1,1,Low,450599,1000,3,1,Bank Transfer,4,Email Campaign,13,656916,34318,647,1,4,6,3430.27,571.7116666666667,0.16666666666666666,0.16666666666666666,0.16666666666666666,1.0,3430.27,-3.5710769926748833,new,12457.24,171.51,0.1,5,0.5296462343438155,-9901.679999999998,-8957.006227097652,-8957.006227097652,-9901.679999999998,-8957.006227097652,0
500809,CUST000809,2021,2021-02-18,2021-08-31,Rental,CA,B,95814,51.86,Y,Standard,Mixed,Shingle,1796,1,38,0,68,0,A,Online,3442.05,3315.21,240.94,68.84,226.89,724479,0.0,0,0.966,1.0,12,0,0,0,0.0855,New,0.0,1,1,Upper Middle,724479,1000,4,0,Credit Card,2,Agent Referral,7,746836,125900,804,1,2,12,3442.05,286.83750000000003,0.0,0.0,0.08333333333333333,1.0,3442.05,1.3463825696023748,new,0.0,172.1,0.1,5,0.8427366789005633,2960.17,7137.517369054097,7137.517369054097,2960.17,7137.517369054097,1
500810,CUST000810,2021,2021-08-25,2022-02-28,Home,CA,B,95814,41.07,N,Premium,Frame,Tile,2118,1,25,1,62,0,B,Independent,4193.89,4418.5,293.57,503.27,260.72,937795,0.0,0,1.05,1.0,12,1,0,0,0.0926,New,0.0,1,1,Upper Middle,937795,2000,4,0,Auto Debit,1,Partner Referral,9,1010556,118042,728,1,1,12,4193.89,349.49083333333334,0.0,0.0,0.08333333333333333,1.0,4193.89,1.7315281792791266,new,0.0,209.69,0.1,5,0.8131863750777937,3187.36,7041.639464766478,7041.639464766478,3187.36,7041.639464766478,1
500811,CUST000811,2021,2021-11-16,2021-12-31,Rental,FL,B,33101,41.01,Y,Standard,Masonry,Tile,1723,2,6,1,52,0,D,Broker,3152.47,3267.58,267.96,472.87,213.86,375987,0.0,0,1.05,1.0,12,0,0,1,0.0716,New,0.0,1,1,Middle,375987,5000,3,0,Credit Card,8,Online Search,7,386146,69402,610,1,8,12,3152.47,262.7058333333333,0.0,0.0,0.08333333333333333,1.0,3152.47,-0.9644910884581352,new,0.0,157.62,0.1,5,0.7636739153028431,2254.02,4292.625182848411,4292.625182848411,2254.02,4292.625182848411,0
500812,CUST000812,2021,2021-02-19,2021-12-31,Home,TX,A,78701,49.81,N,Basic,Frame,Metal,1181,1,40,1,61,0,C,Independent,555.8,553.47,38.91,66.7,97.01,118292,0.0,0,1.0,1.0,12,0,0,0,0.0723,New,0.0,1,1,Low,118292,2000,3,0,Credit Card,4,Online Search,6,171802,41444,659,1,4,12,555.8,46.31666666666666,0.0,0.0,0.08333333333333333,1.0,555.8,0.5760913502488715,new,0.0,27.79,0.1,5,0.8074009109428223,422.4,917.2484504160121,917.2484504160121,422.4,917.2484504160121,0
500813,CUST000813,2021,2021-11-02,2022-09-30,Home,WA,B,98101,32.27,N,Standard,Frame,Tile,1914,2,26,0,56,0,B,Independent,1846.07,1661.95,129.22,221.53,155.07,519702,0.0,0,0.903,1.0,12,0,0,0,0.0442,New,0.0,0,1,Upper Middle,519702,500,4,0,Auto Debit,0,Aggregator,7,613212,97644,708,1,0,12,1846.07,153.83916666666667,0.0,0.0,0.0,1.0,1846.07,0.3527721600509216,new,0.0,92.3,0.1,5,0.7675980064451134,1403.02,2703.8258193602906,2703.8258193602906,1403.02,2703.8258193602906,0
500814,CUST000814,2021,2021-01-13,2021-02-28,Home,NY,B,12207,33.62,Y,Premium,Frame,Tile,2751,2,32,0,47,0,B,Online,4798.53,4501.77,335.9,95.97,287.93,1436710,0.0,0,0.956,1.0,12,0,0,0,0.1048,New,0.0,0,1,Middle,1436710,2000,4,0,Bank Transfer,2,Online Search,8,1314621,72102,697,1,2,12,4798.53,399.8775,0.0,0.0,0.0,1.0,4798.53,-0.4175190593025818,new,0.0,239.93,0.1,5,0.35,4126.73,1919.5268996796815,1919.5268996796815,4126.73,1919.5268996796815,0
500815,CUST000815,2021,2021-03-19,2021-05-31,Rental,NY,C,14604,33.07,Y,Basic,Frame,Metal,1669,2,36,0,52,0,D,Independent,2792.35,2651.73,195.46,335.08,197.66,582773,67543.81,2,0.946,1.0,12,0,1,0,0.1175,New,58343.81,0,1,Upper Middle,582773,5000,3,1,Debit Card,0,Aggregator,9,726583,97922,619,1,0,12,2792.35,232.69583333333333,0.16666666666666666,0.08333333333333333,0.0,1.0,2792.35,-1.0413603013178399,new,58343.81,139.62,0.1,5,0.4132065249990797,-56221.62,-33572.5131514464,-33572.5131514464,-56221.62,-33572.5131514464,0
500816,CUST000816,2021,2021-03-05,2021-04-30,Rental,CA,B,95814,60.68,N,Standard,Mixed,Shingle,2713,1,32,1,41,0,C,Broker,5263.02,5362.62,368.41,789.45,308.84,822987,0.0,0,1.013,1.0,12,0,0,0,0.0559,New,0.0,1,1,Upper Middle,822987,1500,4,1,Debit Card,2,Agent Referral,7,958010,136286,677,1,2,12,5263.02,438.58500000000004,0.0,0.08333333333333333,0.08333333333333333,1.0,5263.02,-0.047749891766386554,new,0.0,263.15,0.1,5,0.8905730023434755,3842.0100000000007,10654.841952990588,10654.841952990588,3842.0100000000007,10654.841952990588,1
500817,CUST000817,2021,2021-08-17,2021-08-31,Home,TX,A,79901,53.08,Y,Premium,Frame,Shingle,2636,1,46,1,59,1,D,Online,2935.65,2804.05,205.5,58.71,204.1,444569,0.0,0,0.928,1.0,12,1,1,0,0.1022,New,0.0,1,1,Middle,444569,1000,5,0,Credit Card,1,Online Search,3,399526,57025,610,1,1,12,2935.65,244.63750000000002,0.0,0.0,0.08333333333333333,1.0,2935.65,1.7315281792791266,new,0.0,146.78,0.1,5,0.8709885412198541,2524.66,6613.395870661286,6613.395870661286,2524.66,6613.395870661286,1
500818,CUST000818,2021,2021-12-15,2022-07-31,Condo,WA,A,99201,39.06,N,Standard,Frame,Shingle,1514,2,15,0,75,0,C,Broker,1937.83,1807.84,135.65,290.67,159.2,441487,0.0,0,0.933,1.0,12,0,0,0,0.0522,New,0.0,1,1,Middle,441487,500,5,0,Auto Debit,3,Online Search,11,517569,57450,672,1,3,12,1937.83,161.48583333333332,0.0,0.0,0.08333333333333333,1.0,1937.83,0.9612369599256232,new,0.0,96.89,0.1,5,0.8589931154214381,1414.6199999999997,3577.8192081001207,3577.8192081001207,1414.6199999999997,3577.8192081001207,0
500819,CUST000819,2021,2021-02-07,2021-06-30,Home,TX,B,77001,24.27,N,Premium,Masonry,Metal,1295,2,36,1,40,1,A,Independent,582.09,606.77,40.75,69.85,98.19,202984,12723.78,1,0.506,0.5,6,0,0,0,0.0593,New,11803.78,0,1,Upper Middle,202984,1000,3,1,Credit Card,1,Partner Referral,11,200349,112934,736,1,1,6,582.09,97.015,0.16666666666666666,0.16666666666666666,0.0,1.0,582.09,-5.943443421454542,new,11803.78,29.1,0.1,5,0.35,-11361.390000000001,-5284.69120169038,-5284.69120169038,-11361.390000000001,-5284.69120169038,0
500820,CUST000820,2021,2021-12-21,2022-03-31,Home,FL,D,33101,29.01,Y,Premium,Masonry,Metal,1621,1,3,0,50,1,B,Broker,2356.59,2251.2,200.31,353.49,178.05,474864,0.0,0,0.931,1.0,12,0,0,1,0.0918,New,0.0,1,1,Upper Middle,474864,2500,4,0,Debit Card,10,Partner Referral,6,434226,95430,693,1,10,12,2356.59,196.38250000000002,0.0,0.0,0.08333333333333333,1.0,2356.59,-1.734782307811639,new,0.0,117.83,0.1,5,0.8281452336178379,1684.9600000000003,3891.4096120753334,3891.4096120753334,1684.9600000000003,3891.4096120753334,0
500821,CUST000821,2021,2021-08-03,2022-04-30,Home,TX,A,79901,28.71,N,Standard,Mixed,Metal,1828,2,16,1,55,2,D,Online,1148.94,1144.69,80.43,22.98,123.7,248933,0.0,0,1.01,1.0,12,1,1,0,0.129,New,0.0,1,1,Middle,248933,1000,4,1,Bank Transfer,1,Partner Referral,8,284689,72735,557,1,1,12,1148.94,95.745,0.0,0.08333333333333333,0.08333333333333333,1.0,1148.94,0.33739571791036516,new,0.0,57.45,0.1,5,0.7575040726674803,988.0799999999999,1846.9122509026593,1846.9122509026593,988.0799999999999,1846.9122509026593,0
500822,CUST000822,2021,2021-12-19,2022-08-31,Home,CA,B,94105,53.65,Y,Premium,Frame,Shingle,2497,3,33,0,60,0,B,Independent,4805.06,4717.1,336.35,576.61,288.23,929625,5537.44,1,0.961,1.0,12,0,0,0,0.0955,New,937.44,0,1,High,929625,5000,3,1,Auto Debit,2,Online Search,2,857464,192807,684,1,2,12,4805.06,400.4216666666667,0.08333333333333333,0.08333333333333333,0.0,1.0,4805.06,-1.8116515206713433,new,937.44,240.25,0.1,5,0.4596030662069611,2714.4100000000003,1923.2842602022183,1923.2842602022183,2714.4100000000003,1923.2842602022183,0
500823,CUST000823,2021,2021-09-21,2021-10-31,Home,TX,A,77001,39.58,N,Basic,Mixed,Shingle,2645,3,9,1,34,1,D,Broker,1566.38,1592.75,109.65,234.96,142.49,277925,4827.79,1,1.05,1.0,12,1,0,1,0.044,New,3907.79,1,1,Low,277925,1000,3,2,Auto Debit,4,Social Media,7,402951,36973,589,1,4,12,1566.38,130.53166666666667,0.08333333333333333,0.16666666666666666,0.08333333333333333,1.0,1566.38,-2.212173572488651,new,3907.79,78.32,0.1,5,0.6198358582154561,-2764.34,-3365.7193792491053,-3365.7193792491053,-2764.34,-3365.7193792491053,0
500824,CUST000824,2021,2021-04-01,2021-12-31,Home,FL,B,33301,48.61,Y,Standard,Mixed,Metal,2216,1,29,0,46,1,C,Broker,3786.06,3525.18,321.81,567.91,242.37,549095,0.0,0,0.94,1.0,12,0,0,0,0.0937,New,0.0,1,1,Middle,549095,2500,5,0,Credit Card,1,Agent Referral,11,540438,84315,677,1,1,12,3786.06,315.505,0.0,0.0,0.08333333333333333,1.0,3786.06,1.7315281792791266,new,0.0,189.3,0.1,5,0.8627636741535937,2707.04,6922.623590197458,6922.623590197458,2707.04,6922.623590197458,1
500825,CUST000825,2021,2021-08-13,2022-04-30,Home,NY,A,12207,30.26,N,Standard,Frame,Shingle,2842,1,20,1,33,0,B,Direct,4103.97,4376.58,287.28,123.12,256.68,1166647,0.0,0,1.029,1.0,12,1,1,0,0.1164,New,0.0,0,1,Upper Middle,1166647,1000,5,0,Auto Debit,2,Email Campaign,8,1400856,126153,692,1,2,12,4103.97,341.9975,0.0,0.0,0.0,1.0,4103.97,-0.4175190593025818,new,0.0,205.2,0.1,5,0.7019286444414446,3488.370000000001,5500.312752774851,5500.312752774851,3488.370000000001,5500.312752774851,1
500826,CUST000826,2021,2021-11-24,2022-02-28,Condo,CA,C,90001,67.69,N,Standard,Frame,Shingle,1373,1,47,0,47,0,B,Direct,2499.62,2313.56,174.97,74.99,184.48,457524,28302.16,2,0.891,1.0,12,0,0,0,0.1161,New,23702.16,0,1,High,457524,2500,4,0,Debit Card,2,Social Media,10,542557,163341,684,1,2,12,2499.62,208.30166666666665,0.16666666666666666,0.0,0.0,1.0,2499.62,-0.4175190593025818,new,23702.16,124.98,0.1,5,0.35,-21577.480000000003,-10036.652091922742,-10036.652091922742,-21577.480000000003,-10036.652091922742,0
500827,CUST000827,2021,2021-11-02,2021-11-30,Condo,NY,D,10001,38.0,Y,Basic,Frame,Shingle,923,1,33,0,49,0,C,Online,1622.54,1560.44,113.58,32.45,145.01,348598,0.0,0,0.489,0.5,6,0,0,1,0.0627,New,0.0,1,1,Low,348598,500,4,0,Credit Card,6,Agent Referral,2,444169,46739,620,1,6,6,1622.54,270.42333333333335,0.0,0.0,0.16666666666666666,1.0,1622.54,-1.5531032892908638,new,0.0,81.13,0.1,5,0.7743194412613164,1395.38,2744.1748653664354,2744.1748653664354,1395.38,2744.1748653664354,0
500828,CUST000828,2021,2021-02-08,2021-10-31,Rental,NY,B,11201,41.3,N,Standard,Frame,Shingle,2207,1,43,0,48,0,C,Independent,3765.23,3589.56,263.57,451.83,241.44,862746,0.0,0,0.955,1.0,12,0,1,0,0.1374,New,0.0,1,1,Middle,862746,5000,4,0,Bank Transfer,3,Online Search,13,1032611,56527,631,1,3,12,3765.23,313.76916666666665,0.0,0.0,0.08333333333333333,1.0,3765.23,0.9612369599256232,new,0.0,188.26,0.1,5,0.7879250090733702,2861.5699999999997,5862.516107189129,5862.516107189129,2861.5699999999997,5862.516107189129,1
500829,CUST000829,2021,2021-01-20,2021-11-30,Home,NY,A,10001,47.57,N,Basic,Frame,Shingle,1597,2,31,1,53,0,B,Online,2241.99,2214.91,156.94,44.84,172.89,570530,0.0,0,0.507,0.5,6,0,0,0,0.0771,New,0.0,1,1,Low,570530,500,5,0,Auto Debit,0,Email Campaign,5,797290,45214,693,1,0,6,2241.99,373.66499999999996,0.0,0.0,0.16666666666666666,1.0,2241.99,0.7577703687696461,new,0.0,112.1,0.1,5,0.8897980807257957,1928.11,5335.107111562635,5335.107111562635,1928.11,5335.107111562635,1
500830,CUST000830,2021,2021-10-03,2022-04-30,Condo,FL,A,32801,53.21,Y,Basic,Frame,Metal,1284,1,17,1,33,2,D,Independent,2036.09,2059.63,173.07,244.33,163.62,228429,0.0,0,1.038,1.0,12,0,0,0,0.045,New,0.0,1,1,Middle,228429,1500,4,0,Auto Debit,1,Online Search,4,287200,67777,605,1,1,12,2036.09,169.67416666666665,0.0,0.0,0.08333333333333333,1.0,2036.09,1.7315281792791266,new,0.0,101.8,0.1,5,0.8343104522674691,1516.89,3567.7030004546177,3567.7030004546177,1516.89,3567.7030004546177,0
500831,CUST000831,2021,2021-10-26,2022-05-31,Home,NY,A,10001,40.92,Y,Basic,Masonry,Shingle,2239,1,56,1,42,0,A,Independent,2944.16,2770.15,206.09,353.3,204.49,770520,0.0,0,0.469,0.5,6,0,1,0,0.1095,New,0.0,1,1,Middle,770520,1500,3,0,Bank Transfer,3,Partner Referral,7,947674,81019,738,1,3,6,2944.16,490.6933333333333,0.0,0.0,0.16666666666666666,1.0,2944.16,-0.39766646026060903,new,0.0,147.21,0.1,5,0.7804816715902981,2237.5599999999995,4482.787368698531,4482.787368698531,2237.5599999999995,4482.787368698531,0
500832,CUST000832,2021,2021-11-14,2022-02-28,Home,CA,B,94105,52.14,N,Basic,Mixed,Shingle,2168,2,35,0,50,1,C,Broker,3461.16,3229.77,242.28,519.17,227.75,593751,44269.72,1,0.919,1.0,12,0,1,0,0.09,New,43349.72,0,1,Middle,593751,1000,3,2,Auto Debit,0,Social Media,6,861349,70378,658,1,0,12,3461.16,288.43,0.08333333333333333,0.16666666666666666,0.0,1.0,3461.16,-2.435492762686601,new,43349.72,173.06,0.1,5,0.5441696407056105,-40823.06999999999,-38782.498671146386,-38782.498671146386,-40823.06999999999,-38782.498671146386,0
500833,CUST000833,2021,2021-05-05,2021-05-31,Home,TX,D,77001,23.91,N,Premium,Mixed,Metal,1951,2,37,1,34,0,C,Independent,904.37,905.43,63.31,108.52,112.7,241568,0.0,0,0.997,1.0,12,0,0,0,0.0884,New,0.0,1,1,Low,241568,2000,5,0,Credit Card,0,Online Search,4,251735,43224,669,1,0,12,904.37,75.36416666666666,0.0,0.0,0.08333333333333333,1.0,904.37,2.1166737889558784,new,0.0,45.22,0.1,5,0.87286429134026,687.3199999999999,1810.3357082627974,1810.3357082627974,687.3199999999999,1810.3357082627974,0
500834,CUST000834,2021,2021-08-04,2022-05-31,Rental,CA,B,94105,31.49,Y,Standard,Masonry,Metal,2239,1,30,0,39,0,B,Independent,4066.68,3939.29,284.67,488.0,255.0,990707,0.0,0,0.985,1.0,12,1,1,0,0.125,New,0.0,1,1,Upper Middle,990707,2000,5,0,Credit Card,1,Agent Referral,7,1057743,128565,712,1,1,12,4066.68,338.89,0.0,0.0,0.08333333333333333,1.0,4066.68,1.7315281792791266,new,0.0,203.33,0.1,5,0.863752899669738,3090.68,7926.615627216039,7926.615627216039,3090.68,7926.615627216039,1
500835,CUST000835,2021,2021-02-14,2021-12-31,Condo,FL,B,33601,46.02,N,Basic,Masonry,Shingle,1741,1,10,1,35,0,D,Independent,2156.42,2171.93,183.3,258.77,169.04,283092,8727.63,1,1.005,1.0,12,0,1,1,0.0874,New,7807.63,0,1,Middle,283092,1000,4,4,Credit Card,2,Agent Referral,5,402013,82422,547,1,2,12,2156.42,179.70166666666668,0.08333333333333333,0.3333333333333333,0.0,1.0,2156.42,-5.994048904777627,new,7807.63,107.82,0.1,5,0.35,-6201.1,-2884.4092677746485,-2884.4092677746485,-6201.1,-2884.4092677746485,0
500836,CUST000836,2021,2021-02-18,2021-02-28,Rental,NY,B,12207,28.13,Y,Basic,Mixed,Metal,1738,1,42,1,59,0,B,Independent,1847.3,1810.58,129.31,221.68,155.13,513824,0.0,0,0.982,1.0,12,0,0,0,0.0412,New,0.0,0,1,Middle,513824,1000,4,0,Bank Transfer,1,Social Media,5,636730,60831,713,1,1,12,1847.3,153.94166666666666,0.0,0.0,0.0,1.0,1847.3,-0.03237344962583011,new,0.0,92.36,0.1,5,0.7660414193522938,1403.95,2692.9270967994476,2692.9270967994476,1403.95,2692.9270967994476,0
500837,CUST000837,2021,2021-06-03,2021-09-30,Home,FL,C,32801,68.65,Y,Standard,Mixed,Shingle,1304,2,23,1,30,1,D,Independent,3097.11,3087.22,263.25,371.65,211.37,315165,6338.29,1,0.99,1.0,12,1,0,0,0.0515,New,5878.29,0,1,Middle,315165,500,3,1,Debit Card,2,Partner Referral,6,315801,72257,591,1,2,12,3097.11,258.09250000000003,0.08333333333333333,0.08333333333333333,0.0,1.0,3097.11,-1.8116515206713433,new,5878.29,154.86,0.1,5,0.41903938599982854,-3570.94,-2179.8028559196277,-2179.8028559196277,-3570.94,-2179.8028559196277,0
500838,CUST000838,2021,2021-04-24,2021-08-31,Home,CA,A,90001,81.16,N,Standard,Frame,Shingle,2564,1,44,0,65,0,B,Direct,6053.26,5651.49,423.73,181.6,344.4,934793,0.0,0,0.926,1.0,12,0,0,0,0.0782,New,0.0,1,1,Middle,934793,1500,4,0,Credit Card,2,Online Search,8,1099946,78529,681,1,2,12,6053.26,504.43833333333333,0.0,0.0,0.08333333333333333,1.0,6053.26,1.3463825696023748,new,0.0,302.66,0.1,5,0.9427035251433452,5145.27,16581.139578516944,16581.139578516944,5145.27,16581.139578516944,1
500839,CUST000839,2021,2021-06-06,2022-03-31,Home,WA,D,98101,16.13,Y,Basic,Masonry,Tile,1612,1,30,1,50,0,B,Broker,1313.85,1337.54,91.97,197.08,131.12,442055,7612.24,1,1.032,1.0,12,1,0,0,0.0426,New,6692.24,1,1,Middle,442055,1000,4,2,Auto Debit,1,Online Search,14,534890,81078,722,1,1,12,1313.85,109.4875,0.08333333333333333,0.16666666666666666,0.08333333333333333,1.0,1313.85,-1.056736743458396,new,6692.24,65.69,0.1,5,0.778018380076701,-5733.129999999999,-11401.124611753643,-11401.124611753643,-5733.129999999999,-11401.124611753643,0
500840,CUST000840,2021,2021-12-16,2022-02-28,Condo,FL,B,33101,32.59,N,Standard,Masonry,Metal,1857,1,30,1,23,0,B,Independent,1838.77,1877.0,156.3,220.65,154.74,349319,0.0,0,1.029,1.0,12,0,1,0,0.0856,New,0.0,1,1,Upper Middle,349319,1000,5,0,Debit Card,0,Email Campaign,9,413501,100464,691,1,0,12,1838.77,153.23083333333332,0.0,0.0,0.08333333333333333,1.0,1838.77,2.1166737889558784,new,0.0,91.94,0.1,5,0.8699072071983522,1369.8799999999999,3577.11050237927,3577.11050237927,1369.8799999999999,3577.11050237927,0
500841,CUST000841,2021,2021-12-27,2022-05-31,Home,CA,D,95814,27.09,N,Standard,Masonry,Metal,1448,3,14,1,40,0,B,Online,2009.4,2141.66,140.66,40.19,162.42,554804,0.0,0,1.044,1.0,12,0,0,0,0.1058,New,0.0,0,1,High,554804,5000,5,0,Auto Debit,1,Online Search,5,643171,174042,716,1,1,12,2009.4,167.45000000000002,0.0,0.0,0.0,1.0,2009.4,-0.03237344962583011,new,0.0,100.47,0.1,5,0.8806989766341623,1728.08,4656.760665061866,4656.760665061866,1728.08,4656.760665061866,0
500842,CUST000842,2021,2021-08-04,2022-01-31,Condo,TX,B,73301,29.95,N,Basic,Masonry,Shingle,1318,2,18,0,58,0,B,Independent,488.99,456.8,34.23,58.68,94.0,133632,0.0,0,0.922,1.0,12,1,1,0,0.0866,New,0.0,1,1,Upper Middle,133632,1000,5,0,Auto Debit,0,Partner Referral,5,186872,90693,697,1,0,12,488.99,40.74916666666667,0.0,0.0,0.08333333333333333,1.0,488.99,2.1166737889558784,new,0.0,24.45,0.1,5,0.9316301532679232,371.63,1160.2418633573066,1160.2418633573066,371.63,1160.2418633573066,0
500843,CUST000843,2021,2021-01-15,2021-10-31,Home,WA,B,98004,41.22,Y,Premium,Frame,Shingle,2013,2,55,1,33,0,C,Direct,3004.72,2975.99,210.33,90.14,207.21,681445,14753.93,1,1.001,1.0,12,0,0,0,0.0761,New,13833.93,0,1,Middle,681445,1000,4,2,Bank Transfer,2,Online Search,2,641700,75316,633,1,2,12,3004.72,250.39333333333332,0.08333333333333333,0.16666666666666666,0.0,1.0,3004.72,-3.2057839820401046,new,13833.93,150.24,0.1,5,0.4775582093821249,-11279.92,-8520.857231243535,-8520.857231243535,-11279.92,-8520.857231243535,0
500844,CUST000844,2021,2021-12-14,2022-05-31,Home,WA,D,98501,40.93,N,Basic,Frame,Shingle,2316,1,57,0,46,0,B,Direct,1620.35,1464.21,113.42,48.61,144.92,461822,0.0,0,0.9,1.0,12,0,1,0,0.1292,New,0.0,0,1,Upper Middle,461822,1000,3,0,Credit Card,2,Partner Referral,7,627121,114127,705,1,2,12,1620.35,135.02916666666667,0.0,0.0,0.0,1.0,1620.35,-0.4175190593025818,new,0.0,81.02,0.1,5,0.7180217636316905,1377.3,2282.175353680959,2282.175353680959,1377.3,2282.175353680959,0
500845,CUST000845,2021,2021-11-02,2022-02-28,Home,TX,A,73301,48.73,N,Standard,Masonry,Shingle,1918,1,56,1,48,1,A,Online,1032.77,1065.73,72.29,20.66,118.47,235914,0.0,0,1.021,1.0,12,0,0,0,0.1022,New,0.0,1,1,Upper Middle,235914,2500,4,0,Credit Card,1,Partner Referral,4,285873,120090,733,1,1,12,1032.77,86.06416666666667,0.0,0.0,0.08333333333333333,1.0,1032.77,1.7315281792791266,new,0.0,51.64,0.1,5,0.7390835255868983,888.1800000000001,1569.7588544049736,1569.7588544049736,888.1800000000001,1569.7588544049736,0
500846,CUST000846,2021,2021-02-24,2021-02-28,Home,TX,D,79901,35.26,N,Basic,Frame,Shingle,1445,2,18,1,52,0,D,Independent,790.62,830.56,55.34,94.87,107.58,150574,0.0,0,1.026,1.0,12,0,1,1,0.1053,New,0.0,1,1,Low,150574,500,4,1,Bank Transfer,8,Email Campaign,7,219960,44339,580,1,8,12,790.62,65.885,0.0,0.08333333333333333,0.08333333333333333,1.0,790.62,-2.3586235498268966,new,0.0,39.53,0.1,5,0.8465491238132501,600.88,1465.188566155446,1465.188566155446,600.88,1465.188566155446,0
500847,CUST000847,2021,2021-09-19,2021-10-31,Rental,CA,D,94105,50.19,Y,Basic,Frame,Shingle,1417,1,14,0,71,0,A,Independent,1796.03,1778.33,125.72,215.52,152.82,397116,0.0,0,1.028,1.0,12,1,1,0,0.1139,New,0.0,1,1,Upper Middle,397116,5000,4,0,Credit Card,3,Aggregator,15,489952,112175,767,1,3,12,1796.03,149.66916666666665,0.0,0.0,0.08333333333333333,1.0,1796.03,0.9612369599256232,new,0.0,89.8,0.1,5,0.8743984433074112,1364.99,3611.386330957692,3611.386330957692,1364.99,3611.386330957692,0
500848,CUST000848,2021,2021-10-22,2021-10-31,Home,NY,C,10001,26.48,N,Standard,Masonry,Shingle,1184,1,20,1,24,0,A,Direct,1333.72,1353.23,93.36,40.01,132.02,506839,0.0,0,0.994,1.0,12,0,1,0,0.1271,New,0.0,1,1,Upper Middle,506839,500,4,0,Bank Transfer,0,Email Campaign,2,595193,98234,754,1,0,12,1333.72,111.14333333333333,0.0,0.0,0.08333333333333333,1.0,1333.72,2.1166737889558784,new,0.0,66.69,0.1,5,0.7661134633384437,1133.66,2174.955162784076,2174.955162784076,1133.66,2174.955162784076,0
500849,CUST000849,2021,2021-06-18,2022-02-28,Home,CA,B,95814,50.7,Y,Standard,Mixed,Shingle,1788,1,39,0,46,0,B,Online,3454.35,3564.12,241.8,69.09,227.45,701825,0.0,0,1.024,1.0,12,1,1,0,0.1417,New,0.0,1,1,Upper Middle,701825,2000,4,1,Credit Card,0,Online Search,5,734793,111199,714,1,0,12,3454.35,287.8625,0.0,0.08333333333333333,0.08333333333333333,1.0,3454.35,0.722541327587117,new,0.0,172.72,0.1,5,0.8492050285316514,2970.74,7300.679523421077,7300.679523421077,2970.74,7300.679523421077,1
500850,CUST000850,2021,2021-11-05,2022-04-30,Home,WA,A,98101,20.44,N,Basic,Masonry,Tile,1706,1,27,1,29,0,C,Independent,1384.99,1266.05,96.95,166.2,134.32,395169,21282.08,1,0.935,1.0,12,0,1,0,0.0933,New,20822.08,0,1,Low,395169,500,4,1,Credit Card,1,Social Media,3,534346,46028,660,1,1,12,1384.99,115.41583333333334,0.08333333333333333,0.08333333333333333,0.0,1.0,1384.99,-1.4265059109945915,new,20822.08,69.25,0.1,5,0.6351025222198208,-19769.49,-25274.60089532257,-25274.60089532257,-19769.49,-25274.60089532257,0
500851,CUST000851,2021,2021-05-06,2021-06-30,Home,CA,C,90001,45.1,N,Basic,Frame,Tile,2125,2,17,1,48,2,C,Online,2869.71,2722.07,200.88,57.39,201.14,624617,0.0,0,0.965,1.0,12,0,1,1,0.1555,New,0.0,1,1,Upper Middle,624617,2000,4,0,Debit Card,6,Aggregator,1,883996,101856,673,1,6,12,2869.71,239.1425,0.0,0.0,0.08333333333333333,1.0,2869.71,-0.19419986910463183,new,0.0,143.49,0.1,5,0.8309603414934725,2467.95,5747.390864899743,5747.390864899743,2467.95,5747.390864899743,1
500852,CUST000852,2021,2021-09-24,2022-04-30,Home,TX,A,77001,36.53,N,Standard,Mixed,Metal,1577,2,10,1,30,0,D,Direct,980.86,893.92,68.66,29.43,116.14,212413,0.0,0,0.892,1.0,12,1,0,1,0.0879,New,0.0,1,1,Low,212413,1500,4,1,Debit Card,4,Agent Referral,1,262144,26052,613,1,4,12,980.86,81.73833333333333,0.0,0.08333333333333333,0.08333333333333333,1.0,980.86,-0.81804111111989,new,0.0,49.04,0.1,5,0.6283665839691657,833.7300000000001,1043.2278668249169,1043.2278668249169,833.7300000000001,1043.2278668249169,0
500853,CUST000853,2021,2021-09-11,2022-03-31,Condo,FL,D,32801,38.36,N,Premium,Mixed,Tile,1134,1,14,1,63,0,D,Broker,1755.43,1654.85,149.21,263.31,150.99,256473,0.0,0,0.955,1.0,12,1,0,0,0.0557,New,0.0,0,1,Middle,256473,1000,4,0,Credit Card,2,Agent Referral,7,271467,61246,618,1,2,12,1755.43,146.28583333333333,0.0,0.0,0.0,1.0,1755.43,-0.4175190593025818,new,0.0,87.77,0.1,5,0.7551517132271884,1255.14,2329.4275607572886,2329.4275607572886,1255.14,2329.4275607572886,0
500854,CUST000854,2021,2021-07-08,2021-07-31,Home,NY,B,11201,15.43,N,Standard,Mixed,Metal,1898,2,23,1,48,0,B,Online,2208.85,2217.08,154.62,44.18,171.4,843170,0.0,0,1.003,1.0,12,1,0,0,0.0823,New,0.0,1,1,Middle,843170,1000,4,0,Auto Debit,2,Aggregator,1,980162,88129,683,1,2,12,2208.85,184.07083333333333,0.0,0.0,0.08333333333333333,1.0,2208.85,1.3463825696023748,new,0.0,110.44,0.1,5,0.9180376661090338,1899.61,5703.47207327771,5703.47207327771,1899.61,5703.47207327771,1
500855,CUST000855,2021,2021-01-15,2021-09-30,Home,CA,C,94105,43.5,N,Standard,Masonry,Shingle,1835,1,26,0,52,0,A,Broker,2902.04,2823.41,203.14,435.31,202.59,676504,0.0,0,0.974,1.0,12,0,0,0,0.0408,New,0.0,1,1,High,676504,500,5,0,Bank Transfer,3,Partner Referral,8,800895,164697,798,1,3,12,2902.04,241.83666666666667,0.0,0.0,0.08333333333333333,1.0,2902.04,0.9612369599256232,new,0.0,145.1,0.1,5,0.9074590764198716,2118.4900000000002,6169.5265739691995,6169.5265739691995,2118.4900000000002,6169.5265739691995,1
500856,CUST000856,2021,2021-10-11,2022-08-31,Home,CA,D,92101,57.41,N,Standard,Frame,Shingle,2127,1,52,1,23,0,B,Online,4445.9,4226.2,311.21,88.92,272.07,826077,0.0,0,0.948,1.0,12,0,1,0,0.1167,New,0.0,1,1,High,826077,1000,4,0,Auto Debit,1,Partner Referral,7,929496,164867,690,1,1,12,4445.9,370.4916666666666,0.0,0.0,0.08333333333333333,1.0,4445.9,1.7315281792791266,new,0.0,222.3,0.1,5,0.8365820833723011,3823.4699999999993,9053.272412476495,9053.272412476495,3823.4699999999993,9053.272412476495,1
500857,CUST000857,2021,2021-09-08,2022-06-30,Home,NY,B,12207,31.21,Y,Standard,Masonry,Shingle,2479,2,38,1,23,0,B,Direct,4137.86,4192.61,289.65,124.14,258.2,1061376,0.0,0,1.025,1.0,12,1,0,0,0.0802,New,0.0,1,1,Upper Middle,1061376,1000,5,0,Auto Debit,0,Partner Referral,1,1095665,96384,720,1,0,12,4137.86,344.82166666666666,0.0,0.0,0.08333333333333333,1.0,4137.86,2.1166737889558784,new,0.0,206.89,0.1,5,0.8374062476854754,3517.18,8348.317277319275,8348.317277319275,3517.18,8348.317277319275,1
500858,CUST000858,2021,2021-08-16,2021-08-31,Home,TX,C,77001,29.03,N,Premium,Masonry,Tile,2895,2,22,1,44,0,B,Online,1609.99,1629.79,112.7,32.2,144.45,449187,0.0,0,1.026,1.0,12,1,0,0,0.0875,New,0.0,1,1,Middle,449187,1000,5,0,Auto Debit,0,Aggregator,1,467955,75782,727,1,0,12,1609.99,134.16583333333332,0.0,0.0,0.08333333333333333,1.0,1609.99,2.1166737889558784,new,0.0,80.5,0.1,5,0.856596405044494,1384.59,3477.3423068899347,3477.3423068899347,1384.59,3477.3423068899347,0
500859,CUST000859,2021,2021-10-17,2022-06-30,Home,CA,C,90001,38.21,Y,Standard,Mixed,Tile,2803,1,14,0,50,1,C,Independent,6558.56,6258.87,459.1,787.03,367.13,1197185,0.0,0,0.928,1.0,12,0,0,0,0.0655,New,0.0,1,1,Middle,1197185,1000,5,0,Credit Card,4,Agent Referral,6,1223496,89215,666,1,4,12,6558.56,546.5466666666667,0.0,0.0,0.08333333333333333,1.0,6558.56,0.5760913502488715,new,0.0,327.93,0.1,5,0.8871737920647476,4984.5,13687.432001277306,13687.432001277306,4984.5,13687.432001277306,1
500860,CUST000860,2021,2021-09-25,2022-06-30,Condo,NY,B,12207,26.66,Y,Basic,Masonry,Shingle,1412,1,27,0,49,1,D,Independent,2655.96,2850.05,185.92,318.72,191.52,540274,4361.73,1,1.05,1.0,12,1,1,0,0.097,New,2981.73,1,1,Upper Middle,540274,1500,4,0,Auto Debit,1,Online Search,6,661787,112826,619,1,1,12,2655.96,221.33,0.08333333333333333,0.0,0.08333333333333333,1.0,2655.96,1.7315281792791266,new,2981.73,132.8,0.1,5,0.7361405322530605,-963.21,-1687.1434804643175,-1687.1434804643175,-963.21,-1687.1434804643175,0
500861,CUST000861,2021,2021-06-20,2021-06-30,Home,TX,B,78701,38.0,N,Standard,Mixed,Shingle,1553,3,26,1,51,1,D,Online,1156.67,1141.66,80.97,23.13,124.05,190695,24551.62,2,0.987,1.0,12,1,0,1,0.0795,New,23631.62,0,1,Middle,190695,500,3,0,Bank Transfer,6,Agent Referral,3,226850,59815,561,1,6,12,1156.67,96.38916666666667,0.16666666666666666,0.0,0.0,1.0,1156.67,-1.9581014980095888,new,23631.62,57.83,0.1,5,0.4075851296078092,-22636.88,-13231.972526071053,-13231.972526071053,-22636.88,-13231.972526071053,0
500862,CUST000862,2021,2021-09-14,2022-07-31,Rental,TX,D,73301,35.02,Y,Basic,Frame,Metal,1966,1,28,1,53,0,C,Online,1002.77,1016.76,70.19,20.06,117.12,234736,0.0,0,1.005,1.0,12,1,1,0,0.1179,New,0.0,1,1,Low,234736,1000,4,0,Auto Debit,0,Online Search,5,292811,46780,647,1,0,12,1002.77,83.56416666666667,0.0,0.0,0.08333333333333333,1.0,1002.77,2.1166737889558784,new,0.0,50.14,0.1,5,0.7583296738109465,862.38,1615.9919978734852,1615.9919978734852,862.38,1615.9919978734852,0
500863,CUST000863,2021,2021-01-08,2021-05-31,Rental,WA,D,99201,20.65,N,Basic,Masonry,Tile,1995,2,35,0,64,1,C,Online,1531.13,1441.59,107.18,30.62,140.9,395674,12981.12,1,0.948,1.0,12,0,0,0,0.0763,New,12061.12,0,1,Middle,395674,1000,4,1,Debit Card,1,Partner Referral,1,563959,76298,627,1,1,12,1531.13,127.59416666666668,0.08333333333333333,0.08333333333333333,0.0,1.0,1531.13,-1.4265059109945915,new,12061.12,76.56,0.1,5,0.44955757731949436,-10744.350000000002,-7341.360384338074,-7341.360384338074,-10744.350000000002,-7341.360384338074,0
500864,CUST000864,2021,2021-09-07,2021-10-31,Home,WA,A,99201,32.72,Y,Premium,Mixed,Tile,2273,3,37,0,61,0,A,Online,2285.06,2179.09,159.95,45.7,174.83,749195,0.0,0,0.931,1.0,12,1,0,0,0.0851,New,0.0,1,1,Upper Middle,749195,1000,4,0,Credit Card,1,Agent Referral,3,691195,115052,740,1,1,12,2285.06,190.42166666666665,0.0,0.0,0.08333333333333333,1.0,2285.06,1.7315281792791266,new,0.0,114.25,0.1,5,0.7985893369234685,1965.1600000000003,4156.636277829582,4156.636277829582,1965.1600000000003,4156.636277829582,0
500865,CUST000865,2021,2021-08-27,2022-02-28,Condo,WA,D,98101,25.1,N,Basic,Frame,Tile,1473,1,41,1,64,0,D,Online,1202.84,1204.65,84.2,24.06,126.13,255323,0.0,0,1.036,1.0,12,1,0,1,0.0605,New,0.0,1,1,Low,255323,1000,4,1,Bank Transfer,13,Partner Referral,4,357413,49303,610,1,13,12,1202.84,100.23666666666666,0.0,0.08333333333333333,0.08333333333333333,1.0,1202.84,-4.284351598210655,new,0.0,60.14,0.1,5,0.7425929019460711,1034.4399999999998,1847.9211306672096,1847.9211306672096,1034.4399999999998,1847.9211306672096,0
500866,CUST000866,2021,2021-08-05,2022-06-30,Condo,NY,A,10001,27.78,N,Premium,Masonry,Shingle,1096,1,43,1,34,1,B,Online,1649.84,1635.82,115.49,33.0,146.24,453789,18413.14,1,1.016,1.0,12,1,0,0,0.0844,New,17953.14,1,1,Middle,453789,500,4,0,Auto Debit,1,Agent Referral,5,492513,57653,692,1,1,12,1649.84,137.48666666666665,0.08333333333333333,0.0,0.08333333333333333,1.0,1649.84,1.7315281792791266,new,17953.14,82.49,0.1,5,0.5662594240801497,-16534.280000000002,-16907.5140434501,-16907.5140434501,-16534.280000000002,-16907.5140434501,0
500867,CUST000867,2021,2021-12-05,2022-04-30,Condo,NY,A,10001,37.97,N,Basic,Mixed,Tile,1521,1,42,1,41,1,C,Direct,1945.24,1885.89,136.17,58.36,159.54,461705,31523.12,1,0.489,0.5,6,0,0,0,0.0816,New,31063.12,1,1,Middle,461705,500,4,1,Bank Transfer,4,Online Search,5,664793,81368,647,1,4,6,1945.24,324.20666666666665,0.16666666666666666,0.16666666666666666,0.16666666666666666,1.0,1945.24,-3.5710769926748833,new,31063.12,97.26,0.1,5,0.6702385523716181,-29409.669999999995,-42014.22432319788,-42014.22432319788,-29409.669999999995,-42014.22432319788,0
500868,CUST000868,2021,2021-10-21,2022-07-31,Condo,WA,B,98004,18.75,Y,Standard,Frame,Metal,1200,1,19,0,61,0,C,Online,942.05,915.69,65.94,18.84,114.39,300461,0.0,0,0.936,1.0,12,0,0,1,0.0931,New,0.0,1,1,Middle,300461,2000,4,0,Auto Debit,3,Social Media,1,329241,64067,635,1,3,12,942.05,78.50416666666666,0.0,0.0,0.08333333333333333,1.0,942.05,0.9612369599256232,new,0.0,47.1,0.1,5,0.7239493881924922,810.1699999999998,1367.1072068947822,1367.1072068947822,810.1699999999998,1367.1072068947822,0
500869,CUST000869,2021,2021-07-06,2021-10-31,Home,FL,B,32801,54.7,N,Basic,Mixed,Metal,1879,3,28,1,47,0,C,Online,2893.85,2688.81,245.98,57.88,202.22,391870,0.0,0,0.459,0.5,6,1,0,0,0.0884,New,0.0,1,1,Middle,391870,500,4,0,Debit Card,2,Online Search,8,543960,57317,637,1,2,6,2893.85,482.30833333333334,0.0,0.0,0.16666666666666666,1.0,2893.85,-0.012520850583857324,new,0.0,144.69,0.1,5,0.8636591512317664,2445.2999999999997,6269.699539681593,6269.699539681593,2445.2999999999997,6269.699539681593,1
500870,CUST000870,2021,2021-06-23,2021-07-31,Home,CA,C,90001,49.27,Y,Basic,Mixed,Tile,2035,2,18,1,43,0,B,Independent,3315.61,3298.48,232.09,397.87,221.2,664784,0.0,0,0.957,1.0,12,1,0,0,0.0471,New,0.0,1,1,Middle,664784,500,5,0,Auto Debit,2,Agent Referral,10,799758,72618,683,1,2,12,3315.61,276.30083333333334,0.0,0.0,0.08333333333333333,1.0,3315.61,1.3463825696023748,new,0.0,165.78,0.1,5,0.8566027109606293,2519.87,6328.669609549659,6328.669609549659,2519.87,6328.669609549659,1
500871,CUST000871,2021,2021-03-06,2021-04-30,Home,CA,B,90001,33.88,Y,Basic,Frame,Metal,2480,1,16,1,55,1,D,Online,4482.77,4200.67,313.79,89.66,273.72,807575,0.0,0,0.927,1.0,12,0,0,1,0.0964,New,0.0,1,1,Low,807575,2500,5,0,Credit Card,6,Email Campaign,3,1005049,29037,597,1,6,12,4482.77,373.5641666666667,0.0,0.0,0.08333333333333333,1.0,4482.77,-0.19419986910463183,new,0.0,224.14,0.1,5,0.8240691366220501,3855.1800000000007,8796.685200625658,8796.685200625658,3855.1800000000007,8796.685200625658,1
500872,CUST000872,2021,2021-06-13,2021-06-30,Home,TX,B,79901,40.21,N,Standard,Frame,Shingle,2521,1,2,1,50,1,C,Online,1489.06,1541.23,104.23,29.78,139.01,351316,0.0,0,1.05,1.0,12,1,1,1,0.1258,New,0.0,1,1,Middle,351316,1000,4,0,Credit Card,6,Aggregator,5,406230,52657,656,1,6,12,1489.06,124.08833333333332,0.0,0.0,0.08333333333333333,1.0,1489.06,-0.19419986910463183,new,0.0,74.45,0.1,5,0.7156972306740215,1280.6,2106.8263116895714,2106.8263116895714,1280.6,2106.8263116895714,0
500873,CUST000873,2021,2021-10-07,2022-05-31,Home,WA,C,98004,39.51,N,Standard,Frame,Shingle,1929,1,43,1,31,1,C,Direct,2413.42,2316.85,168.94,72.4,180.6,535262,0.0,0,0.971,1.0,12,0,1,0,0.1072,New,0.0,1,1,Middle,535262,500,4,0,Auto Debit,0,Aggregator,1,624921,50415,660,1,0,12,2413.42,201.11833333333334,0.0,0.0,0.08333333333333333,1.0,2413.42,2.1166737889558784,new,0.0,120.67,0.1,5,0.8088976331185231,2051.41,4474.576031530824,4474.576031530824,2051.41,4474.576031530824,0
500874,CUST000874,2021,2021-02-26,2021-02-28,Rental,TX,B,79901,45.78,N,Basic,Masonry,Shingle,1399,1,19,1,48,0,C,Online,632.17,605.81,44.25,12.64,100.45,121828,0.0,0,0.946,1.0,12,0,0,0,0.0835,New,0.0,0,1,Middle,121828,1000,5,0,Debit Card,1,Online Search,5,178729,56131,671,1,1,12,632.17,52.68083333333333,0.0,0.0,0.0,1.0,632.17,-0.03237344962583011,new,0.0,31.61,0.1,5,0.5146835457275101,543.67,467.34207194764747,467.34207194764747,543.67,467.34207194764747,0
500875,CUST000875,2021,2021-02-01,2021-07-31,Home,NY,B,10001,23.68,Y,Basic,Masonry,Metal,2392,2,25,0,51,0,A,Online,2563.69,2300.33,179.46,51.27,187.37,1044149,0.0,0,0.877,1.0,12,0,0,0,0.0935,New,0.0,1,1,Upper Middle,1044149,2000,4,0,Debit Card,4,Social Media,3,1261498,97464,747,1,4,12,2563.69,213.64083333333335,0.0,0.0,0.08333333333333333,1.0,2563.69,0.5760913502488715,new,0.0,128.18,0.1,5,0.7986656245373169,2204.78,4664.5351708865055,4664.5351708865055,2204.78,4664.5351708865055,0
500876,CUST000876,2021,2021-09-03,2022-05-31,Condo,CA,C,94105,53.87,N,Standard,Mixed,Shingle,1253,2,30,1,60,0,D,Online,2558.34,2699.11,179.08,51.17,187.13,403352,44563.41,2,0.51,0.5,6,1,1,1,0.1331,New,35363.41,0,1,Middle,403352,5000,3,1,Auto Debit,3,Partner Referral,2,471624,66544,599,1,3,6,2558.34,426.39000000000004,0.3333333333333333,0.16666666666666666,0.0,1.0,2558.34,-6.713734640808045,new,35363.41,127.92,0.1,5,0.4290391922830464,-33163.240000000005,-21014.4868756157,-21014.4868756157,-33163.240000000005,-21014.4868756157,0
500877,CUST000877,2021,2021-08-25,2021-10-31,Home,WA,A,98004,37.06,N,Basic,Mixed,Shingle,1725,2,51,0,65,0,C,Online,1750.48,1728.69,122.53,35.01,150.77,380062,0.0,0,1.0,1.0,12,1,0,0,0.0634,New,0.0,1,1,Upper Middle,380062,1000,4,0,Credit Card,3,Agent Referral,3,526343,108762,666,1,3,12,1750.48,145.87333333333333,0.0,0.0,0.08333333333333333,1.0,1750.48,0.9612369599256232,new,0.0,87.52,0.1,5,0.8331673943699107,1505.42,3528.7879404164087,3528.7879404164087,1505.42,3528.7879404164087,0
500878,CUST000878,2021,2021-04-26,2021-05-31,Condo,FL,D,33301,51.14,N,Premium,Mixed,Metal,1607,1,20,1,68,0,C,Online,2538.06,2487.23,215.73,50.76,186.21,407758,0.0,0,0.952,1.0,12,0,0,0,0.0726,New,0.0,1,1,Upper Middle,407758,1500,4,0,Credit Card,3,Online Search,3,397425,100294,633,1,3,12,2538.06,211.505,0.0,0.0,0.08333333333333333,1.0,2538.06,0.9612369599256232,new,0.0,126.9,0.1,5,0.8140645171775562,2144.6699999999996,4750.476812974557,4750.476812974557,2144.6699999999996,4750.476812974557,0
500879,CUST000879,2021,2021-03-22,2021-04-30,Home,TX,B,79901,30.68,Y,Standard,Frame,Metal,1765,2,12,1,54,1,C,Broker,1078.77,1043.6,75.51,161.82,120.54,255410,0.0,0,0.962,1.0,12,0,0,0,0.0468,New,0.0,1,1,Low,255410,1000,5,0,Debit Card,1,Agent Referral,9,268536,27703,666,1,1,12,1078.77,89.8975,0.0,0.0,0.08333333333333333,1.0,1078.77,1.7315281792791266,new,0.0,53.94,0.1,5,0.7506649667475459,787.5,1441.7607271315153,1441.7607271315153,787.5,1441.7607271315153,0
500880,CUST000880,2021,2021-10-06,2022-08-31,Home,FL,A,33601,48.31,Y,Premium,Mixed,Metal,1937,1,21,1,48,0,C,Online,3260.17,2878.19,277.11,65.2,218.71,490908,0.0,0,0.898,1.0,12,0,0,0,0.0863,New,0.0,1,1,Middle,490908,500,4,0,Bank Transfer,4,Agent Referral,2,434474,81642,674,1,4,12,3260.17,271.68083333333334,0.0,0.0,0.08333333333333333,1.0,3260.17,0.5760913502488715,new,0.0,163.01,0.1,5,0.825305038221807,2754.8500000000004,6309.0325708469745,6309.0325708469745,2754.8500000000004,6309.0325708469745,1
500881,CUST000881,2021,2021-07-03,2022-01-31,Rental,CA,D,90001,30.77,N,Basic,Mixed,Tile,1956,1,37,1,56,1,D,Independent,4005.48,3553.28,280.38,480.66,252.25,580729,0.0,0,0.894,1.0,12,1,0,0,0.0578,New,0.0,1,1,Middle,580729,1000,4,0,Debit Card,2,Agent Referral,3,834836,62685,606,1,2,12,4005.48,333.79,0.0,0.0,0.08333333333333333,1.0,4005.48,1.3463825696023748,new,0.0,200.27,0.1,5,0.8229776675037032,3044.17,6923.699507389066,6923.699507389066,3044.17,6923.699507389066,1
500882,CUST000882,2021,2021-12-10,2022-05-31,Home,NY,A,11201,34.54,Y,Standard,Frame,Tile,2370,1,13,0,82,0,B,Broker,4013.85,4040.68,280.97,602.08,252.62,1185573,0.0,0,1.009,1.0,12,0,0,0,0.0583,New,0.0,1,1,Upper Middle,1185573,500,5,1,Auto Debit,2,Agent Referral,9,1210210,100714,705,1,2,12,4013.85,334.4875,0.0,0.08333333333333333,0.08333333333333333,1.0,4013.85,-0.047749891766386554,new,0.0,200.69,0.1,5,0.7412337843685569,2930.11,5212.707740948644,5212.707740948644,2930.11,5212.707740948644,1
500883,CUST000883,2021,2021-11-15,2022-05-31,Rental,TX,C,73301,37.88,N,Premium,Frame,Metal,1809,2,24,0,64,0,A,Broker,857.92,828.45,60.05,128.69,110.61,253460,0.0,0,0.996,1.0,12,0,0,0,0.063,New,0.0,0,1,Upper Middle,253460,500,4,2,Debit Card,5,Aggregator,4,270811,132554,751,1,5,12,857.92,71.49333333333333,0.0,0.16666666666666666,0.0,1.0,857.92,-4.36122081107036,new,0.0,42.9,0.1,5,0.6712592857688923,626.2800000000001,897.5613582052382,897.5613582052382,626.2800000000001,897.5613582052382,0
500884,CUST000884,2021,2021-09-22,2022-07-31,Rental,TX,B,73301,31.81,Y,Basic,Frame,Tile,1502,1,6,0,50,0,B,Direct,768.93,766.49,53.83,23.07,106.6,214273,0.0,0,1.015,1.0,12,1,0,0,0.0614,New,0.0,1,1,Middle,214273,1000,5,0,Auto Debit,1,Social Media,2,263210,78823,695,1,1,12,768.93,64.0775,0.0,0.0,0.08333333333333333,1.0,768.93,1.7315281792791266,new,0.0,38.45,0.1,5,0.8498566409814129,653.5799999999998,1609.2717552080737,1609.2717552080737,653.5799999999998,1609.2717552080737,0
500885,CUST000885,2021,2021-05-27,2021-10-31,Home,FL,B,32801,32.52,Y,Basic,Masonry,Metal,2315,2,12,1,61,2,D,Broker,3851.41,3522.0,327.37,577.71,245.31,491398,0.0,0,0.913,1.0,12,0,0,1,0.0737,New,0.0,1,1,Low,491398,2000,4,0,Auto Debit,10,Aggregator,2,589614,35055,523,1,10,12,3851.41,320.9508333333333,0.0,0.0,0.08333333333333333,1.0,3851.41,-1.734782307811639,new,0.0,192.57,0.1,5,0.7127418434045333,2753.7599999999998,4489.410850260584,4489.410850260584,2753.7599999999998,4489.410850260584,0
500886,CUST000886,2021,2021-12-18,2022-09-30,Home,WA,B,98004,25.17,N,Standard,Masonry,Tile,2914,2,51,1,57,0,B,Independent,2649.37,2537.68,185.46,317.92,191.22,799865,0.0,0,0.962,1.0,12,0,0,0,0.0484,New,0.0,1,1,Middle,799865,500,4,0,Bank Transfer,4,Partner Referral,7,913272,55568,681,1,4,12,2649.37,220.78083333333333,0.0,0.0,0.08333333333333333,1.0,2649.37,0.5760913502488715,new,0.0,132.47,0.1,5,0.7793848436376807,2013.5199999999998,4020.657274709042,4020.657274709042,2013.5199999999998,4020.657274709042,0
500887,CUST000887,2021,2021-02-13,2021-12-31,Condo,TX,D,78701,13.65,N,Basic,Masonry,Shingle,1368,1,9,1,32,0,B,Online,502.14,497.04,35.15,10.04,94.6,148402,0.0,0,0.502,0.5,6,0,1,0,0.1131,New,0.0,1,1,Middle,148402,500,4,0,Auto Debit,1,Social Media,6,217965,71767,690,1,1,6,502.14,83.69,0.0,0.0,0.16666666666666666,1.0,502.14,0.3726247590928944,new,0.0,25.11,0.1,5,0.8700631789145149,431.84,1128.1597303798246,1128.1597303798246,431.84,1128.1597303798246,0
500888,CUST000888,2021,2021-11-17,2022-09-30,Rental,CA,B,90001,33.44,Y,Standard,Masonry,Metal,1898,1,21,0,38,0,A,Independent,2800.99,2629.64,196.07,336.12,198.04,777469,0.0,0,0.942,1.0,12,0,0,0,0.0774,New,0.0,1,1,High,777469,5000,4,0,Bank Transfer,1,Email Campaign,4,774089,169728,738,1,1,12,2800.99,233.41583333333332,0.0,0.0,0.08333333333333333,1.0,2800.99,1.7315281792791266,new,0.0,140.05,0.1,5,0.7809368249612184,2128.7499999999995,4270.633842458177,4270.633842458177,2128.7499999999995,4270.633842458177,0
500889,CUST000889,2021,2021-06-12,2022-04-30,Home,FL,D,33301,50.58,N,Premium,Masonry,Metal,2503,2,27,1,23,1,C,Broker,4381.72,4496.49,372.45,657.26,269.18,608556,0.0,0,1.042,1.0,12,1,1,1,0.0967,New,0.0,0,1,Middle,608556,500,5,0,Auto Debit,4,Social Media,11,622795,59596,643,1,4,12,4381.72,365.1433333333334,0.0,0.0,0.0,1.0,4381.72,-1.1878102786560851,new,0.0,219.09,0.1,5,0.8573724472469348,3132.92,7886.133764939075,7886.133764939075,3132.92,7886.133764939075,1
500890,CUST000890,2021,2021-09-22,2022-03-31,Home,TX,D,73301,28.27,Y,Premium,Frame,Tile,1989,2,29,1,48,0,B,Broker,1123.24,1037.57,78.63,168.49,122.55,328696,0.0,0,0.924,1.0,12,1,1,0,0.0905,New,0.0,1,1,Middle,328696,1500,4,0,Bank Transfer,3,Online Search,10,315394,50660,703,1,3,12,1123.24,93.60333333333334,0.0,0.0,0.08333333333333333,1.0,1123.24,0.9612369599256232,new,0.0,56.16,0.1,5,0.7346146333109281,819.9600000000002,1429.5504054213468,1429.5504054213468,819.9600000000002,1429.5504054213468,0
500891,CUST000891,2021,2021-07-19,2022-04-30,Home,WA,A,98501,46.26,Y,Basic,Mixed,Tile,1948,2,54,1,31,0,D,Independent,2723.87,2752.19,190.67,326.86,194.57,512729,93400.65,3,1.011,1.0,12,1,0,1,0.0414,New,90640.65,1,1,Middle,512729,1000,3,0,Credit Card,4,Social Media,9,612022,55295,593,1,4,12,2723.87,226.98916666666665,0.25,0.0,0.08333333333333333,1.0,2723.87,0.5760913502488715,new,90640.65,136.19,0.1,5,0.35,-88570.5,-41198.105344444455,-41198.105344444455,-88570.5,-41198.105344444455,0
500892,CUST000892,2021,2021-05-25,2021-10-31,Home,CA,D,94105,43.83,N,Basic,Mixed,Tile,1723,1,43,0,48,0,C,Independent,2422.31,2326.64,169.56,290.68,181.0,458545,4712.21,1,0.967,1.0,12,0,0,0,0.0634,New,3332.21,1,1,Middle,458545,1500,4,1,Auto Debit,1,Agent Referral,5,669796,58229,650,1,1,12,2422.31,201.85916666666665,0.08333333333333333,0.08333333333333333,0.08333333333333333,1.0,2422.31,0.33739571791036516,new,3332.21,121.12,0.1,5,0.6631986119492409,-1491.2600000000002,-2083.8191581749993,-2083.8191581749993,-1491.2600000000002,-2083.8191581749993,0
500893,CUST000893,2021,2021-09-23,2022-03-31,Rental,FL,D,33101,67.76,N,Standard,Frame,Shingle,1851,1,36,0,41,0,A,Independent,2783.91,2726.73,236.63,334.07,197.28,399294,0.0,0,0.973,1.0,12,1,0,0,0.0672,New,0.0,0,1,Upper Middle,399294,1000,5,0,Credit Card,1,Online Search,10,458539,114836,786,1,1,12,2783.91,231.99249999999998,0.0,0.0,0.0,1.0,2783.91,-0.03237344962583011,new,0.0,139.2,0.1,5,0.49305956419199926,2074.0099999999998,1654.375519363573,1654.375519363573,2074.0099999999998,1654.375519363573,0
500894,CUST000894,2021,2021-06-14,2021-11-30,Condo,WA,D,98004,18.87,Y,Standard,Frame,Metal,1267,1,19,1,31,0,C,Direct,1196.17,1150.83,83.73,35.89,125.83,397829,0.0,0,0.963,1.0,12,1,1,0,0.1223,New,0.0,1,1,Low,397829,1500,4,0,Credit Card,7,Agent Referral,3,401395,47701,668,1,7,12,1196.17,99.68083333333334,0.0,0.0,0.08333333333333333,1.0,1196.17,-0.5793454787813836,new,0.0,59.81,0.1,5,0.7051964517467614,1016.74,1619.4321694083847,1619.4321694083847,1016.74,1619.4321694083847,0
500895,CUST000895,2021,2021-11-04,2022-09-30,Home,CA,A,92101,43.84,N,Basic,Masonry,Metal,850,3,34,1,73,0,B,Independent,888.19,785.61,62.17,106.58,111.97,205299,17758.95,1,0.906,1.0,12,0,1,0,0.0853,New,17298.95,1,1,Upper Middle,205299,500,4,1,Credit Card,2,Online Search,9,301678,100489,727,1,2,12,888.19,74.01583333333333,0.08333333333333333,0.08333333333333333,0.08333333333333333,1.0,888.19,-0.047749891766386554,new,17298.95,44.41,0.1,5,0.5635432971741317,-16623.920000000002,-16846.979673291193,-16846.979673291193,-16623.920000000002,-16846.979673291193,0
500896,CUST000896,2021,2021-11-21,2022-01-31,Condo,TX,B,77001,34.1,N,Standard,Masonry,Metal,1530,1,54,0,59,1,D,Direct,920.19,896.98,64.41,27.61,113.41,177212,0.0,0,1.003,1.0,12,0,1,0,0.1077,New,0.0,1,1,Middle,177212,1000,5,0,Auto Debit,0,Aggregator,5,209149,74565,607,1,0,12,920.19,76.6825,0.0,0.0,0.08333333333333333,1.0,920.19,2.1166737889558784,new,0.0,46.01,0.1,5,0.8645317319389246,782.1600000000001,2010.570501035493,2010.570501035493,782.1600000000001,2010.570501035493,0
500897,CUST000897,2021,2021-03-24,2021-11-30,Home,TX,B,73301,46.14,Y,Basic,Frame,Shingle,862,3,28,0,74,0,C,Broker,527.96,539.52,36.96,79.19,95.76,110244,0.0,0,1.025,1.0,12,0,1,1,0.0917,New,0.0,1,1,Upper Middle,110244,1000,5,0,Auto Debit,3,Social Media,10,131174,101731,659,1,3,12,527.96,43.99666666666667,0.0,0.0,0.08333333333333333,1.0,527.96,0.9612369599256232,new,0.0,26.4,0.1,5,0.8617686579605696,385.4100000000001,982.7285256245572,982.7285256245572,385.4100000000001,982.7285256245572,0
500898,CUST000898,2021,2021-05-07,2021-09-30,Condo,WA,C,98501,35.08,N,Basic,Frame,Shingle,1370,1,22,1,43,0,C,Direct,1026.16,1026.61,71.83,30.78,118.18,273171,0.0,0,0.501,0.5,6,0,1,0,0.1179,New,0.0,1,1,Middle,273171,1000,5,0,Auto Debit,2,Online Search,6,387374,78813,644,1,2,6,1026.16,171.02666666666667,0.0,0.0,0.16666666666666666,1.0,1026.16,-0.012520850583857324,new,0.0,51.31,0.1,5,0.8707833538396059,872.24,2283.480736224545,2283.480736224545,872.24,2283.480736224545,0
500899,CUST000899,2021,2021-10-09,2022-04-30,Rental,NY,D,10001,26.13,Y,Basic,Masonry,Shingle,1688,1,36,1,45,0,C,Direct,2858.93,2609.57,200.13,85.77,200.65,628742,0.0,0,0.948,1.0,12,0,0,1,0.0616,New,0.0,0,1,Upper Middle,628742,1000,3,0,Bank Transfer,10,Online Search,8,743706,95558,640,1,10,12,2858.93,238.24416666666664,0.0,0.0,0.0,1.0,2858.93,-3.4986839367165956,new,0.0,142.95,0.1,5,0.46935991437166985,2430.08,1783.0296297943098,1783.0296297943098,2430.08,1783.0296297943098,0
500900,CUST000900,2021,2021-10-04,2021-11-30,Rental,WA,C,98004,40.05,N,Basic,Mixed,Shingle,1626,1,38,0,46,0,B,Independent,1183.01,1090.56,82.81,141.96,125.24,316155,0.0,0,0.939,1.0,12,0,1,0,0.0956,New,0.0,0,1,Middle,316155,1000,5,1,Bank Transfer,3,Partner Referral,7,446467,63518,687,1,3,12,1183.01,98.58416666666666,0.0,0.08333333333333333,0.0,1.0,1183.01,-2.196797130348095,new,0.0,59.15,0.1,5,0.8459882490924648,899.09,2188.729406064931,2188.729406064931,899.09,2188.729406064931,0
500901,CUST000901,2021,2021-06-09,2022-02-28,Condo,CA,C,92101,47.79,Y,Standard,Mixed,Shingle,1252,1,29,1,35,0,C,Online,3038.84,3081.9,212.72,60.78,208.75,552384,40231.09,1,1.022,1.0,12,1,0,0,0.0968,New,38391.09,1,1,Middle,552384,2000,4,2,Bank Transfer,3,Agent Referral,12,550333,76694,679,1,3,12,3038.84,253.23666666666668,0.08333333333333333,0.16666666666666666,0.08333333333333333,1.0,3038.84,-1.8270279628118995,new,38391.09,151.94,0.1,5,0.6071167586273432,-35777.69,-41812.70350867508,-41812.70350867508,-35777.69,-41812.70350867508,0
500902,CUST000902,2021,2021-09-17,2021-09-30,Home,CA,C,90001,43.9,N,Premium,Masonry,Shingle,2158,1,42,0,52,0,A,Online,3825.21,3600.49,267.76,76.5,244.13,807423,0.0,0,0.952,1.0,12,1,0,0,0.0623,New,0.0,1,1,High,807423,500,4,0,Auto Debit,1,Online Search,14,828054,208944,819,1,1,12,3825.21,318.7675,0.0,0.0,0.08333333333333333,1.0,3825.21,1.7315281792791266,new,0.0,191.26,0.1,5,0.8759727566385356,3289.6899999999996,8743.669859433234,8743.669859433234,3289.6899999999996,8743.669859433234,1
500903,CUST000903,2021,2021-08-06,2021-11-30,Home,TX,C,77001,45.91,Y,Basic,Frame,Shingle,2066,2,11,1,38,0,D,Broker,1776.63,1783.39,124.36,266.49,151.95,291681,0.0,0,1.05,1.0,12,1,0,0,0.0466,New,0.0,1,1,Low,291681,1500,4,0,Auto Debit,1,Agent Referral,6,359033,39527,610,1,1,12,1776.63,148.0525,0.0,0.0,0.08333333333333333,1.0,1776.63,1.7315281792791266,new,0.0,88.83,0.1,5,0.787622398727422,1296.9500000000003,2654.6591877347373,2654.6591877347373,1296.9500000000003,2654.6591877347373,0
500904,CUST000904,2021,2021-06-19,2022-03-31,Home,WA,B,98004,25.48,Y,Basic,Frame,Shingle,2374,2,7,1,36,0,A,Online,1826.39,1822.24,127.85,36.53,154.19,700433,0.0,0,1.014,1.0,12,1,1,0,0.1332,New,0.0,1,1,Middle,700433,5000,5,0,Auto Debit,0,Social Media,5,873652,79384,738,1,0,12,1826.39,152.19916666666668,0.0,0.0,0.08333333333333333,1.0,1826.39,2.1166737889558784,new,0.0,91.32,0.1,5,0.8732172183735021,1570.6900000000003,4141.312338466783,4141.312338466783,1570.6900000000003,4141.312338466783,0
500905,CUST000905,2021,2021-07-25,2022-05-31,Home,FL,A,33301,54.78,Y,Basic,Mixed,Tile,1767,2,0,1,48,0,C,Direct,2720.7,2597.96,231.26,81.62,194.43,381869,0.0,0,0.97,1.0,12,1,0,0,0.0851,New,0.0,1,1,Low,381869,1000,5,1,Auto Debit,1,Online Search,1,453147,38671,631,1,1,12,2720.7,226.725,0.0,0.08333333333333333,0.08333333333333333,1.0,2720.7,0.33739571791036516,new,0.0,136.04,0.1,5,0.8798201167478475,2271.7799999999997,6106.252384661466,6106.252384661466,2271.7799999999997,6106.252384661466,1
500906,CUST000906,2021,2021-02-23,2021-08-31,Condo,NY,C,11201,37.25,Y,Basic,Mixed,Shingle,1455,1,36,1,65,0,C,Independent,2556.75,2380.78,178.97,306.81,187.05,564492,0.0,0,0.942,1.0,12,0,0,0,0.0442,New,0.0,0,1,Low,564492,1000,4,0,Auto Debit,1,Online Search,9,718694,48218,676,1,1,12,2556.75,213.0625,0.0,0.0,0.0,1.0,2556.75,-0.03237344962583011,new,0.0,127.84,0.1,5,0.709551798834476,1943.1300000000003,3136.8537949333927,3136.8537949333927,1943.1300000000003,3136.8537949333927,0
500907,CUST000907,2021,2021-11-21,2022-03-31,Home,FL,B,32801,48.05,Y,Basic,Mixed,Tile,1733,2,20,1,28,1,D,Independent,2920.08,2811.04,248.21,350.41,203.4,373146,0.0,0,0.984,1.0,12,0,0,1,0.092,New,0.0,1,1,Middle,373146,5000,4,1,Auto Debit,5,Online Search,6,444796,57152,520,1,5,12,2920.08,243.34,0.0,0.08333333333333333,0.08333333333333333,1.0,2920.08,-1.2031867207966416,new,0.0,146.0,0.1,5,0.8026935127274297,2175.46,4658.1979180261205,4658.1979180261205,2175.46,4658.1979180261205,0
500908,CUST000908,2021,2021-10-06,2022-05-31,Home,TX,C,78701,45.63,N,Basic,Mixed,Shingle,2898,3,6,1,67,0,A,Online,1144.66,1019.54,80.13,22.89,123.51,355092,0.0,0,0.923,1.0,12,0,1,0,0.1384,New,0.0,1,1,Upper Middle,355092,2000,4,0,Credit Card,2,Agent Referral,6,511370,103957,804,1,2,12,1144.66,95.38833333333334,0.0,0.0,0.08333333333333333,1.0,1144.66,1.3463825696023748,new,0.0,57.23,0.1,5,0.8563526878579047,984.4100000000001,2470.5392410366912,2470.5392410366912,984.4100000000001,2470.5392410366912,0
500909,CUST000909,2021,2021-06-22,2022-01-31,Condo,TX,C,79901,28.27,Y,Standard,Masonry,Tile,1160,1,25,1,45,1,B,Broker,614.64,517.24,43.03,92.2,99.66,166408,0.0,0,0.845,1.0,12,1,0,0,0.0597,New,0.0,1,1,Low,166408,1500,4,0,Bank Transfer,1,Social Media,10,164255,38662,690,1,1,12,614.64,51.22,0.0,0.0,0.08333333333333333,1.0,614.64,1.7315281792791266,new,0.0,30.73,0.1,5,0.8288628938363386,448.68,1038.4281778345087,1038.4281778345087,448.68,1038.4281778345087,0
500910,CUST000910,2021,2021-01-21,2021-03-31,Home,TX,D,73301,20.55,Y,Premium,Masonry,Shingle,850,3,12,0,64,0,B,Direct,496.99,452.54,34.79,14.91,94.36,136229,0.0,0,0.894,1.0,12,0,0,0,0.0895,New,0.0,1,1,Middle,136229,500,4,2,Auto Debit,3,Social Media,5,123490,75082,686,1,3,12,496.99,41.41583333333333,0.0,0.16666666666666666,0.08333333333333333,1.0,496.99,-1.8270279628118995,new,0.0,24.85,0.1,5,0.8755128327282455,422.43999999999994,1121.2986281743058,1121.2986281743058,422.43999999999994,1121.2986281743058,0
500911,CUST000911,2021,2021-04-18,2021-04-30,Condo,CA,C,90001,61.23,N,Basic,Masonry,Shingle,917,1,58,0,38,0,C,Online,1494.51,1526.76,104.62,29.89,139.25,229737,22942.08,1,1.017,1.0,12,0,0,1,0.0839,New,22022.08,0,1,Upper Middle,229737,1000,3,2,Credit Card,5,Email Campaign,5,322435,121644,635,1,5,12,1494.51,124.5425,0.08333333333333333,0.16666666666666666,0.0,1.0,1494.51,-4.36122081107036,new,22022.08,74.73,0.1,5,0.35622717957240985,-20736.81,-9896.441395134168,-9896.441395134168,-20736.81,-9896.441395134168,0
500912,CUST000912,2021,2021-06-11,2021-07-31,Rental,CA,C,95814,67.15,N,Basic,Frame,Shingle,1324,3,40,1,43,1,B,Broker,2017.21,2005.65,141.2,302.58,162.77,333921,12474.27,2,0.477,0.5,6,1,1,0,0.1399,New,7874.27,1,1,Upper Middle,333921,2500,4,0,Credit Card,2,Agent Referral,14,487342,99064,697,1,2,6,2017.21,336.20166666666665,0.3333333333333333,0.0,0.16666666666666666,1.0,2017.21,-0.012520850583857324,new,7874.27,100.86,0.1,5,0.35,-6401.7,-2977.717309753587,-2977.717309753587,-6401.7,-2977.717309753587,0
500913,CUST000913,2021,2021-04-21,2021-10-31,Home,NY,C,11201,47.84,N,Standard,Frame,Tile,2237,1,43,1,38,0,B,Online,3488.55,3255.92,244.2,69.77,228.98,930059,0.0,0,0.938,1.0,12,0,0,0,0.0803,New,0.0,1,1,Middle,930059,500,5,0,Credit Card,2,Agent Referral,3,1111551,77570,709,1,2,12,3488.55,290.71250000000003,0.0,0.0,0.08333333333333333,1.0,3488.55,1.3463825696023748,new,0.0,174.43,0.1,5,0.8331200089935388,3000.1500000000005,7031.533230371256,7031.533230371256,3000.1500000000005,7031.533230371256,1
500914,CUST000914,2021,2021-07-05,2021-10-31,Condo,TX,A,77001,26.49,Y,Standard,Masonry,Metal,900,1,12,1,49,0,A,Independent,450.0,472.68,31.5,54.0,92.25,130165,0.0,0,1.05,1.0,12,1,0,0,0.0715,New,0.0,1,1,Middle,130165,5000,4,0,Debit Card,0,Social Media,8,126948,85947,748,1,0,12,450.0,37.5,0.0,0.0,0.08333333333333333,1.0,450.0,2.1166737889558784,new,0.0,22.5,0.1,5,0.8679922413373421,342.0,888.066484961661,888.066484961661,342.0,888.066484961661,0
500915,CUST000915,2021,2021-07-17,2022-04-30,Home,NY,B,10001,42.43,Y,Standard,Frame,Shingle,2053,2,40,1,49,1,B,Online,3497.85,3498.25,244.85,69.96,229.4,855243,0.0,0,0.972,1.0,12,1,0,1,0.0826,New,0.0,1,1,Upper Middle,855243,1000,4,1,Credit Card,6,Partner Referral,7,905534,126866,686,1,6,12,3497.85,291.4875,0.0,0.08333333333333333,0.08333333333333333,1.0,3497.85,-1.5883323304733934,new,0.0,174.89,0.1,5,0.8375263230382157,3008.15,7142.62310645081,7142.62310645081,3008.15,7142.62310645081,1
500916,CUST000916,2021,2021-06-07,2022-01-31,Condo,WA,A,99201,43.39,Y,Basic,Frame,Shingle,1423,1,15,0,48,0,B,Broker,1418.25,1482.85,99.28,212.74,135.82,373735,0.0,0,1.05,1.0,12,1,0,0,0.0688,New,0.0,1,1,Upper Middle,373735,1000,4,1,Credit Card,2,Aggregator,10,488950,118199,720,1,2,12,1418.25,118.1875,0.0,0.08333333333333333,0.08333333333333333,1.0,1418.25,-0.047749891766386554,new,0.0,70.91,0.1,5,0.6530628030155932,1035.32,1401.2232891928625,1401.2232891928625,1035.32,1401.2232891928625,0
500917,CUST000917,2021,2021-08-21,2021-10-31,Home,CA,B,92101,30.08,N,Basic,Masonry,Tile,2291,1,38,0,50,0,B,Independent,2254.87,2162.85,157.84,270.58,173.47,552455,0.0,0,0.943,1.0,12,1,1,0,0.0986,New,0.0,1,1,Upper Middle,552455,1000,4,0,Auto Debit,1,Aggregator,2,823577,113240,726,1,1,12,2254.87,187.90583333333333,0.0,0.0,0.08333333333333333,1.0,2254.87,1.7315281792791266,new,0.0,112.74,0.1,5,0.8423743827879131,1713.7099999999998,4127.663258025611,4127.663258025611,1713.7099999999998,4127.663258025611,0
500918,CUST000918,2021,2021-04-25,2021-04-30,Condo,TX,D,73301,36.65,N,Basic,Mixed,Shingle,964,2,33,1,51,0,C,Independent,486.81,504.18,34.08,58.42,93.91,102389,0.0,0,0.999,1.0,12,0,0,1,0.0433,New,0.0,1,1,Middle,102389,1000,4,0,Bank Transfer,12,Online Search,5,139473,61174,635,1,12,12,486.81,40.5675,0.0,0.0,0.08333333333333333,1.0,486.81,-2.505073527165142,new,0.0,24.34,0.1,5,0.8602167373120094,369.97,939.079989279629,939.079989279629,369.97,939.079989279629,0
500919,CUST000919,2021,2021-04-15,2021-09-30,Home,CA,B,92101,41.58,N,Standard,Frame,Shingle,2123,2,13,0,49,0,C,Online,3659.5,3717.4,256.17,73.19,236.68,741248,57266.9,1,1.024,1.0,12,0,1,0,0.1549,New,55426.9,0,1,Upper Middle,741248,2000,3,0,Credit Card,2,Email Campaign,3,882565,102843,664,1,2,12,3659.5,304.9583333333333,0.08333333333333333,0.0,0.0,1.0,3659.5,-0.4175190593025818,new,55426.9,182.98,0.1,5,0.5085547800936419,-52279.740000000005,-44003.31670759937,-44003.31670759937,-52279.740000000005,-44003.31670759937,0
500920,CUST000920,2021,2021-05-15,2021-06-30,Home,NY,C,14604,39.07,Y,Basic,Frame,Shingle,2708,1,28,1,37,0,C,Broker,3914.27,3939.54,274.0,587.14,248.14,857785,61207.97,2,0.494,0.5,6,0,1,0,0.0805,New,58447.97,1,1,Middle,857785,1500,3,0,Credit Card,0,Social Media,9,1070608,82963,637,1,0,6,3914.27,652.3783333333333,0.3333333333333333,0.0,0.16666666666666666,1.0,3914.27,0.7577703687696461,new,58447.97,195.71,0.1,5,0.3933569916465775,-55590.55,-30763.856944811272,-30763.856944811272,-55590.55,-30763.856944811272,0
500921,CUST000921,2021,2021-07-24,2021-08-31,Home,WA,D,98501,21.98,N,Premium,Frame,Tile,2787,2,32,1,65,1,B,Direct,2479.47,2419.04,173.56,74.38,183.58,813328,13299.67,1,0.971,1.0,12,1,1,0,0.103,New,12839.67,0,1,High,813328,500,4,0,Credit Card,1,Online Search,1,854333,167381,722,1,1,12,2479.47,206.62249999999997,0.08333333333333333,0.0,0.0,1.0,2479.47,-0.03237344962583011,new,12839.67,123.97,0.1,5,0.5467297547071674,-10732.109999999999,-10283.562774071002,-10283.562774071002,-10732.109999999999,-10283.562774071002,0
500922,CUST000922,2021,2021-11-19,2022-05-31,Home,CA,D,90001,36.29,Y,Standard,Frame,Tile,2502,1,9,0,34,1,C,Online,5748.05,5422.99,402.36,114.96,330.66,1144020,0.0,0,0.967,1.0,12,0,0,0,0.0878,New,0.0,1,1,Middle,1144020,1000,4,0,Credit Card,3,Email Campaign,3,1157231,86719,642,1,3,12,5748.05,479.00416666666666,0.0,0.0,0.08333333333333333,1.0,5748.05,0.9612369599256232,new,0.0,287.4,0.1,5,0.9058963912072365,4943.330000000001,14331.255220832572,14331.255220832572,4943.330000000001,14331.255220832572,1
500923,CUST000923,2021,2021-06-05,2022-04-30,Home,WA,A,99201,36.5,Y,Standard,Masonry,Shingle,1826,1,51,1,52,0,D,Independent,2575.74,2247.35,180.3,309.09,187.91,500539,15326.04,1,0.893,1.0,12,1,0,0,0.0592,New,14406.04,0,1,Low,500539,1000,4,0,Credit Card,1,Agent Referral,7,559250,40512,616,1,1,12,2575.74,214.64499999999998,0.08333333333333333,0.0,0.0,1.0,2575.74,-0.03237344962583011,new,14406.04,128.79,0.1,5,0.5120311655917494,-12448.480000000001,-10603.820684703907,-10603.820684703907,-12448.480000000001,-10603.820684703907,0
500924,CUST000924,2021,2021-11-03,2022-09-30,Home,CA,D,92101,50.28,Y,Premium,Frame,Metal,2650,2,65,1,37,0,B,Independent,5302.6,5404.08,371.18,636.31,310.62,1095590,0.0,0,0.987,1.0,12,0,0,0,0.0876,New,0.0,1,1,Upper Middle,1095590,5000,4,0,Auto Debit,2,Online Search,3,1036685,112633,716,1,2,12,5302.6,441.8833333333334,0.0,0.0,0.08333333333333333,1.0,5302.6,1.3463825696023748,new,0.0,265.13,0.1,5,0.8404872934982079,4029.9800000000005,9652.82062182023,9652.82062182023,4029.9800000000005,9652.82062182023,1
500925,CUST000925,2021,2021-04-26,2021-04-30,Home,TX,B,79901,21.29,N,Standard,Mixed,Tile,1437,1,9,1,42,0,B,Independent,576.26,551.79,40.34,69.15,97.93,180733,0.0,0,0.997,1.0,12,0,0,0,0.0666,New,0.0,0,1,Middle,180733,1000,4,0,Debit Card,5,Aggregator,9,210905,51113,711,1,5,12,576.26,48.02166666666667,0.0,0.0,0.0,1.0,576.26,-1.572955888332837,new,0.0,28.81,0.1,5,0.8212038737877032,437.96,990.8758697329743,990.8758697329743,437.96,990.8758697329743,0
500926,CUST000926,2021,2021-02-01,2021-07-31,Rental,TX,A,77001,53.81,Y,Basic,Frame,Shingle,948,1,26,1,32,1,B,Online,502.86,525.0,35.2,10.06,94.63,101327,0.0,0,1.034,1.0,12,0,1,0,0.1292,New,0.0,1,1,Low,101327,1000,5,1,Auto Debit,0,Aggregator,1,130410,46551,691,1,0,12,502.86,41.905,0.0,0.08333333333333333,0.08333333333333333,1.0,502.86,0.722541327587117,new,0.0,25.14,0.1,5,0.9080986140356195,432.46000000000004,1261.7507323794898,1261.7507323794898,432.46000000000004,1261.7507323794898,0
500927,CUST000927,2021,2021-02-03,2021-02-28,Condo,CA,C,92101,42.54,Y,Standard,Masonry,Shingle,1797,2,30,0,69,1,A,Online,3015.23,3068.75,211.07,60.3,207.69,735131,0.0,0,1.042,1.0,12,0,1,0,0.1467,New,0.0,1,1,High,735131,2000,4,0,Credit Card,0,Online Search,5,759056,179489,774,1,0,12,3015.23,251.26916666666668,0.0,0.0,0.08333333333333333,1.0,3015.23,2.1166737889558784,new,0.0,150.76,0.1,5,0.8593707342901413,2593.0999999999995,6565.66281073221,6565.66281073221,2593.0999999999995,6565.66281073221,1
500928,CUST000928,2021,2021-03-18,2021-07-31,Home,NY,D,11201,19.02,N,Standard,Masonry,Tile,2811,2,44,0,53,0,B,Direct,3720.69,3629.25,260.45,111.62,239.43,1094975,163678.22,1,0.984,1.0,12,0,0,1,0.0715,New,163218.22,0,1,High,1094975,500,4,1,Credit Card,9,Agent Referral,9,1292745,192716,708,1,9,12,3720.69,310.0575,0.08333333333333333,0.08333333333333333,0.0,1.0,3720.69,-4.507670788408605,new,163218.22,186.03,0.1,5,0.35,-160055.63,-74449.04009474289,-74449.04009474289,-160055.63,-74449.04009474289,0
500929,CUST000929,2021,2021-11-05,2022-05-31,Home,FL,B,33101,47.11,N,Basic,Masonry,Metal,1694,1,36,1,50,0,C,Direct,1767.41,1556.74,150.23,53.02,151.53,286761,0.0,0,0.895,1.0,12,0,1,0,0.1276,New,0.0,1,1,Low,286761,1000,4,0,Credit Card,1,Online Search,4,400322,48494,652,1,1,12,1767.41,147.28416666666666,0.0,0.0,0.08333333333333333,1.0,1767.41,1.7315281792791266,new,0.0,88.37,0.1,5,0.7459932539501214,1475.79,2663.783241891939,2663.783241891939,1475.79,2663.783241891939,0
500930,CUST000930,2021,2021-12-19,2021-12-31,Home,CA,A,94105,49.5,N,Standard,Frame,Metal,1634,1,29,0,51,0,D,Online,3953.86,3622.6,276.77,79.08,249.92,607774,86497.04,2,0.95,1.0,12,0,0,1,0.0693,New,84657.04,0,1,Middle,607774,1000,2,0,Debit Card,7,Agent Referral,6,695159,75923,545,1,7,12,3953.86,329.48833333333334,0.16666666666666666,0.0,0.0,1.0,3953.86,-2.34324710768634,new,84657.04,197.69,0.1,5,0.35,-81256.72,-37796.13878779081,-37796.13878779081,-81256.72,-37796.13878779081,0
500931,CUST000931,2021,2021-05-12,2021-11-30,Condo,WA,C,98004,49.0,Y,Premium,Frame,Shingle,1770,1,31,1,60,2,C,Online,2577.45,2344.53,180.42,51.55,187.99,586381,0.0,0,0.921,1.0,12,0,0,0,0.1057,New,0.0,1,1,Low,586381,2000,4,0,Credit Card,0,Online Search,8,544422,32764,636,1,0,12,2577.45,214.7875,0.0,0.0,0.08333333333333333,1.0,2577.45,2.1166737889558784,new,0.0,128.87,0.1,5,0.835101150098232,2216.6099999999997,5225.624216828235,5225.624216828235,2216.6099999999997,5225.624216828235,1
500932,CUST000932,2021,2021-09-17,2021-09-30,Rental,CA,A,90001,47.79,N,Basic,Frame,Metal,1688,1,17,1,45,1,B,Independent,2228.2,1885.82,155.97,267.38,172.27,448530,0.0,0,0.867,1.0,12,1,1,0,0.1194,New,0.0,1,1,High,448530,2000,5,0,Auto Debit,1,Online Search,4,666621,155415,728,1,1,12,2228.2,185.6833333333333,0.0,0.0,0.08333333333333333,1.0,2228.2,1.7315281792791266,new,0.0,111.41,0.1,5,0.871629785138882,1693.4399999999998,4444.3137156556,4444.3137156556,1693.4399999999998,4444.3137156556,0
500933,CUST000933,2021,2021-02-17,2021-07-31,Home,WA,C,98501,29.23,Y,Standard,Mixed,Tile,1623,2,24,1,53,1,C,Direct,1732.42,1783.73,121.27,51.97,149.96,502816,0.0,0,1.026,1.0,12,0,1,1,0.1176,New,0.0,1,1,Middle,502816,1000,3,1,Bank Transfer,13,Social Media,4,499205,50893,669,1,13,12,1732.42,144.36833333333334,0.0,0.08333333333333333,0.08333333333333333,1.0,1732.42,-4.284351598210655,new,0.0,86.62,0.1,5,0.7594049198522755,1472.56,2768.3942013039896,2768.3942013039896,1472.56,2768.3942013039896,0
500934,CUST000934,2021,2021-11-02,2021-11-30,Home,TX,A,77001,34.52,Y,Basic,Frame,Metal,2019,3,33,0,55,1,A,Broker,632.38,618.94,44.27,94.86,100.46,206399,0.0,0,0.965,1.0,12,0,1,0,0.0962,New,0.0,0,1,Upper Middle,206399,1000,5,1,Auto Debit,1,Agent Referral,8,258378,126333,734,1,1,12,632.38,52.69833333333333,0.0,0.08333333333333333,0.0,1.0,632.38,-1.4265059109945915,new,0.0,31.62,0.1,5,0.47757582048975666,461.63,348.73725319627874,348.73725319627874,461.63,348.73725319627874,0
500935,CUST000935,2021,2021-08-13,2022-03-31,Home,CA,B,90001,56.31,N,Standard,Mixed,Shingle,1749,3,26,1,39,0,A,Direct,3006.36,3015.21,210.45,90.19,207.29,669033,0.0,0,1.002,1.0,12,1,0,0,0.0778,New,0.0,1,1,Upper Middle,669033,1000,4,0,Auto Debit,1,Partner Referral,5,780192,130808,754,1,1,12,3006.36,250.53,0.0,0.0,0.08333333333333333,1.0,3006.36,1.7315281792791266,new,0.0,150.32,0.1,5,0.8263034747982209,2555.4,5869.59432051654,5869.59432051654,2555.4,5869.59432051654,1
500936,CUST000936,2021,2021-06-26,2022-01-31,Condo,CA,D,94105,55.92,Y,Basic,Mixed,Shingle,1066,1,46,1,52,0,B,Independent,1820.6,1809.01,127.44,218.47,153.93,351572,33867.65,3,0.975,1.0,12,1,1,0,0.0806,New,31107.65,0,1,Middle,351572,1000,3,0,Credit Card,3,Online Search,5,444207,89862,717,1,3,12,1820.6,151.71666666666667,0.25,0.0,0.0,1.0,1820.6,-0.8026646689793335,new,31107.65,91.03,0.1,5,0.35,-29723.99,-13825.95865753511,-13825.95865753511,-29723.99,-13825.95865753511,0
500937,CUST000937,2021,2021-08-12,2022-05-31,Rental,WA,C,98101,33.86,N,Premium,Frame,Shingle,2137,1,9,0,49,0,B,Independent,2259.09,2306.04,158.14,271.09,173.66,677952,0.0,0,1.005,1.0,12,1,1,0,0.0997,New,0.0,1,1,Upper Middle,677952,1000,5,0,Auto Debit,0,Social Media,7,707527,106456,680,1,0,12,2259.09,188.25750000000002,0.0,0.0,0.08333333333333333,1.0,2259.09,2.1166737889558784,new,0.0,112.95,0.1,5,0.9020951806521421,1716.9100000000003,4923.100558940077,4923.100558940077,1716.9100000000003,4923.100558940077,0
500938,CUST000938,2021,2021-08-24,2022-06-30,Home,FL,D,33601,61.08,Y,Premium,Mixed,Shingle,2571,2,34,1,45,0,A,Online,4237.12,4073.22,360.15,84.74,262.67,745687,34933.22,1,0.985,1.0,12,1,1,0,0.1568,New,30333.22,0,1,Upper Middle,745687,5000,4,1,Credit Card,1,Partner Referral,1,657095,113126,775,1,1,12,4237.12,353.0933333333333,0.08333333333333333,0.08333333333333333,0.0,1.0,4237.12,-1.4265059109945915,new,30333.22,211.86,0.1,5,0.3906707225454898,-26752.850000000006,-14651.162034227073,-14651.162034227073,-26752.850000000006,-14651.162034227073,0
500939,CUST000939,2021,2021-09-25,2022-05-31,Home,WA,A,99201,25.57,Y,Standard,Masonry,Shingle,1690,1,33,1,51,1,B,Online,1652.25,1759.55,115.66,33.04,146.35,478314,24917.25,2,1.05,1.0,12,1,1,0,0.1217,New,23997.25,0,1,Upper Middle,478314,500,2,0,Auto Debit,2,Social Media,4,514690,103583,701,1,2,12,1652.25,137.6875,0.16666666666666666,0.0,0.0,1.0,1652.25,-0.4175190593025818,new,23997.25,82.61,0.1,5,0.35,-22576.31,-10501.252648103316,-10501.252648103316,-22576.31,-10501.252648103316,0
500940,CUST000940,2021,2021-10-20,2022-08-31,Condo,CA,A,92101,69.03,N,Basic,Frame,Shingle,1359,1,33,1,54,1,D,Direct,2421.73,2355.64,169.52,72.65,180.98,366281,42856.3,1,0.987,1.0,12,0,1,0,0.1281,New,41936.3,0,1,Middle,366281,1000,3,1,Credit Card,1,Email Campaign,3,538852,76590,590,1,1,12,2421.73,201.81083333333333,0.08333333333333333,0.08333333333333333,0.0,1.0,2421.73,-1.4265059109945915,new,41936.3,121.09,0.1,5,0.4791509069649638,-39877.829999999994,-30293.765605559915,-30293.765605559915,-39877.829999999994,-30293.765605559915,0
500941,CUST000941,2021,2021-06-24,2022-03-31,Rental,FL,B,32801,44.75,N,Standard,Masonry,Tile,1550,1,25,1,31,0,B,Direct,1800.64,1860.95,153.05,54.02,153.03,296062,0.0,0,0.533,0.5,6,1,0,0,0.078,New,0.0,1,1,Middle,296062,500,4,0,Credit Card,3,Online Search,4,356122,81194,720,1,3,6,1800.64,300.1066666666667,0.0,0.0,0.16666666666666666,1.0,1800.64,-0.39766646026060903,new,0.0,90.03,0.1,5,0.7820707493237277,1503.5400000000002,3026.653207098404,3026.653207098404,1503.5400000000002,3026.653207098404,0
500942,CUST000942,2021,2021-09-04,2021-12-31,Home,TX,D,78701,31.68,N,Basic,Masonry,Shingle,2168,1,22,0,59,0,A,Online,876.0,833.54,61.32,17.52,111.42,255957,0.0,0,0.953,1.0,12,1,0,0,0.0882,New,0.0,1,1,Middle,255957,1000,4,0,Credit Card,2,Agent Referral,9,371333,86950,783,1,2,12,876.0,73.0,0.0,0.0,0.08333333333333333,1.0,876.0,1.3463825696023748,new,0.0,43.8,0.1,5,0.8458632485195547,753.36,1833.2921540010382,1833.2921540010382,753.36,1833.2921540010382,0
500943,CUST000943,2021,2021-12-05,2021-12-31,Condo,TX,C,73301,38.32,Y,Standard,Mixed,Shingle,934,1,21,1,42,0,A,Independent,450.0,464.48,31.5,54.0,92.25,120602,0.0,0,1.032,1.0,12,0,1,0,0.0918,New,0.0,1,1,Upper Middle,120602,500,4,1,Auto Debit,0,Social Media,6,134118,91028,737,1,0,12,450.0,37.5,0.0,0.08333333333333333,0.08333333333333333,1.0,450.0,0.722541327587117,new,0.0,22.5,0.1,5,0.8521148002324075,342.0,847.6932160964728,847.6932160964728,342.0,847.6932160964728,0
500944,CUST000944,2021,2021-11-21,2022-03-31,Rental,FL,B,32801,51.85,Y,Basic,Frame,Tile,1181,1,26,1,47,0,B,Online,1239.28,1271.07,105.34,24.79,127.77,191874,0.0,0,1.019,1.0,12,0,0,0,0.0634,New,0.0,1,1,Middle,191874,1000,4,0,Credit Card,3,Agent Referral,6,254381,72581,691,1,3,12,1239.28,103.27333333333333,0.0,0.0,0.08333333333333333,1.0,1239.28,0.9612369599256232,new,0.0,61.96,0.1,5,0.7668424860673871,1047.19,2013.4896391921372,2013.4896391921372,1047.19,2013.4896391921372,0
500945,CUST000945,2021,2021-06-04,2021-12-31,Home,CA,B,94105,33.44,Y,Standard,Masonry,Shingle,2012,1,38,1,43,3,C,Online,4334.36,4201.87,303.4,86.69,267.05,759766,0.0,0,0.987,1.0,12,1,1,0,0.1252,New,0.0,1,1,Upper Middle,759766,500,4,0,Bank Transfer,1,Partner Referral,1,761606,100338,665,1,1,12,4334.36,361.19666666666666,0.0,0.0,0.08333333333333333,1.0,4334.36,1.7315281792791266,new,0.0,216.72,0.1,5,0.7986993570468021,3727.5499999999997,7886.973199203027,7886.973199203027,3727.5499999999997,7886.973199203027,1
500946,CUST000946,2021,2021-10-02,2021-10-31,Home,WA,A,98004,13.1,N,Standard,Masonry,Metal,2321,3,47,1,57,0,C,Independent,2032.46,1963.18,142.27,243.9,163.46,604095,0.0,0,0.969,1.0,12,0,1,0,0.0824,New,0.0,1,1,Middle,604095,1000,4,0,Bank Transfer,3,Agent Referral,10,732449,56797,647,1,3,12,2032.46,169.37166666666667,0.0,0.0,0.08333333333333333,1.0,2032.46,0.9612369599256232,new,0.0,101.62,0.1,5,0.8956730827363468,1544.67,4347.602060320365,4347.602060320365,1544.67,4347.602060320365,0
500947,CUST000947,2021,2021-12-15,2022-03-31,Home,TX,A,77001,39.34,N,Basic,Frame,Tile,2605,2,2,0,28,2,C,Online,1124.61,1005.51,78.72,22.49,122.61,257791,0.0,0,0.895,1.0,12,0,0,0,0.0658,New,0.0,1,1,Upper Middle,257791,1500,4,0,Debit Card,0,Email Campaign,5,378987,109302,676,1,0,12,1124.61,93.71749999999999,0.0,0.0,0.08333333333333333,1.0,1124.61,2.1166737889558784,new,0.0,56.23,0.1,5,0.7955481778527661,967.1699999999998,2027.2074142127603,2027.2074142127603,967.1699999999998,2027.2074142127603,0
500948,CUST000948,2021,2021-09-20,2022-02-28,Condo,NY,C,12207,32.77,Y,Basic,Frame,Metal,882,1,18,1,58,0,C,Broker,1139.56,997.49,79.77,170.93,123.28,309727,13314.4,1,0.897,1.0,12,1,0,0,0.0724,New,11474.4,0,1,Middle,309727,2000,3,0,Credit Card,5,Aggregator,10,388949,55269,640,1,5,12,1139.56,94.96333333333332,0.08333333333333333,0.0,0.0,1.0,1139.56,-1.572955888332837,new,11474.4,56.98,0.1,5,0.5145114391522442,-10642.52,-9142.978545093038,-9142.978545093038,-10642.52,-9142.978545093038,0
500949,CUST000949,2021,2021-06-05,2022-03-31,Home,WA,D,99201,13.07,N,Premium,Masonry,Metal,2257,2,26,1,43,0,B,Independent,1940.54,1849.21,135.84,232.86,159.32,767624,0.0,0,0.979,1.0,12,1,0,0,0.0629,New,0.0,1,1,Upper Middle,767624,1000,4,0,Auto Debit,1,Online Search,7,772983,93304,690,1,1,12,1940.54,161.71166666666667,0.0,0.0,0.08333333333333333,1.0,1940.54,1.7315281792791266,new,0.0,97.03,0.1,5,0.8769283789725855,1474.8100000000002,3930.8361287777893,3930.8361287777893,1474.8100000000002,3930.8361287777893,0
500950,CUST000950,2021,2021-01-04,2021-05-31,Rental,FL,D,33601,47.03,Y,Basic,Mixed,Tile,1561,1,14,1,46,0,B,Direct,1987.61,2057.78,168.95,59.63,161.44,313520,0.0,0,1.036,1.0,12,0,0,0,0.0685,New,0.0,1,1,Upper Middle,313520,1000,4,0,Auto Debit,1,Partner Referral,12,386177,108783,698,1,1,12,1987.61,165.63416666666666,0.0,0.0,0.08333333333333333,1.0,1987.61,1.7315281792791266,new,0.0,99.38,0.1,5,0.8673445852588532,1659.6499999999996,4301.436960453692,4301.436960453692,1659.6499999999996,4301.436960453692,0
500951,CUST000951,2021,2021-02-12,2021-07-31,Condo,WA,D,98101,33.0,Y,Basic,Mixed,Shingle,1614,2,47,1,51,0,B,Independent,1430.45,1432.86,100.13,171.65,136.37,376760,59104.53,1,0.991,1.0,12,0,0,0,0.0676,New,58184.53,0,1,Upper Middle,376760,1000,4,0,Debit Card,1,Aggregator,5,456852,118897,722,1,1,12,1430.45,119.20416666666667,0.08333333333333333,0.0,0.0,1.0,1430.45,-0.03237344962583011,new,58184.53,71.52,0.1,5,0.35109277270330197,-57097.38,-26678.97208334904,-26678.97208334904,-57097.38,-26678.97208334904,0
500952,CUST000952,2021,2021-11-10,2022-06-30,Home,FL,D,33301,53.88,N,Basic,Frame,Tile,2212,3,35,1,47,1,B,Independent,2214.92,2039.17,188.27,265.79,171.67,341608,0.0,0,0.976,1.0,12,0,0,0,0.0691,New,0.0,1,1,Middle,341608,500,4,0,Debit Card,3,Agent Referral,4,491437,66959,713,1,3,12,2214.92,184.57666666666668,0.0,0.0,0.08333333333333333,1.0,2214.92,0.9612369599256232,new,0.0,110.75,0.1,5,0.8226277142458066,1650.1100000000001,3749.1394672156707,3749.1394672156707,1650.1100000000001,3749.1394672156707,0
500953,CUST000953,2021,2021-06-03,2021-06-30,Home,WA,D,98004,35.45,Y,Premium,Masonry,Shingle,1857,2,41,1,44,0,A,Broker,1777.29,1789.92,124.41,266.59,151.98,588778,0.0,0,1.001,1.0,12,1,0,0,0.0992,New,0.0,0,1,High,588778,2000,5,0,Debit Card,3,Online Search,7,548980,161476,735,1,3,12,1777.29,148.1075,0.0,0.0,0.0,1.0,1777.29,-0.8026646689793335,new,0.0,88.86,0.1,5,0.8695411125451784,1297.43,3384.3029565384204,3384.3029565384204,1297.43,3384.3029565384204,0
500954,CUST000954,2021,2021-08-06,2022-06-30,Home,TX,D,78701,25.58,Y,Standard,Masonry,Metal,2596,1,44,0,38,0,A,Independent,887.25,911.95,62.11,106.47,111.93,312198,0.0,0,1.05,1.0,12,1,0,0,0.0943,New,0.0,1,1,Upper Middle,312198,2000,4,0,Auto Debit,0,Aggregator,11,326690,146064,730,1,0,12,887.25,73.9375,0.0,0.0,0.08333333333333333,1.0,887.25,2.1166737889558784,new,0.0,44.36,0.1,5,0.7514133511152997,674.31,1237.3409965861995,1237.3409965861995,674.31,1237.3409965861995,0
500955,CUST000955,2021,2021-02-14,2021-10-31,Home,WA,D,98101,12.5,N,Basic,Masonry,Shingle,2925,2,24,1,56,0,B,Online,1754.82,1873.4,122.84,35.1,150.97,611272,0.0,0,1.032,1.0,12,0,0,0,0.1093,New,0.0,1,1,Middle,611272,2000,4,1,Credit Card,2,Online Search,6,923875,56203,711,1,2,12,1754.82,146.23499999999999,0.0,0.08333333333333333,0.08333333333333333,1.0,1754.82,-0.047749891766386554,new,0.0,87.74,0.1,5,0.8843497807684105,1509.14,4110.210059347025,4110.210059347025,1509.14,4110.210059347025,0
500956,CUST000956,2021,2021-02-17,2021-06-30,Home,CA,D,94105,35.51,Y,Standard,Mixed,Metal,2031,2,26,0,74,0,B,Direct,3215.89,2950.1,225.11,96.48,216.71,806808,0.0,0,0.92,1.0,12,0,1,0,0.1011,New,0.0,1,1,Low,806808,1000,5,0,Auto Debit,0,Agent Referral,6,819521,39218,684,1,0,12,3215.89,267.99083333333334,0.0,0.0,0.08333333333333333,1.0,3215.89,2.1166737889558784,new,0.0,160.79,0.1,5,0.7907893635521708,2733.5099999999998,5648.446888925188,5648.446888925188,2733.5099999999998,5648.446888925188,1
500957,CUST000957,2021,2021-08-03,2022-04-30,Rental,TX,D,78701,31.78,Y,Standard,Masonry,Shingle,2426,3,5,0,62,0,C,Broker,1411.6,1409.66,98.81,211.74,135.52,299717,0.0,0,0.502,0.5,6,1,0,1,0.0681,New,0.0,1,1,Middle,299717,500,3,0,Credit Card,4,Aggregator,13,319681,68802,631,1,4,6,1411.6,235.26666666666665,0.0,0.0,0.16666666666666666,1.0,1411.6,-0.7828120699373606,new,0.0,70.58,0.1,5,0.7516105303417644,1030.47,1892.0177431296981,1892.0177431296981,1030.47,1892.0177431296981,0
500958,CUST000958,2021,2021-06-06,2022-04-30,Rental,CA,B,90001,55.58,N,Standard,Mixed,Metal,1815,1,34,0,32,0,B,Independent,3337.5,3228.98,233.63,400.5,222.19,665125,0.0,0,0.489,0.5,6,1,1,0,0.0938,New,0.0,0,1,High,665125,1000,4,0,Bank Transfer,2,Aggregator,13,751294,189461,720,1,2,6,3337.5,556.25,0.0,0.0,0.0,1.0,3337.5,-3.540324108393771,new,0.0,166.88,0.1,5,0.8007661903055264,2536.49,5400.094112830131,5400.094112830131,2536.49,5400.094112830131,1
500959,CUST000959,2021,2021-12-27,2021-12-31,Home,NY,A,14604,42.81,Y,Standard,Mixed,Shingle,2106,2,55,1,59,2,D,Direct,5655.14,5561.71,395.86,169.65,326.48,960426,0.0,0,0.971,1.0,12,0,0,0,0.0929,New,0.0,1,1,Middle,960426,2000,4,0,Auto Debit,0,Social Media,10,1025264,50009,546,1,0,12,5655.14,471.2616666666667,0.0,0.0,0.08333333333333333,1.0,5655.14,2.1166737889558784,new,0.0,282.76,0.1,5,0.8447608712470891,4806.870000000001,11659.558491708767,11659.558491708767,4806.870000000001,11659.558491708767,1
500960,CUST000960,2021,2021-05-21,2021-10-31,Home,WA,B,99201,20.94,N,Basic,Frame,Tile,2064,2,23,1,52,0,A,Independent,1163.84,1066.02,81.47,139.66,124.37,495432,0.0,0,0.902,1.0,12,0,0,0,0.0659,New,0.0,1,1,Middle,495432,1000,4,0,Credit Card,1,Online Search,8,684077,86502,732,1,1,12,1163.84,96.98666666666666,0.0,0.0,0.08333333333333333,1.0,1163.84,1.7315281792791266,new,0.0,58.19,0.1,5,0.7222691616165999,884.52,1484.8920536294363,1484.8920536294363,884.52,1484.8920536294363,0
500961,CUST000961,2021,2021-02-02,2021-09-30,Home,FL,D,33101,36.25,N,Standard,Mixed,Metal,2098,1,18,0,60,1,A,Online,1808.07,1823.1,153.69,36.16,153.36,433623,0.0,0,0.978,1.0,12,0,0,0,0.1131,New,0.0,1,1,Upper Middle,433623,2000,5,0,Auto Debit,0,Social Media,12,502102,94734,747,1,0,12,1808.07,150.67249999999999,0.0,0.0,0.08333333333333333,1.0,1808.07,2.1166737889558784,new,0.0,90.4,0.1,5,0.8586029540693035,1527.8199999999997,3859.7044464198048,3859.7044464198048,1527.8199999999997,3859.7044464198048,0
500962,CUST000962,2021,2021-04-22,2021-08-31,Condo,FL,A,33301,52.31,N,Basic,Mixed,Metal,1433,1,14,1,46,0,C,Direct,1316.92,1433.65,111.94,39.51,131.26,209715,23625.95,3,1.05,1.0,12,0,1,0,0.1286,New,20865.95,0,1,Middle,209715,1000,3,2,Debit Card,2,Online Search,5,302854,83845,678,1,2,12,1316.92,109.74333333333334,0.25,0.16666666666666666,0.0,1.0,1316.92,-3.2057839820401046,new,20865.95,65.85,0.1,5,0.3831198687078267,-19766.329999999994,-10509.5133907443,-10509.5133907443,-19766.329999999994,-10509.5133907443,0
500963,CUST000963,2021,2021-10-27,2022-07-31,Home,WA,C,99201,24.4,Y,Standard,Masonry,Tile,1850,3,30,1,47,1,C,Broker,2031.13,1984.62,142.18,304.67,163.4,568872,0.0,0,0.943,1.0,12,0,1,0,0.1083,New,0.0,1,1,Middle,568872,500,4,0,Credit Card,3,Agent Referral,11,583080,62027,655,1,3,12,2031.13,169.26083333333335,0.0,0.0,0.08333333333333333,1.0,2031.13,0.9612369599256232,new,0.0,101.56,0.1,5,0.8246035417585021,1482.72,3388.607854941999,3388.607854941999,1482.72,3388.607854941999,0
500964,CUST000964,2021,2021-09-09,2022-04-30,Home,NY,B,12207,52.71,N,Standard,Frame,Shingle,1623,2,26,0,57,1,B,Independent,2660.62,2640.51,186.24,319.27,191.73,674659,3680.13,1,0.976,1.0,12,1,1,0,0.1071,New,2760.13,1,1,Upper Middle,674659,1000,4,0,Auto Debit,1,Online Search,6,804699,95555,728,1,1,12,2660.62,221.71833333333333,0.08333333333333333,0.0,0.08333333333333333,1.0,2660.62,1.7315281792791266,new,2760.13,133.03,0.1,5,0.688322900134326,-738.0500000000002,-1115.6263551452612,-1115.6263551452612,-738.0500000000002,-1115.6263551452612,0
500965,CUST000965,2021,2021-04-24,2021-05-31,Home,WA,B,99201,33.56,Y,Basic,Frame,Shingle,2059,2,19,0,27,0,B,Independent,2445.94,2415.94,171.22,293.51,182.07,656664,0.0,0,1.023,1.0,12,0,0,0,0.0961,New,0.0,1,1,Upper Middle,656664,5000,5,0,Auto Debit,0,Agent Referral,9,772704,109691,713,1,0,12,2445.94,203.82833333333335,0.0,0.0,0.08333333333333333,1.0,2445.94,2.1166737889558784,new,0.0,122.3,0.1,5,0.9007815000139245,1858.9100000000003,5310.049736168587,5310.049736168587,1858.9100000000003,5310.049736168587,1
500966,CUST000966,2021,2021-07-13,2021-08-31,Rental,CA,B,92101,57.43,Y,Basic,Mixed,Tile,2099,1,22,1,38,0,D,Online,4738.82,4247.02,331.72,94.78,285.25,700294,44089.26,2,0.908,1.0,12,1,0,0,0.0717,New,43169.26,1,1,Low,700294,500,3,1,Bank Transfer,3,Partner Referral,11,824815,38874,601,1,3,12,4738.82,394.90166666666664,0.16666666666666666,0.08333333333333333,0.08333333333333333,1.0,4738.82,-0.43289550144313826,new,43169.26,236.94,0.1,5,0.40851378958061546,-39093.880000000005,-22932.58916573739,-22932.58916573739,-39093.880000000005,-22932.58916573739,0
500967,CUST000967,2021,2021-08-03,2022-04-30,Condo,NY,B,12207,33.53,Y,Basic,Mixed,Tile,900,1,48,0,45,0,B,Broker,1015.72,1003.29,71.1,152.36,117.71,300653,0.0,0,0.483,0.5,6,1,1,0,0.1058,New,0.0,0,1,Middle,300653,500,4,0,Auto Debit,2,Partner Referral,7,366883,88175,691,1,2,6,1015.72,169.28666666666666,0.0,0.0,0.0,1.0,1015.72,-3.540324108393771,new,0.0,50.79,0.1,5,0.777496516044094,741.47,1472.202271400672,1472.202271400672,741.47,1472.202271400672,0
500968,CUST000968,2021,2021-07-20,2022-05-31,Home,TX,D,73301,31.0,N,Basic,Frame,Tile,1505,1,16,1,50,0,C,Online,655.92,668.03,45.91,13.12,101.52,175523,0.0,0,1.035,1.0,12,1,0,0,0.0702,New,0.0,1,1,Middle,175523,500,4,0,Bank Transfer,1,Social Media,3,257007,62081,661,1,1,12,655.92,54.66,0.0,0.0,0.08333333333333333,1.0,655.92,1.7315281792791266,new,0.0,32.8,0.1,5,0.7407456714304073,564.09,1002.032159536154,1002.032159536154,564.09,1002.032159536154,0
500969,CUST000969,2021,2021-07-14,2022-04-30,Home,TX,A,77001,36.32,N,Premium,Mixed,Shingle,2175,2,7,1,50,0,C,Online,1186.46,1226.79,83.05,23.73,125.39,297973,0.0,0,1.017,1.0,12,1,1,0,0.1426,New,0.0,1,1,Middle,297973,2000,5,0,Auto Debit,0,Email Campaign,2,313460,58660,650,1,0,12,1186.46,98.87166666666667,0.0,0.0,0.08333333333333333,1.0,1186.46,2.1166737889558784,new,0.0,59.32,0.1,5,0.8459882490924648,1020.36,2483.9470317458913,2483.9470317458913,1020.36,2483.9470317458913,0
500970,CUST000970,2021,2021-03-11,2021-10-31,Home,WA,D,98501,19.27,Y,Standard,Masonry,Metal,2427,1,36,1,49,1,C,Independent,2515.26,2015.08,176.07,301.83,185.19,709403,0.0,0,0.833,1.0,12,0,0,0,0.0685,New,0.0,0,1,Middle,709403,1000,4,0,Debit Card,3,Email Campaign,6,767283,52617,671,1,3,12,2515.26,209.60500000000002,0.0,0.0,0.0,1.0,2515.26,-0.8026646689793335,new,0.0,125.76,0.1,5,0.7524253942818256,1911.6000000000001,3518.530854794512,3518.530854794512,1911.6000000000001,3518.530854794512,0
500971,CUST000971,2021,2021-11-01,2022-06-30,Home,CA,B,94105,50.67,N,Basic,Frame,Tile,1763,2,26,1,61,0,B,Independent,2438.2,2427.42,170.67,292.58,181.72,511231,15876.21,2,1.011,1.0,12,0,0,0,0.0686,New,14036.21,1,1,Middle,511231,1000,3,1,Credit Card,0,Partner Referral,13,750811,56406,712,1,0,12,2438.2,203.1833333333333,0.16666666666666666,0.08333333333333333,0.08333333333333333,1.0,2438.2,0.722541327587117,new,14036.21,121.91,0.1,5,0.5317994563834162,-12183.169999999998,-11101.520014784619,-11101.520014784619,-12183.169999999998,-11101.520014784619,0
500972,CUST000972,2021,2021-09-25,2021-09-30,Home,CA,C,94105,48.05,N,Basic,Frame,Metal,1499,2,29,0,61,0,C,Online,2027.68,1963.85,141.94,40.55,163.25,407736,0.0,0,0.972,1.0,12,1,0,0,0.0855,New,0.0,1,1,Middle,407736,500,4,0,Bank Transfer,2,Partner Referral,1,567541,88114,631,1,2,12,2027.68,168.97333333333333,0.0,0.0,0.08333333333333333,1.0,2027.68,1.3463825696023748,new,0.0,101.38,0.1,5,0.7843009984995555,1743.81,3533.915100998213,3533.915100998213,1743.81,3533.915100998213,0
500973,CUST000973,2021,2021-06-11,2022-02-28,Home,FL,B,33601,67.04,N,Standard,Masonry,Shingle,2426,1,37,0,64,2,C,Direct,4313.39,4292.97,366.64,129.4,266.1,459070,0.0,0,1.029,1.0,12,1,0,1,0.0758,New,0.0,1,1,Middle,459070,1000,4,1,Debit Card,6,Social Media,4,549362,58520,644,1,6,12,4313.39,359.4491666666667,0.0,0.08333333333333333,0.08333333333333333,1.0,4313.39,-1.5883323304733934,new,0.0,215.67,0.1,5,0.7641824100075352,3601.6800000000003,6869.704077091744,6869.704077091744,3601.6800000000003,6869.704077091744,1
500974,CUST000974,2021,2021-04-05,2021-04-30,Rental,FL,C,33101,68.17,Y,Basic,Frame,Shingle,2363,2,6,1,23,0,D,Independent,4789.51,4530.39,407.11,574.74,287.53,469887,0.0,0,0.947,1.0,12,0,1,1,0.0822,New,0.0,1,1,Low,469887,1000,4,0,Auto Debit,3,Partner Referral,10,604317,45655,588,1,3,12,4789.51,399.12583333333333,0.0,0.0,0.08333333333333333,1.0,4789.51,0.9612369599256232,new,0.0,239.48,0.1,5,0.8115596205825637,3568.1800000000007,7844.905775282161,7844.905775282161,3568.1800000000007,7844.905775282161,1
500975,CUST000975,2021,2021-12-25,2022-08-31,Rental,TX,D,73301,41.99,N,Standard,Frame,Tile,2416,1,26,1,53,0,B,Independent,977.95,997.53,68.46,117.35,116.01,250661,0.0,0,0.977,1.0,12,0,1,0,0.1181,New,0.0,1,1,Middle,250661,2000,4,1,Auto Debit,3,Agent Referral,7,308098,72550,728,1,3,12,977.95,81.49583333333334,0.0,0.08333333333333333,0.08333333333333333,1.0,977.95,-0.43289550144313826,new,0.0,48.9,0.1,5,0.738217476343195,743.24,1310.1273750164771,1310.1273750164771,743.24,1310.1273750164771,0
500976,CUST000976,2021,2021-06-05,2021-11-30,Home,CA,C,95814,64.47,Y,Standard,Frame,Shingle,1472,3,48,1,37,0,B,Direct,3376.1,3497.16,236.33,101.28,223.92,582981,40783.98,1,0.509,0.5,6,1,1,0,0.1542,New,38943.98,1,1,Middle,582981,2000,3,0,Bank Transfer,3,Agent Referral,11,625457,79364,695,1,3,6,3376.1,562.6833333333333,0.16666666666666666,0.0,0.16666666666666666,1.0,3376.1,-0.39766646026060903,new,38943.98,168.8,0.1,5,0.35,-36074.29000000001,-16779.767525824507,-16779.767525824507,-36074.29000000001,-16779.767525824507,0
500977,CUST000977,2021,2021-03-07,2021-11-30,Rental,NY,D,10001,36.71,Y,Basic,Frame,Metal,1675,1,34,1,35,1,D,Broker,2773.7,2694.21,194.16,416.06,196.82,598207,0.0,0,0.948,1.0,12,0,1,0,0.1087,New,0.0,1,1,Low,598207,1000,4,0,Auto Debit,0,Online Search,6,769377,38256,618,1,0,12,2773.7,231.14166666666665,0.0,0.0,0.08333333333333333,1.0,2773.7,2.1166737889558784,new,0.0,138.68,0.1,5,0.831790638069646,2024.8,4726.968506667638,4726.968506667638,2024.8,4726.968506667638,0
500978,CUST000978,2021,2021-12-03,2022-02-28,Rental,FL,D,32801,45.47,Y,Premium,Masonry,Shingle,1047,2,0,1,38,0,C,Online,1829.75,1963.94,155.53,36.59,154.34,268984,0.0,0,1.05,1.0,12,0,0,0,0.1175,New,0.0,1,1,Middle,268984,2000,4,0,Auto Debit,0,Partner Referral,1,255278,59969,657,1,0,12,1829.75,152.47916666666666,0.0,0.0,0.08333333333333333,1.0,1829.75,2.1166737889558784,new,0.0,91.49,0.1,5,0.7693091736929691,1546.14,2995.0706048712304,2995.0706048712304,1546.14,2995.0706048712304,0
500979,CUST000979,2021,2021-01-06,2021-05-31,Home,NY,D,11201,16.3,Y,Standard,Mixed,Metal,2354,2,11,1,32,2,A,Direct,3480.26,3436.42,243.62,104.41,228.61,1393423,0.0,0,0.999,1.0,12,0,0,0,0.0755,New,0.0,1,1,Middle,1393423,1000,4,0,Auto Debit,3,Email Campaign,5,1419173,76725,776,1,3,12,3480.26,290.0216666666667,0.0,0.0,0.08333333333333333,1.0,3480.26,0.9612369599256232,new,0.0,174.01,0.1,5,0.9460969122507568,2958.2200000000003,9626.022799108741,9626.022799108741,2958.2200000000003,9626.022799108741,1
500980,CUST000980,2021,2021-03-19,2021-03-31,Home,CA,B,95814,50.72,Y,Basic,Frame,Shingle,2095,1,30,0,66,0,C,Independent,4126.04,3783.21,288.82,495.12,257.67,706312,0.0,0,0.916,1.0,12,0,0,0,0.0483,New,0.0,0,1,Middle,706312,1000,5,0,Auto Debit,0,Agent Referral,6,889516,87212,628,1,0,12,4126.04,343.83666666666664,0.0,0.0,0.0,1.0,4126.04,0.3527721600509216,new,0.0,206.3,0.1,5,0.8308589257498334,3135.7999999999997,7300.497947822181,7300.497947822181,3135.7999999999997,7300.497947822181,1
500981,CUST000981,2021,2021-04-05,2021-09-30,Home,WA,D,99201,30.55,N,Premium,Frame,Tile,2783,3,53,1,53,0,C,Direct,3233.13,3291.6,226.32,96.99,217.49,862380,76029.76,3,1.038,1.0,12,0,1,0,0.1098,New,73269.76,1,1,Upper Middle,862380,1000,4,0,Auto Debit,1,Partner Referral,4,870716,112614,650,1,1,12,3233.13,269.4275,0.25,0.0,0.08333333333333333,1.0,3233.13,1.7315281792791266,new,73269.76,161.66,0.1,5,0.6562770492269154,-70521.6,-96418.73661069258,-96418.73661069258,-70521.6,-96418.73661069258,0
500982,CUST000982,2021,2021-09-10,2022-02-28,Home,FL,C,33101,41.16,Y,Standard,Frame,Metal,1449,3,13,1,39,0,A,Broker,1378.99,1265.36,117.21,206.85,134.05,313131,0.0,0,0.899,1.0,12,1,0,0,0.0935,New,0.0,1,1,Middle,313131,2000,5,0,Auto Debit,2,Social Media,7,333241,54956,733,1,2,12,1378.99,114.91583333333334,0.0,0.0,0.08333333333333333,1.0,1378.99,1.3463825696023748,new,0.0,68.95,0.1,5,0.8264645123763565,985.98,2265.8148588957374,2265.8148588957374,985.98,2265.8148588957374,0
500983,CUST000983,2021,2021-04-03,2021-05-31,Home,FL,B,33101,48.22,Y,Standard,Mixed,Tile,1208,2,17,1,45,0,A,Independent,1475.41,1449.51,125.41,177.05,138.39,293086,0.0,0,0.976,1.0,12,0,1,0,0.1028,New,0.0,0,1,Upper Middle,293086,1000,4,0,Auto Debit,1,Partner Referral,6,287082,123042,734,1,1,12,1475.41,122.95083333333334,0.0,0.0,0.0,1.0,1475.41,-0.03237344962583011,new,0.0,73.77,0.1,5,0.7480949010809419,1099.18,1996.7299488651136,1996.7299488651136,1099.18,1996.7299488651136,0
500984,CUST000984,2021,2021-05-25,2021-11-30,Home,TX,C,77001,40.12,Y,Basic,Mixed,Metal,2397,2,39,1,41,0,C,Direct,1272.55,1145.33,89.08,38.18,129.26,292657,0.0,0,0.926,1.0,12,0,1,0,0.1412,New,0.0,1,1,Middle,292657,2000,5,0,Bank Transfer,1,Email Campaign,3,355548,88893,625,1,1,12,1272.55,106.04583333333333,0.0,0.0,0.08333333333333333,1.0,1272.55,1.7315281792791266,new,0.0,63.63,0.1,5,0.8560047892434772,1081.6599999999999,2711.8347383952996,2711.8347383952996,1081.6599999999999,2711.8347383952996,0
500985,CUST000985,2021,2021-12-19,2022-08-31,Home,FL,A,33301,59.04,N,Premium,Frame,Tile,2102,2,43,1,43,0,C,Broker,4144.22,3616.18,352.26,621.63,258.49,520850,0.0,0,0.91,1.0,12,0,0,0,0.0473,New,0.0,0,1,Low,520850,500,3,0,Bank Transfer,2,Email Campaign,8,529811,32774,620,1,2,12,4144.22,345.3516666666667,0.0,0.0,0.0,1.0,4144.22,-0.4175190593025818,new,0.0,207.21,0.1,5,0.6581875643562378,2963.12,4075.723170620679,4075.723170620679,2963.12,4075.723170620679,0
500986,CUST000986,2021,2021-05-20,2021-07-31,Home,TX,C,79901,44.31,N,Standard,Mixed,Shingle,2288,2,27,1,47,1,B,Direct,1234.98,1082.72,86.45,37.05,127.57,299949,8031.96,1,0.896,1.0,12,0,1,0,0.1235,New,6651.96,0,1,Upper Middle,299949,1500,4,0,Auto Debit,0,Agent Referral,1,347698,114526,703,1,0,12,1234.98,102.915,0.08333333333333333,0.0,0.0,1.0,1234.98,0.3527721600509216,new,6651.96,61.75,0.1,5,0.5725502897382375,-5602.23,-5848.932961928469,-5848.932961928469,-5602.23,-5848.932961928469,0
500987,CUST000987,2021,2021-08-12,2022-06-30,Home,FL,B,32801,44.78,N,Basic,Masonry,Tile,2335,2,39,1,38,1,D,Independent,3057.15,2920.87,259.86,366.86,209.57,339863,24044.02,1,0.952,1.0,12,1,0,1,0.0632,New,23584.02,1,1,Low,339863,500,3,0,Bank Transfer,10,Partner Referral,6,498796,37682,584,1,10,12,3057.15,254.76250000000002,0.08333333333333333,0.0,0.08333333333333333,1.0,3057.15,-1.734782307811639,new,23584.02,152.86,0.1,5,0.5912413736981251,-21306.45,-23649.99723780103,-23649.99723780103,-21306.45,-23649.99723780103,0
500988,CUST000988,2021,2021-01-18,2021-03-31,Home,WA,A,98004,28.18,N,Standard,Masonry,Shingle,1844,2,14,1,48,0,B,Direct,1631.4,1624.39,114.2,48.94,145.41,517045,0.0,0,0.987,1.0,12,0,0,0,0.0968,New,0.0,1,1,Middle,517045,2500,4,1,Debit Card,3,Partner Referral,5,604363,86066,690,1,3,12,1631.4,135.95000000000002,0.0,0.08333333333333333,0.08333333333333333,1.0,1631.4,-0.43289550144313826,new,0.0,81.57,0.1,5,0.7893312057407363,1386.69,2852.9229168010693,2852.9229168010693,1386.69,2852.9229168010693,0
500989,CUST000989,2021,2021-07-21,2021-10-31,Condo,CA,C,92101,54.13,N,Standard,Mixed,Tile,1608,2,35,0,38,0,A,Online,2410.73,2276.52,168.75,48.21,180.48,529583,14283.84,1,0.465,0.5,6,1,0,0,0.0831,New,13823.84,0,1,High,529583,500,4,0,Bank Transfer,4,Agent Referral,8,635305,273136,819,1,4,6,2410.73,401.78833333333336,0.16666666666666666,0.0,0.0,1.0,2410.73,-4.310615327747275,new,13823.84,120.54,0.1,5,0.38294936908506233,-11750.61,-6243.460338562467,-6243.460338562467,-11750.61,-6243.460338562467,0
500990,CUST000990,2021,2021-09-05,2021-11-30,Rental,NY,D,10001,39.19,N,Basic,Frame,Shingle,1671,1,21,0,65,0,D,Broker,3117.38,2863.88,218.22,467.61,212.28,592878,89289.25,2,0.935,1.0,12,1,0,0,0.0574,New,87449.25,0,1,Middle,592878,1000,3,2,Credit Card,3,Social Media,6,866419,71964,618,1,3,12,3117.38,259.7816666666667,0.16666666666666666,0.16666666666666666,0.0,1.0,3117.38,-3.590929591716856,new,87449.25,155.87,0.1,5,0.35,-85173.56999999999,-39618.04110197428,-39618.04110197428,-85173.56999999999,-39618.04110197428,0
500991,CUST000991,2021,2021-06-10,2021-09-30,Condo,NY,B,10001,32.11,N,Premium,Mixed,Shingle,1696,1,10,0,51,0,C,Online,2518.41,2482.94,176.29,50.37,185.33,676286,0.0,0,0.998,1.0,12,1,1,0,0.1076,New,0.0,1,1,Upper Middle,676286,1000,4,0,Auto Debit,0,Email Campaign,5,702333,101356,657,1,0,12,2518.41,209.86749999999998,0.0,0.0,0.08333333333333333,1.0,2518.41,2.1166737889558784,new,0.0,125.92,0.1,5,0.8204855698335768,2165.83,4889.716539157856,4889.716539157856,2165.83,4889.716539157856,0
500992,CUST000992,2021,2021-03-27,2021-10-31,Condo,TX,B,79901,34.31,Y,Basic,Mixed,Shingle,1364,1,17,1,46,1,C,Broker,726.77,784.48,50.87,109.02,104.7,151869,0.0,0,0.53,0.5,6,0,0,0,0.0594,New,0.0,1,1,Low,151869,500,4,0,Auto Debit,1,Agent Referral,11,194994,42447,665,1,1,6,726.77,121.12833333333333,0.0,0.0,0.16666666666666666,1.0,726.77,0.3726247590928944,new,0.0,36.34,0.1,5,0.8525827290081868,530.54,1316.8238202658767,1316.8238202658767,530.54,1316.8238202658767,0
500993,CUST000993,2021,2021-11-07,2021-11-30,Condo,TX,C,78701,26.99,Y,Standard,Masonry,Metal,1328,2,27,0,70,1,D,Direct,932.45,933.75,65.27,27.97,113.96,186566,0.0,0,0.482,0.5,6,0,0,1,0.1109,New,0.0,1,1,Low,186566,2000,5,0,Debit Card,3,Aggregator,1,200065,42376,597,1,3,6,932.45,155.40833333333333,0.0,0.0,0.16666666666666666,1.0,932.45,-0.39766646026060903,new,0.0,46.62,0.1,5,0.8399207316663627,792.59,1895.284550545043,1895.284550545043,792.59,1895.284550545043,0
500994,CUST000994,2021,2021-02-19,2021-07-31,Rental,TX,C,79901,30.37,N,Basic,Masonry,Tile,1125,1,35,1,37,1,C,Online,499.21,458.82,34.94,9.98,94.46,113237,3606.53,1,0.928,1.0,12,0,0,1,0.0788,New,2686.53,0,1,Middle,113237,1000,4,1,Auto Debit,6,Agent Referral,3,165967,61076,637,1,6,12,499.21,41.600833333333334,0.08333333333333333,0.08333333333333333,0.0,1.0,499.21,-3.35223395937835,new,2686.53,24.96,0.1,5,0.7894222275788914,-2257.2000000000003,-4645.144018888116,-4645.144018888116,-2257.2000000000003,-4645.144018888116,0
500995,CUST000995,2021,2021-08-25,2022-03-31,Home,NY,C,12207,30.06,Y,Standard,Mixed,Tile,1906,1,34,1,30,0,C,Online,2946.94,2802.75,206.29,58.94,204.61,742852,11751.99,1,0.957,1.0,12,1,1,0,0.1126,New,11291.99,0,1,Middle,742852,500,4,0,Auto Debit,1,Agent Referral,1,777741,78647,657,1,1,12,2946.94,245.57833333333335,0.08333333333333333,0.0,0.0,1.0,2946.94,-0.03237344962583011,new,11291.99,147.35,0.1,5,0.4481275843606625,-8757.630000000001,-5952.84738403004,-5952.84738403004,-8757.630000000001,-5952.84738403004,0
500996,CUST000996,2021,2021-07-19,2022-04-30,Home,NY,B,14604,22.81,Y,Premium,Frame,Tile,1984,1,23,1,40,2,C,Independent,3915.07,3663.66,274.06,469.81,248.18,1037838,0.0,0,0.946,1.0,12,1,1,0,0.1076,New,0.0,1,1,Middle,1037838,500,4,0,Credit Card,1,Email Campaign,11,970237,85361,673,1,1,12,3915.07,326.2558333333333,0.0,0.0,0.08333333333333333,1.0,3915.07,1.7315281792791266,new,0.0,195.75,0.1,5,0.8181816882784687,2975.4500000000003,6671.786464862125,6671.786464862125,2975.4500000000003,6671.786464862125,1
500997,CUST000997,2021,2021-12-15,2022-03-31,Home,WA,B,99201,27.91,N,Basic,Frame,Tile,1833,2,21,0,50,0,C,Online,1372.75,1357.28,96.09,27.46,133.77,405695,0.0,0,0.972,1.0,12,0,1,0,0.1599,New,0.0,1,1,Upper Middle,405695,5000,5,1,Debit Card,2,Agent Referral,9,567344,99716,647,1,2,12,1372.75,114.39583333333333,0.0,0.08333333333333333,0.08333333333333333,1.0,1372.75,-0.047749891766386554,new,0.0,68.64,0.1,5,0.8507386928628292,1180.56,2914.369781205009,2914.369781205009,1180.56,2914.369781205009,0
500998,CUST000998,2021,2021-11-17,2021-11-30,Home,TX,A,79901,50.58,Y,Premium,Frame,Shingle,2422,2,18,0,37,0,A,Independent,1682.4,1444.78,117.77,201.89,147.71,417398,0.0,0,0.897,1.0,12,0,0,0,0.0417,New,0.0,1,1,High,417398,1000,4,0,Bank Transfer,2,Social Media,7,375685,158872,788,1,2,12,1682.4,140.20000000000002,0.0,0.0,0.08333333333333333,1.0,1682.4,1.3463825696023748,new,0.0,84.12,0.1,5,0.8651701884402182,1278.6200000000003,3292.8848248467543,3292.8848248467543,1278.6200000000003,3292.8848248467543,0
500999,CUST000999,2021,2021-08-05,2021-10-31,Condo,NY,C,10001,26.83,Y,Standard,Masonry,Shingle,1787,1,34,1,47,1,B,Direct,2617.3,2643.2,183.21,78.52,189.78,685739,0.0,0,0.997,1.0,12,1,0,1,0.075,New,0.0,1,1,Upper Middle,685739,1000,4,0,Debit Card,7,Agent Referral,3,731669,99958,690,1,7,12,2617.3,218.10833333333335,0.0,0.0,0.08333333333333333,1.0,2617.3,-0.5793454787813836,new,0.0,130.86,0.1,5,0.8204855698335768,2224.71,5022.6477986868185,5022.6477986868185,2224.71,5022.6477986868185,0
501000,CUST001000,2021,2021-12-10,2022-09-30,Rental,TX,B,77001,41.34,Y,Basic,Mixed,Tile,1799,1,29,1,40,0,C,Broker,1079.95,1021.56,75.6,161.99,120.6,213490,16391.27,1,0.95,1.0,12,0,0,0,0.0466,New,15931.27,1,1,Upper Middle,213490,500,3,0,Bank Transfer,6,Online Search,5,274237,98105,676,1,6,12,1079.95,89.99583333333334,0.08333333333333333,0.0,0.08333333333333333,1.0,1079.95,-0.19419986910463183,new,15931.27,54.0,0.1,5,0.5879118600056039,-15142.91,-16626.9022159345,-16626.9022159345,-15142.91,-16626.9022159345,0
501001,CUST001001,2021,2021-11-12,2022-08-31,Home,TX,B,77001,31.2,N,Standard,Mixed,Tile,1991,2,12,1,37,0,A,Online,777.93,722.9,54.46,15.56,107.01,249720,0.0,0,0.939,1.0,12,0,0,0,0.0661,New,0.0,1,1,Middle,249720,500,5,0,Credit Card,1,Social Media,6,305422,85380,756,1,1,12,777.93,64.8275,0.0,0.0,0.08333333333333333,1.0,777.93,1.7315281792791266,new,0.0,38.9,0.1,5,0.8555795705831839,669.01,1675.186576708153,1675.186576708153,669.01,1675.186576708153,0
501002,CUST001002,2021,2021-12-26,2021-12-31,Home,NY,D,11201,33.36,Y,Standard,Frame,Shingle,1279,2,23,1,45,0,A,Independent,1739.58,1546.21,121.77,208.75,150.28,538719,0.0,0,0.926,1.0,12,0,1,0,0.117,New,0.0,0,1,Upper Middle,538719,5000,5,0,Bank Transfer,2,Social Media,10,601069,123736,734,1,2,12,1739.58,144.965,0.0,0.0,0.0,1.0,1739.58,-0.4175190593025818,new,0.0,86.98,0.1,5,0.862098107574338,1322.08,3374.3284678357936,3374.3284678357936,1322.08,3374.3284678357936,0
501003,CUST001003,2021,2021-08-22,2021-12-31,Home,WA,A,99201,15.01,N,Premium,Mixed,Metal,2050,2,3,1,61,0,D,Direct,2640.98,2343.47,184.87,79.23,190.84,744294,0.0,0,0.902,1.0,12,1,1,0,0.1157,New,0.0,1,1,Middle,744294,1000,5,0,Auto Debit,0,Social Media,4,778377,64810,559,1,0,12,2640.98,220.08166666666668,0.0,0.0,0.08333333333333333,1.0,2640.98,2.1166737889558784,new,0.0,132.05,0.1,5,0.9043292316832008,2244.83,6478.593809198573,6478.593809198573,2244.83,6478.593809198573,1
501004,CUST001004,2021,2021-02-03,2021-02-28,Rental,FL,C,33601,62.62,N,Basic,Frame,Metal,1993,1,17,0,63,0,B,Independent,2332.1,2101.19,198.23,279.85,176.94,342992,0.0,0,0.896,1.0,12,0,0,0,0.0535,New,0.0,1,1,Middle,342992,1000,4,0,Debit Card,2,Agent Referral,9,474235,69713,692,1,2,12,2332.1,194.34166666666667,0.0,0.0,0.08333333333333333,1.0,2332.1,1.3463825696023748,new,0.0,116.6,0.1,5,0.7964596687106423,1737.42,3651.6076728955222,3651.6076728955222,1737.42,3651.6076728955222,0
501005,CUST001005,2021,2021-03-06,2021-04-30,Home,FL,A,33101,39.5,Y,Standard,Masonry,Tile,1980,2,11,1,48,0,B,Online,2638.07,2591.53,224.24,52.76,190.71,464318,0.0,0,0.986,1.0,12,0,0,0,0.0654,New,0.0,1,1,Middle,464318,500,4,0,Bank Transfer,3,Online Search,3,479535,51952,695,1,3,12,2638.07,219.83916666666667,0.0,0.0,0.08333333333333333,1.0,2638.07,0.9612369599256232,new,0.0,131.9,0.1,5,0.7797733239566097,2229.1699999999996,4456.477031125343,4456.477031125343,2229.1699999999996,4456.477031125343,0
501006,CUST001006,2021,2021-08-19,2021-10-31,Home,CA,B,95814,39.8,N,Standard,Masonry,Shingle,2166,1,40,1,45,0,C,Online,4942.63,4708.69,345.98,98.85,294.42,880101,59162.89,1,0.937,1.0,12,1,0,0,0.1138,New,57322.89,0,1,Upper Middle,880101,2000,2,2,Credit Card,1,Aggregator,6,1021159,108222,633,1,1,12,4942.63,411.8858333333333,0.08333333333333333,0.16666666666666666,0.0,1.0,4942.63,-2.820638372363353,new,57322.89,247.13,0.1,5,0.5063919148689555,-53072.22,-44338.45196980271,-44338.45196980271,-53072.22,-44338.45196980271,0
501007,CUST001007,2021,2021-06-23,2021-11-30,Rental,TX,B,77001,33.67,Y,Standard,Frame,Metal,1722,3,19,0,50,1,C,Independent,1110.61,1167.81,77.74,133.27,121.98,241539,0.0,0,1.03,1.0,12,1,0,1,0.0925,New,0.0,0,1,Middle,241539,2000,4,0,Credit Card,5,Agent Referral,8,254060,65927,655,1,5,12,1110.61,92.55083333333333,0.0,0.0,0.0,1.0,1110.61,-1.572955888332837,new,0.0,55.53,0.1,5,0.732087131882368,844.0699999999999,1460.2587759169894,1460.2587759169894,844.0699999999999,1460.2587759169894,0
501008,CUST001008,2021,2021-12-12,2022-08-31,Condo,CA,B,95814,32.94,Y,Standard,Masonry,Tile,1406,1,0,1,33,0,B,Direct,2067.7,1968.22,144.74,62.03,165.05,551846,0.0,0,0.95,1.0,12,0,0,0,0.0891,New,0.0,1,1,Upper Middle,551846,500,5,0,Auto Debit,0,Online Search,4,571843,146109,724,1,0,12,2067.7,172.3083333333333,0.0,0.0,0.08333333333333333,1.0,2067.7,2.1166737889558784,new,0.0,103.38,0.1,5,0.8724544574800613,1757.5499999999997,4623.685206288257,4623.685206288257,1757.5499999999997,4623.685206288257,0
501009,CUST001009,2021,2021-07-06,2021-12-31,Condo,WA,D,98101,11.94,N,Standard,Mixed,Tile,1629,1,27,1,53,1,D,Online,1436.01,1339.74,100.52,28.72,136.62,386852,0.0,0,0.466,0.5,6,1,1,0,0.1032,New,0.0,1,1,Upper Middle,386852,500,4,1,Bank Transfer,3,Online Search,5,452182,97763,618,1,3,6,1436.01,239.335,0.0,0.16666666666666666,0.16666666666666666,1.0,1436.01,-3.185931382998132,new,0.0,71.8,0.1,5,0.8964224986206306,1234.97,3483.4840921918185,3483.4840921918185,1234.97,3483.4840921918185,0
501010,CUST001010,2021,2021-04-25,2021-12-31,Home,FL,D,33601,35.37,N,Basic,Mixed,Metal,2177,2,9,1,42,0,B,Online,1838.96,1729.37,156.31,36.78,154.75,359501,0.0,0,0.945,1.0,12,0,0,0,0.0678,New,0.0,1,1,Middle,359501,1000,5,0,Debit Card,1,Aggregator,1,501148,59628,706,1,1,12,1838.96,153.24666666666667,0.0,0.0,0.08333333333333333,1.0,1838.96,1.7315281792791266,new,0.0,91.95,0.1,5,0.8519905363594276,1553.92,3850.1949428927437,3850.1949428927437,1553.92,3850.1949428927437,0
501011,CUST001011,2021,2021-08-02,2021-08-31,Home,FL,A,33301,53.71,Y,Standard,Frame,Metal,2023,2,32,1,52,0,C,Independent,3663.36,3778.72,311.39,439.6,236.85,527830,0.0,0,1.041,1.0,12,1,0,0,0.0714,New,0.0,1,1,Middle,527830,2000,3,0,Credit Card,3,Aggregator,7,532099,52956,655,1,3,12,3663.36,305.28000000000003,0.0,0.0,0.08333333333333333,1.0,3663.36,0.9612369599256232,new,0.0,183.17,0.1,5,0.681391413213774,2729.2000000000003,4037.2876571329734,4037.2876571329734,2729.2000000000003,4037.2876571329734,0
501012,CUST001012,2021,2021-07-21,2021-11-30,Condo,FL,A,33301,46.11,N,Basic,Frame,Metal,1503,1,4,1,40,0,C,Independent,1566.36,1565.72,133.14,187.96,142.49,237385,11449.44,1,1.0,1.0,12,1,0,0,0.041,New,10529.44,0,1,Upper Middle,237385,1000,4,0,Auto Debit,2,Agent Referral,9,335554,90212,633,1,2,12,1566.36,130.53,0.08333333333333333,0.0,0.0,1.0,1566.36,-0.4175190593025818,new,10529.44,78.32,0.1,5,0.47124093764792363,-9362.499999999998,-6915.733912912907,-6915.733912912907,-9362.499999999998,-6915.733912912907,0
501013,CUST001013,2021,2021-01-09,2021-07-31,Rental,FL,D,33301,44.78,N,Basic,Mixed,Metal,1381,2,1,1,33,0,C,Broker,1496.18,1357.95,127.18,224.43,139.33,234854,0.0,0,0.456,0.5,6,0,0,0,0.0874,New,0.0,0,1,Low,234854,2000,4,0,Credit Card,1,Email Campaign,10,315695,33668,648,1,1,6,1496.18,249.36333333333334,0.0,0.0,0.0,1.0,1496.18,-3.155178498717019,new,0.0,74.81,0.1,5,0.778459783627715,1069.76,2130.1933086158024,2130.1933086158024,1069.76,2130.1933086158024,0
501014,CUST001014,2021,2021-09-17,2022-05-31,Home,CA,B,90001,56.92,N,Basic,Mixed,Shingle,2469,2,38,1,43,1,C,Independent,4826.12,4880.98,337.83,579.13,289.18,809933,0.0,0,0.998,1.0,12,1,1,0,0.1038,New,0.0,1,1,Middle,809933,1000,5,0,Auto Debit,1,Online Search,4,1093559,70907,677,1,1,12,4826.12,402.1766666666667,0.0,0.0,0.08333333333333333,1.0,4826.12,1.7315281792791266,new,0.0,241.31,0.1,5,0.8942596456771924,3667.85,10281.248427686854,10281.248427686854,3667.85,10281.248427686854,1
501015,CUST001015,2021,2021-09-12,2021-09-30,Home,NY,B,14604,18.86,Y,Basic,Masonry,Metal,1897,1,15,0,58,0,B,Broker,2187.18,2185.14,153.1,328.08,170.42,810426,0.0,0,0.981,1.0,12,1,1,0,0.1138,New,0.0,1,1,Middle,810426,5000,5,0,Auto Debit,1,Agent Referral,9,1047578,56686,707,1,1,12,2187.18,182.265,0.0,0.0,0.08333333333333333,1.0,2187.18,1.7315281792791266,new,0.0,109.36,0.1,5,0.8590584860202898,1596.64,4038.953229632387,4038.953229632387,1596.64,4038.953229632387,0
501016,CUST001016,2021,2021-12-25,2022-09-30,Home,TX,C,79901,27.59,N,Basic,Masonry,Shingle,2404,1,13,1,53,0,D,Independent,1492.19,1521.79,104.45,179.06,139.15,288005,0.0,0,1.029,1.0,12,0,0,1,0.0585,New,0.0,1,1,Middle,288005,1000,3,0,Credit Card,7,Partner Referral,7,418807,77886,612,1,7,12,1492.19,124.34916666666668,0.0,0.0,0.08333333333333333,1.0,1492.19,-0.5793454787813836,new,0.0,74.61,0.1,5,0.7047270698502723,1134.0700000000002,1803.6936570541309,1803.6936570541309,1134.0700000000002,1803.6936570541309,0
501017,CUST001017,2021,2021-02-16,2021-08-31,Home,NY,B,14604,44.15,Y,Standard,Frame,Shingle,2046,1,36,1,31,0,C,Broker,4083.79,4062.41,285.87,612.57,255.77,899811,0.0,0,0.996,1.0,12,0,1,0,0.1068,New,0.0,1,1,Middle,899811,1000,4,0,Auto Debit,1,Email Campaign,6,935789,71904,665,1,1,12,4083.79,340.31583333333333,0.0,0.0,0.08333333333333333,1.0,4083.79,1.7315281792791266,new,0.0,204.19,0.1,5,0.8128056282009775,2981.16,6578.640353233639,6578.640353233639,2981.16,6578.640353233639,1
501018,CUST001018,2021,2021-12-14,2022-10-31,Home,NY,C,10001,28.58,Y,Standard,Mixed,Tile,2270,2,34,0,43,0,B,Online,3313.85,3410.19,231.97,66.28,221.12,908474,0.0,0,1.048,1.0,12,0,1,0,0.1169,New,0.0,0,1,High,908474,1500,4,1,Bank Transfer,4,Email Campaign,3,1003050,160548,726,1,4,12,3313.85,276.15416666666664,0.0,0.08333333333333333,0.0,1.0,3313.85,-2.5819427400248465,new,0.0,165.69,0.1,5,0.8046940016374486,2849.91,6138.889660487198,6138.889660487198,2849.91,6138.889660487198,1
501019,CUST001019,2021,2021-10-03,2022-07-31,Condo,TX,C,78701,36.45,N,Standard,Masonry,Shingle,1388,1,30,1,43,0,B,Independent,596.95,617.34,41.79,71.63,98.86,140756,0.0,0,1.046,1.0,12,0,0,0,0.0834,New,0.0,1,1,Middle,140756,2000,5,0,Auto Debit,1,Agent Referral,10,162114,64135,684,1,1,12,596.95,49.74583333333334,0.0,0.0,0.08333333333333333,1.0,596.95,1.7315281792791266,new,0.0,29.85,0.1,5,0.812699251038119,453.68000000000006,1000.8363632525003,1000.8363632525003,453.68000000000006,1000.8363632525003,0
501020,CUST001020,2021,2021-07-21,2022-03-31,Home,CA,D,95814,48.3,Y,Standard,Mixed,Shingle,2399,2,25,1,40,1,D,Online,7925.37,8228.02,554.78,158.51,428.64,1141890,0.0,0,1.023,1.0,12,1,1,0,0.1322,New,0.0,1,1,Middle,1141890,5000,5,0,Debit Card,0,Online Search,6,1158354,76303,609,1,0,12,7925.37,660.4475,0.0,0.0,0.08333333333333333,1.0,7925.37,2.1166737889558784,new,0.0,396.27,0.1,5,0.8984778892467145,6815.8099999999995,19340.205755835294,19340.205755835294,6815.8099999999995,19340.205755835294,1
501021,CUST001021,2021,2021-10-12,2022-07-31,Condo,FL,D,33101,51.28,N,Premium,Frame,Metal,1161,1,30,1,36,0,B,Online,1263.96,1205.43,107.44,25.28,128.88,211983,0.0,0,0.941,1.0,12,0,0,0,0.0785,New,0.0,0,1,Low,211983,1000,4,0,Debit Card,2,Partner Referral,4,226071,36753,703,1,2,12,1263.96,105.33,0.0,0.0,0.0,1.0,1263.96,-0.4175190593025818,new,0.0,63.2,0.1,5,0.7315355868361448,1068.04,1844.6171559811683,1844.6171559811683,1068.04,1844.6171559811683,0
501022,CUST001022,2021,2021-05-27,2021-05-31,Home,WA,B,98501,31.1,N,Standard,Frame,Metal,2127,3,41,0,64,1,B,Online,2096.35,1954.45,146.74,41.93,166.34,625480,0.0,0,0.9,1.0,12,0,0,0,0.0721,New,0.0,1,1,Middle,625480,1000,4,1,Credit Card,3,Partner Referral,8,718858,66843,703,1,3,12,2096.35,174.69583333333333,0.0,0.08333333333333333,0.08333333333333333,1.0,2096.35,-0.43289550144313826,new,0.0,104.82,0.1,5,0.7971266853464426,1802.86,3796.710227621831,3796.710227621831,1802.86,3796.710227621831,0
501023,CUST001023,2021,2021-11-13,2022-06-30,Home,FL,B,33601,58.24,Y,Basic,Masonry,Shingle,1914,2,33,0,71,0,D,Broker,3380.43,3170.96,287.34,507.06,224.12,357352,0.0,0,0.926,1.0,12,0,1,0,0.0992,New,0.0,1,1,Low,357352,500,4,0,Credit Card,4,Agent Referral,12,453386,42703,596,1,4,12,3380.43,281.7025,0.0,0.0,0.08333333333333333,1.0,3380.43,0.5760913502488715,new,0.0,169.02,0.1,5,0.8152655273449754,2417.0099999999998,5372.8618333837885,5372.8618333837885,2417.0099999999998,5372.8618333837885,1
501024,CUST001024,2021,2021-09-10,2022-05-31,Condo,WA,B,98501,40.02,Y,Standard,Frame,Shingle,1606,1,52,1,46,0,C,Direct,1895.8,1833.83,132.71,56.87,157.31,428444,0.0,0,0.958,1.0,12,1,0,0,0.0966,New,0.0,1,1,Upper Middle,428444,2500,4,0,Credit Card,1,Agent Referral,7,457916,114733,627,1,1,12,1895.8,157.98333333333332,0.0,0.0,0.08333333333333333,1.0,1895.8,1.7315281792791266,new,0.0,94.79,0.1,5,0.7868115083601932,1611.43,3290.3389774942216,3290.3389774942216,1611.43,3290.3389774942216,0
501025,CUST001025,2021,2021-04-11,2021-09-30,Home,CA,C,94105,57.72,N,Basic,Frame,Shingle,2351,1,30,0,58,0,A,Broker,4142.27,4077.82,289.96,621.34,258.4,830592,21542.26,1,0.975,1.0,12,0,1,0,0.082,New,20622.26,1,1,Upper Middle,830592,1000,5,0,Bank Transfer,2,Online Search,12,1124732,97545,797,1,2,12,4142.27,345.1891666666667,0.08333333333333333,0.0,0.08333333333333333,1.0,4142.27,1.3463825696023748,new,20622.26,207.11,0.1,5,0.7268543416166442,-17598.399999999998,-29961.779209454766,-29961.779209454766,-17598.399999999998,-29961.779209454766,0
501026,CUST001026,2021,2021-07-01,2021-08-31,Home,FL,C,32801,51.12,N,Standard,Mixed,Tile,2036,1,20,0,77,0,C,Independent,2779.1,2642.31,236.22,333.49,197.06,426402,0.0,0,0.48,0.5,6,1,1,0,0.1005,New,0.0,1,1,Middle,426402,500,4,0,Credit Card,3,Online Search,4,517059,67315,660,1,3,6,2779.1,463.18333333333334,0.0,0.0,0.16666666666666666,1.0,2779.1,-0.39766646026060903,new,0.0,138.96,0.1,5,0.8723966369563588,2070.4300000000003,5445.876822861314,5445.876822861314,2070.4300000000003,5445.876822861314,1
501027,CUST001027,2021,2021-05-27,2022-01-31,Condo,CA,D,90001,63.72,Y,Basic,Frame,Shingle,1135,1,44,0,55,1,C,Broker,2126.54,2002.96,148.86,318.98,167.69,304486,0.0,0,0.952,1.0,12,0,0,0,0.0621,New,0.0,1,1,Middle,304486,1000,3,0,Credit Card,4,Agent Referral,8,379456,69798,656,1,4,12,2126.54,177.21166666666667,0.0,0.0,0.08333333333333333,1.0,2126.54,0.5760913502488715,new,0.0,106.33,0.1,5,0.5446445097160829,1552.37,1477.1255785896258,1477.1255785896258,1552.37,1477.1255785896258,0
501028,CUST001028,2021,2021-07-12,2022-01-31,Rental,NY,C,11201,31.0,N,Basic,Mixed,Metal,1223,1,50,1,46,0,B,Direct,1379.39,1475.84,96.56,41.38,134.07,389601,0.0,0,1.05,1.0,12,1,0,0,0.0723,New,0.0,0,1,Middle,389601,1000,4,1,Debit Card,4,Online Search,1,553940,88950,703,1,4,12,1379.39,114.94916666666667,0.0,0.08333333333333333,0.0,1.0,1379.39,-2.5819427400248465,new,0.0,68.97,0.1,5,0.7346524922121114,1172.48,2044.3840606617514,2044.3840606617514,1172.48,2044.3840606617514,0
501029,CUST001029,2021,2021-12-23,2021-12-31,Condo,CA,D,94105,28.53,Y,Standard,Masonry,Tile,1507,2,7,1,52,0,D,Online,3335.91,3261.42,233.51,66.72,222.12,572495,0.0,0,0.984,1.0,12,0,0,0,0.0814,New,0.0,1,1,Middle,572495,1000,5,0,Credit Card,2,Online Search,1,618218,50115,529,1,2,12,3335.91,277.9925,0.0,0.0,0.08333333333333333,1.0,3335.91,1.3463825696023748,new,0.0,166.8,0.1,5,0.8513251336827882,2868.8799999999997,7094.428329247761,7094.428329247761,2868.8799999999997,7094.428329247761,1
501030,CUST001030,2021,2021-05-12,2021-07-31,Home,CA,C,94105,50.58,N,Standard,Frame,Tile,2364,1,12,1,23,0,A,Independent,4097.65,4021.87,286.84,491.72,256.39,913558,0.0,0,0.961,1.0,12,0,0,0,0.0558,New,0.0,1,1,Upper Middle,913558,500,4,0,Credit Card,1,Online Search,9,1105408,149436,754,1,1,12,4097.65,341.4708333333333,0.0,0.0,0.08333333333333333,1.0,4097.65,1.7315281792791266,new,0.0,204.88,0.1,5,0.8020540156498542,3114.209999999999,6655.578869756911,6655.578869756911,3114.209999999999,6655.578869756911,1
501031,CUST001031,2021,2021-12-02,2022-07-31,Home,TX,C,79901,36.67,Y,Standard,Frame,Tile,2224,1,18,1,30,0,A,Broker,1206.59,1167.26,84.46,180.99,126.3,356242,0.0,0,0.953,1.0,12,0,0,0,0.0554,New,0.0,1,1,Middle,356242,1000,5,0,Debit Card,0,Online Search,1,369792,75637,732,1,0,12,1206.59,100.54916666666666,0.0,0.0,0.08333333333333333,1.0,1206.59,2.1166737889558784,new,0.0,60.33,0.1,5,0.8479517983697891,880.8099999999998,2156.652877367979,2156.652877367979,880.8099999999998,2156.652877367979,0
501032,CUST001032,2021,2021-07-15,2021-07-31,Home,TX,C,73301,36.36,Y,Basic,Frame,Metal,2219,1,0,0,42,0,C,Online,1211.89,1185.13,84.83,24.24,126.54,323352,0.0,0,0.979,1.0,12,1,1,1,0.1472,New,0.0,0,1,Low,323352,2000,4,0,Debit Card,2,Online Search,9,398368,49333,634,1,2,12,1211.89,100.99083333333334,0.0,0.0,0.0,1.0,1211.89,-0.4175190593025818,new,0.0,60.59,0.1,5,0.7188287087738168,1042.2300000000002,1731.2562094528425,1731.2562094528425,1042.2300000000002,1731.2562094528425,0
501033,CUST001033,2021,2021-07-26,2021-09-30,Condo,CA,B,90001,41.38,Y,Premium,Mixed,Tile,1451,2,39,1,42,1,B,Independent,2936.15,2844.66,205.53,352.34,204.13,609248,0.0,0,0.479,0.5,6,1,1,0,0.0968,New,0.0,1,1,Middle,609248,1000,4,1,Bank Transfer,0,Partner Referral,6,542205,55497,707,1,0,6,2936.15,489.35833333333335,0.0,0.16666666666666666,0.16666666666666666,1.0,2936.15,-2.0304945539678765,new,0.0,146.81,0.1,5,0.8604613813068468,2231.47,5668.112380216939,5668.112380216939,2231.47,5668.112380216939,1
501034,CUST001034,2021,2021-09-20,2022-06-30,Home,TX,B,77001,25.86,N,Premium,Masonry,Shingle,1448,2,7,1,28,0,B,Online,794.81,768.41,55.64,15.9,107.77,246417,13886.15,1,0.93,1.0,12,1,1,0,0.1251,New,12966.15,0,1,Middle,246417,1000,4,1,Auto Debit,1,Agent Referral,3,247341,62977,704,1,1,12,794.81,66.23416666666667,0.08333333333333333,0.08333333333333333,0.0,1.0,794.81,-1.4265059109945915,new,12966.15,39.74,0.1,5,0.3608549533166649,-12282.619999999999,-5973.665118524826,-5973.665118524826,-12282.619999999999,-5973.665118524826,0
501035,CUST001035,2021,2021-09-05,2021-09-30,Home,NY,A,11201,35.01,N,Standard,Masonry,Tile,1454,2,34,1,56,1,B,Independent,2349.44,2496.5,164.46,281.93,177.72,642292,0.0,0,0.538,0.5,6,1,0,0,0.0913,New,0.0,1,1,Upper Middle,642292,5000,4,0,Debit Card,0,Online Search,5,765436,121394,701,1,0,6,2349.44,391.5733333333333,0.0,0.0,0.16666666666666666,1.0,2349.44,0.7577703687696461,new,0.0,117.47,0.1,5,0.858361795785164,1785.58,4507.690701533935,4507.690701533935,1785.58,4507.690701533935,0
501036,CUST001036,2021,2021-04-13,2021-05-31,Home,FL,C,33301,57.76,Y,Basic,Mixed,Metal,2338,2,24,0,56,1,C,Direct,2829.73,2581.85,240.53,84.89,199.34,433056,12052.23,2,0.909,1.0,12,0,1,0,0.1388,New,8372.23,1,1,Middle,433056,2000,3,0,Bank Transfer,1,Partner Referral,9,540031,56847,662,1,1,12,2829.73,235.81083333333333,0.16666666666666666,0.0,0.08333333333333333,1.0,2829.73,1.7315281792791266,new,8372.23,141.49,0.1,5,0.35,-6009.41,-2795.2456657460207,-2795.2456657460207,-6009.41,-2795.2456657460207,0
501037,CUST001037,2021,2021-01-14,2021-06-30,Condo,WA,A,98004,49.29,N,Basic,Frame,Shingle,1739,1,42,1,49,0,A,Online,1036.81,1026.88,72.58,20.74,118.66,304122,0.0,0,0.486,0.5,6,0,0,0,0.0994,New,0.0,1,1,Upper Middle,304122,5000,5,0,Credit Card,1,Online Search,10,446889,104817,732,1,1,6,1036.81,172.80166666666665,0.0,0.0,0.16666666666666666,1.0,1036.81,0.3726247590928944,new,0.0,51.84,0.1,5,0.8793016390667031,891.6499999999999,2393.0235631074706,2393.0235631074706,891.6499999999999,2393.0235631074706,0
501038,CUST001038,2021,2021-05-18,2022-01-31,Condo,CA,C,94105,59.74,N,Standard,Mixed,Shingle,1523,1,57,0,49,0,B,Broker,2862.82,2844.35,200.4,429.42,200.83,491209,0.0,0,0.99,1.0,12,0,1,0,0.0856,New,0.0,1,1,Middle,491209,500,4,0,Auto Debit,1,Agent Referral,6,556203,68871,696,1,1,12,2862.82,238.56833333333336,0.0,0.0,0.08333333333333333,1.0,2862.82,1.7315281792791266,new,0.0,143.14,0.1,5,0.7816037702370047,2089.86,4201.026649985494,4201.026649985494,2089.86,4201.026649985494,0
501039,CUST001039,2021,2021-08-21,2021-12-31,Rental,FL,C,33301,62.3,Y,Standard,Masonry,Shingle,1835,3,35,1,47,0,C,Direct,2922.65,2585.15,248.42,87.68,203.52,362720,0.0,0,0.897,1.0,12,1,0,1,0.0691,New,0.0,1,1,Middle,362720,1000,4,0,Bank Transfer,7,Online Search,4,379114,53971,620,1,7,12,2922.65,243.55416666666667,0.0,0.0,0.08333333333333333,1.0,2922.65,-0.5793454787813836,new,0.0,146.13,0.1,5,0.7433275731685147,2440.42,4369.32757683614,4369.32757683614,2440.42,4369.32757683614,0
501040,CUST001040,2021,2021-10-18,2021-10-31,Home,NY,C,12207,40.41,Y,Standard,Frame,Shingle,1901,3,25,0,39,0,A,Online,3295.76,3518.99,230.7,65.92,220.31,929403,0.0,0,1.05,1.0,12,0,0,0,0.0642,New,0.0,1,1,Upper Middle,929403,1000,4,0,Debit Card,1,Agent Referral,3,980722,140838,748,1,1,12,3295.76,274.6466666666667,0.0,0.0,0.08333333333333333,1.0,3295.76,1.7315281792791266,new,0.0,164.79,0.1,5,0.7969880310374478,2834.3500000000004,5966.4896733503465,5966.4896733503465,2834.3500000000004,5966.4896733503465,1
501041,CUST001041,2021,2021-03-12,2021-09-30,Condo,FL,D,33101,59.27,Y,Premium,Frame,Tile,1318,1,38,1,49,0,C,Online,2393.01,2439.6,203.41,47.86,179.69,336517,0.0,0,1.05,1.0,12,0,0,0,0.1014,New,0.0,1,1,Low,336517,2000,4,0,Debit Card,1,Agent Referral,6,309342,28133,648,1,1,12,2393.01,199.41750000000002,0.0,0.0,0.08333333333333333,1.0,2393.01,1.7315281792791266,new,0.0,119.65,0.1,5,0.808566808953764,2022.0900000000001,4406.278982342653,4406.278982342653,2022.0900000000001,4406.278982342653,0
501042,CUST001042,2021,2021-08-09,2021-09-30,Condo,WA,C,98004,33.33,N,Standard,Frame,Shingle,1361,1,32,0,46,0,D,Independent,1650.85,1560.78,115.56,198.1,146.29,336292,0.0,0,0.938,1.0,12,1,0,1,0.0411,New,0.0,1,1,Upper Middle,336292,1000,4,0,Credit Card,6,Aggregator,7,392775,96559,601,1,6,12,1650.85,137.57083333333333,0.0,0.0,0.08333333333333333,1.0,1650.85,-0.19419986910463183,new,0.0,82.54,0.1,5,0.7627330543292092,1254.65,2382.6049706375175,2382.6049706375175,1254.65,2382.6049706375175,0
501043,CUST001043,2021,2021-08-27,2022-06-30,Home,NY,A,12207,42.57,Y,Standard,Frame,Shingle,2748,2,20,0,44,1,B,Broker,5941.32,6007.84,415.89,891.2,339.36,1536466,0.0,0,1.024,1.0,12,1,1,1,0.1098,New,0.0,0,1,Upper Middle,1536466,500,3,1,Bank Transfer,6,Agent Referral,10,1575699,101878,728,1,6,12,5941.32,495.10999999999996,0.0,0.08333333333333333,0.0,1.0,5941.32,-3.35223395937835,new,0.0,297.07,0.1,5,0.35,4337.16,2017.4073148024534,2017.4073148024534,4337.16,2017.4073148024534,0
501044,CUST001044,2021,2021-10-11,2022-01-31,Home,TX,D,73301,25.64,N,Basic,Frame,Tile,2440,2,32,1,23,0,C,Broker,1004.98,1071.25,70.35,150.75,117.22,257745,0.0,0,0.524,0.5,6,0,1,0,0.1332,New,0.0,1,1,Middle,257745,2000,4,0,Credit Card,2,Aggregator,8,362042,89693,668,1,2,6,1004.98,167.49666666666667,0.0,0.0,0.16666666666666666,1.0,1004.98,-0.012520850583857324,new,0.0,50.25,0.1,5,0.7836062981342455,733.63,1483.6383671232875,1483.6383671232875,733.63,1483.6383671232875,0
501045,CUST001045,2021,2021-06-05,2021-12-31,Rental,CA,D,90001,41.69,Y,Premium,Masonry,Tile,1606,3,30,1,60,1,B,Direct,3044.68,2991.36,213.13,91.34,209.01,649401,0.0,0,0.973,1.0,12,1,1,0,0.1194,New,0.0,1,1,High,649401,500,5,0,Auto Debit,2,Agent Referral,5,601736,159485,688,1,2,12,3044.68,253.72333333333333,0.0,0.0,0.08333333333333333,1.0,3044.68,1.3463825696023748,new,0.0,152.23,0.1,5,0.8720053683755975,2587.9799999999996,6799.423276258758,6799.423276258758,2587.9799999999996,6799.423276258758,1
501046,CUST001046,2021,2021-11-15,2022-04-30,Home,CA,D,90001,26.21,N,Basic,Mixed,Tile,1556,2,24,0,53,0,A,Independent,1616.49,1469.94,113.15,193.98,144.74,472607,17518.26,1,0.939,1.0,12,0,0,0,0.0583,New,16598.26,1,1,Upper Middle,472607,1000,3,0,Credit Card,2,Social Media,8,655632,100528,767,1,2,12,1616.49,134.7075,0.08333333333333333,0.0,0.08333333333333333,1.0,1616.49,1.3463825696023748,new,16598.26,80.82,0.1,5,0.7175548210837496,-15369.719999999998,-25430.967114864736,-25430.967114864736,-15369.719999999998,-25430.967114864736,0
501047,CUST001047,2021,2021-06-16,2022-04-30,Condo,CA,B,90001,53.04,Y,Standard,Mixed,Tile,1686,2,35,0,53,1,C,Independent,3181.85,3048.44,222.73,381.82,215.18,548729,0.0,0,0.986,1.0,12,1,0,0,0.0651,New,0.0,1,1,Middle,548729,500,3,1,Bank Transfer,4,Partner Referral,4,566333,54605,670,1,4,12,3181.85,265.15416666666664,0.0,0.08333333333333333,0.08333333333333333,1.0,3181.85,-0.81804111111989,new,0.0,159.09,0.1,5,0.7092362369399088,2418.2099999999996,3899.9915745062262,3899.9915745062262,2418.2099999999996,3899.9915745062262,0
501048,CUST001048,2021,2021-07-24,2021-11-30,Home,CA,C,90001,66.5,Y,Basic,Frame,Shingle,2366,1,23,1,38,0,B,Online,4721.35,4414.58,330.49,94.43,284.46,867344,16948.8,1,0.477,0.5,6,1,0,0,0.0911,New,12348.8,1,1,Upper Middle,867344,5000,3,0,Credit Card,1,Agent Referral,9,1064065,134093,719,1,1,6,4721.35,786.8916666666668,0.16666666666666666,0.0,0.16666666666666666,1.0,4721.35,0.3726247590928944,new,12348.8,236.07,0.1,5,0.700735881532716,-8288.439999999999,-13020.707325701971,-13020.707325701971,-8288.439999999999,-13020.707325701971,0
501049,CUST001049,2021,2021-10-19,2021-12-31,Rental,WA,C,98004,38.02,N,Premium,Frame,Shingle,1876,1,19,1,42,1,D,Online,2987.78,2922.12,209.14,59.76,206.45,639178,0.0,0,0.991,1.0,12,0,1,1,0.1577,New,0.0,1,1,Middle,639178,2000,5,0,Auto Debit,4,Partner Referral,8,641569,64405,572,1,4,12,2987.78,248.98166666666668,0.0,0.0,0.08333333333333333,1.0,2987.78,0.5760913502488715,new,0.0,149.39,0.1,5,0.8542551745608168,2569.4900000000002,6408.985847867956,6408.985847867956,2569.4900000000002,6408.985847867956,1
501050,CUST001050,2021,2021-04-11,2021-11-30,Home,CA,D,92101,56.15,N,Premium,Frame,Shingle,2069,1,19,1,39,1,D,Direct,5504.05,4941.74,385.28,165.12,319.68,818943,0.0,0,0.93,1.0,12,0,1,0,0.1111,New,0.0,1,1,Low,818943,1000,4,0,Bank Transfer,3,Partner Referral,4,879888,45043,599,1,3,12,5504.05,458.67083333333335,0.0,0.0,0.08333333333333333,1.0,5504.05,0.9612369599256232,new,0.0,275.2,0.1,5,0.821422552642193,4678.450000000001,10591.769197507969,10591.769197507969,4678.450000000001,10591.769197507969,1
501051,CUST001051,2021,2021-01-04,2021-10-31,Home,TX,C,79901,31.67,N,Premium,Masonry,Shingle,2301,1,5,0,52,1,D,Direct,1891.7,1900.4,132.42,56.75,157.13,367706,0.0,0,0.973,1.0,12,0,0,0,0.1165,New,0.0,1,1,Low,367706,2500,3,0,Credit Card,3,Partner Referral,9,360436,29217,572,1,3,12,1891.7,157.64166666666668,0.0,0.0,0.08333333333333333,1.0,1891.7,0.9612369599256232,new,0.0,94.58,0.1,5,0.7289018441048687,1607.95,2754.8040214955076,2754.8040214955076,1607.95,2754.8040214955076,0
501052,CUST001052,2021,2021-07-07,2021-12-31,Home,FL,B,32801,49.31,Y,Basic,Masonry,Metal,3070,1,24,1,43,0,A,Independent,3329.21,3254.58,282.98,399.51,221.81,686545,0.0,0,0.956,1.0,12,1,1,0,0.1312,New,0.0,1,1,Upper Middle,686545,2500,4,1,Auto Debit,1,Online Search,3,871507,95806,780,1,1,12,3329.21,277.43416666666667,0.0,0.08333333333333333,0.08333333333333333,1.0,3329.21,0.33739571791036516,new,0.0,166.46,0.1,5,0.8692277393956749,2480.26,6463.754150002318,6463.754150002318,2480.26,6463.754150002318,1
501053,CUST001053,2021,2021-10-07,2022-03-31,Home,WA,C,98004,31.17,N,Premium,Mixed,Tile,2509,3,40,0,62,0,C,Independent,2632.3,2523.24,184.26,315.88,190.45,716485,0.0,0,0.929,1.0,12,0,1,1,0.1276,New,0.0,1,1,Upper Middle,716485,2500,4,0,Credit Card,7,Aggregator,6,753723,99312,670,1,7,12,2632.3,219.35833333333335,0.0,0.0,0.08333333333333333,1.0,2632.3,-0.5793454787813836,new,0.0,131.62,0.1,5,0.7688602481408913,2000.54,3870.0543080893103,3870.0543080893103,2000.54,3870.0543080893103,0
501054,CUST001054,2021,2021-02-02,2021-02-28,Rental,CA,B,92101,57.89,N,Standard,Frame,Shingle,1658,2,25,0,71,0,C,Independent,3384.08,3358.82,236.89,406.09,224.28,559751,61257.84,2,0.501,0.5,6,0,1,0,0.105,New,59417.84,1,1,Middle,559751,1000,3,1,Auto Debit,0,Partner Referral,11,673977,63689,627,1,0,6,3384.08,564.0133333333333,0.3333333333333333,0.16666666666666666,0.16666666666666666,1.0,3384.08,-2.0304945539678765,new,59417.84,169.2,0.1,5,0.3887598599735383,-56845.93999999999,-30900.35097789582,-30900.35097789582,-56845.93999999999,-30900.35097789582,0
501055,CUST001055,2021,2021-06-14,2022-02-28,Home,FL,B,33601,52.95,Y,Basic,Frame,Metal,1683,2,21,0,34,0,C,Independent,2384.67,2076.44,202.7,286.16,179.31,360569,0.0,0,0.449,0.5,6,1,0,0,0.0927,New,0.0,1,1,Low,360569,2000,4,0,Auto Debit,0,Partner Referral,10,439282,40787,648,1,0,6,2384.67,397.445,0.0,0.0,0.16666666666666666,1.0,2384.67,0.7577703687696461,new,0.0,119.23,0.1,5,0.8227457127018571,1776.5800000000002,4037.898634671914,4037.898634671914,1776.5800000000002,4037.898634671914,0
501056,CUST001056,2021,2021-11-23,2022-01-31,Rental,TX,B,77001,38.88,Y,Premium,Mixed,Shingle,1491,2,0,0,59,0,D,Online,1463.86,1380.37,102.47,29.28,137.87,274288,0.0,0,0.948,1.0,12,0,0,0,0.0724,New,0.0,1,1,Low,274288,1000,4,0,Auto Debit,0,Partner Referral,2,242756,30154,542,1,0,12,1463.86,121.98833333333333,0.0,0.0,0.08333333333333333,1.0,1463.86,2.1166737889558784,new,0.0,73.19,0.1,5,0.7976170196741589,1258.9199999999998,2655.0957294043906,2655.0957294043906,1258.9199999999998,2655.0957294043906,0
501057,CUST001057,2021,2021-12-09,2022-05-31,Condo,FL,B,33301,42.31,Y,Basic,Mixed,Tile,1718,2,7,0,47,1,C,Independent,2026.88,1971.55,172.29,243.23,163.21,319930,0.0,0,0.491,0.5,6,0,0,0,0.0421,New,0.0,1,1,Middle,319930,500,5,0,Auto Debit,1,Agent Referral,6,404487,65130,651,1,1,6,2026.88,337.81333333333333,0.0,0.0,0.16666666666666666,1.0,2026.88,0.3726247590928944,new,0.0,101.34,0.1,5,0.8673521901246698,1510.0200000000002,3913.716907817329,3913.716907817329,1510.0200000000002,3913.716907817329,0
501058,CUST001058,2021,2021-06-23,2021-11-30,Home,WA,D,98004,18.88,N,Standard,Masonry,Tile,1954,1,23,1,49,0,B,Broker,1442.42,1542.88,100.97,216.36,136.91,566097,2790.31,1,1.028,1.0,12,1,1,0,0.0911,New,1870.31,0,1,Middle,566097,1000,3,3,Credit Card,3,Online Search,10,670062,70141,706,1,3,12,1442.42,120.20166666666667,0.08333333333333333,0.25,0.0,1.0,1442.42,-4.985062053085618,new,1870.31,72.12,0.1,5,0.35,-817.3399999999999,-380.18143086273903,-380.18143086273903,-817.3399999999999,-380.18143086273903,0
501059,CUST001059,2021,2021-09-02,2021-09-30,Home,CA,A,92101,48.03,N,Basic,Frame,Tile,1658,3,31,1,47,1,B,Independent,2268.28,2468.2,158.78,272.19,174.07,488273,0.0,0,0.516,0.5,6,1,0,0,0.0527,New,0.0,1,1,Upper Middle,488273,1000,4,0,Bank Transfer,2,Online Search,10,688292,134473,719,1,2,6,2268.28,378.0466666666667,0.0,0.0,0.16666666666666666,1.0,2268.28,-0.012520850583857324,new,0.0,113.41,0.1,5,0.8589242792010373,1723.8999999999999,4359.16222914322,4359.16222914322,1723.8999999999999,4359.16222914322,0
501060,CUST001060,2021,2021-11-25,2022-02-28,Home,TX,B,79901,34.75,Y,Standard,Mixed,Shingle,2635,1,16,1,42,0,C,Direct,1662.7,1653.67,116.39,49.88,146.82,346598,0.0,0,0.982,1.0,12,0,0,1,0.0639,New,0.0,0,1,Middle,346598,1000,4,0,Credit Card,4,Email Campaign,1,363315,59009,670,1,4,12,1662.7,138.55833333333334,0.0,0.0,0.0,1.0,1662.7,-1.1878102786560851,new,0.0,83.14,0.1,5,0.7503905032113898,1413.2899999999997,2585.3051512304537,2585.3051512304537,1413.2899999999997,2585.3051512304537,0
501061,CUST001061,2021,2021-01-04,2021-07-31,Home,TX,C,77001,37.78,Y,Premium,Frame,Metal,2608,1,26,1,47,1,C,Independent,2133.64,1923.3,149.35,256.04,168.01,456726,0.0,0,0.894,1.0,12,0,0,1,0.0618,New,0.0,0,1,Middle,456726,1000,4,1,Auto Debit,4,Online Search,11,432859,52807,644,1,4,12,2133.64,177.8033333333333,0.0,0.08333333333333333,0.0,1.0,2133.64,-2.5819427400248465,new,0.0,106.68,0.1,5,0.6642152660366873,1621.57,2273.162524116257,2273.162524116257,1621.57,2273.162524116257,0
501062,CUST001062,2021,2021-06-11,2021-07-31,Home,WA,C,98101,27.49,Y,Basic,Frame,Metal,1545,1,37,0,74,1,C,Direct,1431.01,1349.46,100.17,42.93,136.4,384513,0.0,0,0.475,0.5,6,1,0,0,0.0661,New,0.0,1,1,Upper Middle,384513,1000,5,0,Credit Card,3,Online Search,1,459950,96761,671,1,3,6,1431.01,238.50166666666667,0.0,0.0,0.16666666666666666,1.0,1431.01,-0.39766646026060903,new,0.0,71.55,0.1,5,0.868702581474065,1216.36,3165.069332056141,3165.069332056141,1216.36,3165.069332056141,0
501063,CUST001063,2021,2021-11-18,2022-03-31,Home,WA,D,98501,17.07,Y,Premium,Frame,Metal,2284,1,21,1,33,0,D,Online,2677.06,2410.8,187.39,53.54,192.47,703967,27713.07,1,0.888,1.0,12,0,1,1,0.1248,New,26793.07,0,1,Upper Middle,703967,1000,2,2,Credit Card,9,Agent Referral,3,660047,138375,614,1,9,12,2677.06,223.08833333333334,0.08333333333333333,0.16666666666666666,0.0,1.0,2677.06,-5.901803249777366,new,26793.07,133.85,0.1,5,0.35,-24490.789999999997,-11391.763018032716,-11391.763018032716,-24490.789999999997,-11391.763018032716,0
501064,CUST001064,2021,2021-07-04,2022-04-30,Home,CA,B,92101,37.52,Y,Standard,Frame,Metal,1805,3,31,0,49,0,B,Online,2876.55,2537.39,201.36,57.53,201.44,690500,0.0,0,0.894,1.0,12,1,0,0,0.1123,New,0.0,1,1,Middle,690500,5000,4,0,Bank Transfer,1,Social Media,9,685745,55943,691,1,1,12,2876.55,239.7125,0.0,0.0,0.08333333333333333,1.0,2876.55,1.7315281792791266,new,0.0,143.83,0.1,5,0.7957945157046882,2473.83,5189.018530041887,5189.018530041887,2473.83,5189.018530041887,0
501065,CUST001065,2021,2021-11-10,2022-07-31,Home,WA,B,98004,26.69,Y,Basic,Frame,Tile,2343,1,42,0,41,1,B,Broker,2136.54,1974.76,149.56,320.48,168.14,643498,18186.2,1,0.912,1.0,12,0,0,0,0.0746,New,13586.2,1,1,Middle,643498,5000,4,0,Credit Card,0,Agent Referral,3,780313,89665,715,1,0,12,2136.54,178.045,0.08333333333333333,0.0,0.08333333333333333,1.0,2136.54,2.1166737889558784,new,13586.2,106.83,0.1,5,0.6263062286639315,-12026.529999999999,-14949.70161885769,-14949.70161885769,-12026.529999999999,-14949.70161885769,0
501066,CUST001066,2021,2021-12-02,2022-02-28,Home,FL,D,33101,57.29,N,Standard,Masonry,Tile,1804,1,34,0,59,0,B,Online,2549.06,2368.39,216.67,50.98,186.71,382955,0.0,0,0.94,1.0,12,0,0,0,0.0902,New,0.0,1,1,Middle,382955,2000,5,0,Auto Debit,1,Email Campaign,5,438496,66503,681,1,1,12,2549.06,212.42166666666665,0.0,0.0,0.08333333333333333,1.0,2549.06,1.7315281792791266,new,0.0,127.45,0.1,5,0.8440537987178562,2153.96,5213.78492181023,5213.78492181023,2153.96,5213.78492181023,1
501067,CUST001067,2021,2021-07-02,2021-09-30,Condo,FL,B,33601,50.61,N,Basic,Frame,Metal,1522,1,18,0,37,0,C,Broker,1339.84,1361.95,113.89,200.98,132.29,211770,0.0,0,1.009,1.0,12,1,0,0,0.0894,New,0.0,1,1,Upper Middle,211770,2000,4,1,Bank Transfer,1,Online Search,5,308520,106539,671,1,1,12,1339.84,111.65333333333332,0.0,0.08333333333333333,0.08333333333333333,1.0,1339.84,0.33739571791036516,new,0.0,66.99,0.1,5,0.805067756904087,957.9799999999998,2065.851864992401,2065.851864992401,957.9799999999998,2065.851864992401,0
501068,CUST001068,2021,2021-02-08,2021-03-31,Home,CA,D,95814,44.51,N,Basic,Frame,Shingle,2047,1,19,1,31,0,B,Online,2690.75,2667.15,188.35,53.82,193.08,628159,0.0,0,0.973,1.0,12,0,1,0,0.1228,New,0.0,1,1,Middle,628159,1500,4,0,Credit Card,3,Partner Referral,2,904650,57449,694,1,3,12,2690.75,224.22916666666666,0.0,0.0,0.08333333333333333,1.0,2690.75,0.9612369599256232,new,0.0,134.54,0.1,5,0.8124796453141891,2314.04,5101.531860784072,5101.531860784072,2314.04,5101.531860784072,0
501069,CUST001069,2021,2021-06-20,2022-04-30,Home,CA,D,92101,48.67,Y,Standard,Frame,Shingle,1922,2,0,0,60,0,B,Online,4024.51,3871.54,281.72,80.49,253.1,844938,0.0,0,0.492,0.5,6,1,0,0,0.0972,New,0.0,0,1,Upper Middle,844938,2000,4,0,Debit Card,3,Agent Referral,1,855783,119263,726,1,3,6,4024.51,670.7516666666667,0.0,0.0,0.0,1.0,4024.51,-3.9254697180705223,new,0.0,201.23,0.1,5,0.6836796540178244,3461.07,5156.6044334543685,5156.6044334543685,3461.07,5156.6044334543685,0
501070,CUST001070,2021,2021-08-21,2021-08-31,Home,CA,C,94105,54.17,N,Standard,Frame,Metal,1246,2,9,1,34,1,A,Broker,1758.02,1670.72,123.06,263.7,151.11,431770,19626.52,1,0.942,1.0,12,1,1,0,0.0894,New,18706.52,1,1,High,431770,1000,3,1,Auto Debit,0,Social Media,9,508884,163959,746,1,0,12,1758.02,146.50166666666667,0.08333333333333333,0.08333333333333333,0.08333333333333333,1.0,1758.02,0.722541327587117,new,18706.52,87.9,0.1,5,0.5945321658172534,-17423.160000000003,-19547.955273926553,-19547.955273926553,-17423.160000000003,-19547.955273926553,0
501071,CUST001071,2021,2021-06-24,2022-02-28,Condo,WA,C,98501,22.82,N,Standard,Mixed,Shingle,1258,1,10,0,82,0,A,Independent,666.83,626.68,46.68,80.02,102.01,258021,0.0,0,0.457,0.5,6,1,1,0,0.1143,New,0.0,1,1,High,258021,2000,4,0,Bank Transfer,0,Aggregator,4,322913,169403,789,1,0,6,666.83,111.13833333333334,0.0,0.0,0.16666666666666666,1.0,666.83,0.7577703687696461,new,0.0,33.34,0.1,5,0.8925137667537256,506.7900000000001,1413.3928158865563,1413.3928158865563,506.7900000000001,1413.3928158865563,0
501072,CUST001072,2021,2021-01-04,2021-08-31,Home,TX,D,77001,20.0,N,Basic,Masonry,Metal,2262,3,35,0,32,1,D,Online,902.85,829.66,63.2,18.06,112.63,221895,9223.29,2,0.906,1.0,12,0,1,1,0.1174,New,8303.29,1,1,Middle,221895,500,4,1,Auto Debit,2,Agent Referral,1,302186,52802,616,1,2,12,902.85,75.2375,0.16666666666666666,0.08333333333333333,0.08333333333333333,1.0,902.85,-0.047749891766386554,new,8303.29,45.14,0.1,5,0.5418924579237989,-7526.840000000001,-7096.121318419892,-7096.121318419892,-7526.840000000001,-7096.121318419892,0
501073,CUST001073,2021,2021-10-27,2021-10-31,Home,CA,A,95814,61.9,N,Basic,Frame,Tile,2813,1,29,0,34,0,B,Online,3637.17,3446.5,254.6,72.74,235.67,701223,0.0,0,0.988,1.0,12,0,0,0,0.1076,New,0.0,1,1,Upper Middle,701223,2000,5,0,Debit Card,2,Email Campaign,7,1059974,115495,696,1,2,12,3637.17,303.0975,0.0,0.0,0.08333333333333333,1.0,3637.17,1.3463825696023748,new,0.0,181.86,0.1,5,0.8572745221155968,3127.9700000000003,7871.412679446269,7871.412679446269,3127.9700000000003,7871.412679446269,1
501074,CUST001074,2021,2021-10-27,2021-10-31,Home,TX,A,78701,37.28,N,Premium,Masonry,Shingle,1649,2,8,1,39,0,C,Independent,1009.53,922.67,70.67,121.14,117.43,219753,0.0,0,0.891,1.0,12,0,0,0,0.0815,New,0.0,1,1,Middle,219753,2000,5,0,Auto Debit,0,Online Search,3,236328,50773,657,1,0,12,1009.53,84.1275,0.0,0.0,0.08333333333333333,1.0,1009.53,2.1166737889558784,new,0.0,50.48,0.1,5,0.8559828019266325,767.24,1923.4268266550653,1923.4268266550653,767.24,1923.4268266550653,0
501075,CUST001075,2021,2021-04-25,2021-11-30,Home,TX,D,78701,29.25,N,Basic,Masonry,Tile,1602,3,27,1,46,0,B,Independent,521.97,490.65,36.54,62.64,95.49,165810,0.0,0,0.96,1.0,12,0,0,0,0.0955,New,0.0,1,1,Middle,165810,2000,4,0,Credit Card,2,Partner Referral,7,253476,80782,716,1,2,12,521.97,43.4975,0.0,0.0,0.08333333333333333,1.0,521.97,1.3463825696023748,new,0.0,26.1,0.1,5,0.8054127294429364,396.69,856.3291143149431,856.3291143149431,396.69,856.3291143149431,0
501076,CUST001076,2021,2021-09-22,2021-12-31,Rental,FL,A,32801,63.29,Y,Standard,Masonry,Shingle,1534,2,32,1,45,0,C,Broker,2556.47,2539.77,217.3,383.47,187.04,316901,1042.78,1,0.993,1.0,12,1,1,0,0.0868,New,122.78,0,1,Middle,316901,1000,4,1,Bank Transfer,4,Agent Referral,8,344949,62646,678,1,4,12,2556.47,213.03916666666666,0.08333333333333333,0.08333333333333333,0.0,1.0,2556.47,-2.5819427400248465,new,122.78,127.82,0.1,5,0.4787751054330207,1705.0999999999995,1293.585484191767,1293.585484191767,1705.0999999999995,1293.585484191767,0
501077,CUST001077,2021,2021-08-12,2022-04-30,Condo,FL,D,33601,48.44,N,Standard,Masonry,Metal,1629,1,25,1,42,0,B,Online,1885.81,1962.65,160.29,37.72,156.86,336235,0.0,0,1.05,1.0,12,1,0,0,0.0628,New,0.0,1,1,Upper Middle,336235,1000,4,0,Auto Debit,1,Online Search,6,374519,102237,699,1,1,12,1885.81,157.15083333333334,0.0,0.0,0.08333333333333333,1.0,1885.81,1.7315281792791266,new,0.0,94.29,0.1,5,0.7992981268777045,1593.51,3377.6811314820125,3377.6811314820125,1593.51,3377.6811314820125,0
501078,CUST001078,2021,2021-12-23,2021-12-31,Home,WA,C,99201,28.74,Y,Standard,Mixed,Metal,2263,1,27,0,56,0,A,Online,1405.57,1523.27,98.39,28.11,135.25,584850,0.0,0,1.05,1.0,12,0,0,0,0.1074,New,0.0,1,1,Upper Middle,584850,2500,4,1,Credit Card,4,Agent Referral,5,628213,101876,773,1,4,12,1405.57,117.13083333333333,0.0,0.08333333333333333,0.08333333333333333,1.0,1405.57,-0.81804111111989,new,0.0,70.28,0.1,5,0.8650523451073742,1208.79,3111.975462033589,3111.975462033589,1208.79,3111.975462033589,0
501079,CUST001079,2021,2021-01-09,2021-07-31,Home,TX,D,78701,28.15,N,Premium,Masonry,Tile,1919,2,20,0,61,1,C,Direct,1028.85,913.5,72.02,30.87,118.3,264510,0.0,0,0.911,1.0,12,0,1,0,0.1486,New,0.0,0,1,Middle,264510,2000,4,0,Credit Card,3,Agent Referral,9,282951,55556,654,1,3,12,1028.85,85.7375,0.0,0.0,0.0,1.0,1028.85,-0.8026646689793335,new,0.0,51.44,0.1,5,0.705982392597756,874.52,1396.2947762205295,1396.2947762205295,874.52,1396.2947762205295,0
501080,CUST001080,2021,2021-02-15,2021-12-31,Rental,FL,A,33301,70.7,N,Premium,Frame,Tile,905,1,49,0,48,0,A,Independent,1188.87,1102.68,101.05,142.66,125.5,170531,0.0,0,0.915,1.0,12,0,1,0,0.0903,New,0.0,1,1,High,170531,1500,5,0,Auto Debit,0,Agent Referral,12,184473,208013,820,1,0,12,1188.87,99.07249999999999,0.0,0.0,0.08333333333333333,1.0,1188.87,2.1166737889558784,new,0.0,59.44,0.1,5,0.9669384111395578,885.72,3058.287670336179,3058.287670336179,885.72,3058.287670336179,0
501081,CUST001081,2021,2021-03-17,2021-07-31,Condo,TX,D,79901,41.41,N,Standard,Masonry,Tile,1452,1,25,0,46,0,B,Independent,706.58,701.1,49.46,84.79,103.8,173851,0.0,0,0.977,1.0,12,0,1,0,0.0854,New,0.0,1,1,Upper Middle,173851,1000,5,0,Credit Card,1,Aggregator,8,216569,117988,713,1,1,12,706.58,58.88166666666667,0.0,0.0,0.08333333333333333,1.0,706.58,1.7315281792791266,new,0.0,35.33,0.1,5,0.8750934987340624,537.0,1423.6373090781167,1423.6373090781167,537.0,1423.6373090781167,0
501082,CUST001082,2021,2021-04-25,2021-12-31,Condo,WA,A,98501,21.74,Y,Basic,Masonry,Metal,1367,1,13,0,45,0,C,Broker,1088.1,1052.43,76.17,163.22,120.96,337681,0.0,0,0.974,1.0,12,0,0,0,0.0621,New,0.0,1,1,Middle,337681,500,4,0,Credit Card,2,Agent Referral,8,433831,70274,666,1,2,12,1088.1,90.675,0.0,0.0,0.08333333333333333,1.0,1088.1,1.3463825696023748,new,0.0,54.4,0.1,5,0.7380658451883858,794.31,1399.502020602022,1399.502020602022,794.31,1399.502020602022,0
501083,CUST001083,2021,2021-08-12,2022-03-31,Rental,CA,C,95814,54.26,Y,Premium,Mixed,Shingle,1987,1,39,0,67,0,A,Independent,4450.75,4576.24,311.55,534.09,272.28,825214,0.0,0,1.013,1.0,12,1,0,0,0.0775,New,0.0,0,1,Upper Middle,825214,2000,4,0,Credit Card,4,Online Search,9,736573,139515,741,1,4,12,4450.75,370.8958333333333,0.0,0.0,0.0,1.0,4450.75,-1.1878102786560851,new,0.0,222.54,0.1,5,0.8102771463509871,3382.5699999999997,7408.496717230295,7408.496717230295,3382.5699999999997,7408.496717230295,1
501084,CUST001084,2021,2021-01-05,2021-01-31,Home,NY,A,10001,42.27,Y,Premium,Mixed,Shingle,850,1,43,1,36,1,C,Independent,2376.28,2264.85,166.34,285.15,178.93,493057,0.0,0,0.93,1.0,12,0,0,0,0.0788,New,0.0,1,1,Middle,493057,2500,4,0,Credit Card,3,Agent Referral,7,447644,89176,643,1,3,12,2376.28,198.02333333333334,0.0,0.0,0.08333333333333333,1.0,2376.28,0.9612369599256232,new,0.0,118.81,0.1,5,0.8346451915661857,1805.98,4251.840512832997,4251.840512832997,1805.98,4251.840512832997,0
501085,CUST001085,2021,2021-01-13,2021-05-31,Home,FL,B,33601,40.1,Y,Basic,Masonry,Tile,2186,2,3,0,50,0,A,Independent,2049.67,1901.79,174.22,245.96,164.24,430978,0.0,0,0.937,1.0,12,0,1,0,0.1304,New,0.0,0,1,Middle,430978,5000,4,0,Credit Card,2,Online Search,5,538435,58935,733,1,2,12,2049.67,170.80583333333334,0.0,0.0,0.0,1.0,2049.67,-0.4175190593025818,new,0.0,102.48,0.1,5,0.7543283879559645,1527.01,2826.9252332062983,2826.9252332062983,1527.01,2826.9252332062983,0
501086,CUST001086,2021,2021-02-11,2021-10-31,Home,TX,A,79901,42.79,Y,Basic,Frame,Tile,2372,1,33,0,61,0,C,Online,1163.87,1057.34,81.47,23.28,124.37,285843,0.0,0,0.939,1.0,12,0,1,0,0.1095,New,0.0,1,1,Upper Middle,285843,1000,4,2,Credit Card,1,Partner Referral,4,359052,115293,633,1,1,12,1163.87,96.98916666666666,0.0,0.16666666666666666,0.08333333333333333,1.0,1163.87,-1.056736743458396,new,0.0,58.19,0.1,5,0.774459911432697,1000.9299999999998,1969.2768716425535,1969.2768716425535,1000.9299999999998,1969.2768716425535,0
501087,CUST001087,2021,2021-10-23,2021-12-31,Rental,TX,C,77001,37.72,Y,Standard,Frame,Tile,2036,2,13,0,59,0,A,Direct,979.79,887.68,68.59,29.39,116.09,290735,0.0,0,0.915,1.0,12,0,0,0,0.0924,New,0.0,1,1,Upper Middle,290735,2500,5,0,Auto Debit,0,Agent Referral,1,303564,145760,782,1,0,12,979.79,81.64916666666666,0.0,0.0,0.08333333333333333,1.0,979.79,2.1166737889558784,new,0.0,48.99,0.1,5,0.9396543099494902,832.8199999999999,2660.544543268376,2660.544543268376,832.8199999999999,2660.544543268376,0
501088,CUST001088,2021,2021-02-23,2021-02-28,Condo,TX,B,73301,35.9,N,Premium,Mixed,Tile,1588,1,27,1,44,3,D,Online,1058.03,1117.6,74.06,21.16,119.61,184305,0.0,0,1.024,1.0,12,0,0,0,0.0608,New,0.0,1,1,Middle,184305,1000,4,0,Credit Card,1,Agent Referral,6,186139,81848,520,1,1,12,1058.03,88.16916666666667,0.0,0.0,0.08333333333333333,1.0,1058.03,1.7315281792791266,new,0.0,52.9,0.1,5,0.765511437337162,909.9100000000001,1742.5125866016158,1742.5125866016158,909.9100000000001,1742.5125866016158,0
501089,CUST001089,2021,2021-06-03,2022-03-31,Home,CA,D,92101,45.38,N,Premium,Masonry,Shingle,2159,1,24,1,48,0,D,Broker,4983.15,4903.87,348.82,747.47,296.24,810045,0.0,0,0.993,1.0,12,1,0,0,0.0941,New,0.0,0,1,Middle,810045,2000,5,0,Bank Transfer,2,Agent Referral,6,799932,83484,618,1,2,12,4983.15,415.2625,0.0,0.0,0.0,1.0,4983.15,-0.4175190593025818,new,0.0,249.16,0.1,5,0.9020174093357168,3637.7,10428.463771077699,10428.463771077699,3637.7,10428.463771077699,1
501090,CUST001090,2021,2021-05-13,2021-05-31,Condo,FL,A,33601,66.18,Y,Standard,Mixed,Shingle,1556,1,0,0,38,0,B,Online,2220.06,2311.4,188.7,44.4,171.9,328731,3506.11,1,1.019,1.0,12,0,0,0,0.071,New,3046.11,0,1,Middle,328731,500,3,0,Credit Card,5,Agent Referral,6,329257,55388,685,1,5,12,2220.06,185.005,0.08333333333333333,0.0,0.0,1.0,2220.06,-1.572955888332837,new,3046.11,111.0,0.1,5,0.35,-1170.1500000000003,-544.2891591308809,-544.2891591308809,-1170.1500000000003,-544.2891591308809,0
501091,CUST001091,2021,2021-01-07,2021-07-31,Home,FL,D,33601,49.3,Y,Standard,Mixed,Tile,2413,1,22,1,50,1,C,Online,4193.56,4137.12,356.45,83.87,260.71,623710,0.0,0,0.998,1.0,12,0,1,0,0.1224,New,0.0,1,1,Upper Middle,623710,500,4,0,Auto Debit,0,Online Search,1,665072,99617,623,1,0,12,4193.56,349.46333333333337,0.0,0.0,0.08333333333333333,1.0,4193.56,2.1166737889558784,new,0.0,209.68,0.1,5,0.838351523063361,3543.560000000001,8434.425363123948,8434.425363123948,3543.560000000001,8434.425363123948,1
501092,CUST001092,2021,2021-03-25,2021-04-30,Rental,WA,A,98004,42.13,Y,Basic,Frame,Tile,1830,2,22,1,54,2,C,Broker,2175.88,1767.17,152.31,326.38,169.91,478780,0.0,0,0.823,1.0,12,0,1,0,0.0839,New,0.0,1,1,Low,478780,1000,4,0,Auto Debit,1,Social Media,10,611793,42488,626,1,1,12,2175.88,181.32333333333335,0.0,0.0,0.08333333333333333,1.0,2175.88,1.7315281792791266,new,0.0,108.79,0.1,5,0.6806897906851834,1588.4,2344.570860336229,2344.570860336229,1588.4,2344.570860336229,0
501093,CUST001093,2021,2021-06-14,2021-08-31,Condo,FL,C,33601,60.26,N,Standard,Masonry,Shingle,1646,2,45,1,55,1,D,Online,2912.96,2895.85,247.6,58.26,203.08,306709,14819.93,1,0.983,1.0,12,1,1,1,0.1034,New,13899.93,0,1,Middle,306709,1000,3,0,Auto Debit,3,Partner Referral,1,373231,52950,605,1,3,12,2912.96,242.74666666666667,0.08333333333333333,0.0,0.0,1.0,2912.96,-0.8026646689793335,new,13899.93,145.65,0.1,5,0.35,-11438.480000000001,-5320.549212438917,-5320.549212438917,-11438.480000000001,-5320.549212438917,0
501094,CUST001094,2021,2021-06-13,2021-09-30,Home,NY,B,12207,29.66,N,Standard,Mixed,Shingle,2671,2,34,1,55,0,B,Online,4461.28,4484.43,312.29,89.23,272.76,1210167,0.0,0,1.025,1.0,12,1,0,0,0.0859,New,0.0,1,1,Middle,1210167,500,4,0,Credit Card,2,Online Search,1,1361675,75146,718,1,2,12,4461.28,371.7733333333333,0.0,0.0,0.08333333333333333,1.0,4461.28,1.3463825696023748,new,0.0,223.06,0.1,5,0.8316143799969957,3836.7,8952.248021002059,8952.248021002059,3836.7,8952.248021002059,1
501095,CUST001095,2021,2021-07-02,2021-11-30,Home,TX,C,78701,46.4,Y,Premium,Masonry,Shingle,2335,2,24,0,48,2,C,Online,1950.26,2016.89,136.52,39.01,159.76,359673,0.0,0,1.031,1.0,12,1,0,1,0.0705,New,0.0,1,1,Middle,359673,1000,3,0,Bank Transfer,12,Aggregator,3,326583,89843,638,1,12,12,1950.26,162.52166666666668,0.0,0.0,0.08333333333333333,1.0,1950.26,-2.505073527165142,new,0.0,97.51,0.1,5,0.7571102105374635,1677.22,3131.3081372815814,3131.3081372815814,1677.22,3131.3081372815814,0
501096,CUST001096,2021,2021-07-03,2021-09-30,Home,TX,D,77001,27.88,N,Premium,Mixed,Metal,2635,2,22,1,34,2,D,Broker,2076.76,1951.05,145.37,311.51,165.45,426786,68540.32,2,0.938,1.0,12,1,0,1,0.062,New,66700.32,0,1,Middle,426786,1000,3,0,Credit Card,10,Partner Referral,6,437879,60541,550,1,10,12,2076.76,173.06333333333336,0.16666666666666666,0.0,0.0,1.0,2076.76,-3.4986839367165956,new,66700.32,103.84,0.1,5,0.4301283871453936,-65184.280000000006,-41472.57056035027,-41472.57056035027,-65184.280000000006,-41472.57056035027,0
501097,CUST001097,2021,2021-11-05,2022-03-31,Home,CA,D,92101,56.99,N,Premium,Frame,Shingle,2578,1,36,1,23,2,D,Online,6759.78,6552.1,473.18,135.2,376.19,846808,143499.22,2,0.976,1.0,12,0,0,0,0.0688,New,142579.22,0,1,Low,846808,500,4,1,Bank Transfer,2,Online Search,2,901765,38643,578,1,2,12,6759.78,563.3149999999999,0.16666666666666666,0.08333333333333333,0.0,1.0,6759.78,-1.8116515206713433,new,142579.22,337.99,0.1,5,0.35,-136765.81,-63615.90199782405,-63615.90199782405,-136765.81,-63615.90199782405,0
501098,CUST001098,2021,2021-02-17,2021-11-30,Home,FL,C,33301,54.45,Y,Premium,Frame,Metal,2672,2,15,1,39,0,B,Online,4792.01,4797.67,407.32,95.84,287.64,783465,0.0,0,0.978,1.0,12,0,0,0,0.1073,New,0.0,1,1,Low,783465,2000,5,1,Auto Debit,0,Agent Referral,8,722655,30140,724,1,0,12,4792.01,399.3341666666667,0.0,0.08333333333333333,0.08333333333333333,1.0,4792.01,0.722541327587117,new,0.0,239.6,0.1,5,0.8825555299258399,4049.2500000000005,10970.890608467045,10970.890608467045,4049.2500000000005,10970.890608467045,1
501099,CUST001099,2021,2021-10-20,2021-10-31,Home,TX,A,73301,44.99,Y,Basic,Frame,Shingle,2273,3,9,1,37,0,B,Online,1157.83,1100.18,81.05,23.16,124.1,286206,0.0,0,0.944,1.0,12,0,0,0,0.1143,New,0.0,1,1,Middle,286206,2000,5,1,Credit Card,0,Partner Referral,4,345261,83926,711,1,0,12,1157.83,96.48583333333333,0.0,0.08333333333333333,0.08333333333333333,1.0,1157.83,0.722541327587117,new,0.0,57.89,0.1,5,0.8544212752273466,995.7299999999999,2484.824598044209,2484.824598044209,995.7299999999999,2484.824598044209,0
501100,CUST001100,2021,2021-10-17,2022-02-28,Home,CA,C,92101,56.33,N,Premium,Frame,Shingle,1657,1,38,1,31,0,C,Broker,3210.59,2629.01,224.74,481.59,216.48,577965,0.0,0,0.803,1.0,12,0,1,0,0.09,New,0.0,1,1,Upper Middle,577965,500,4,0,Credit Card,3,Aggregator,6,581560,92309,659,1,3,12,3210.59,267.5491666666667,0.0,0.0,0.08333333333333333,1.0,3210.59,0.9612369599256232,new,0.0,160.53,0.1,5,0.8253030477104292,2343.73,5367.472534646277,5367.472534646277,2343.73,5367.472534646277,1
501101,CUST001101,2021,2021-07-11,2021-08-31,Home,CA,D,90001,50.49,Y,Basic,Mixed,Shingle,1641,1,17,1,46,1,D,Online,3837.3,3594.1,268.61,76.75,244.68,608157,15671.58,1,0.956,1.0,12,1,0,1,0.1199,New,13831.58,1,1,Middle,608157,2000,3,0,Debit Card,3,Agent Referral,2,759294,75665,591,1,3,12,3837.3,319.77500000000003,0.08333333333333333,0.0,0.08333333333333333,1.0,3837.3,0.9612369599256232,new,13831.58,191.86,0.1,5,0.587501541059635,-10531.5,-11548.090590018503,-11548.090590018503,-10531.5,-11548.090590018503,0
501102,CUST001102,2021,2021-07-08,2021-09-30,Home,FL,A,33301,51.06,Y,Basic,Frame,Tile,1465,1,18,0,58,0,C,Independent,2415.79,2418.39,205.34,289.89,180.71,342498,13344.18,1,0.981,1.0,12,1,0,0,0.0734,New,11044.18,0,1,Middle,342498,2500,2,1,Debit Card,3,Partner Referral,1,419156,67468,657,1,3,12,2415.79,201.31583333333333,0.08333333333333333,0.08333333333333333,0.0,1.0,2415.79,-2.196797130348095,new,11044.18,120.79,0.1,5,0.39622660780308616,-9244.41,-5173.071006980291,-5173.071006980291,-9244.41,-5173.071006980291,0
501103,CUST001103,2021,2021-01-05,2021-01-31,Home,CA,B,95814,34.69,N,Basic,Mixed,Shingle,2239,2,46,0,52,1,C,Online,3937.07,3950.68,275.6,78.74,249.17,683080,0.0,0,1.013,1.0,12,0,1,0,0.1037,New,0.0,1,1,Middle,683080,500,4,0,Credit Card,1,Partner Referral,1,957585,82889,648,1,1,12,3937.07,328.0891666666667,0.0,0.0,0.08333333333333333,1.0,3937.07,1.7315281792791266,new,0.0,196.85,0.1,5,0.8320684370178074,3385.8800000000006,7910.952980791109,7910.952980791109,3385.8800000000006,7910.952980791109,1
501104,CUST001104,2021,2021-07-23,2021-10-31,Condo,NY,B,14604,45.76,N,Standard,Frame,Shingle,1074,1,43,0,53,0,A,Direct,1390.04,1309.36,97.3,41.7,134.55,378769,0.0,0,0.967,1.0,12,1,1,0,0.124,New,0.0,1,1,High,378769,1000,4,0,Debit Card,1,Agent Referral,3,439452,168423,775,1,1,12,1390.04,115.83666666666666,0.0,0.0,0.08333333333333333,1.0,1390.04,1.7315281792791266,new,0.0,69.5,0.1,5,0.8678702054333574,1181.54,3066.9935877741036,3066.9935877741036,1181.54,3066.9935877741036,0
501105,CUST001105,2021,2021-06-13,2021-08-31,Rental,TX,D,77001,17.94,Y,Basic,Masonry,Metal,949,3,23,1,44,0,B,Online,450.0,405.83,31.5,9.0,92.25,94613,1716.83,1,0.928,1.0,12,1,1,0,0.1222,New,796.83,1,1,Upper Middle,94613,1000,3,2,Credit Card,1,Agent Referral,10,120000,104113,692,1,1,12,450.0,37.5,0.08333333333333333,0.16666666666666666,0.08333333333333333,1.0,450.0,-1.056736743458396,new,796.83,22.5,0.1,5,0.7805980838056357,-409.83000000000004,-821.3517500280556,-821.3517500280556,-409.83000000000004,-821.3517500280556,0
501106,CUST001106,2021,2021-10-23,2021-11-30,Rental,TX,C,77001,46.48,Y,Standard,Masonry,Shingle,2100,2,37,0,37,0,A,Direct,1164.99,1093.14,81.55,34.95,124.42,285244,11841.89,1,0.963,1.0,12,0,1,0,0.1197,New,10921.89,1,1,Upper Middle,285244,1000,4,0,Credit Card,1,Agent Referral,7,295969,96470,770,1,1,12,1164.99,97.0825,0.08333333333333333,0.0,0.08333333333333333,1.0,1164.99,1.7315281792791266,new,10921.89,58.25,0.1,5,0.6521060710814526,-9931.65,-13401.12566872881,-13401.12566872881,-9931.65,-13401.12566872881,0
501107,CUST001107,2021,2021-04-22,2021-12-31,Home,TX,D,73301,28.89,N,Standard,Masonry,Shingle,1885,2,30,0,69,0,A,Direct,743.77,694.94,52.06,22.31,105.47,233250,0.0,0,0.967,1.0,12,0,0,0,0.0878,New,0.0,1,1,Low,233250,1000,4,0,Auto Debit,1,Agent Referral,7,284066,49736,777,1,1,12,743.77,61.98083333333333,0.0,0.0,0.08333333333333333,1.0,743.77,1.7315281792791266,new,0.0,37.19,0.1,5,0.620056059541113,632.21,770.2909172480893,770.2909172480893,632.21,770.2909172480893,0
501108,CUST001108,2021,2021-09-03,2022-03-31,Home,CA,C,94105,44.12,Y,Standard,Masonry,Shingle,1340,2,29,1,50,0,B,Independent,2371.14,2044.85,165.98,284.54,178.7,453435,0.0,0,0.878,1.0,12,1,0,0,0.0497,New,0.0,1,1,Low,453435,1000,4,0,Credit Card,1,Partner Referral,6,496368,36148,687,1,1,12,2371.14,197.595,0.0,0.0,0.08333333333333333,1.0,2371.14,1.7315281792791266,new,0.0,118.56,0.1,5,0.8309855873441532,1802.06,4196.971752657338,4196.971752657338,1802.06,4196.971752657338,0
501109,CUST001109,2021,2021-06-08,2021-12-31,Home,TX,B,73301,39.88,Y,Standard,Mixed,Shingle,1477,1,28,1,57,1,D,Broker,1566.42,1502.71,109.65,234.96,142.49,256516,0.0,0,0.937,1.0,12,1,0,1,0.0485,New,0.0,0,1,Middle,256516,1000,3,0,Auto Debit,2,Aggregator,5,277798,53779,538,1,2,12,1566.42,130.535,0.0,0.0,0.0,1.0,1566.42,-0.4175190593025818,new,0.0,78.32,0.1,5,0.6651124922121596,1143.49,1607.5026689101576,1607.5026689101576,1143.49,1607.5026689101576,0
501110,CUST001110,2021,2021-08-14,2021-08-31,Rental,CA,A,94105,60.8,Y,Premium,Mixed,Shingle,1852,1,30,1,27,0,C,Independent,6028.97,5662.45,422.03,723.48,343.3,903796,0.0,0,0.957,1.0,12,1,0,0,0.0559,New,0.0,0,1,Low,903796,1000,4,0,Debit Card,3,Agent Referral,4,847644,39057,673,1,3,12,6028.97,502.4141666666667,0.0,0.0,0.0,1.0,6028.97,-0.8026646689793335,new,0.0,301.45,0.1,5,0.7093912466129036,4582.010000000001,7393.215487800496,7393.215487800496,4582.010000000001,7393.215487800496,1
501111,CUST001111,2021,2021-12-24,2022-09-30,Condo,NY,B,10001,36.11,N,Basic,Frame,Shingle,1540,2,25,1,30,2,B,Online,1887.63,1802.25,132.13,37.75,156.94,456825,1536.72,1,0.483,0.5,6,0,0,0,0.0876,New,616.72,1,1,Middle,456825,1000,4,1,Credit Card,1,Partner Referral,1,617272,72591,691,1,1,6,1887.63,314.605,0.16666666666666666,0.16666666666666666,0.16666666666666666,1.0,1887.63,-2.4156401636446283,new,616.72,94.38,0.1,5,0.6696502717508155,1006.6500000000002,1435.4354208791676,1435.4354208791676,1006.6500000000002,1435.4354208791676,0
501112,CUST001112,2021,2021-11-01,2022-07-31,Home,FL,A,33101,57.42,N,Basic,Frame,Metal,2243,2,33,1,30,0,A,Independent,1972.37,1761.09,167.65,236.68,160.76,392684,0.0,0,0.901,1.0,12,0,1,0,0.0838,New,0.0,1,1,Upper Middle,392684,500,4,0,Credit Card,0,Aggregator,10,580481,97267,730,1,0,12,1972.37,164.36416666666665,0.0,0.0,0.08333333333333333,1.0,1972.37,2.1166737889558784,new,0.0,98.62,0.1,5,0.7882479174658306,1469.4199999999996,3013.3262151748077,3013.3262151748077,1469.4199999999996,3013.3262151748077,0
501113,CUST001113,2021,2021-08-26,2022-01-31,Home,TX,C,78701,35.49,N,Basic,Masonry,Shingle,2006,1,14,1,64,0,A,Online,630.08,659.84,44.11,12.6,100.35,187798,2978.78,1,1.034,1.0,12,1,1,0,0.1023,New,2058.78,0,1,Middle,187798,1000,4,1,Credit Card,3,Agent Referral,8,273796,74111,742,1,3,12,630.08,52.50666666666667,0.08333333333333333,0.08333333333333333,0.0,1.0,630.08,-2.196797130348095,new,2058.78,31.5,0.1,5,0.45875376343592855,-1516.91,-1071.5206456442002,-1071.5206456442002,-1516.91,-1071.5206456442002,0
501114,CUST001114,2021,2021-10-07,2021-12-31,Home,TX,B,77001,38.3,N,Standard,Mixed,Shingle,1987,1,21,1,27,1,B,Independent,1167.14,1091.43,81.7,140.06,124.52,279943,0.0,0,0.973,1.0,12,0,0,0,0.0502,New,0.0,1,1,Middle,279943,500,4,1,Credit Card,3,Agent Referral,10,326985,50343,711,1,3,12,1167.14,97.26166666666667,0.0,0.08333333333333333,0.08333333333333333,1.0,1167.14,-0.43289550144313826,new,0.0,58.36,0.1,5,0.7020582112655899,887.0200000000001,1399.1759918553269,1399.1759918553269,887.0200000000001,1399.1759918553269,0
501115,CUST001115,2021,2021-08-20,2021-12-31,Home,TX,C,73301,25.45,N,Basic,Frame,Metal,1672,2,4,0,57,0,C,Online,757.63,782.26,53.03,15.15,106.09,211530,0.0,0,1.033,1.0,12,1,0,0,0.0858,New,0.0,1,1,Upper Middle,211530,1000,4,0,Auto Debit,0,Online Search,6,299281,118213,657,1,0,12,757.63,63.13583333333333,0.0,0.0,0.08333333333333333,1.0,757.63,2.1166737889558784,new,0.0,37.88,0.1,5,0.7627763330800383,651.57,1237.5062041334245,1237.5062041334245,651.57,1237.5062041334245,0
501116,CUST001116,2021,2021-12-16,2021-12-31,Rental,FL,A,33101,71.04,Y,Standard,Frame,Tile,1369,2,17,0,55,0,C,Direct,2442.51,2374.52,207.61,73.28,181.91,322366,15544.84,1,0.993,1.0,12,0,1,0,0.111,New,14164.84,1,1,Upper Middle,322366,1500,4,1,Auto Debit,0,Social Media,4,338574,98268,666,1,0,12,2442.51,203.54250000000002,0.08333333333333333,0.08333333333333333,0.08333333333333333,1.0,2442.51,0.722541327587117,new,14164.84,122.13,0.1,5,0.5739127610916563,-12125.35,-12716.255472709867,-12716.255472709867,-12125.35,-12716.255472709867,0
501117,CUST001117,2021,2021-11-27,2022-07-31,Home,TX,C,77001,35.73,N,Premium,Masonry,Shingle,2191,3,18,1,26,1,B,Online,967.24,954.74,67.71,19.34,115.53,259075,67275.54,2,1.003,1.0,12,0,1,0,0.1551,New,63595.54,0,1,Upper Middle,259075,2000,4,1,Auto Debit,0,Aggregator,10,280869,97008,687,1,0,12,967.24,80.60333333333334,0.16666666666666666,0.08333333333333333,0.0,1.0,967.24,-1.0413603013178399,new,63595.54,48.36,0.1,5,0.35,-62763.71,-29194.211801764268,-29194.211801764268,-62763.71,-29194.211801764268,0
501118,CUST001118,2021,2021-07-04,2021-10-31,Home,TX,A,73301,47.94,N,Basic,Frame,Shingle,1803,1,24,0,63,0,A,Online,655.97,634.14,45.92,13.12,101.52,169092,7965.34,1,0.967,1.0,12,1,1,0,0.1297,New,7045.34,0,1,Upper Middle,169092,1000,4,1,Bank Transfer,2,Online Search,2,245624,106919,759,1,2,12,655.97,54.66416666666667,0.08333333333333333,0.08333333333333333,0.0,1.0,655.97,-1.8116515206713433,new,7045.34,32.8,0.1,5,0.4441994402438419,-6481.21,-4342.837802980044,-4342.837802980044,-6481.21,-4342.837802980044,0
501119,CUST001119,2021,2021-01-18,2021-10-31,Home,NY,A,14604,34.07,N,Standard,Mixed,Tile,2578,1,30,0,57,0,C,Direct,3556.29,3529.1,248.94,106.69,232.03,918085,0.0,0,0.966,1.0,12,0,1,1,0.1154,New,0.0,1,1,Low,918085,500,4,0,Auto Debit,4,Online Search,6,1130442,43209,655,1,4,12,3556.29,296.3575,0.0,0.0,0.08333333333333333,1.0,3556.29,0.5760913502488715,new,0.0,177.81,0.1,5,0.7724624173083563,3022.85,5911.60481366453,5911.60481366453,3022.85,5911.60481366453,1
501120,CUST001120,2021,2021-08-24,2021-10-31,Home,TX,C,78701,34.56,Y,Standard,Mixed,Shingle,1880,2,3,1,68,0,B,Independent,1183.15,1147.97,82.82,141.98,125.24,289745,0.0,0,0.997,1.0,12,1,0,0,0.0883,New,0.0,0,1,Low,289745,2000,4,0,Credit Card,1,Agent Referral,8,301595,39061,714,1,1,12,1183.15,98.59583333333335,0.0,0.0,0.0,1.0,1183.15,-0.03237344962583011,new,0.0,59.16,0.1,5,0.7315355868361448,899.1900000000002,1552.9954875161109,1552.9954875161109,899.1900000000002,1552.9954875161109,0
501121,CUST001121,2021,2021-02-26,2021-12-31,Home,FL,A,33101,54.21,N,Basic,Masonry,Shingle,1896,2,33,0,78,0,C,Direct,2354.75,2265.52,200.15,70.64,177.96,306291,0.0,0,0.931,1.0,12,0,0,0,0.0877,New,0.0,1,1,Middle,306291,1000,4,0,Bank Transfer,3,Agent Referral,1,436240,83011,643,1,3,12,2354.75,196.22916666666666,0.0,0.0,0.08333333333333333,1.0,2354.75,0.9612369599256232,new,0.0,117.74,0.1,5,0.8378051355760192,1966.22,4672.482396475088,4672.482396475088,1966.22,4672.482396475088,0
501122,CUST001122,2021,2021-06-06,2021-12-31,Rental,CA,D,90001,45.98,Y,Premium,Masonry,Shingle,1502,2,48,1,53,1,C,Independent,3802.51,3548.55,266.18,456.3,243.11,577802,33282.42,1,0.958,1.0,12,1,1,1,0.1085,New,31902.42,1,1,Low,577802,1500,5,0,Credit Card,2,Aggregator,12,555137,44705,641,1,2,12,3802.51,316.87583333333333,0.08333333333333333,0.0,0.08333333333333333,1.0,3802.51,1.3463825696023748,new,31902.42,190.13,0.1,5,0.6954258110523818,-29012.519999999997,-44833.354536462895,-44833.354536462895,-29012.519999999997,-44833.354536462895,0
501123,CUST001123,2021,2021-05-17,2022-02-28,Home,TX,C,78701,45.79,N,Premium,Mixed,Metal,2025,3,50,1,49,1,D,Online,1305.32,1086.26,91.37,26.11,130.74,239007,0.0,0,0.857,1.0,12,0,0,0,0.1161,New,0.0,1,1,Low,239007,2500,5,0,Bank Transfer,0,Social Media,1,257565,49945,583,1,0,12,1305.32,108.77666666666666,0.0,0.0,0.08333333333333333,1.0,1305.32,2.1166737889558784,new,0.0,65.27,0.1,5,0.7965908020439912,1122.57,2360.2772725856844,2360.2772725856844,1122.57,2360.2772725856844,0
501124,CUST001124,2021,2021-11-26,2021-12-31,Condo,TX,D,79901,8.76,N,Premium,Masonry,Metal,866,2,2,0,69,1,C,Broker,450.0,474.68,31.5,67.5,92.25,116166,0.0,0,1.024,1.0,12,0,1,1,0.1387,New,0.0,1,1,Low,116166,2000,4,0,Credit Card,5,Agent Referral,5,120000,35017,623,1,5,12,450.0,37.5,0.0,0.0,0.08333333333333333,1.0,450.0,0.19094574057211977,new,0.0,22.5,0.1,5,0.8587046757867447,328.5,830.1312195318619,830.1312195318619,328.5,830.1312195318619,0
501125,CUST001125,2021,2021-01-26,2021-05-31,Home,TX,B,78701,29.37,N,Standard,Frame,Metal,2215,2,13,1,49,1,D,Online,1352.25,1339.78,94.66,27.04,132.85,287719,0.0,0,0.972,1.0,12,0,1,1,0.1093,New,0.0,0,1,Middle,287719,1000,4,0,Auto Debit,1,Agent Referral,4,360296,88832,524,1,1,12,1352.25,112.6875,0.0,0.0,0.0,1.0,1352.25,-0.03237344962583011,new,0.0,67.61,0.1,5,0.4519644485325771,1162.94,801.5804926827417,801.5804926827417,1162.94,801.5804926827417,0
501126,CUST001126,2021,2021-10-17,2021-12-31,Condo,CA,C,95814,48.13,N,Standard,Frame,Shingle,1462,1,21,1,35,0,B,Online,2311.23,2303.63,161.79,46.22,176.01,459042,0.0,0,1.013,1.0,12,0,1,0,0.112,New,0.0,0,1,Upper Middle,459042,1000,5,0,Auto Debit,0,Social Media,10,570940,108671,704,1,0,12,2311.23,192.6025,0.0,0.0,0.0,1.0,2311.23,0.3527721600509216,new,0.0,115.56,0.1,5,0.8977919918756999,1987.6600000000003,5628.891299001776,5628.891299001776,1987.6600000000003,5628.891299001776,1
501127,CUST001127,2021,2021-08-09,2021-11-30,Home,TX,A,79901,42.52,Y,Basic,Mixed,Tile,2376,1,20,1,23,1,C,Direct,1259.32,1254.29,88.15,37.78,128.67,266613,0.0,0,0.979,1.0,12,1,1,0,0.1082,New,0.0,1,1,Middle,266613,500,4,0,Bank Transfer,3,Aggregator,8,331714,58185,672,1,3,12,1259.32,104.94333333333333,0.0,0.0,0.08333333333333333,1.0,1259.32,0.9612369599256232,new,0.0,62.97,0.1,5,0.723521931662151,1070.4199999999998,1803.894382906451,1803.894382906451,1070.4199999999998,1803.894382906451,0
501128,CUST001128,2021,2021-01-27,2021-10-31,Condo,TX,A,77001,27.85,N,Standard,Frame,Tile,1464,1,30,0,64,2,A,Broker,522.38,501.54,36.57,78.36,95.51,157392,0.0,0,0.987,1.0,12,0,0,0,0.0948,New,0.0,1,1,Middle,157392,2000,5,0,Auto Debit,0,Social Media,5,192698,63942,732,1,0,12,522.38,43.531666666666666,0.0,0.0,0.08333333333333333,1.0,522.38,2.1166737889558784,new,0.0,26.12,0.1,5,0.8848382826149084,381.33,1040.0459138826666,1040.0459138826666,381.33,1040.0459138826666,0
501129,CUST001129,2021,2021-11-24,2022-04-30,Home,NY,A,11201,41.4,Y,Basic,Frame,Metal,2488,2,60,1,57,1,C,Online,4301.83,4277.24,301.13,86.04,265.58,959906,0.0,0,0.995,1.0,12,0,0,1,0.0815,New,0.0,0,1,Middle,959906,500,4,0,Credit Card,8,Social Media,6,1151986,67673,637,1,8,12,4301.83,358.48583333333335,0.0,0.0,0.0,1.0,4301.83,-2.728392717363092,new,0.0,215.09,0.1,5,0.8178072926318288,3699.5699999999997,8286.247576893678,8286.247576893678,3699.5699999999997,8286.247576893678,1
501130,CUST001130,2021,2021-11-17,2022-09-30,Home,WA,A,98004,32.69,N,Standard,Mixed,Tile,2066,2,56,1,57,1,D,Independent,2155.2,2238.83,150.86,258.62,168.98,434599,44550.78,2,1.031,1.0,12,0,0,1,0.0447,New,42710.78,1,1,Low,434599,1000,2,2,Credit Card,7,Agent Referral,6,526952,37182,591,1,7,12,2155.2,179.6,0.16666666666666666,0.16666666666666666,0.08333333333333333,1.0,2155.2,-3.367610401518906,new,42710.78,107.76,0.1,5,0.500476446896634,-41072.82000000001,-33618.71437003975,-33618.71437003975,-41072.82000000001,-33618.71437003975,0
501131,CUST001131,2021,2021-08-22,2021-08-31,Home,CA,D,92101,41.91,Y,Basic,Mixed,Shingle,1816,1,21,0,66,0,B,Independent,2961.21,2970.53,207.28,355.35,205.25,604534,0.0,0,0.506,0.5,6,1,0,0,0.0897,New,0.0,0,1,Middle,604534,2000,5,0,Auto Debit,2,Partner Referral,10,758142,87394,718,1,2,6,2961.21,493.535,0.0,0.0,0.0,1.0,2961.21,-3.540324108393771,new,0.0,148.06,0.1,5,0.6028865638050107,2250.52,2594.391026024685,2594.391026024685,2250.52,2594.391026024685,0
501132,CUST001132,2021,2021-02-27,2021-06-30,Home,CA,B,92101,55.8,Y,Standard,Frame,Tile,1838,2,32,1,36,0,A,Independent,2643.86,2611.68,185.07,317.26,190.97,639388,0.0,0,0.979,1.0,12,0,1,0,0.1218,New,0.0,1,1,Upper Middle,639388,2500,3,1,Credit Card,3,Email Campaign,10,677291,125241,755,1,3,12,2643.86,220.3216666666667,0.0,0.08333333333333333,0.08333333333333333,1.0,2643.86,-0.43289550144313826,new,0.0,132.19,0.1,5,0.700568581004233,2009.3399999999997,3154.9341391853577,3154.9341391853577,2009.3399999999997,3154.9341391853577,0
501133,CUST001133,2021,2021-09-27,2022-02-28,Home,NY,C,14604,30.85,Y,Standard,Mixed,Shingle,2355,1,40,0,76,0,A,Online,2875.38,2660.27,201.28,57.51,201.39,892617,0.0,0,0.468,0.5,6,1,1,0,0.109,New,0.0,1,1,Upper Middle,892617,1000,5,0,Credit Card,2,Social Media,3,920333,133033,747,1,2,6,2875.38,479.23,0.0,0.0,0.16666666666666666,1.0,2875.38,-0.012520850583857324,new,0.0,143.77,0.1,5,0.8891282445816089,2472.8199999999997,6829.029437007839,6829.029437007839,2472.8199999999997,6829.029437007839,1
501134,CUST001134,2021,2021-12-03,2022-05-31,Home,NY,B,14604,27.96,N,Standard,Frame,Tile,2502,2,27,1,43,0,A,Broker,3005.12,2832.82,210.36,450.77,207.23,1056330,19353.57,1,0.941,1.0,12,0,0,1,0.092,New,14753.57,1,1,High,1056330,5000,3,0,Auto Debit,7,Partner Referral,8,1257979,151031,732,1,7,12,3005.12,250.42666666666665,0.08333333333333333,0.0,0.08333333333333333,1.0,3005.12,-0.5793454787813836,new,14753.57,150.26,0.1,5,0.5792883356637728,-12559.840000000002,-13406.771947684016,-13406.771947684016,-12559.840000000002,-13406.771947684016,0
501135,CUST001135,2021,2021-09-26,2022-01-31,Home,TX,B,78701,30.55,Y,Standard,Masonry,Shingle,2363,1,18,1,43,0,C,Independent,1586.52,1478.62,111.06,190.38,143.39,355000,0.0,0,0.93,1.0,12,1,0,0,0.0464,New,0.0,1,1,Upper Middle,355000,1000,3,0,Debit Card,1,Online Search,8,351833,98134,671,1,1,12,1586.52,132.21,0.0,0.0,0.08333333333333333,1.0,1586.52,1.7315281792791266,new,0.0,79.33,0.1,5,0.7326808661025487,1205.75,2089.7634985220384,2089.7634985220384,1205.75,2089.7634985220384,0
501136,CUST001136,2021,2021-04-05,2021-11-30,Home,FL,B,33301,26.43,Y,Standard,Masonry,Metal,2065,1,13,1,62,1,D,Direct,3125.27,3231.77,265.65,93.76,212.64,441308,0.0,0,1.038,1.0,12,0,0,1,0.0872,New,0.0,0,1,Low,441308,1000,3,1,Bank Transfer,6,Agent Referral,3,424442,27674,603,1,6,12,3125.27,260.43916666666667,0.0,0.08333333333333333,0.0,1.0,3125.27,-3.35223395937835,new,0.0,156.26,0.1,5,0.42106258417413717,2609.5999999999995,1605.1182901452457,1605.1182901452457,2609.5999999999995,1605.1182901452457,0
501137,CUST001137,2021,2021-02-13,2021-05-31,Rental,NY,B,14604,28.9,N,Standard,Mixed,Metal,1679,1,29,0,66,0,C,Direct,2375.11,2395.58,166.26,71.25,178.88,654922,0.0,0,0.51,0.5,6,0,1,1,0.1261,New,0.0,1,1,Middle,654922,1000,5,0,Debit Card,4,Partner Referral,6,756616,81791,640,1,4,6,2375.11,395.8516666666667,0.0,0.0,0.16666666666666666,1.0,2375.11,-0.7828120699373606,new,0.0,118.76,0.1,5,0.8885896894645078,2018.8400000000004,5566.58678362904,5566.58678362904,2018.8400000000004,5566.58678362904,1
501138,CUST001138,2021,2021-02-27,2021-05-31,Home,FL,D,33101,42.97,Y,Standard,Masonry,Metal,1648,1,29,1,54,0,B,Broker,2073.2,2117.4,176.22,310.98,165.29,360860,0.0,0,1.034,1.0,12,0,0,0,0.0691,New,0.0,1,1,Upper Middle,360860,1000,5,0,Auto Debit,1,Agent Referral,5,374100,94183,696,1,1,12,2073.2,172.76666666666665,0.0,0.0,0.08333333333333333,1.0,2073.2,1.7315281792791266,new,0.0,103.66,0.1,5,0.8726325916815785,1482.3399999999997,3901.7032467837116,3901.7032467837116,1482.3399999999997,3901.7032467837116,0
501139,CUST001139,2021,2021-06-22,2021-06-30,Condo,CA,C,90001,49.76,N,Basic,Masonry,Shingle,1617,2,37,1,51,0,D,Independent,2714.57,2718.46,190.02,325.75,194.16,392761,0.0,0,0.983,1.0,12,1,0,0,0.0497,New,0.0,1,1,Low,392761,1000,4,0,Debit Card,2,Aggregator,2,561610,41914,582,1,2,12,2714.57,226.21416666666667,0.0,0.0,0.08333333333333333,1.0,2714.57,1.3463825696023748,new,0.0,135.73,0.1,5,0.8167428973676932,2063.07,4606.251480166147,4606.251480166147,2063.07,4606.251480166147,0
501140,CUST001140,2021,2021-02-20,2021-12-31,Home,WA,B,98004,26.02,N,Standard,Masonry,Shingle,2193,2,29,1,41,0,C,Online,1680.58,1557.7,117.64,33.61,147.63,456046,0.0,0,0.95,1.0,12,0,0,0,0.0878,New,0.0,0,1,Middle,456046,500,4,0,Credit Card,3,Online Search,6,539633,60612,627,1,3,12,1680.58,140.04833333333332,0.0,0.0,0.0,1.0,1680.58,-0.8026646689793335,new,0.0,84.03,0.1,5,0.7276774883340218,1445.3,2466.878073220742,2466.878073220742,1445.3,2466.878073220742,0
501141,CUST001141,2021,2021-10-11,2022-08-31,Home,FL,D,33601,40.24,Y,Standard,Masonry,Metal,2027,2,26,1,44,1,C,Independent,2891.53,2731.87,245.78,346.98,202.12,448539,0.0,0,0.984,1.0,12,0,1,0,0.0916,New,0.0,1,1,Low,448539,1000,3,1,Credit Card,3,Aggregator,11,452422,31393,622,1,3,12,2891.53,240.96083333333334,0.0,0.08333333333333333,0.08333333333333333,1.0,2891.53,-0.43289550144313826,new,0.0,144.58,0.1,5,0.707753287510199,2154.19,3458.3283613985072,3458.3283613985072,2154.19,3458.3283613985072,0
501142,CUST001142,2021,2021-09-05,2022-04-30,Condo,TX,C,78701,34.89,N,Standard,Frame,Metal,1398,1,33,1,43,2,D,Online,690.75,677.9,48.35,13.82,103.08,146916,0.0,0,0.987,1.0,12,1,1,1,0.1429,New,0.0,1,1,Low,146916,2000,3,0,Credit Card,7,Agent Referral,1,173115,45779,608,1,7,12,690.75,57.5625,0.0,0.0,0.08333333333333333,1.0,690.75,-0.5793454787813836,new,0.0,34.54,0.1,5,0.7978977884211891,594.04,1253.898020498646,1253.898020498646,594.04,1253.898020498646,0
501143,CUST001143,2021,2021-04-08,2021-07-31,Home,TX,D,73301,23.87,Y,Basic,Masonry,Tile,2680,2,33,1,53,0,C,Online,1262.13,1173.38,88.35,25.24,128.8,304518,0.0,0,0.922,1.0,12,0,0,1,0.0884,New,0.0,0,1,Middle,304518,1000,4,0,Debit Card,5,Agent Referral,6,366717,54601,672,1,5,12,1262.13,105.17750000000001,0.0,0.0,0.0,1.0,1262.13,-1.572955888332837,new,0.0,63.11,0.1,5,0.7133318613751152,1085.4300000000003,1772.7782867958988,1772.7782867958988,1085.4300000000003,1772.7782867958988,0
501144,CUST001144,2021,2021-02-04,2021-06-30,Home,TX,A,77001,54.83,Y,Premium,Mixed,Shingle,1949,2,34,0,56,0,A,Direct,1293.85,1365.24,90.57,38.82,130.22,284866,0.0,0,1.027,1.0,12,0,0,0,0.063,New,0.0,0,1,Upper Middle,284866,1000,4,1,Credit Card,3,Online Search,1,268787,122233,737,1,3,12,1293.85,107.82083333333333,0.0,0.08333333333333333,0.0,1.0,1293.85,-2.196797130348095,new,0.0,64.69,0.1,5,0.7504073441720011,1099.77,2011.891767997202,2011.891767997202,1099.77,2011.891767997202,0
501145,CUST001145,2021,2021-09-20,2021-09-30,Condo,FL,B,33601,41.0,Y,Premium,Masonry,Metal,1257,1,14,0,57,0,C,Online,1810.09,1707.68,153.86,36.2,153.45,324155,0.0,0,0.941,1.0,12,1,0,0,0.0822,New,0.0,1,1,Low,324155,1000,4,0,Credit Card,3,Aggregator,4,303926,46364,641,1,3,12,1810.09,150.84083333333334,0.0,0.0,0.08333333333333333,1.0,1810.09,0.9612369599256232,new,0.0,90.5,0.1,5,0.7759255282567592,1529.53,3022.5820962574153,3022.5820962574153,1529.53,3022.5820962574153,0
501146,CUST001146,2021,2021-05-03,2021-07-31,Home,NY,D,11201,31.81,N,Standard,Frame,Metal,1646,3,58,0,49,0,B,Independent,2432.53,2319.79,170.28,291.9,181.46,711997,0.0,0,0.475,0.5,6,0,0,1,0.0924,New,0.0,1,1,Upper Middle,711997,2500,3,0,Debit Card,12,Email Campaign,15,860042,109525,684,1,12,6,2432.53,405.4216666666667,0.0,0.0,0.16666666666666666,1.0,2432.53,-3.863976947351374,new,0.0,121.63,0.1,5,0.8216174858216094,1848.7199999999998,4187.82726348134,4187.82726348134,1848.7199999999998,4187.82726348134,0
501147,CUST001147,2021,2021-08-04,2021-08-31,Home,FL,D,33601,29.26,N,Premium,Masonry,Metal,2626,2,32,0,54,0,A,Broker,2126.68,2116.22,180.77,319.0,167.7,524759,0.0,0,0.992,1.0,12,1,0,0,0.0909,New,0.0,1,1,Middle,524759,2000,4,0,Credit Card,1,Online Search,7,556497,67674,752,1,1,12,2126.68,177.22333333333333,0.0,0.0,0.08333333333333333,1.0,2126.68,1.7315281792791266,new,0.0,106.33,0.1,5,0.8295341050283258,1520.58,3526.2373201221094,3526.2373201221094,1520.58,3526.2373201221094,0
501148,CUST001148,2021,2021-04-03,2021-07-31,Condo,FL,A,33601,58.02,N,Standard,Frame,Metal,1697,1,29,0,70,1,D,Direct,2818.12,3024.59,239.54,84.54,198.82,331382,16337.36,1,1.037,1.0,12,0,1,1,0.1588,New,14497.36,0,1,Middle,331382,2000,4,0,Debit Card,6,Aggregator,6,394644,79097,596,1,6,12,2818.12,234.84333333333333,0.08333333333333333,0.0,0.0,1.0,2818.12,-1.9581014980095888,new,14497.36,140.91,0.1,5,0.4498080316818479,-12144.230000000003,-8305.419144883634,-8305.419144883634,-12144.230000000003,-8305.419144883634,0
501149,CUST001149,2021,2021-01-18,2021-09-30,Home,TX,C,77001,36.49,N,Standard,Mixed,Metal,2549,2,23,0,73,0,C,Independent,1411.78,1359.06,98.82,169.41,135.53,380312,8954.21,2,0.956,1.0,12,0,1,0,0.1334,New,4354.21,0,1,Upper Middle,380312,2500,4,0,Debit Card,0,Online Search,5,437586,98064,629,1,0,12,1411.78,117.64833333333333,0.16666666666666666,0.0,0.0,1.0,1411.78,0.3527721600509216,new,4354.21,70.59,0.1,5,0.35,-3281.2500000000005,-1526.2562948324596,-1526.2562948324596,-3281.2500000000005,-1526.2562948324596,0
501150,CUST001150,2021,2021-04-11,2021-04-30,Home,CA,A,92101,49.34,Y,Standard,Mixed,Metal,1347,2,30,1,66,0,C,Broker,3008.32,3138.97,210.58,451.25,207.37,531889,0.0,0,1.042,1.0,12,0,0,0,0.042,New,0.0,1,1,Upper Middle,531889,1000,5,0,Auto Debit,1,Aggregator,7,550230,112540,635,1,1,12,3008.32,250.69333333333336,0.0,0.0,0.08333333333333333,1.0,3008.32,1.7315281792791266,new,0.0,150.42,0.1,5,0.8751186141372489,2196.07,5822.413842225655,5822.413842225655,2196.07,5822.413842225655,1
501151,CUST001151,2021,2021-08-26,2022-03-31,Rental,FL,D,33601,55.78,Y,Basic,Frame,Shingle,1613,1,0,1,32,0,D,Independent,3183.93,3251.83,270.63,382.07,215.28,373750,0.0,0,1.027,1.0,12,1,0,0,0.0961,New,0.0,1,1,Middle,373750,2500,4,0,Auto Debit,0,Social Media,8,449462,63347,576,1,0,12,3183.93,265.3275,0.0,0.0,0.08333333333333333,1.0,3183.93,2.1166737889558784,new,0.0,159.2,0.1,5,0.8214024388114566,2372.0299999999997,5369.833043273877,5369.833043273877,2372.0299999999997,5369.833043273877,1
501152,CUST001152,2021,2021-08-09,2022-05-31,Rental,CA,D,90001,58.55,N,Standard,Frame,Shingle,1635,3,29,1,54,0,B,Online,2805.22,2626.0,196.37,56.1,198.23,538038,0.0,0,0.942,1.0,12,1,1,0,0.1385,New,0.0,1,1,Upper Middle,538038,2500,5,1,Credit Card,1,Social Media,6,608010,139953,728,1,1,12,2805.22,233.76833333333332,0.0,0.08333333333333333,0.08333333333333333,1.0,2805.22,0.33739571791036516,new,0.0,140.26,0.1,5,0.8781456474496256,2412.49,6452.9051803351185,6452.9051803351185,2412.49,6452.9051803351185,1
501153,CUST001153,2021,2021-10-05,2022-05-31,Home,CA,C,94105,39.88,Y,Basic,Masonry,Metal,1651,2,59,1,55,1,B,Direct,1987.65,2007.09,139.14,59.63,161.44,468282,0.0,0,1.009,1.0,12,0,0,0,0.0863,New,0.0,1,1,Upper Middle,468282,500,5,0,Debit Card,2,Social Media,2,590432,99543,698,1,2,12,1987.65,165.63750000000002,0.0,0.0,0.08333333333333333,1.0,1987.65,1.3463825696023748,new,0.0,99.38,0.1,5,0.8664364788277966,1689.5,4367.188723259618,4367.188723259618,1689.5,4367.188723259618,0
501154,CUST001154,2021,2021-04-21,2021-12-31,Home,CA,C,94105,36.03,N,Basic,Masonry,Metal,2594,2,32,0,39,1,A,Broker,2702.96,2591.57,189.21,405.44,193.63,767664,80943.31,1,0.969,1.0,12,0,1,0,0.0928,New,80023.31,0,1,High,767664,1000,3,0,Credit Card,0,Partner Referral,5,1110114,189885,745,1,0,12,2702.96,225.24666666666667,0.08333333333333333,0.0,0.0,1.0,2702.96,0.3527721600509216,new,80023.31,135.15,0.1,5,0.35,-78050.15,-36304.619504797774,-36304.619504797774,-78050.15,-36304.619504797774,0
501155,CUST001155,2021,2021-08-26,2021-11-30,Home,TX,A,73301,35.01,Y,Standard,Mixed,Shingle,1775,3,9,1,34,0,A,Broker,1042.69,1078.75,72.99,156.4,118.92,291127,0.0,0,1.022,1.0,12,1,0,0,0.0928,New,0.0,1,1,High,291127,5000,5,0,Credit Card,1,Online Search,1,305562,173685,740,1,1,12,1042.69,86.89083333333333,0.0,0.0,0.08333333333333333,1.0,1042.69,1.7315281792791266,new,0.0,52.13,0.1,5,0.8736538227678105,761.1700000000001,2009.4747093310875,2009.4747093310875,761.1700000000001,2009.4747093310875,0
501156,CUST001156,2021,2021-10-15,2022-07-31,Home,FL,A,33601,46.34,Y,Standard,Masonry,Tile,2543,2,13,1,69,0,C,Broker,4451.45,4035.86,378.37,667.72,272.32,602297,0.0,0,0.921,1.0,12,0,0,0,0.0654,New,0.0,1,1,Low,602297,1000,4,0,Auto Debit,0,Agent Referral,5,610520,29281,630,1,0,12,4451.45,370.95416666666665,0.0,0.0,0.08333333333333333,1.0,4451.45,2.1166737889558784,new,0.0,222.57,0.1,5,0.8631198023013706,3182.7899999999995,8147.734321464124,8147.734321464124,3182.7899999999995,8147.734321464124,1
501157,CUST001157,2021,2021-03-14,2021-11-30,Home,FL,D,33301,39.19,N,Basic,Masonry,Metal,1631,1,38,1,37,0,B,Independent,1492.22,1453.19,126.84,179.07,139.15,273304,0.0,0,0.973,1.0,12,0,1,0,0.0988,New,0.0,1,1,Middle,273304,500,5,0,Debit Card,1,Agent Referral,9,384809,70649,687,1,1,12,1492.22,124.35166666666667,0.0,0.0,0.08333333333333333,1.0,1492.22,1.7315281792791266,new,0.0,74.61,0.1,5,0.8608713472587303,1111.7000000000003,2827.2008134432726,2827.2008134432726,1111.7000000000003,2827.2008134432726,0
501158,CUST001158,2021,2021-10-27,2022-07-31,Rental,TX,C,79901,37.45,Y,Standard,Mixed,Shingle,2299,1,11,0,46,0,A,Online,1430.01,1389.9,100.1,28.6,136.35,375939,0.0,0,0.981,1.0,12,0,0,0,0.063,New,0.0,0,1,Upper Middle,375939,1000,4,0,Auto Debit,0,Agent Referral,8,382116,144305,734,1,0,12,1430.01,119.1675,0.0,0.0,0.0,1.0,1430.01,0.3527721600509216,new,0.0,71.5,0.1,5,0.5703095679202708,1229.8100000000002,1274.5136064164174,1274.5136064164174,1229.8100000000002,1274.5136064164174,0
501159,CUST001159,2021,2021-11-03,2021-12-31,Home,WA,D,98501,27.24,Y,Basic,Frame,Tile,2523,3,26,0,63,1,C,Independent,2399.74,2333.03,167.98,287.97,179.99,653371,0.0,0,0.962,1.0,12,0,1,0,0.1143,New,0.0,1,1,Upper Middle,653371,5000,4,0,Credit Card,1,Online Search,10,837240,137377,665,1,1,12,2399.74,199.97833333333332,0.0,0.0,0.08333333333333333,1.0,2399.74,1.7315281792791266,new,0.0,119.99,0.1,5,0.8573775181817739,1823.7999999999997,4590.907098254767,4590.907098254767,1823.7999999999997,4590.907098254767,0
501160,CUST001160,2021,2021-08-03,2022-06-30,Condo,CA,A,92101,50.38,N,Standard,Frame,Tile,1394,1,36,0,80,0,C,Broker,2082.55,1871.4,145.78,312.38,165.71,387147,0.0,0,0.939,1.0,12,1,1,0,0.1387,New,0.0,1,1,Low,387147,2000,5,0,Bank Transfer,0,Online Search,8,456809,33500,655,1,0,12,2082.55,173.54583333333335,0.0,0.0,0.08333333333333333,1.0,2082.55,2.1166737889558784,new,0.0,104.13,0.1,5,0.8768539426586411,1520.2600000000002,4051.0955751086126,4051.0955751086126,1520.2600000000002,4051.0955751086126,0
501161,CUST001161,2021,2021-01-14,2021-07-31,Home,FL,B,33301,59.61,N,Basic,Mixed,Tile,1982,2,32,1,60,1,C,Online,2274.85,2229.57,193.36,45.5,174.37,309763,0.0,0,1.003,1.0,12,0,0,0,0.1097,New,0.0,0,1,Middle,309763,5000,4,1,Auto Debit,1,Partner Referral,4,442774,51737,670,1,1,12,2274.85,189.57083333333333,0.0,0.08333333333333333,0.0,1.0,2274.85,-1.4265059109945915,new,0.0,113.74,0.1,5,0.7637594090367777,1922.2499999999998,3661.7386407732683,3661.7386407732683,1922.2499999999998,3661.7386407732683,0
501162,CUST001162,2021,2021-12-20,2022-05-31,Condo,TX,B,78701,42.13,N,Basic,Masonry,Shingle,1370,2,29,1,32,0,C,Independent,745.38,697.78,52.18,89.45,105.54,144207,6195.9,1,0.951,1.0,12,0,0,0,0.0567,New,5275.9,1,1,Middle,144207,1000,5,0,Credit Card,0,Email Campaign,5,201909,83357,668,1,0,12,745.38,62.115,0.08333333333333333,0.0,0.08333333333333333,1.0,745.38,2.1166737889558784,new,5275.9,37.27,0.1,5,0.7925255710069766,-4709.42,-9782.147388345356,-9782.147388345356,-4709.42,-9782.147388345356,0
501163,CUST001163,2021,2021-01-06,2021-11-30,Condo,CA,B,90001,41.92,N,Premium,Masonry,Shingle,1368,1,32,1,61,1,C,Independent,2798.0,2713.72,195.86,335.76,197.91,509438,0.0,0,1.015,1.0,12,0,1,1,0.1281,New,0.0,1,1,Middle,509438,2000,3,2,Auto Debit,7,Agent Referral,3,519335,56334,624,1,7,12,2798.0,233.16666666666666,0.0,0.16666666666666666,0.08333333333333333,1.0,2798.0,-3.367610401518906,new,0.0,139.9,0.1,5,0.7734095725611282,2126.48,4170.517412278341,4170.517412278341,2126.48,4170.517412278341,0
501164,CUST001164,2021,2021-03-17,2022-01-31,Rental,CA,C,94105,56.5,N,Premium,Masonry,Shingle,2124,1,26,1,46,1,C,Direct,5372.77,5308.29,376.09,161.18,313.77,950759,166944.1,2,0.979,1.0,12,0,1,0,0.1396,New,157744.1,0,1,Upper Middle,950759,5000,3,1,Debit Card,3,Agent Referral,1,973827,112730,671,1,3,12,5372.77,447.73083333333335,0.16666666666666666,0.08333333333333333,0.0,1.0,5372.77,-2.196797130348095,new,157744.1,268.64,0.1,5,0.35,-153177.24000000002,-71249.59292192379,-71249.59292192379,-153177.24000000002,-71249.59292192379,0
501165,CUST001165,2021,2021-04-20,2021-04-30,Home,CA,B,94105,43.43,N,Premium,Frame,Shingle,1799,3,31,1,53,0,B,Independent,3705.33,3613.02,259.37,444.64,238.74,809078,5355.73,1,0.98,1.0,12,0,1,0,0.1046,New,4435.73,1,1,Middle,809078,1000,4,1,Auto Debit,0,Aggregator,8,834981,88551,726,1,0,12,3705.33,308.7775,0.08333333333333333,0.08333333333333333,0.08333333333333333,1.0,3705.33,0.722541327587117,new,4435.73,185.27,0.1,5,0.6998419213333422,-1619.6799999999996,-2537.4005138256634,-2537.4005138256634,-1619.6799999999996,-2537.4005138256634,0
501166,CUST001166,2021,2021-12-13,2021-12-31,Home,NY,A,10001,53.76,N,Standard,Frame,Shingle,2420,2,41,0,43,0,A,Online,3811.74,3971.58,266.82,76.23,243.53,1066763,0.0,0,1.05,1.0,12,0,0,0,0.1156,New,0.0,0,1,High,1066763,5000,3,0,Auto Debit,1,Social Media,7,1214155,189109,792,1,1,12,3811.74,317.645,0.0,0.0,0.0,1.0,3811.74,-0.03237344962583011,new,0.0,190.59,0.1,5,0.5185561334360053,3278.0999999999995,2855.482390172027,2855.482390172027,3278.0999999999995,2855.482390172027,0
501167,CUST001167,2021,2021-07-01,2021-10-31,Home,WA,A,98501,36.08,N,Standard,Frame,Metal,1626,1,29,1,35,0,D,Online,2078.43,2013.16,145.49,41.57,165.53,442451,0.0,0,0.97,1.0,12,1,0,0,0.0602,New,0.0,1,1,Low,442451,1500,4,0,Credit Card,1,Aggregator,9,581231,40329,567,1,1,12,2078.43,173.2025,0.0,0.0,0.08333333333333333,1.0,2078.43,1.7315281792791266,new,0.0,103.92,0.1,5,0.8330399429162483,1787.4499999999998,4188.30410875279,4188.30410875279,1787.4499999999998,4188.30410875279,0
501168,CUST001168,2021,2021-10-07,2022-08-31,Home,CA,D,94105,61.63,N,Basic,Frame,Shingle,2292,1,53,0,62,2,B,Independent,4111.29,4129.36,287.79,493.36,257.01,649931,0.0,0,0.977,1.0,12,0,1,0,0.1223,New,0.0,1,1,Middle,649931,5000,4,0,Credit Card,0,Partner Referral,8,904263,87156,712,1,0,12,4111.29,342.6075,0.0,0.0,0.08333333333333333,1.0,4111.29,2.1166737889558784,new,0.0,205.56,0.1,5,0.8387562404440371,3124.58,7446.048953986894,7446.048953986894,3124.58,7446.048953986894,1
501169,CUST001169,2021,2021-05-19,2022-03-31,Condo,CA,C,94105,52.08,N,Standard,Frame,Shingle,1466,1,14,1,41,0,B,Online,2538.17,2564.61,177.67,50.76,186.22,507373,0.0,0,1.038,1.0,12,0,0,0,0.0948,New,0.0,1,1,Middle,507373,2000,5,0,Bank Transfer,2,Online Search,6,612678,54722,685,1,2,12,2538.17,211.51416666666668,0.0,0.0,0.08333333333333333,1.0,2538.17,1.3463825696023748,new,0.0,126.91,0.1,5,0.8820421114568017,2182.83,5905.249220645045,5905.249220645045,2182.83,5905.249220645045,1
501170,CUST001170,2021,2021-10-19,2022-06-30,Home,CA,C,95814,56.92,Y,Standard,Mixed,Shingle,1540,1,25,0,48,0,C,Online,4431.24,4420.8,310.19,88.62,271.41,697831,48331.77,1,0.509,0.5,6,0,0,0,0.0789,New,47411.77,0,1,Middle,697831,1000,3,0,Bank Transfer,0,Aggregator,4,712234,62398,676,1,0,6,4431.24,738.54,0.16666666666666666,0.0,0.0,1.0,4431.24,-2.7700328890402672,new,47411.77,221.56,0.1,5,0.4592009272272757,-43600.9,-30848.57838482231,-30848.57838482231,-43600.9,-30848.57838482231,0
501171,CUST001171,2021,2021-09-10,2021-12-31,Rental,FL,D,33601,64.18,Y,Basic,Frame,Tile,1708,1,32,1,31,0,B,Independent,2500.04,2456.35,212.5,300.0,184.5,327013,0.0,0,0.5,0.5,6,1,0,0,0.0702,New,0.0,1,1,Middle,327013,2500,5,0,Bank Transfer,0,Social Media,8,415359,73748,692,1,0,6,2500.04,416.67333333333335,0.0,0.0,0.16666666666666666,1.0,2500.04,0.7577703687696461,new,0.0,125.0,0.1,5,0.8279652206975793,1862.54,4299.238701672805,4299.238701672805,1862.54,4299.238701672805,0
501172,CUST001172,2021,2021-12-25,2022-08-31,Condo,FL,A,32801,58.61,N,Standard,Mixed,Tile,1256,1,34,0,60,0,A,Broker,1413.42,1462.14,120.14,212.01,135.6,233807,0.0,0,1.05,1.0,12,0,0,1,0.0519,New,0.0,1,1,Upper Middle,233807,1000,4,1,Auto Debit,5,Agent Referral,5,291240,110776,790,1,5,12,1413.42,117.78500000000001,0.0,0.08333333333333333,0.08333333333333333,1.0,1413.42,-1.2031867207966416,new,0.0,70.67,0.1,5,0.7927781107177169,1010.6,2100.750414928106,2100.750414928106,1010.6,2100.750414928106,0
501173,CUST001173,2021,2021-11-25,2021-11-30,Rental,CA,B,92101,36.18,Y,Basic,Masonry,Shingle,2455,2,22,1,49,0,C,Independent,4417.37,4442.24,309.22,530.08,270.78,816753,0.0,0,0.988,1.0,12,0,0,0,0.0599,New,0.0,1,1,Upper Middle,816753,1000,5,0,Credit Card,3,Social Media,7,959930,94472,662,1,3,12,4417.37,368.1141666666667,0.0,0.0,0.08333333333333333,1.0,4417.37,0.9612369599256232,new,0.0,220.87,0.1,5,0.8449732816508277,3357.2,8148.328856535141,8148.328856535141,3357.2,8148.328856535141,1
501174,CUST001174,2021,2021-05-18,2021-07-31,Rental,FL,A,33301,50.93,Y,Basic,Masonry,Metal,2043,1,30,0,52,0,C,Broker,2410.54,2124.87,204.9,361.58,180.47,347859,0.0,0,0.882,1.0,12,0,1,0,0.1234,New,0.0,1,1,Middle,347859,2500,5,0,Auto Debit,2,Social Media,10,438668,79051,624,1,2,12,2410.54,200.87833333333333,0.0,0.0,0.08333333333333333,1.0,2410.54,1.3463825696023748,new,0.0,120.53,0.1,5,0.8975221101770651,1723.53,4877.081962839053,4877.081962839053,1723.53,4877.081962839053,0
501175,CUST001175,2021,2021-08-22,2021-12-31,Home,WA,A,98101,37.06,N,Standard,Masonry,Tile,2392,1,49,1,23,0,D,Online,2691.7,2557.0,188.42,53.83,193.13,645630,85814.61,3,0.977,1.0,12,1,1,0,0.1317,New,80294.61,0,1,Middle,645630,2000,4,0,Credit Card,1,Agent Referral,2,730494,74209,616,1,1,12,2691.7,224.3083333333333,0.25,0.0,0.0,1.0,2691.7,-0.03237344962583011,new,80294.61,134.58,0.1,5,0.35,-77979.74,-36271.86866115003,-36271.86866115003,-77979.74,-36271.86866115003,0
501176,CUST001176,2021,2021-09-10,2022-02-28,Home,FL,D,33101,50.0,N,Standard,Mixed,Shingle,1497,1,13,0,54,0,A,Independent,1875.95,1805.86,159.46,225.11,156.42,318967,0.0,0,0.953,1.0,12,1,0,0,0.0629,New,0.0,1,1,High,318967,500,4,1,Credit Card,1,Partner Referral,5,364123,176140,771,1,1,12,1875.95,156.32916666666668,0.0,0.08333333333333333,0.08333333333333333,1.0,1875.95,0.33739571791036516,new,0.0,93.8,0.1,5,0.89061164768838,1397.5800000000002,3876.269146804471,3876.269146804471,1397.5800000000002,3876.269146804471,0
501177,CUST001177,2021,2021-02-08,2021-08-31,Home,CA,B,90001,50.29,Y,Standard,Mixed,Metal,1907,2,60,1,29,1,B,Broker,3900.41,3612.01,273.03,585.06,247.52,772169,0.0,0,0.911,1.0,12,0,0,0,0.0838,New,0.0,1,1,Upper Middle,772169,2500,5,0,Auto Debit,0,Agent Referral,11,798654,110259,720,1,0,12,3900.41,325.03416666666664,0.0,0.0,0.08333333333333333,1.0,3900.41,2.1166737889558784,new,0.0,195.02,0.1,5,0.8420670215794971,2847.3,6851.83370371117,6851.83370371117,2847.3,6851.83370371117,1
501178,CUST001178,2021,2021-09-20,2021-10-31,Home,CA,A,95814,47.3,N,Basic,Mixed,Tile,2070,2,18,1,43,0,B,Broker,2466.63,2467.54,172.66,369.99,183.0,574787,0.0,0,0.979,1.0,12,1,1,0,0.1049,New,0.0,1,1,Middle,574787,1500,5,0,Credit Card,0,Agent Referral,1,808619,75561,696,1,0,12,2466.63,205.5525,0.0,0.0,0.08333333333333333,1.0,2466.63,2.1166737889558784,new,0.0,123.33,0.1,5,0.8782344034283407,1800.6500000000003,4817.607316815149,4817.607316815149,1800.6500000000003,4817.607316815149,0
501179,CUST001179,2021,2021-02-24,2021-04-30,Home,NY,D,10001,20.2,Y,Basic,Frame,Tile,1220,2,26,0,68,0,A,Online,1153.77,1170.16,80.76,23.08,123.92,433732,0.0,0,0.995,1.0,12,0,1,0,0.1075,New,0.0,0,1,Middle,433732,500,4,0,Credit Card,4,Agent Referral,8,530443,51454,769,1,4,12,1153.77,96.1475,0.0,0.0,0.0,1.0,1153.77,-1.1878102786560851,new,0.0,57.69,0.1,5,0.48841551990411863,992.24,778.7344069168265,778.7344069168265,992.24,778.7344069168265,0
501180,CUST001180,2021,2021-05-13,2021-06-30,Home,NY,D,12207,12.72,N,Basic,Masonry,Metal,2634,2,19,1,46,0,C,Online,2899.42,2998.51,202.96,57.99,202.47,903872,0.0,0,1.05,1.0,12,0,0,0,0.108,New,0.0,1,1,Middle,903872,2000,5,0,Credit Card,0,Agent Referral,9,1295871,77801,638,1,0,12,2899.42,241.61833333333334,0.0,0.0,0.08333333333333333,1.0,2899.42,2.1166737889558784,new,0.0,144.97,0.1,5,0.9325616055693952,2493.5000000000005,7805.613429807025,7805.613429807025,2493.5000000000005,7805.613429807025,1
501181,CUST001181,2021,2021-10-01,2022-01-31,Home,TX,C,79901,35.25,N,Basic,Frame,Tile,1391,1,21,0,70,0,B,Broker,637.52,627.43,44.63,95.63,100.69,176002,0.0,0,1.002,1.0,12,0,0,0,0.0495,New,0.0,1,1,Middle,176002,1000,4,1,Auto Debit,0,Aggregator,5,238367,61025,729,1,0,12,637.52,53.126666666666665,0.0,0.08333333333333333,0.08333333333333333,1.0,637.52,0.722541327587117,new,0.0,31.88,0.1,5,0.7413064947641489,465.38,828.1012023994097,828.1012023994097,465.38,828.1012023994097,0
501182,CUST001182,2021,2021-07-27,2021-09-30,Rental,NY,C,10001,19.49,Y,Standard,Masonry,Tile,2120,1,12,1,31,0,B,Direct,3189.61,3079.86,223.27,95.69,215.53,1117274,0.0,0,0.959,1.0,12,1,1,0,0.1442,New,0.0,1,1,High,1117274,2000,4,0,Debit Card,0,Aggregator,6,1130733,155259,715,1,0,12,3189.61,265.80083333333334,0.0,0.0,0.08333333333333333,1.0,3189.61,2.1166737889558784,new,0.0,159.48,0.1,5,0.7359914227490278,2711.17,4746.680822699463,4746.680822699463,2711.17,4746.680822699463,0
501183,CUST001183,2021,2021-06-15,2021-08-31,Home,FL,C,33601,54.59,N,Standard,Mixed,Shingle,1114,2,29,0,61,0,C,Direct,1625.14,1633.68,138.14,48.75,145.13,221479,0.0,0,0.972,1.0,12,1,0,1,0.1173,New,0.0,1,1,High,221479,2500,4,0,Credit Card,5,Agent Referral,3,261916,181111,678,1,5,12,1625.14,135.42833333333334,0.0,0.0,0.08333333333333333,1.0,1625.14,0.19094574057211977,new,0.0,81.26,0.1,5,0.8170995645450775,1356.99,3032.9863056551035,3032.9863056551035,1356.99,3032.9863056551035,0
501184,CUST001184,2021,2021-09-13,2021-12-31,Home,CA,D,90001,30.19,Y,Basic,Mixed,Tile,2380,1,12,0,38,0,B,Direct,2973.73,2884.08,208.16,89.21,205.82,774823,0.0,0,0.499,0.5,6,1,0,0,0.0879,New,0.0,0,1,Middle,774823,1000,5,0,Auto Debit,1,Online Search,2,984550,88054,693,1,1,6,2973.73,495.62166666666667,0.0,0.0,0.0,1.0,2973.73,-3.155178498717019,new,0.0,148.69,0.1,5,0.5578439401175276,2527.67,2513.57225110663,2513.57225110663,2527.67,2513.57225110663,0
501185,CUST001185,2021,2021-10-16,2022-01-31,Home,NY,C,14604,35.24,Y,Standard,Mixed,Shingle,1759,1,26,1,39,0,C,Broker,3146.23,3080.69,220.24,471.93,213.58,729571,0.0,0,0.974,1.0,12,0,1,0,0.1007,New,0.0,1,1,Upper Middle,729571,1000,4,0,Debit Card,1,Aggregator,3,763243,110690,674,1,1,12,3146.23,262.18583333333333,0.0,0.0,0.08333333333333333,1.0,3146.23,1.7315281792791266,new,0.0,157.31,0.1,5,0.8262585689482973,2296.75,5274.789859304236,5274.789859304236,2296.75,5274.789859304236,1
501186,CUST001186,2021,2021-08-20,2021-09-30,Home,TX,B,78701,45.54,N,Basic,Mixed,Shingle,2103,2,36,0,44,0,C,Broker,1231.01,1172.37,86.17,184.65,127.4,227713,2908.73,1,0.952,1.0,12,1,0,1,0.0542,New,1988.73,1,1,Upper Middle,227713,1000,3,1,Auto Debit,4,Partner Referral,7,317599,110036,647,1,4,12,1231.01,102.58416666666666,0.08333333333333333,0.08333333333333333,0.08333333333333333,1.0,1231.01,-0.81804111111989,new,1988.73,61.55,0.1,5,0.6638049761730491,-1090.09,-1526.1492647754872,-1526.1492647754872,-1090.09,-1526.1492647754872,0
501187,CUST001187,2021,2021-06-02,2022-01-31,Home,TX,B,78701,37.39,Y,Premium,Mixed,Shingle,1318,2,35,0,63,0,A,Independent,933.95,890.76,65.38,112.07,114.03,234393,0.0,0,0.967,1.0,12,1,0,0,0.0584,New,0.0,1,1,High,234393,500,4,1,Credit Card,2,Email Campaign,12,205866,158175,758,1,2,12,933.95,77.82916666666667,0.0,0.08333333333333333,0.08333333333333333,1.0,933.95,-0.047749891766386554,new,0.0,46.7,0.1,5,0.7975304017986645,709.8,1496.5995056723534,1496.5995056723534,709.8,1496.5995056723534,0
501188,CUST001188,2021,2021-08-06,2022-03-31,Condo,FL,A,33301,62.06,N,Standard,Frame,Tile,1183,2,4,1,40,2,D,Direct,1758.54,1570.59,149.48,52.76,151.13,206475,0.0,0,0.885,1.0,12,1,0,1,0.1094,New,0.0,0,1,Low,206475,2000,3,0,Credit Card,3,Online Search,3,237916,26554,586,1,3,12,1758.54,146.545,0.0,0.0,0.0,1.0,1758.54,-0.8026646689793335,new,0.0,87.93,0.1,5,0.35,1468.37,683.0046341007661,683.0046341007661,1468.37,683.0046341007661,0
501189,CUST001189,2021,2021-04-25,2021-05-31,Condo,CA,D,92101,42.9,N,Premium,Frame,Shingle,1580,1,24,0,67,0,A,Independent,2372.26,2505.91,166.06,284.67,178.75,538794,30238.93,1,1.05,1.0,12,0,1,0,0.0922,New,29318.93,1,1,High,538794,1000,4,2,Debit Card,4,Social Media,9,587399,164709,771,1,4,12,2372.26,197.68833333333336,0.08333333333333333,0.16666666666666666,0.08333333333333333,1.0,2372.26,-2.212173572488651,new,29318.93,118.61,0.1,5,0.8816644637688533,-27516.01,-74357.76930161567,-74357.76930161567,-27516.01,-74357.76930161567,0
501190,CUST001190,2021,2021-12-27,2022-01-31,Home,FL,A,33301,52.92,N,Basic,Masonry,Metal,1639,1,3,1,32,0,A,Independent,1555.22,1497.51,132.19,186.63,141.99,312278,0.0,0,0.962,1.0,12,0,0,0,0.0474,New,0.0,0,1,Upper Middle,312278,500,4,0,Debit Card,3,Aggregator,7,434126,101130,744,1,3,12,1555.22,129.60166666666666,0.0,0.0,0.0,1.0,1555.22,-0.8026646689793335,new,0.0,77.76,0.1,5,0.7250338883292722,1158.64,1961.6406834478046,1961.6406834478046,1158.64,1961.6406834478046,0
501191,CUST001191,2021,2021-02-17,2021-07-31,Home,WA,A,98101,39.73,N,Standard,Frame,Shingle,2190,2,24,1,40,0,D,Independent,3084.63,2841.51,215.92,370.16,210.81,613324,18943.9,1,0.943,1.0,12,0,0,1,0.0912,New,14343.9,0,1,Middle,613324,5000,3,3,Auto Debit,2,Agent Referral,5,710131,52213,609,1,2,12,3084.63,257.0525,0.08333333333333333,0.25,0.0,1.0,3084.63,-4.599916443408866,new,14343.9,154.23,0.1,5,0.5034566285292184,-11999.58,-9923.73140601053,-9923.73140601053,-11999.58,-9923.73140601053,0
501192,CUST001192,2021,2021-08-06,2021-08-31,Home,FL,B,32801,51.44,Y,Basic,Mixed,Metal,2136,2,23,0,52,0,A,Independent,2005.98,2040.36,170.51,240.72,162.27,406815,0.0,0,0.988,1.0,12,1,1,0,0.0916,New,0.0,1,1,Upper Middle,406815,1000,4,0,Auto Debit,1,Agent Referral,12,499340,108549,798,1,1,12,2005.98,167.165,0.0,0.0,0.08333333333333333,1.0,2005.98,1.7315281792791266,new,0.0,100.3,0.1,5,0.8723707242516695,1494.45,3930.5723793087504,3930.5723793087504,1494.45,3930.5723793087504,0
501193,CUST001193,2021,2021-09-27,2022-06-30,Home,FL,D,32801,36.42,N,Standard,Masonry,Tile,1226,2,50,1,41,0,C,Direct,1472.06,1289.56,125.13,44.16,138.24,238039,0.0,0,0.896,1.0,12,1,0,0,0.0839,New,0.0,1,1,Middle,238039,1000,3,1,Bank Transfer,2,Online Search,7,271438,63113,636,1,2,12,1472.06,122.67166666666667,0.0,0.08333333333333333,0.08333333333333333,1.0,1472.06,-0.047749891766386554,new,0.0,73.6,0.1,5,0.7210742973688927,1229.1699999999998,2055.918757941836,2055.918757941836,1229.1699999999998,2055.918757941836,0
501194,CUST001194,2021,2021-11-15,2022-02-28,Home,NY,A,14604,29.73,N,Basic,Masonry,Shingle,1634,3,19,1,46,0,C,Independent,2422.95,2327.34,169.61,290.75,181.03,633577,0.0,0,0.488,0.5,6,0,1,0,0.1068,New,0.0,1,1,Upper Middle,633577,1000,5,0,Debit Card,0,Agent Referral,12,858458,95020,620,1,0,6,2422.95,403.825,0.0,0.0,0.16666666666666666,1.0,2422.95,0.7577703687696461,new,0.0,121.15,0.1,5,0.8841726151686863,1841.4399999999996,5012.660031168643,5012.660031168643,1841.4399999999996,5012.660031168643,0
501195,CUST001195,2021,2021-02-03,2021-08-31,Home,WA,C,98004,25.9,N,Standard,Frame,Tile,2320,1,36,0,49,1,B,Independent,2223.87,2031.52,155.67,266.86,172.07,716851,0.0,0,0.94,1.0,12,0,1,1,0.0905,New,0.0,1,1,Upper Middle,716851,500,4,0,Auto Debit,4,Agent Referral,11,842781,108239,694,1,4,12,2223.87,185.3225,0.0,0.0,0.08333333333333333,1.0,2223.87,0.5760913502488715,new,0.0,111.19,0.1,5,0.8683915647476671,1690.1499999999996,4393.914070575187,4393.914070575187,1690.1499999999996,4393.914070575187,0
501196,CUST001196,2021,2021-10-05,2022-05-31,Condo,NY,B,11201,26.46,Y,Standard,Mixed,Metal,1517,2,39,1,37,0,C,Independent,2524.65,2459.73,176.73,302.96,185.61,620802,57041.66,1,0.964,1.0,12,0,0,0,0.0632,New,56581.66,1,1,Middle,620802,500,3,1,Bank Transfer,1,Email Campaign,10,673526,56609,650,1,1,12,2524.65,210.38750000000002,0.08333333333333333,0.08333333333333333,0.08333333333333333,1.0,2524.65,0.33739571791036516,new,56581.66,126.23,0.1,5,0.3772622331159545,-54662.93000000001,-28398.13211429075,-28398.13211429075,-54662.93000000001,-28398.13211429075,0
501197,CUST001197,2021,2021-04-16,2021-11-30,Condo,CA,D,95814,48.91,N,Premium,Frame,Tile,1641,2,41,1,26,0,B,Independent,2512.04,2586.36,175.84,301.44,185.04,599480,0.0,0,1.024,1.0,12,0,1,0,0.1266,New,0.0,0,1,Upper Middle,599480,2000,4,0,Auto Debit,2,Agent Referral,14,618537,112012,693,1,2,12,2512.04,209.33666666666667,0.0,0.0,0.0,1.0,2512.04,-0.4175190593025818,new,0.0,125.6,0.1,5,0.7306497311247232,1909.1599999999999,3288.395366769865,3288.395366769865,1909.1599999999999,3288.395366769865,0
501198,CUST001198,2021,2021-05-04,2021-11-30,Home,NY,A,11201,35.31,N,Standard,Mixed,Shingle,2484,1,32,1,35,1,A,Broker,3327.61,3139.12,232.93,499.14,221.74,1010456,0.0,0,0.974,1.0,12,0,1,0,0.0817,New,0.0,0,1,High,1010456,1000,4,1,Auto Debit,0,Online Search,8,1177849,165686,754,1,0,12,3327.61,277.30083333333334,0.0,0.08333333333333333,0.0,1.0,3327.61,-1.0413603013178399,new,0.0,166.38,0.1,5,0.793828934983666,2429.1600000000003,5065.442752236251,5065.442752236251,2429.1600000000003,5065.442752236251,0
501199,CUST001199,2021,2021-01-11,2021-05-31,Condo,CA,A,92101,40.91,Y,Standard,Mixed,Metal,1457,1,12,1,40,0,C,Broker,2788.74,2699.4,195.21,418.31,197.49,559058,0.0,0,0.955,1.0,12,0,0,0,0.0546,New,0.0,1,1,Middle,559058,500,4,0,Credit Card,2,Aggregator,7,571009,85868,671,1,2,12,2788.74,232.39499999999998,0.0,0.0,0.08333333333333333,1.0,2788.74,1.3463825696023748,new,0.0,139.44,0.1,5,0.8350908952487164,2035.7799999999997,4799.174904675188,4799.174904675188,2035.7799999999997,4799.174904675188,0
501200,CUST001200,2021,2021-07-04,2021-08-31,Home,FL,B,33101,38.02,N,Basic,Masonry,Metal,850,1,30,1,70,1,D,Direct,1215.01,1130.4,103.28,36.45,126.68,154304,0.0,0,0.904,1.0,12,1,0,0,0.07,New,0.0,1,1,Middle,154304,500,4,0,Bank Transfer,0,Social Media,5,211612,52378,529,1,0,12,1215.01,101.25083333333333,0.0,0.0,0.08333333333333333,1.0,1215.01,2.1166737889558784,new,0.0,60.75,0.1,5,0.701680986826758,1014.53,1598.442243769007,1598.442243769007,1014.53,1598.442243769007,0
501201,CUST001201,2021,2021-01-22,2021-02-28,Rental,NY,A,11201,50.53,N,Standard,Mixed,Shingle,1836,1,20,0,58,0,B,Broker,3062.84,2778.98,214.4,459.43,209.83,712098,38151.45,2,0.47,0.5,6,0,0,0,0.0434,New,36311.45,0,1,Middle,712098,1000,3,0,Auto Debit,0,Agent Referral,4,849813,70755,690,1,0,6,3062.84,510.47333333333336,0.3333333333333333,0.0,0.0,1.0,3062.84,-2.7700328890402672,new,36311.45,153.14,0.1,5,0.35,-34075.58,-15850.078011449012,-15850.078011449012,-34075.58,-15850.078011449012,0
501202,CUST001202,2021,2021-08-23,2022-05-31,Rental,FL,B,32801,51.71,N,Standard,Mixed,Shingle,1867,2,14,0,57,0,B,Independent,2861.65,3247.97,243.24,343.4,200.77,379187,64224.8,2,0.551,0.5,6,1,1,0,0.1012,New,62384.8,1,1,Upper Middle,379187,1000,3,0,Credit Card,1,Agent Referral,11,464480,96108,710,1,1,6,2861.65,476.94166666666666,0.3333333333333333,0.0,0.16666666666666666,1.0,2861.65,0.3726247590928944,new,62384.8,143.08,0.1,5,0.5344784027373674,-60252.87,-55403.18822599747,-55403.18822599747,-60252.87,-55403.18822599747,0
501203,CUST001203,2021,2021-01-16,2021-08-31,Home,FL,D,33601,41.9,N,Standard,Mixed,Metal,2890,2,24,0,43,0,C,Online,3225.73,2794.66,274.19,64.51,217.16,542060,0.0,0,0.865,1.0,12,0,1,0,0.1155,New,0.0,1,1,Upper Middle,542060,1000,3,1,Debit Card,2,Online Search,1,636059,92427,677,1,2,12,3225.73,268.81083333333333,0.0,0.08333333333333333,0.08333333333333333,1.0,3225.73,-0.047749891766386554,new,0.0,161.29,0.1,5,0.7604560889042499,2725.74,5140.691868581004,5140.691868581004,2725.74,5140.691868581004,0
501204,CUST001204,2021,2021-03-26,2022-01-31,Home,CA,C,92101,42.96,Y,Basic,Mixed,Shingle,1800,2,20,1,39,1,D,Online,3864.71,3828.65,270.53,77.29,245.91,560401,54471.55,2,0.979,1.0,12,0,0,1,0.0636,New,52631.55,0,1,Middle,560401,1000,3,0,Credit Card,9,Social Media,2,725976,76383,612,1,9,12,3864.71,322.05916666666667,0.16666666666666666,0.0,0.0,1.0,3864.71,-3.113538327039844,new,52631.55,193.24,0.1,5,0.39853485193098787,-49307.9,-27839.22071268794,-27839.22071268794,-49307.9,-27839.22071268794,0
501205,CUST001205,2021,2021-06-24,2021-08-31,Home,TX,B,79901,22.13,N,Basic,Masonry,Tile,2069,2,1,1,42,0,A,Direct,634.2,606.18,44.39,19.03,100.54,242602,0.0,0,0.957,1.0,12,1,0,0,0.1007,New,0.0,0,1,Upper Middle,242602,2500,5,0,Debit Card,1,Agent Referral,6,340401,109869,762,1,1,12,634.2,52.85,0.0,0.0,0.0,1.0,634.2,-0.03237344962583011,new,0.0,31.71,0.1,5,0.4414716238870265,539.07,357.62486904046284,357.62486904046284,539.07,357.62486904046284,0
501206,CUST001206,2021,2021-07-21,2021-07-31,Home,WA,C,98101,30.06,Y,Basic,Masonry,Metal,1611,3,29,1,49,1,B,Independent,1398.99,1324.53,97.93,167.88,134.95,447832,0.0,0,0.978,1.0,12,1,1,0,0.0847,New,0.0,0,1,Upper Middle,447832,1000,5,0,Credit Card,0,Online Search,6,529405,95803,688,1,0,12,1398.99,116.5825,0.0,0.0,0.0,1.0,1398.99,0.3527721600509216,new,0.0,69.95,0.1,5,0.8528225000972341,1063.2299999999998,2640.8431453977264,2640.8431453977264,1063.2299999999998,2640.8431453977264,0
501207,CUST001207,2021,2021-09-26,2022-01-31,Home,WA,C,99201,16.41,Y,Basic,Masonry,Tile,1710,2,21,1,47,1,A,Independent,1172.94,1142.81,82.11,140.75,124.78,420554,0.0,0,0.981,1.0,12,1,0,0,0.0632,New,0.0,1,1,Upper Middle,420554,500,5,0,Debit Card,1,Social Media,6,549095,113211,741,1,1,12,1172.94,97.745,0.0,0.0,0.08333333333333333,1.0,1172.94,1.7315281792791266,new,0.0,58.65,0.1,5,0.8659505685301029,891.4300000000002,2300.9849328973287,2300.9849328973287,891.4300000000002,2300.9849328973287,0
501208,CUST001208,2021,2021-07-04,2022-05-31,Home,WA,C,99201,26.67,N,Standard,Frame,Metal,2012,2,43,1,41,1,D,Independent,2996.85,3089.71,209.78,359.62,206.86,656237,0.0,0,1.05,1.0,12,1,0,0,0.0553,New,0.0,1,1,Middle,656237,500,4,0,Debit Card,0,Partner Referral,12,761650,63446,611,1,0,12,2996.85,249.73749999999998,0.0,0.0,0.08333333333333333,1.0,2996.85,2.1166737889558784,new,0.0,149.84,0.1,5,0.8212509972577319,2277.6099999999997,5153.768114369179,5153.768114369179,2277.6099999999997,5153.768114369179,0
501209,CUST001209,2021,2021-05-19,2022-01-31,Rental,WA,C,98101,22.34,Y,Standard,Masonry,Tile,1378,2,31,0,52,0,C,Independent,1619.09,1589.47,113.34,194.29,144.86,456702,0.0,0,0.989,1.0,12,0,0,1,0.0884,New,0.0,1,1,High,456702,2500,5,1,Credit Card,6,Online Search,9,461766,164994,673,1,6,12,1619.09,134.92416666666665,0.0,0.08333333333333333,0.08333333333333333,1.0,1619.09,-1.5883323304733934,new,0.0,80.95,0.1,5,0.8937845145801129,1230.51,3444.4587075245836,3444.4587075245836,1230.51,3444.4587075245836,0
501210,CUST001210,2021,2021-12-09,2022-06-30,Home,CA,B,90001,52.99,N,Standard,Mixed,Shingle,1815,1,31,0,64,0,C,Broker,3844.13,3725.3,269.09,576.62,244.99,623334,0.0,0,0.966,1.0,12,0,0,0,0.0647,New,0.0,1,1,Middle,623334,500,4,0,Auto Debit,0,Online Search,5,727724,84329,665,1,0,12,3844.13,320.3441666666667,0.0,0.0,0.08333333333333333,1.0,3844.13,2.1166737889558784,new,0.0,192.21,0.1,5,0.8350908952487164,2806.21,6615.396854890294,6615.396854890294,2806.21,6615.396854890294,1
501211,CUST001211,2021,2021-05-06,2022-02-28,Home,WA,B,98501,19.47,Y,Premium,Frame,Tile,2740,2,0,0,54,1,A,Direct,2533.88,2409.52,177.37,76.02,186.02,1075931,0.0,0,0.977,1.0,12,0,0,0,0.0789,New,0.0,0,1,Low,1075931,500,4,0,Auto Debit,0,Online Search,7,989614,47658,755,1,0,12,2533.88,211.15666666666667,0.0,0.0,0.0,1.0,2533.88,0.3527721600509216,new,0.0,126.69,0.1,5,0.5734023155205428,2153.8,2254.967259969072,2254.967259969072,2153.8,2254.967259969072,0
501212,CUST001212,2021,2021-10-13,2021-10-31,Rental,WA,B,98501,31.4,Y,Standard,Mixed,Shingle,1948,1,22,1,33,0,D,Broker,2810.76,2741.25,196.75,421.61,198.48,584718,0.0,0,0.993,1.0,12,0,1,0,0.1153,New,0.0,1,1,Upper Middle,584718,2000,3,1,Auto Debit,0,Online Search,11,626965,94198,616,1,0,12,2810.76,234.23000000000002,0.0,0.08333333333333333,0.08333333333333333,1.0,2810.76,0.722541327587117,new,0.0,140.54,0.1,5,0.7866661652172806,2051.86,4187.815642127079,4187.815642127079,2051.86,4187.815642127079,0
501213,CUST001213,2021,2021-08-24,2021-08-31,Home,NY,C,12207,35.32,Y,Standard,Mixed,Tile,2050,2,32,1,36,0,A,Broker,2951.55,2531.56,206.61,442.73,204.82,938970,46082.55,2,0.869,1.0,12,1,1,0,0.0886,New,44242.55,1,1,Middle,938970,1000,3,1,Auto Debit,0,Partner Referral,5,987655,65682,768,1,0,12,2951.55,245.9625,0.16666666666666666,0.08333333333333333,0.08333333333333333,1.0,2951.55,0.722541327587117,new,44242.55,147.58,0.1,5,0.6153039310591006,-42087.920000000006,-50503.153458188805,-50503.153458188805,-42087.920000000006,-50503.153458188805,0
501214,CUST001214,2021,2021-07-05,2022-04-30,Condo,NY,D,11201,27.0,Y,Basic,Frame,Shingle,1299,1,15,1,32,0,C,Direct,1760.15,1836.74,123.21,52.8,151.21,490788,0.0,0,1.036,1.0,12,1,1,0,0.117,New,0.0,1,1,Low,490788,500,5,0,Bank Transfer,3,Agent Referral,6,598020,40661,666,1,3,12,1760.15,146.67916666666667,0.0,0.0,0.08333333333333333,1.0,1760.15,0.9612369599256232,new,0.0,88.01,0.1,5,0.8708350027352597,1496.13,3917.3844896566075,3917.3844896566075,1496.13,3917.3844896566075,0
501215,CUST001215,2021,2021-05-22,2022-01-31,Home,CA,B,90001,48.73,Y,Basic,Mixed,Tile,1783,3,36,0,54,0,C,Online,3578.57,3539.11,250.5,71.57,233.04,613132,0.0,0,0.973,1.0,12,0,0,0,0.0708,New,0.0,0,1,Middle,613132,1000,4,0,Credit Card,3,Agent Referral,3,777343,77088,648,1,3,12,3578.57,298.2141666666667,0.0,0.0,0.0,1.0,3578.57,-0.8026646689793335,new,0.0,178.93,0.1,5,0.8279353758937467,3077.57,7103.224223902605,7103.224223902605,3077.57,7103.224223902605,1
501216,CUST001216,2021,2021-10-02,2021-12-31,Rental,FL,D,32801,58.87,Y,Standard,Frame,Metal,1934,1,34,1,54,0,D,Online,3979.71,3800.88,338.28,79.59,251.09,459994,21027.62,1,0.975,1.0,12,0,0,0,0.1099,New,19187.62,0,1,Middle,459994,2000,3,2,Bank Transfer,0,Aggregator,3,474751,50320,596,1,0,12,3979.71,331.6425,0.08333333333333333,0.16666666666666666,0.0,1.0,3979.71,-2.435492762686601,new,19187.62,198.99,0.1,5,0.48414545857986563,-15824.77,-12234.951008222994,-12234.951008222994,-15824.77,-12234.951008222994,0
501217,CUST001217,2021,2021-11-04,2022-08-31,Rental,CA,D,94105,46.64,Y,Basic,Frame,Shingle,1585,2,26,1,44,0,B,Direct,2599.67,2398.41,181.98,77.99,188.99,516583,0.0,0,0.895,1.0,12,0,1,0,0.11,New,0.0,1,1,Upper Middle,516583,500,5,0,Credit Card,0,Agent Referral,5,636233,108023,703,1,0,12,2599.67,216.63916666666668,0.0,0.0,0.08333333333333333,1.0,2599.67,2.1166737889558784,new,0.0,129.98,0.1,5,0.8884443570662995,2209.7200000000003,6090.332047644919,6090.332047644919,2209.7200000000003,6090.332047644919,1
501218,CUST001218,2021,2021-05-23,2021-10-31,Condo,WA,D,99201,9.33,N,Standard,Masonry,Tile,1172,1,5,0,53,1,B,Independent,676.74,702.93,47.37,81.21,102.45,279468,0.0,0,1.031,1.0,12,0,1,0,0.0994,New,0.0,1,1,Upper Middle,279468,500,5,1,Auto Debit,0,Online Search,10,346544,117767,681,1,0,12,676.74,56.395,0.0,0.08333333333333333,0.08333333333333333,1.0,676.74,0.722541327587117,new,0.0,33.84,0.1,5,0.8786379376541258,514.3199999999999,1377.6731193262501,1377.6731193262501,514.3199999999999,1377.6731193262501,0
501219,CUST001219,2021,2021-09-25,2022-06-30,Home,NY,A,10001,30.56,N,Standard,Mixed,Shingle,1633,2,13,1,56,0,C,Direct,2915.18,2842.93,204.06,87.46,203.18,742284,0.0,0,0.977,1.0,12,1,0,1,0.0933,New,0.0,0,1,Middle,742284,2500,4,0,Debit Card,9,Aggregator,4,852876,57358,626,1,9,12,2915.18,242.93166666666664,0.0,0.0,0.0,1.0,2915.18,-3.113538327039844,new,0.0,145.76,0.1,5,0.7407513472791593,2477.8999999999996,4401.741656784567,4401.741656784567,2477.8999999999996,4401.741656784567,0
501220,CUST001220,2021,2021-07-07,2021-08-31,Rental,FL,B,33301,46.24,N,Basic,Mixed,Tile,2177,1,7,1,30,1,C,Online,2606.6,2521.86,221.56,52.13,189.3,365355,30083.45,1,0.955,1.0,12,1,0,0,0.0878,New,29623.45,0,1,Middle,365355,500,3,1,Credit Card,7,Agent Referral,12,532007,61081,668,1,7,12,2606.6,217.21666666666667,0.08333333333333333,0.08333333333333333,0.0,1.0,2606.6,-3.7373795690551015,new,29623.45,130.33,0.1,5,0.7089003738013157,-27420.870000000006,-44177.472605329094,-44177.472605329094,-27420.870000000006,-44177.472605329094,0
501221,CUST001221,2021,2021-04-01,2021-05-31,Home,NY,B,14604,25.83,Y,Premium,Frame,Metal,2927,2,27,0,49,0,A,Direct,4230.32,3829.03,296.12,126.91,262.36,1605193,0.0,0,0.939,1.0,12,0,1,0,0.1074,New,0.0,1,1,High,1605193,1000,5,0,Credit Card,2,Partner Referral,4,1426326,199676,752,1,2,12,4230.32,352.52666666666664,0.0,0.0,0.08333333333333333,1.0,4230.32,1.3463825696023748,new,0.0,211.52,0.1,5,0.44474786357910095,3595.77,2414.234478777941,2414.234478777941,3595.77,2414.234478777941,0
501222,CUST001222,2021,2021-12-06,2022-05-31,Rental,FL,D,33601,38.71,Y,Standard,Masonry,Metal,1820,1,27,1,53,0,D,Direct,3463.85,3241.85,294.43,103.92,227.87,433015,0.0,0,0.929,1.0,12,0,0,1,0.1034,New,0.0,1,1,Low,433015,2000,3,0,Credit Card,4,Aggregator,10,431291,36386,609,1,4,12,3463.85,288.65416666666664,0.0,0.0,0.08333333333333333,1.0,3463.85,0.5760913502488715,new,0.0,173.19,0.1,5,0.7916818268501936,2892.31,5992.585906728587,5992.585906728587,2892.31,5992.585906728587,1
501223,CUST001223,2021,2021-11-09,2021-11-30,Home,CA,B,95814,44.32,Y,Premium,Frame,Metal,2444,1,44,1,47,0,B,Independent,5008.13,5172.56,350.57,600.98,297.37,1119275,0.0,0,0.519,0.5,6,0,1,0,0.0943,New,0.0,1,1,Middle,1119275,1000,4,1,Credit Card,3,Online Search,9,1055066,87273,714,1,3,6,5008.13,834.6883333333334,0.0,0.16666666666666666,0.16666666666666666,1.0,5008.13,-3.185931382998132,new,0.0,250.41,0.1,5,0.7957799049720582,3806.1700000000005,7983.339021302878,7983.339021302878,3806.1700000000005,7983.339021302878,1
501224,CUST001224,2021,2021-04-13,2021-06-30,Condo,FL,D,33101,52.29,N,Basic,Frame,Shingle,1479,1,6,0,57,0,B,Independent,1444.1,1415.12,122.75,173.29,136.98,224245,0.0,0,0.987,1.0,12,0,0,0,0.0672,New,0.0,1,1,Upper Middle,224245,1500,4,0,Auto Debit,1,Email Campaign,10,330334,109828,727,1,1,12,1444.1,120.34166666666665,0.0,0.0,0.08333333333333333,1.0,1444.1,1.7315281792791266,new,0.0,72.2,0.1,5,0.7920010668290921,1075.86,2231.2098613131084,2231.2098613131084,1075.86,2231.2098613131084,0
501225,CUST001225,2021,2021-12-14,2021-12-31,Rental,CA,A,94105,63.55,Y,Standard,Mixed,Shingle,1685,1,35,1,35,0,B,Broker,3482.8,3488.69,243.8,522.42,228.73,542750,0.0,0,0.995,1.0,12,0,0,0,0.0718,New,0.0,1,1,Middle,542750,5000,4,2,Credit Card,2,Partner Referral,11,546243,57141,700,1,2,12,3482.8,290.23333333333335,0.0,0.16666666666666666,0.08333333333333333,1.0,3482.8,-1.441882353135148,new,0.0,174.14,0.1,5,0.7842714476075316,2542.44,5151.920193500873,5151.920193500873,2542.44,5151.920193500873,0
501226,CUST001226,2021,2021-01-23,2021-04-30,Home,TX,C,79901,30.63,Y,Basic,Mixed,Metal,2499,2,1,0,68,1,A,Broker,880.13,836.88,61.61,132.02,111.61,310368,0.0,0,0.933,1.0,12,0,0,1,0.0589,New,0.0,0,1,Middle,310368,1000,4,0,Credit Card,5,Social Media,5,394255,54704,744,1,5,12,880.13,73.34416666666667,0.0,0.0,0.0,1.0,880.13,-1.572955888332837,new,0.0,44.01,0.1,5,0.6940872315288075,642.49,988.7314542632573,988.7314542632573,642.49,988.7314542632573,0
501227,CUST001227,2021,2021-09-05,2022-04-30,Home,WA,D,98501,11.08,N,Basic,Masonry,Metal,1357,1,4,0,51,0,A,Independent,535.11,554.58,37.46,64.21,96.08,323999,0.0,0,1.03,1.0,12,1,1,0,0.0991,New,0.0,1,1,Low,323999,500,5,0,Credit Card,4,Agent Referral,8,450343,39097,750,1,4,12,535.11,44.5925,0.0,0.0,0.08333333333333333,1.0,535.11,0.5760913502488715,new,0.0,26.76,0.1,5,0.7758365921868288,406.68000000000006,803.4458641314194,803.4458641314194,406.68000000000006,803.4458641314194,0
501228,CUST001228,2021,2021-07-06,2022-03-31,Home,CA,A,90001,61.74,N,Standard,Frame,Tile,1086,2,44,1,23,1,D,Online,2755.9,2676.64,192.91,55.12,196.02,388322,2888.04,1,0.937,1.0,12,1,0,0,0.0861,New,2428.04,1,1,Middle,388322,500,4,1,Credit Card,1,Partner Referral,4,462656,86935,619,1,1,12,2755.9,229.65833333333333,0.08333333333333333,0.08333333333333333,0.08333333333333333,1.0,2755.9,0.33739571791036516,new,2428.04,137.8,0.1,5,0.5996730816487499,-57.969999999999885,-66.13507333777368,-66.13507333777368,-57.969999999999885,-66.13507333777368,0
501229,CUST001229,2021,2021-04-26,2021-08-31,Rental,CA,C,92101,42.68,N,Basic,Masonry,Shingle,1739,2,42,1,37,0,B,Independent,2873.62,2677.84,201.15,344.83,201.31,520646,0.0,0,0.937,1.0,12,0,1,0,0.0814,New,0.0,1,1,Upper Middle,520646,1000,5,0,Auto Debit,0,Online Search,8,717811,144863,707,1,0,12,2873.62,239.46833333333333,0.0,0.0,0.08333333333333333,1.0,2873.62,2.1166737889558784,new,0.0,143.68,0.1,5,0.8720966128504588,2183.96,5739.466672896718,5739.466672896718,2183.96,5739.466672896718,1
501230,CUST001230,2021,2021-03-21,2021-09-30,Home,CA,C,90001,49.0,N,Standard,Frame,Tile,1804,2,36,1,44,1,C,Direct,3249.82,3315.6,227.49,97.49,218.24,609052,0.0,0,0.995,1.0,12,0,1,0,0.1052,New,0.0,1,1,Middle,609052,1000,4,0,Debit Card,0,Social Media,8,735305,80204,630,1,0,12,3249.82,270.8183333333333,0.0,0.0,0.08333333333333333,1.0,3249.82,2.1166737889558784,new,0.0,162.49,0.1,5,0.8279353758937467,2762.3500000000004,6375.676730309096,6375.676730309096,2762.3500000000004,6375.676730309096,1
501231,CUST001231,2021,2021-07-10,2022-05-31,Home,TX,A,79901,33.05,Y,Standard,Masonry,Tile,1351,2,34,0,53,0,A,Independent,715.61,686.51,50.09,85.87,104.2,222015,0.0,0,0.949,1.0,12,1,0,0,0.0836,New,0.0,1,1,High,222015,5000,3,0,Auto Debit,1,Online Search,9,228172,217855,820,1,1,12,715.61,59.634166666666665,0.0,0.0,0.08333333333333333,1.0,715.61,1.7315281792791266,new,0.0,35.78,0.1,5,0.8585708253531561,543.87,1373.839678667929,1373.839678667929,543.87,1373.839678667929,0
501232,CUST001232,2021,2021-07-20,2021-07-31,Home,CA,A,92101,67.08,N,Standard,Frame,Shingle,1629,1,37,1,52,0,D,Independent,3540.96,3567.92,247.87,424.92,231.34,490115,0.0,0,0.501,0.5,6,1,1,1,0.0884,New,0.0,0,1,Middle,490115,500,4,0,Credit Card,5,Email Campaign,9,560324,51773,593,1,5,6,3540.96,590.16,0.0,0.0,0.0,1.0,3540.96,-4.695760937424026,new,0.0,177.05,0.1,5,0.6735458785066789,2691.12,3884.533901570131,3884.533901570131,2691.12,3884.533901570131,0
501233,CUST001233,2021,2021-05-14,2021-06-30,Home,CA,B,95814,27.87,N,Premium,Masonry,Metal,1294,1,35,1,41,0,D,Direct,2640.18,2802.31,184.81,79.21,190.81,492250,0.0,0,1.041,1.0,12,0,1,0,0.1031,New,0.0,1,1,Low,492250,1000,4,0,Bank Transfer,2,Online Search,10,516617,48832,540,1,2,12,2640.18,220.015,0.0,0.0,0.08333333333333333,1.0,2640.18,1.3463825696023748,new,0.0,132.01,0.1,5,0.8063161522823744,2244.1499999999996,4857.479653265563,4857.479653265563,2244.1499999999996,4857.479653265563,0
501234,CUST001234,2021,2021-11-10,2021-11-30,Home,TX,C,78701,44.11,N,Basic,Frame,Tile,1957,1,19,0,60,0,C,Independent,1016.44,1089.57,71.15,121.97,117.74,223598,0.0,0,0.518,0.5,6,0,0,1,0.0404,New,0.0,1,1,Middle,223598,1000,4,0,Bank Transfer,8,Agent Referral,9,315025,57439,664,1,8,6,1016.44,169.40666666666667,0.0,0.0,0.16666666666666666,1.0,1016.44,-2.3233945086443675,new,0.0,50.82,0.1,5,0.762175165062028,772.5,1464.5189742126315,1464.5189742126315,772.5,1464.5189742126315,0
501235,CUST001235,2021,2021-06-08,2021-11-30,Rental,TX,B,78701,31.43,N,Standard,Frame,Metal,1562,1,31,1,39,0,B,Independent,715.1,659.23,50.06,85.81,104.18,193021,0.0,0,0.933,1.0,12,1,0,0,0.0485,New,0.0,1,1,Upper Middle,193021,500,4,0,Credit Card,1,Partner Referral,1,226514,118025,680,1,1,12,715.1,59.59166666666667,0.0,0.0,0.08333333333333333,1.0,715.1,1.7315281792791266,new,0.0,35.76,0.1,5,0.7967523433517611,543.47,1143.2335113191943,1143.2335113191943,543.47,1143.2335113191943,0
501236,CUST001236,2021,2021-08-03,2022-02-28,Home,CA,C,95814,46.77,Y,Standard,Masonry,Tile,1454,2,44,1,46,0,C,Independent,3622.0,3589.82,253.54,434.64,234.99,696081,0.0,0,0.998,1.0,12,1,1,0,0.1016,New,0.0,1,1,Low,696081,1000,4,1,Debit Card,7,Social Media,7,658343,46904,669,1,7,12,3622.0,301.8333333333333,0.0,0.08333333333333333,0.08333333333333333,1.0,3622.0,-1.9734779401501452,new,0.0,181.1,0.1,5,0.8061118793042904,2752.7200000000003,5954.6564023632845,5954.6564023632845,2752.7200000000003,5954.6564023632845,1
501237,CUST001237,2021,2021-07-05,2021-11-30,Condo,CA,C,94105,68.15,Y,Basic,Frame,Shingle,1404,1,39,1,49,0,D,Broker,3417.03,3304.16,239.19,512.56,225.77,444991,0.0,0,0.94,1.0,12,1,0,0,0.0613,New,0.0,1,1,Middle,444991,500,4,0,Credit Card,2,Partner Referral,10,544799,73897,617,1,2,12,3417.03,284.7525,0.0,0.0,0.08333333333333333,1.0,3417.03,1.3463825696023748,new,0.0,170.85,0.1,5,0.8254876114160226,2494.4300000000003,5715.721050158295,5715.721050158295,2494.4300000000003,5715.721050158295,1
501238,CUST001238,2021,2021-06-04,2022-04-30,Condo,NY,A,14604,33.84,N,Standard,Masonry,Tile,998,1,41,1,23,0,B,Independent,1291.8,1239.02,90.43,155.02,130.13,360993,0.0,0,0.476,0.5,6,1,0,0,0.0478,New,0.0,1,1,Middle,360993,1500,4,0,Debit Card,0,Partner Referral,8,429421,70996,690,1,0,6,1291.8,215.29999999999998,0.0,0.0,0.16666666666666666,1.0,1291.8,0.7577703687696461,new,0.0,64.59,0.1,5,0.7806577435579695,981.7599999999999,1967.9255550878377,1967.9255550878377,981.7599999999999,1967.9255550878377,0
501239,CUST001239,2021,2021-08-16,2022-01-31,Rental,CA,D,94105,41.06,N,Standard,Masonry,Shingle,1339,2,2,0,58,0,C,Independent,2530.54,2556.9,177.14,303.67,185.87,455728,0.0,0,1.009,1.0,12,1,0,0,0.0828,New,0.0,1,1,Middle,455728,5000,4,0,Debit Card,1,Partner Referral,10,532953,69544,665,1,1,12,2530.54,210.87833333333333,0.0,0.0,0.08333333333333333,1.0,2530.54,1.7315281792791266,new,0.0,126.53,0.1,5,0.8108060402869068,1923.2,4218.824523690364,4218.824523690364,1923.2,4218.824523690364,0
501240,CUST001240,2021,2021-06-17,2022-01-31,Condo,WA,C,98501,36.7,N,Standard,Frame,Shingle,1423,1,7,1,62,0,A,Independent,1149.22,1047.79,80.45,137.91,123.72,391490,0.0,0,0.942,1.0,12,1,0,0,0.0693,New,0.0,1,1,Middle,391490,1000,4,0,Credit Card,3,Social Media,10,464920,87382,761,1,3,12,1149.22,95.76833333333333,0.0,0.0,0.08333333333333333,1.0,1149.22,0.9612369599256232,new,0.0,57.46,0.1,5,0.7330058675049357,873.4,1515.2510745065592,1515.2510745065592,873.4,1515.2510745065592,0
501241,CUST001241,2021,2021-03-08,2022-01-31,Home,FL,A,33301,67.6,N,Basic,Frame,Metal,1499,1,19,1,39,1,C,Independent,1500.53,1359.46,127.54,180.06,139.52,205402,0.0,0,0.938,1.0,12,0,1,0,0.0974,New,0.0,1,1,Low,205402,1500,5,0,Credit Card,1,Online Search,5,293751,34004,666,1,1,12,1500.53,125.04416666666667,0.0,0.0,0.08333333333333333,1.0,1500.53,1.7315281792791266,new,0.0,75.03,0.1,5,0.8513125030560773,1117.9,2764.342563652238,2764.342563652238,1117.9,2764.342563652238,0
501242,CUST001242,2021,2021-01-17,2021-03-31,Condo,FL,D,33301,38.92,N,Premium,Mixed,Metal,1599,2,23,1,33,1,C,Direct,2370.62,2318.4,201.5,71.12,178.68,365785,0.0,0,0.963,1.0,12,0,1,0,0.1065,New,0.0,1,1,Middle,365785,500,4,0,Bank Transfer,1,Agent Referral,2,373978,71197,639,1,1,12,2370.62,197.55166666666665,0.0,0.0,0.08333333333333333,1.0,2370.62,1.7315281792791266,new,0.0,118.53,0.1,5,0.8307435187556864,1979.47,4606.858024663354,4606.858024663354,1979.47,4606.858024663354,0
501243,CUST001243,2021,2021-08-19,2021-08-31,Home,FL,D,33301,38.34,Y,Basic,Masonry,Tile,2219,2,38,1,41,0,D,Online,3142.52,3203.53,267.11,62.85,213.41,413257,3660.32,1,1.029,1.0,12,1,0,0,0.1087,New,1820.32,1,1,Low,413257,2000,3,2,Bank Transfer,3,Online Search,5,521927,36424,549,1,3,12,3142.52,261.87666666666667,0.08333333333333333,0.16666666666666666,0.08333333333333333,1.0,3142.52,-1.8270279628118995,new,1820.32,157.13,0.1,5,0.7131060681941345,835.1100000000001,1362.9949213877796,1362.9949213877796,835.1100000000001,1362.9949213877796,0
501244,CUST001244,2021,2021-02-02,2021-09-30,Home,FL,C,32801,48.06,N,Standard,Masonry,Tile,1179,2,16,1,49,0,D,Independent,1907.53,1930.52,162.14,228.9,157.84,247820,9356.85,1,1.038,1.0,12,0,1,0,0.0926,New,8436.85,1,1,Middle,247820,1000,4,2,Bank Transfer,1,Email Campaign,11,298275,59538,553,1,1,12,1907.53,158.96083333333334,0.08333333333333333,0.16666666666666666,0.08333333333333333,1.0,1907.53,-1.056736743458396,new,8436.85,95.38,0.1,5,0.6133832432742331,-7015.740000000001,-8366.604881988189,-8366.604881988189,-7015.740000000001,-8366.604881988189,0
501245,CUST001245,2021,2021-09-10,2022-05-31,Home,CA,B,95814,49.83,N,Standard,Mixed,Tile,2748,2,39,1,30,1,D,Broker,6928.13,7370.03,484.97,1039.22,383.77,1021150,0.0,0,1.048,1.0,12,1,0,0,0.0956,New,0.0,1,1,Middle,1021150,2000,5,0,Credit Card,1,Partner Referral,6,1153480,86415,618,1,1,12,6928.13,577.3441666666666,0.0,0.0,0.08333333333333333,1.0,6928.13,1.7315281792791266,new,0.0,346.41,0.1,5,0.9068520981338511,5057.53,14702.879096422203,14702.879096422203,5057.53,14702.879096422203,1
501246,CUST001246,2021,2021-03-21,2021-06-30,Home,CA,B,95814,53.93,N,Premium,Frame,Shingle,2016,1,41,1,42,0,C,Online,5723.82,5594.65,400.67,114.48,329.57,902845,0.0,0,0.999,1.0,12,0,0,0,0.0648,New,0.0,1,1,Middle,902845,500,4,0,Bank Transfer,5,Aggregator,3,940583,84532,676,1,5,12,5723.82,476.98499999999996,0.0,0.0,0.08333333333333333,1.0,5723.82,0.19094574057211977,new,0.0,286.19,0.1,5,0.9167731275858145,4922.4800000000005,14725.743572690446,14725.743572690446,4922.4800000000005,14725.743572690446,1
501247,CUST001247,2021,2021-12-21,2022-09-30,Home,TX,C,78701,32.31,N,Standard,Masonry,Metal,1211,2,34,1,54,2,B,Independent,497.28,485.25,34.81,59.67,94.38,129825,0.0,0,0.975,1.0,12,0,0,0,0.0595,New,0.0,1,1,Middle,129825,1000,3,0,Credit Card,2,Agent Referral,8,155791,60135,693,1,2,12,497.28,41.44,0.0,0.0,0.08333333333333333,1.0,497.28,1.3463825696023748,new,0.0,24.86,0.1,5,0.8475337289782263,377.93999999999994,924.2442834391195,924.2442834391195,377.93999999999994,924.2442834391195,0
501248,CUST001248,2021,2021-09-26,2021-11-30,Condo,FL,D,33601,37.14,N,Premium,Masonry,Tile,1853,1,30,0,60,1,C,Direct,2565.76,2660.0,218.09,76.97,187.46,386447,0.0,0,1.05,1.0,12,1,0,0,0.0707,New,0.0,1,1,Low,386447,1000,4,0,Credit Card,3,Online Search,4,386615,43114,653,1,3,12,2565.76,213.81333333333336,0.0,0.0,0.08333333333333333,1.0,2565.76,0.9612369599256232,new,0.0,128.29,0.1,5,0.8110701384115729,2142.4100000000003,4703.3896513193295,4703.3896513193295,2142.4100000000003,4703.3896513193295,0
501249,CUST001249,2021,2021-07-20,2022-03-31,Home,TX,C,78701,45.84,N,Standard,Frame,Shingle,2192,1,29,0,52,0,A,Online,1189.73,1175.88,83.28,23.79,125.54,302549,0.0,0,1.001,1.0,12,1,0,0,0.0643,New,0.0,1,1,High,302549,1000,4,0,Auto Debit,0,Social Media,4,355156,164977,782,1,0,12,1189.73,99.14416666666666,0.0,0.0,0.08333333333333333,1.0,1189.73,2.1166737889558784,new,0.0,59.49,0.1,5,0.8812106890907682,1023.1700000000001,2761.308670134108,2761.308670134108,1023.1700000000001,2761.308670134108,0
501250,CUST001250,2021,2021-06-20,2021-07-31,Home,NY,B,11201,40.01,Y,Standard,Frame,Shingle,1665,3,31,1,39,0,C,Independent,3577.31,3269.86,250.41,429.28,232.98,819418,0.0,0,0.883,1.0,12,1,0,0,0.0953,New,0.0,1,1,Middle,819418,2000,5,0,Credit Card,2,Social Media,10,820313,71020,641,1,2,12,3577.31,298.1091666666667,0.0,0.0,0.08333333333333333,1.0,3577.31,1.3463825696023748,new,0.0,178.87,0.1,5,0.8408486107913236,2718.75,6519.033862787944,6519.033862787944,2718.75,6519.033862787944,1
501251,CUST001251,2021,2021-02-16,2021-09-30,Home,CA,C,90001,59.96,N,Basic,Frame,Metal,1369,2,42,0,58,0,A,Independent,1658.4,1570.53,116.09,199.01,146.63,379889,0.0,0,0.951,1.0,12,0,1,0,0.131,New,0.0,1,1,Upper Middle,379889,2000,3,0,Credit Card,1,Online Search,7,546385,124000,737,1,1,12,1658.4,138.20000000000002,0.0,0.0,0.08333333333333333,1.0,1658.4,1.7315281792791266,new,0.0,82.92,0.1,5,0.5398241868194846,1260.38,1180.0171475947714,1180.0171475947714,1260.38,1180.0171475947714,0
501252,CUST001252,2021,2021-02-09,2021-06-30,Home,WA,A,98101,29.8,Y,Standard,Masonry,Shingle,1483,2,23,1,32,1,B,Direct,1686.8,1762.09,118.08,50.6,147.91,518834,0.0,0,1.033,1.0,12,0,1,0,0.118,New,0.0,1,1,Upper Middle,518834,500,4,0,Credit Card,2,Agent Referral,2,524824,97302,681,1,2,12,1686.8,140.56666666666666,0.0,0.0,0.08333333333333333,1.0,1686.8,1.3463825696023748,new,0.0,84.34,0.1,5,0.7907148192404803,1433.7800000000002,2962.060377777798,2962.060377777798,1433.7800000000002,2962.060377777798,0
501253,CUST001253,2021,2021-04-11,2021-09-30,Home,FL,B,33301,44.13,N,Basic,Masonry,Tile,1847,1,37,0,64,1,C,Independent,1734.77,1771.18,147.46,208.17,150.06,252624,0.0,0,1.024,1.0,12,0,0,1,0.0839,New,0.0,0,1,Low,252624,5000,4,0,Credit Card,6,Agent Referral,10,358371,43337,639,1,6,12,1734.77,144.56416666666667,0.0,0.0,0.0,1.0,1734.77,-1.9581014980095888,new,0.0,86.74,0.1,5,0.7833114177335324,1292.3999999999999,2611.3392605111735,2611.3392605111735,1292.3999999999999,2611.3392605111735,0
501254,CUST001254,2021,2021-12-10,2022-07-31,Home,FL,A,33301,53.2,Y,Basic,Masonry,Shingle,1654,1,33,1,47,1,A,Direct,1964.3,1872.14,166.97,58.93,160.39,315171,0.0,0,0.96,1.0,12,0,0,0,0.1163,New,0.0,1,1,Middle,315171,2000,4,0,Credit Card,0,Email Campaign,6,383156,73770,775,1,0,12,1964.3,163.69166666666666,0.0,0.0,0.08333333333333333,1.0,1964.3,2.1166737889558784,new,0.0,98.22,0.1,5,0.7918232210955843,1640.1799999999998,3399.733353915067,3399.733353915067,1640.1799999999998,3399.733353915067,0
501255,CUST001255,2021,2021-03-15,2022-01-31,Rental,CA,D,90001,55.08,N,Standard,Frame,Shingle,1520,1,12,1,43,0,B,Online,2519.45,2569.39,176.36,50.39,185.38,492838,0.0,0,0.999,1.0,12,0,1,0,0.112,New,0.0,1,1,Upper Middle,492838,500,5,0,Credit Card,1,Agent Referral,1,593039,103997,729,1,1,12,2519.45,209.95416666666665,0.0,0.0,0.08333333333333333,1.0,2519.45,1.7315281792791266,new,0.0,125.97,0.1,5,0.8901637767394218,2166.73,6001.741802547385,6001.741802547385,2166.73,6001.741802547385,1
501256,CUST001256,2021,2021-04-01,2021-08-31,Home,FL,B,33101,42.68,N,Basic,Frame,Metal,1364,1,6,1,60,3,B,Independent,1478.56,1296.67,125.68,177.43,138.54,260694,0.0,0,0.901,1.0,12,0,0,0,0.0837,New,0.0,1,1,Middle,260694,5000,4,0,Auto Debit,1,Partner Referral,5,344527,77197,688,1,1,12,1478.56,123.21333333333332,0.0,0.0,0.08333333333333333,1.0,1478.56,1.7315281792791266,new,0.0,73.93,0.1,5,0.7466961906988473,1101.5199999999998,1992.4869798032535,1992.4869798032535,1101.5199999999998,1992.4869798032535,0
501257,CUST001257,2021,2021-09-07,2022-07-31,Rental,WA,D,98501,30.83,N,Standard,Mixed,Shingle,2240,1,31,1,49,1,B,Independent,2379.14,2313.02,166.54,285.5,179.06,608076,0.0,0,0.484,0.5,6,1,0,0,0.0405,New,0.0,1,1,Middle,608076,500,5,0,Auto Debit,1,Agent Referral,9,731778,60787,696,1,1,6,2379.14,396.5233333333333,0.0,0.0,0.16666666666666666,1.0,2379.14,0.3726247590928944,new,0.0,118.96,0.1,5,0.8789044388387732,1808.1399999999999,4847.100820438557,4847.100820438557,1808.1399999999999,4847.100820438557,0
501258,CUST001258,2021,2021-05-23,2022-03-31,Home,WA,D,98004,14.31,N,Standard,Masonry,Tile,2668,2,41,1,55,2,D,Direct,2887.45,2918.88,202.12,86.62,201.94,708751,0.0,0,1.036,1.0,12,0,0,0,0.0837,New,0.0,1,1,Middle,708751,500,4,0,Credit Card,3,Online Search,9,833386,58555,520,1,3,12,2887.45,240.6208333333333,0.0,0.0,0.08333333333333333,1.0,2887.45,0.9612369599256232,new,0.0,144.37,0.1,5,0.908355286969857,2454.34,7166.123029886484,7166.123029886484,2454.34,7166.123029886484,1
501259,CUST001259,2021,2021-05-03,2021-05-31,Home,NY,B,11201,14.13,N,Standard,Mixed,Metal,2577,1,13,1,52,0,C,Direct,3206.27,3199.49,224.44,96.19,216.28,967891,0.0,0,0.976,1.0,12,0,0,1,0.0688,New,0.0,1,1,Low,967891,500,4,0,Auto Debit,4,Email Campaign,7,1162953,46209,676,1,4,12,3206.27,267.18916666666667,0.0,0.0,0.08333333333333333,1.0,3206.27,0.5760913502488715,new,0.0,160.31,0.1,5,0.8912564061098033,2725.33,7573.0218179874755,7573.0218179874755,2725.33,7573.0218179874755,1
501260,CUST001260,2021,2021-06-12,2022-02-28,Home,TX,C,79901,39.38,N,Basic,Frame,Tile,1985,2,5,1,76,0,B,Independent,653.09,619.15,45.72,78.37,101.39,184109,0.0,0,0.955,1.0,12,1,1,0,0.1362,New,0.0,1,1,Low,184109,2000,5,0,Debit Card,2,Online Search,5,268086,40507,713,1,2,12,653.09,54.42416666666667,0.0,0.0,0.08333333333333333,1.0,653.09,1.3463825696023748,new,0.0,32.65,0.1,5,0.8012718702768289,496.35,1058.3076558496443,1058.3076558496443,496.35,1058.3076558496443,0
501261,CUST001261,2021,2021-11-19,2021-11-30,Rental,CA,A,95814,60.29,Y,Premium,Mixed,Tile,1856,1,39,1,44,1,C,Broker,5169.4,4531.74,361.86,775.41,304.62,834075,27318.57,1,0.879,1.0,12,0,1,0,0.1117,New,25478.57,0,1,Upper Middle,834075,2000,4,0,Auto Debit,0,Online Search,8,777679,134489,648,1,0,12,5169.4,430.7833333333333,0.08333333333333333,0.0,0.0,1.0,5169.4,0.3527721600509216,new,25478.57,258.47,0.1,5,0.6085871005679079,-21704.91,-25486.8764479179,-25486.8764479179,-21704.91,-25486.8764479179,0
501262,CUST001262,2021,2021-07-24,2022-04-30,Home,FL,A,33101,46.1,Y,Premium,Masonry,Shingle,1330,2,8,1,51,0,C,Independent,2534.88,2263.77,215.47,304.19,186.07,348221,0.0,0,0.888,1.0,12,1,0,0,0.0516,New,0.0,0,1,Middle,348221,1500,5,0,Auto Debit,1,Partner Referral,8,321803,52920,671,1,1,12,2534.88,211.24,0.0,0.0,0.0,1.0,2534.88,-0.03237344962583011,new,0.0,126.74,0.1,5,0.6519279298624062,1888.4800000000002,2546.758395691258,2546.758395691258,1888.4800000000002,2546.758395691258,0
501263,CUST001263,2021,2021-08-25,2021-12-31,Condo,WA,C,98501,27.44,N,Basic,Frame,Tile,1649,2,18,0,43,1,B,Direct,1052.25,983.25,73.66,31.57,119.35,352082,31054.18,1,0.476,0.5,6,1,1,0,0.1151,New,30134.18,0,1,Upper Middle,352082,1000,3,1,Credit Card,1,Social Media,4,494502,90877,722,1,1,6,1052.25,175.375,0.16666666666666666,0.16666666666666666,0.0,1.0,1052.25,-5.943443421454542,new,30134.18,52.61,0.1,5,0.7810612966445041,-29239.77,-58681.8932213347,-58681.8932213347,-29239.77,-58681.8932213347,0
501264,CUST001264,2021,2021-06-22,2022-04-30,Home,TX,B,73301,32.53,N,Premium,Frame,Tile,2193,2,28,1,43,0,C,Online,1429.46,1323.39,100.06,28.59,136.33,337241,4694.07,1,0.956,1.0,12,1,1,0,0.1009,New,3774.07,1,1,Middle,337241,1000,3,0,Auto Debit,0,Social Media,5,355983,58493,639,1,0,12,1429.46,119.12166666666667,0.08333333333333333,0.0,0.08333333333333333,1.0,1429.46,2.1166737889558784,new,3774.07,71.47,0.1,5,0.6206500241296234,-2544.73,-3106.439985161,-3106.439985161,-2544.73,-3106.439985161,0
501265,CUST001265,2021,2021-10-04,2022-08-31,Rental,CA,B,95814,52.68,N,Premium,Frame,Shingle,1012,2,28,1,47,0,A,Direct,2143.99,2252.28,150.08,64.32,168.48,423853,8418.59,1,1.027,1.0,12,0,0,0,0.061,New,7498.59,1,1,Middle,423853,1000,3,1,Credit Card,3,Email Campaign,5,419274,80142,734,1,3,12,2143.99,178.66583333333332,0.08333333333333333,0.08333333333333333,0.08333333333333333,1.0,2143.99,-0.43289550144313826,new,7498.59,107.2,0.1,5,0.6101699011258396,-5676.2,-6699.385228187341,-6699.385228187341,-5676.2,-6699.385228187341,0
501266,CUST001266,2021,2021-05-07,2021-10-31,Condo,TX,D,78701,41.07,Y,Basic,Mixed,Metal,1138,1,42,0,52,1,A,Direct,477.59,469.77,33.43,14.33,93.49,128497,0.0,0,0.969,1.0,12,0,0,0,0.0799,New,0.0,1,1,Middle,128497,500,5,2,Debit Card,3,Agent Referral,2,157228,67848,767,1,3,12,477.59,39.799166666666665,0.0,0.16666666666666666,0.08333333333333333,1.0,477.59,-1.8270279628118995,new,0.0,23.88,0.1,5,0.8810180829951161,405.95,1094.9547115254934,1094.9547115254934,405.95,1094.9547115254934,0
501267,CUST001267,2021,2021-01-15,2021-03-31,Home,CA,C,94105,64.22,Y,Premium,Mixed,Shingle,1979,2,37,1,32,0,A,Online,4771.57,4409.41,334.01,95.43,286.72,975886,0.0,0,0.943,1.0,12,0,0,0,0.1187,New,0.0,1,1,Upper Middle,975886,5000,4,0,Auto Debit,0,Social Media,2,910946,124302,788,1,0,12,4771.57,397.6308333333333,0.0,0.0,0.08333333333333333,1.0,4771.57,2.1166737889558784,new,0.0,238.58,0.1,5,0.863842055641189,4103.549999999999,10527.053302172537,10527.053302172537,4103.549999999999,10527.053302172537,1
501268,CUST001268,2021,2021-06-03,2022-02-28,Home,TX,C,73301,40.1,N,Basic,Masonry,Shingle,2026,2,13,0,66,0,C,Online,1081.7,1036.6,75.72,21.63,120.68,245488,0.0,0,0.946,1.0,12,1,0,0,0.065,New,0.0,1,1,Low,245488,1000,4,0,Auto Debit,2,Social Media,6,345389,41530,644,1,2,12,1081.7,90.14166666666667,0.0,0.0,0.08333333333333333,1.0,1081.7,1.3463825696023748,new,0.0,54.09,0.1,5,0.7583296738109465,930.26,1743.190607321353,1743.190607321353,930.26,1743.190607321353,0
501269,CUST001269,2021,2021-04-06,2021-09-30,Home,FL,B,32801,49.17,Y,Standard,Frame,Tile,1816,1,36,0,55,0,A,Independent,2496.84,2429.38,212.23,299.62,184.36,435281,0.0,0,0.998,1.0,12,0,0,0,0.0593,New,0.0,1,1,Upper Middle,435281,500,4,0,Auto Debit,1,Agent Referral,5,440220,104207,772,1,1,12,2496.84,208.07000000000002,0.0,0.0,0.08333333333333333,1.0,2496.84,1.7315281792791266,new,0.0,124.84,0.1,5,0.8493197056061176,1860.1500000000003,4572.914084740616,4572.914084740616,1860.1500000000003,4572.914084740616,0
501270,CUST001270,2021,2021-02-20,2021-04-30,Rental,FL,C,33101,56.37,N,Premium,Frame,Metal,1607,1,42,1,31,0,D,Online,3095.95,2931.71,263.16,61.92,211.32,375799,0.0,0,0.962,1.0,12,0,1,0,0.112,New,0.0,1,1,Middle,375799,1000,4,0,Auto Debit,2,Partner Referral,10,386998,81016,608,1,2,12,3095.95,257.99583333333334,0.0,0.0,0.08333333333333333,1.0,3095.95,1.3463825696023748,new,0.0,154.8,0.1,5,0.8222872241159024,2616.0699999999997,5937.855001300903,5937.855001300903,2616.0699999999997,5937.855001300903,1
501271,CUST001271,2021,2021-07-21,2021-08-31,Home,TX,D,77001,35.16,N,Basic,Frame,Shingle,2340,1,24,0,55,0,C,Online,1206.79,1168.56,84.48,24.14,126.31,289834,0.0,0,0.95,1.0,12,1,0,0,0.1022,New,0.0,1,1,Upper Middle,289834,2000,4,0,Bank Transfer,2,Social Media,1,394880,95106,651,1,2,12,1206.79,100.56583333333333,0.0,0.0,0.08333333333333333,1.0,1206.79,1.3463825696023748,new,0.0,60.34,0.1,5,0.7340824181749814,1037.83,1806.4532724793787,1806.4532724793787,1037.83,1806.4532724793787,0
501272,CUST001272,2021,2021-11-04,2022-01-31,Home,FL,D,32801,38.35,Y,Standard,Masonry,Metal,1805,1,10,0,53,0,B,Broker,2036.39,2022.09,173.09,305.46,163.64,397177,0.0,0,1.016,1.0,12,0,1,0,0.1207,New,0.0,1,1,Upper Middle,397177,2500,5,0,Debit Card,2,Partner Referral,5,409014,144817,708,1,2,12,2036.39,169.69916666666668,0.0,0.0,0.08333333333333333,1.0,2036.39,1.3463825696023748,new,0.0,101.82,0.1,5,0.8826331216146521,1456.0200000000002,3945.7785160663475,3945.7785160663475,1456.0200000000002,3945.7785160663475,0
501273,CUST001273,2021,2021-06-17,2022-01-31,Rental,TX,D,78701,41.66,N,Basic,Frame,Shingle,1059,2,11,0,50,0,C,Broker,607.43,563.82,42.52,91.11,99.33,115173,0.0,0,0.931,1.0,12,1,1,0,0.0854,New,0.0,1,1,Low,115173,500,4,0,Bank Transfer,4,Agent Referral,10,164456,44885,677,1,4,12,607.43,50.619166666666665,0.0,0.0,0.08333333333333333,1.0,607.43,0.5760913502488715,new,0.0,30.37,0.1,5,0.8559384395679495,443.42999999999995,1111.5089756651005,1111.5089756651005,443.42999999999995,1111.5089756651005,0
501274,CUST001274,2021,2021-01-22,2021-08-31,Home,CA,B,94105,49.73,N,Basic,Mixed,Tile,1550,2,41,0,56,0,A,Broker,1713.88,1588.09,119.97,257.08,149.12,433937,0.0,0,0.465,0.5,6,0,1,0,0.1256,New,0.0,0,1,Upper Middle,433937,2500,5,0,Auto Debit,1,Partner Referral,3,615221,99334,736,1,1,6,1713.88,285.6466666666667,0.0,0.0,0.0,1.0,1713.88,-3.155178498717019,new,0.0,85.69,0.1,5,0.8212448458844954,1251.14,2831.0236523666754,2831.0236523666754,1251.14,2831.0236523666754,0
501275,CUST001275,2021,2021-09-20,2022-05-31,Home,CA,C,90001,54.26,N,Standard,Frame,Tile,2132,1,25,1,34,0,A,Online,3354.86,3136.83,234.84,67.1,222.97,806993,0.0,0,0.974,1.0,12,1,0,0,0.0865,New,0.0,1,1,Middle,806993,500,5,0,Bank Transfer,1,Partner Referral,5,994913,79217,740,1,1,12,3354.86,279.57166666666666,0.0,0.0,0.08333333333333333,1.0,3354.86,1.7315281792791266,new,0.0,167.74,0.1,5,0.8593018931761223,2885.1800000000003,7303.72800973367,7303.72800973367,2885.1800000000003,7303.72800973367,1
501276,CUST001276,2021,2021-02-08,2021-08-31,Home,NY,C,14604,27.01,Y,Standard,Masonry,Tile,1706,1,14,1,39,1,C,Broker,3162.95,3125.33,221.41,474.44,214.33,780157,0.0,0,0.947,1.0,12,0,0,0,0.068,New,0.0,1,1,Middle,780157,500,4,0,Bank Transfer,0,Online Search,6,785506,52278,679,1,0,12,3162.95,263.57916666666665,0.0,0.0,0.08333333333333333,1.0,3162.95,2.1166737889558784,new,0.0,158.15,0.1,5,0.7468068267863829,2308.95,4177.955356321323,4177.955356321323,2308.95,4177.955356321323,0
501277,CUST001277,2021,2021-01-08,2021-06-30,Rental,FL,D,32801,42.8,N,Standard,Frame,Tile,1329,1,8,1,40,0,D,Online,2166.78,1987.41,184.18,43.34,169.51,298897,0.0,0,0.917,1.0,12,0,1,1,0.1308,New,0.0,1,1,Middle,298897,2000,4,0,Auto Debit,4,Social Media,5,359899,71555,610,1,4,12,2166.78,180.56500000000003,0.0,0.0,0.08333333333333333,1.0,2166.78,0.5760913502488715,new,0.0,108.34,0.1,5,0.8289732934800904,1830.9200000000003,4238.878794027853,4238.878794027853,1830.9200000000003,4238.878794027853,0
501278,CUST001278,2021,2021-12-01,2022-10-31,Condo,CA,C,90001,47.16,N,Standard,Masonry,Tile,1302,1,43,1,62,0,C,Broker,2183.07,2316.71,152.81,327.46,170.24,385893,0.0,0,1.05,1.0,12,0,0,0,0.0671,New,0.0,1,1,Middle,385893,1000,5,0,Bank Transfer,3,Online Search,8,472111,52778,635,1,3,12,2183.07,181.9225,0.0,0.0,0.08333333333333333,1.0,2183.07,0.9612369599256232,new,0.0,109.15,0.1,5,0.856307565533121,1593.65,3998.998073535291,3998.998073535291,1593.65,3998.998073535291,0
501279,CUST001279,2021,2021-03-27,2021-11-30,Home,WA,D,98101,25.25,Y,Standard,Frame,Shingle,2309,1,20,0,54,0,B,Direct,1883.01,1738.71,131.81,56.49,156.74,641655,146471.27,2,0.919,1.0,12,0,1,0,0.1586,New,142791.27,0,1,High,641655,2000,3,1,Bank Transfer,1,Email Campaign,4,678307,194498,707,1,1,12,1883.01,156.9175,0.16666666666666666,0.08333333333333333,0.0,1.0,1883.01,-1.4265059109945915,new,142791.27,94.15,0.1,5,0.35,-141190.70999999996,-65674.12111523483,-65674.12111523483,-141190.70999999996,-65674.12111523483,0
501280,CUST001280,2021,2021-08-13,2022-01-31,Home,WA,B,99201,32.0,Y,Basic,Masonry,Shingle,1535,2,41,1,48,0,C,Online,1450.15,1497.06,101.51,29.0,137.26,358125,21641.76,1,1.013,1.0,12,1,0,1,0.0757,New,20721.76,0,1,Low,358125,1000,3,4,Bank Transfer,7,Agent Referral,2,438478,47355,636,1,7,12,1450.15,120.84583333333335,0.08333333333333333,0.3333333333333333,0.0,1.0,1450.15,-7.919776953161386,new,20721.76,72.51,0.1,5,0.35,-19474.629999999994,-9058.522400619599,-9058.522400619599,-19474.629999999994,-9058.522400619599,0
501281,CUST001281,2021,2021-09-08,2021-12-31,Home,CA,B,90001,53.16,Y,Basic,Mixed,Shingle,1286,1,29,0,55,1,C,Broker,2717.53,2534.97,190.23,407.63,194.29,464551,0.0,0,0.461,0.5,6,1,1,0,0.0998,New,0.0,1,1,Middle,464551,1500,5,0,Bank Transfer,4,Agent Referral,9,569092,69647,664,1,4,6,2717.53,452.9216666666667,0.0,0.0,0.16666666666666666,1.0,2717.53,-0.7828120699373606,new,0.0,135.88,0.1,5,0.8906066035739449,1983.79,5502.0759902244345,5502.0759902244345,1983.79,5502.0759902244345,1
501282,CUST001282,2021,2021-01-13,2021-10-31,Rental,NY,D,11201,19.42,N,Standard,Masonry,Tile,1754,1,19,0,51,1,C,Broker,3161.5,2848.86,221.31,474.23,214.27,772764,0.0,0,0.912,1.0,12,0,0,1,0.0868,New,0.0,0,1,Middle,772764,2000,4,0,Auto Debit,3,Partner Referral,9,926836,63864,620,1,3,12,3161.5,263.4583333333333,0.0,0.0,0.0,1.0,3161.5,-0.8026646689793335,new,0.0,158.08,0.1,5,0.7507433163523782,2307.88,4226.289216447714,4226.289216447714,2307.88,4226.289216447714,0
501283,CUST001283,2021,2021-01-04,2021-07-31,Home,CA,A,90001,64.41,Y,Standard,Mixed,Shingle,2612,1,51,1,48,1,D,Broker,7667.09,7541.44,536.7,1150.06,417.02,1022520,0.0,0,0.962,1.0,12,0,1,1,0.1017,New,0.0,0,1,Middle,1022520,500,4,0,Credit Card,5,Social Media,6,1042015,67380,548,1,5,12,7667.09,638.9241666666667,0.0,0.0,0.0,1.0,7667.09,-1.572955888332837,new,0.0,383.35,0.1,5,0.9076272367958883,5596.98,16307.60268700471,16307.60268700471,5596.98,16307.60268700471,1
501284,CUST001284,2021,2021-09-25,2021-11-30,Rental,WA,A,99201,25.29,N,Standard,Mixed,Tile,1606,1,27,1,48,0,D,Independent,1775.24,1732.91,124.27,213.03,151.89,409635,12452.13,1,0.956,1.0,12,1,0,1,0.044,New,11072.13,1,1,Middle,409635,1500,3,0,Debit Card,9,Partner Referral,5,452118,66635,606,1,9,12,1775.24,147.93666666666667,0.08333333333333333,0.0,0.08333333333333333,1.0,1775.24,-1.349636698134887,new,11072.13,88.76,0.1,5,0.4421683057922079,-9722.95,-6466.792769708963,-6466.792769708963,-9722.95,-6466.792769708963,0
501285,CUST001285,2021,2021-09-05,2022-04-30,Rental,CA,A,94105,53.93,Y,Standard,Mixed,Tile,2086,1,41,1,27,2,B,Online,4205.57,4010.6,294.39,84.11,261.25,811517,101428.33,2,0.971,1.0,12,1,1,0,0.103,New,99588.33,1,1,Upper Middle,811517,1000,3,0,Debit Card,5,Agent Referral,3,820065,102173,695,1,5,12,4205.57,350.46416666666664,0.16666666666666666,0.0,0.08333333333333333,1.0,4205.57,0.19094574057211977,new,99588.33,210.28,0.1,5,0.35,-95971.54000000001,-44640.66043421416,-44640.66043421416,-95971.54000000001,-44640.66043421416,0
501286,CUST001286,2021,2021-10-06,2022-03-31,Home,WA,A,98101,29.33,Y,Standard,Frame,Metal,2183,3,27,1,38,1,C,Independent,2450.93,2368.99,171.56,294.11,182.29,706625,0.0,0,0.973,1.0,12,0,1,0,0.0852,New,0.0,1,1,Middle,706625,1000,4,0,Auto Debit,0,Social Media,8,717668,71722,628,1,0,12,2450.93,204.24416666666664,0.0,0.0,0.08333333333333333,1.0,2450.93,2.1166737889558784,new,0.0,122.55,0.1,5,0.7935668434870321,1862.7099999999998,3881.1984426414383,3881.1984426414383,1862.7099999999998,3881.1984426414383,0
501287,CUST001287,2021,2021-04-12,2022-02-28,Home,CA,C,92101,68.59,Y,Basic,Frame,Shingle,1893,1,30,1,67,0,D,Independent,4591.17,4295.22,321.38,550.94,278.6,606197,25998.99,1,0.924,1.0,12,0,0,0,0.0617,New,25538.99,1,1,Middle,606197,500,3,0,Bank Transfer,4,Social Media,8,762072,78435,585,1,4,12,4591.17,382.5975,0.08333333333333333,0.0,0.08333333333333333,1.0,4591.17,0.5760913502488715,new,25538.99,229.56,0.1,5,0.7042369536922767,-22049.7,-35016.095105603286,-35016.095105603286,-22049.7,-35016.095105603286,0
501288,CUST001288,2021,2021-12-02,2021-12-31,Home,TX,A,79901,46.03,Y,Standard,Masonry,Shingle,1805,2,21,1,39,0,C,Online,1287.77,1249.7,90.14,25.76,129.95,244095,0.0,0,0.969,1.0,12,0,0,1,0.0632,New,0.0,1,1,Low,244095,1000,4,1,Credit Card,8,Aggregator,4,259988,42690,630,1,8,12,1287.77,107.31416666666667,0.0,0.08333333333333333,0.08333333333333333,1.0,1287.77,-2.3586235498268966,new,0.0,64.39,0.1,5,0.7690791848816413,1107.4799999999998,2143.84160385097,2143.84160385097,1107.4799999999998,2143.84160385097,0
501289,CUST001289,2021,2021-02-25,2021-12-31,Home,FL,D,32801,54.16,N,Basic,Frame,Shingle,2503,2,22,1,51,1,D,Online,3764.51,3351.67,319.98,75.29,241.4,412952,0.0,0,0.9,1.0,12,0,1,1,0.1119,New,0.0,1,1,Low,412952,1000,4,0,Bank Transfer,6,Agent Referral,3,598221,35224,559,1,6,12,3764.51,313.7091666666667,0.0,0.0,0.08333333333333333,1.0,3764.51,-0.19419986910463183,new,0.0,188.23,0.1,5,0.8319349775005148,3181.01,7429.35193170689,7429.35193170689,3181.01,7429.35193170689,1
501290,CUST001290,2021,2021-05-12,2021-09-30,Home,NY,D,10001,43.09,N,Basic,Frame,Shingle,2547,1,26,0,64,0,B,Online,3276.01,2878.87,229.32,65.52,219.42,861372,0.0,0,0.89,1.0,12,0,0,0,0.0775,New,0.0,1,1,Middle,861372,1000,4,0,Auto Debit,1,Social Media,3,1234378,54260,699,1,1,12,3276.01,273.00083333333333,0.0,0.0,0.08333333333333333,1.0,3276.01,1.7315281792791266,new,0.0,163.8,0.1,5,0.7731903696376854,2817.37,5521.862884143002,5521.862884143002,2817.37,5521.862884143002,1
501291,CUST001291,2021,2021-05-07,2021-08-31,Rental,NY,C,11201,40.85,Y,Basic,Frame,Shingle,2140,2,11,1,26,1,C,Independent,3715.4,3998.53,260.08,445.85,239.19,817989,0.0,0,0.527,0.5,6,0,1,0,0.1035,New,0.0,0,1,Upper Middle,817989,1000,5,0,Credit Card,5,Aggregator,9,1004205,100417,627,1,5,6,3715.4,619.2333333333333,0.0,0.0,0.0,1.0,3715.4,-4.695760937424026,new,0.0,185.77,0.1,5,0.6302816745276157,2823.7000000000003,3554.9172627521566,3554.9172627521566,2823.7000000000003,3554.9172627521566,0
501292,CUST001292,2021,2021-10-24,2022-06-30,Home,TX,B,79901,25.54,Y,Standard,Masonry,Tile,1488,2,37,1,53,0,D,Broker,1055.07,1026.96,73.85,158.26,119.48,193638,0.0,0,0.959,1.0,12,0,0,0,0.0538,New,0.0,1,1,Middle,193638,1000,5,0,Credit Card,3,Online Search,7,200083,70531,617,1,3,12,1055.07,87.9225,0.0,0.0,0.08333333333333333,1.0,1055.07,0.9612369599256232,new,0.0,52.75,0.1,5,0.88835949614468,770.2099999999999,2122.2952854862588,2122.2952854862588,770.2099999999999,2122.2952854862588,0
501293,CUST001293,2021,2021-03-05,2021-03-31,Rental,CA,B,92101,44.16,Y,Basic,Frame,Metal,1497,2,31,1,49,0,C,Online,2860.45,2732.73,200.23,57.21,200.72,537910,0.0,0,0.997,1.0,12,0,0,1,0.0724,New,0.0,1,1,Low,537910,1000,5,0,Credit Card,2,Aggregator,10,643067,33785,642,1,2,12,2860.45,238.3708333333333,0.0,0.0,0.08333333333333333,1.0,2860.45,1.3463825696023748,new,0.0,143.02,0.1,5,0.8666398021249864,2459.99,6362.610714296872,6362.610714296872,2459.99,6362.610714296872,1
501294,CUST001294,2021,2021-11-21,2021-11-30,Home,FL,B,32801,47.68,N,Basic,Masonry,Tile,1845,1,17,0,65,0,B,Independent,1872.55,1863.11,159.17,224.71,156.26,326474,0.0,0,0.95,1.0,12,0,1,0,0.0888,New,0.0,1,1,Middle,326474,1000,3,0,Debit Card,1,Online Search,2,459003,87208,711,1,1,12,1872.55,156.04583333333332,0.0,0.0,0.08333333333333333,1.0,1872.55,1.7315281792791266,new,0.0,93.63,0.1,5,0.6922821321943853,1395.04,2134.8365008628357,2134.8365008628357,1395.04,2134.8365008628357,0
501295,CUST001295,2021,2021-04-04,2021-11-30,Home,FL,C,33601,56.43,Y,Standard,Masonry,Metal,1896,3,61,0,50,0,A,Online,2269.58,2250.8,192.91,45.39,174.13,362114,0.0,0,0.499,0.5,6,0,0,0,0.0814,New,0.0,1,1,Middle,362114,1000,4,0,Auto Debit,2,Online Search,5,393107,76956,733,1,2,6,2269.58,378.2633333333333,0.0,0.0,0.16666666666666666,1.0,2269.58,-0.012520850583857324,new,0.0,113.48,0.1,5,0.8442033534301628,1917.8,4644.19096358407,4644.19096358407,1917.8,4644.19096358407,0
501296,CUST001296,2021,2021-01-06,2021-02-28,Home,TX,C,78701,25.69,N,Premium,Masonry,Tile,1962,1,0,1,53,1,D,Direct,1635.46,1517.37,114.48,49.06,145.6,332076,0.0,0,0.947,1.0,12,0,0,1,0.0661,New,0.0,0,1,Low,332076,1000,2,1,Bank Transfer,6,Social Media,7,336977,37006,571,1,6,12,1635.46,136.28833333333333,0.0,0.08333333333333333,0.0,1.0,1635.46,-3.35223395937835,new,0.0,81.77,0.1,5,0.4790288951763332,1390.15,1055.5924310892367,1055.5924310892367,1390.15,1055.5924310892367,0
501297,CUST001297,2021,2021-04-01,2021-08-31,Condo,FL,C,33301,52.77,Y,Basic,Masonry,Tile,1174,1,19,0,45,1,C,Online,1675.59,1495.47,142.43,33.51,147.4,214003,0.0,0,0.896,1.0,12,0,0,0,0.0848,New,0.0,1,1,Middle,214003,1000,4,0,Auto Debit,0,Agent Referral,8,259495,82319,668,1,0,12,1675.59,139.6325,0.0,0.0,0.08333333333333333,1.0,1675.59,2.1166737889558784,new,0.0,83.78,0.1,5,0.7784469408339605,1415.87,2819.2868217387727,2819.2868217387727,1415.87,2819.2868217387727,0
501298,CUST001298,2021,2021-05-19,2021-10-31,Home,FL,B,32801,58.71,N,Basic,Masonry,Shingle,1419,1,42,0,60,0,A,Online,1214.2,1244.07,103.21,24.28,126.64,192054,22168.05,3,1.05,1.0,12,0,0,0,0.0759,New,20788.05,1,1,Middle,192054,500,2,1,Bank Transfer,4,Partner Referral,7,278018,80990,737,1,4,12,1214.2,101.18333333333334,0.25,0.08333333333333333,0.08333333333333333,1.0,1214.2,-0.81804111111989,new,20788.05,60.71,0.1,5,0.5079663940989239,-19762.049999999996,-16599.823676581185,-16599.823676581185,-19762.049999999996,-16599.823676581185,0
501299,CUST001299,2021,2021-02-13,2021-07-31,Rental,FL,C,33301,50.8,Y,Standard,Masonry,Tile,2247,1,24,1,42,0,D,Online,4238.11,3875.89,360.24,84.76,262.72,511697,0.0,0,0.465,0.5,6,0,1,0,0.1346,New,0.0,1,1,Upper Middle,511697,2000,5,0,Credit Card,2,Agent Referral,4,520439,108623,619,1,2,6,4238.11,706.3516666666666,0.0,0.0,0.16666666666666666,1.0,4238.11,-0.012520850583857324,new,0.0,211.91,0.1,5,0.8799454686434236,3581.2,9629.320009528517,9629.320009528517,3581.2,9629.320009528517,1
501300,CUST001300,2021,2021-02-23,2021-10-31,Condo,WA,A,98501,29.86,N,Standard,Mixed,Tile,996,1,43,0,40,0,C,Online,674.42,598.07,47.21,13.49,102.35,188682,0.0,0,0.892,1.0,12,0,0,0,0.0774,New,0.0,0,1,Low,188682,1000,4,0,Credit Card,1,Aggregator,4,231161,44927,648,1,1,12,674.42,56.20166666666666,0.0,0.0,0.0,1.0,674.42,-0.03237344962583011,new,0.0,33.72,0.1,5,0.5653385060114066,579.9999999999999,591.2877782766041,591.2877782766041,579.9999999999999,591.2877782766041,0
501301,CUST001301,2021,2021-10-18,2022-06-30,Condo,CA,D,90001,58.69,N,Standard,Frame,Shingle,1427,1,39,1,25,0,C,Independent,3109.0,3270.35,217.63,373.08,211.91,459287,0.0,0,1.034,1.0,12,0,0,0,0.0451,New,0.0,1,1,Upper Middle,459287,1500,4,0,Credit Card,2,Aggregator,5,531320,90395,655,1,2,12,3109.0,259.0833333333333,0.0,0.0,0.08333333333333333,1.0,3109.0,1.3463825696023748,new,0.0,155.45,0.1,5,0.8151719170532143,2362.84,5250.984190133314,5250.984190133314,2362.84,5250.984190133314,1
501302,CUST001302,2021,2021-02-11,2021-02-28,Condo,NY,D,12207,28.43,Y,Standard,Mixed,Metal,1092,1,27,1,57,1,B,Direct,1498.87,1475.21,104.92,44.97,139.45,442323,0.0,0,0.966,1.0,12,0,1,0,0.1157,New,0.0,1,1,Upper Middle,442323,1000,4,0,Credit Card,0,Agent Referral,4,441314,132678,693,1,0,12,1498.87,124.90583333333332,0.0,0.0,0.08333333333333333,1.0,1498.87,2.1166737889558784,new,0.0,74.94,0.1,5,0.7927862097727121,1274.0399999999997,2648.4315844478047,2648.4315844478047,1274.0399999999997,2648.4315844478047,0
501303,CUST001303,2021,2021-03-23,2021-10-31,Condo,WA,C,99201,34.32,N,Standard,Frame,Tile,1579,1,34,0,55,2,B,Independent,1270.95,1270.77,88.97,152.51,129.19,387935,0.0,0,0.975,1.0,12,0,0,0,0.0837,New,0.0,1,1,Upper Middle,387935,5000,4,0,Credit Card,2,Email Campaign,7,465289,111600,721,1,2,12,1270.95,105.91250000000001,0.0,0.0,0.08333333333333333,1.0,1270.95,1.3463825696023748,new,0.0,63.55,0.1,5,0.7730856206373964,965.9200000000001,1892.5431167220274,1892.5431167220274,965.9200000000001,1892.5431167220274,0
501304,CUST001304,2021,2021-12-12,2022-09-30,Home,WA,C,98101,24.56,N,Basic,Masonry,Shingle,994,1,17,1,34,1,C,Online,943.14,911.06,66.02,18.86,114.44,242031,0.0,0,0.96,1.0,12,0,0,0,0.0732,New,0.0,0,1,Low,242031,1000,4,0,Debit Card,0,Online Search,6,340474,35114,658,1,0,12,943.14,78.595,0.0,0.0,0.0,1.0,943.14,0.3527721600509216,new,0.0,47.16,0.1,5,0.7648065548032261,811.1,1549.982183622598,1549.982183622598,811.1,1549.982183622598,0
501305,CUST001305,2021,2021-05-25,2021-05-31,Condo,NY,B,11201,21.59,N,Standard,Masonry,Metal,1366,1,51,0,57,0,B,Independent,1732.41,1627.69,121.27,207.89,149.96,502990,0.0,0,0.953,1.0,12,0,0,0,0.0524,New,0.0,1,1,Upper Middle,502990,1000,4,0,Bank Transfer,3,Partner Referral,2,586232,104785,717,1,3,12,1732.41,144.3675,0.0,0.0,0.08333333333333333,1.0,1732.41,0.9612369599256232,new,0.0,86.62,0.1,5,0.7442162921661641,1316.63,2363.6824296573577,2363.6824296573577,1316.63,2363.6824296573577,0
501306,CUST001306,2021,2021-12-14,2022-07-31,Home,NY,C,10001,52.11,Y,Standard,Frame,Shingle,2016,1,58,1,50,0,D,Independent,4771.61,4887.13,334.01,572.59,286.72,792214,0.0,0,0.988,1.0,12,0,0,0,0.0461,New,0.0,1,1,Middle,792214,500,4,0,Bank Transfer,2,Partner Referral,5,796178,66237,577,1,2,12,4771.61,397.63416666666666,0.0,0.0,0.08333333333333333,1.0,4771.61,1.3463825696023748,new,0.0,238.58,0.1,5,0.798377118843693,3626.4299999999994,7665.632320763346,7665.632320763346,3626.4299999999994,7665.632320763346,1
501307,CUST001307,2021,2021-01-01,2021-03-31,Home,FL,C,32801,45.92,N,Premium,Mixed,Tile,1896,1,20,0,64,0,D,Independent,4336.19,3805.34,368.58,520.34,267.13,529055,0.0,0,0.432,0.5,6,0,0,0,0.0627,New,0.0,1,1,Middle,529055,1000,4,0,Credit Card,2,Agent Referral,7,534506,65655,590,1,2,6,4336.19,722.6983333333333,0.0,0.0,0.16666666666666666,1.0,4336.19,-0.012520850583857324,new,0.0,216.81,0.1,5,0.7996593019464504,3230.4599999999996,6854.831933815924,6854.831933815924,3230.4599999999996,6854.831933815924,1
501308,CUST001308,2021,2021-12-22,2022-05-31,Rental,TX,D,73301,35.83,Y,Basic,Mixed,Metal,2126,2,40,0,38,0,C,Online,1089.85,1037.86,76.29,21.8,121.04,248110,0.0,0,0.469,0.5,6,0,0,1,0.0965,New,0.0,1,1,Middle,248110,2000,4,0,Debit Card,6,Email Campaign,2,315355,70419,672,1,6,6,1089.85,181.64166666666665,0.0,0.0,0.16666666666666666,1.0,1089.85,-1.5531032892908638,new,0.0,54.49,0.1,5,0.7806577435579695,937.27,1878.7459104232983,1878.7459104232983,937.27,1878.7459104232983,0
501309,CUST001309,2021,2021-04-03,2021-04-30,Rental,CA,B,90001,48.97,N,Standard,Masonry,Shingle,1395,1,51,0,48,0,C,Direct,2393.17,2348.25,167.52,71.79,179.69,401914,0.0,0,0.966,1.0,12,0,1,1,0.1433,New,0.0,0,1,Middle,401914,2000,4,1,Auto Debit,5,Aggregator,4,510308,86407,622,1,5,12,2393.17,199.43083333333334,0.0,0.08333333333333333,0.0,1.0,2393.17,-2.9670883497015983,new,0.0,119.66,0.1,5,0.7660321541474464,2034.2,3901.7051593985066,3901.7051593985066,2034.2,3901.7051593985066,0
501310,CUST001310,2021,2021-04-25,2021-06-30,Home,CA,D,94105,40.92,Y,Premium,Mixed,Tile,1662,2,42,1,34,0,B,Online,3006.6,3196.14,210.46,60.13,207.3,676757,0.0,0,1.05,1.0,12,0,0,0,0.0913,New,0.0,1,1,Middle,676757,2500,5,1,Credit Card,1,Email Campaign,4,649118,74985,699,1,1,12,3006.6,250.54999999999998,0.0,0.08333333333333333,0.08333333333333333,1.0,3006.6,0.33739571791036516,new,0.0,150.33,0.1,5,0.851382834215904,2585.68,6395.189687838089,6395.189687838089,2585.68,6395.189687838089,1
501311,CUST001311,2021,2021-01-09,2021-01-31,Home,FL,B,33601,39.19,N,Basic,Mixed,Tile,2146,2,11,1,41,0,C,Independent,2181.27,2256.43,185.41,261.75,170.16,345798,0.0,0,1.05,1.0,12,0,0,1,0.0546,New,0.0,1,1,Middle,345798,500,4,0,Credit Card,7,Agent Referral,8,515862,79872,667,1,7,12,2181.27,181.7725,0.0,0.0,0.08333333333333333,1.0,2181.27,-0.5793454787813836,new,0.0,109.06,0.1,5,0.8307435187556864,1625.05,3782.0096455006556,3782.0096455006556,1625.05,3782.0096455006556,0
501312,CUST001312,2021,2021-12-16,2022-10-31,Rental,WA,A,98101,44.47,Y,Standard,Frame,Shingle,1982,1,35,0,36,1,C,Online,2101.63,1989.49,147.11,42.03,166.57,491712,0.0,0,0.97,1.0,12,0,1,0,0.1113,New,0.0,1,1,High,491712,1500,4,0,Credit Card,3,Online Search,8,520022,151170,636,1,3,12,2101.63,175.13583333333335,0.0,0.0,0.08333333333333333,1.0,2101.63,0.9612369599256232,new,0.0,105.08,0.1,5,0.8542999546967045,1807.41,4508.749982797246,4508.749982797246,1807.41,4508.749982797246,0
501313,CUST001313,2021,2021-12-11,2022-04-30,Home,TX,A,78701,47.42,Y,Standard,Masonry,Shingle,2704,3,46,0,48,0,A,Direct,1451.69,1506.78,101.62,43.55,137.33,345241,0.0,0,1.047,1.0,12,0,1,0,0.1039,New,0.0,1,1,Upper Middle,345241,1000,4,0,Credit Card,0,Social Media,4,354287,101506,741,1,0,12,1451.69,120.97416666666668,0.0,0.0,0.08333333333333333,1.0,1451.69,2.1166737889558784,new,0.0,72.58,0.1,5,0.7375970683036946,1233.9400000000003,2170.9820477255457,2170.9820477255457,1233.9400000000003,2170.9820477255457,0
501314,CUST001314,2021,2021-08-21,2022-04-30,Rental,TX,D,73301,27.63,N,Basic,Masonry,Shingle,2391,2,17,1,42,1,D,Online,1252.76,1343.21,87.69,25.06,128.37,231524,0.0,0,1.037,1.0,12,1,0,1,0.0852,New,0.0,0,1,Middle,231524,1500,5,0,Auto Debit,5,Partner Referral,3,342927,70033,595,1,5,12,1252.76,104.39666666666666,0.0,0.0,0.0,1.0,1252.76,-1.572955888332837,new,0.0,62.64,0.1,5,0.8115731069853265,1077.37,2368.772124004215,2368.772124004215,1077.37,2368.772124004215,0
501315,CUST001315,2021,2021-08-10,2021-08-31,Condo,WA,B,98101,20.05,N,Basic,Mixed,Metal,1272,2,50,1,40,0,B,Direct,803.19,815.93,56.22,24.1,108.14,286100,0.0,0,1.017,1.0,12,1,0,1,0.091,New,0.0,1,1,Upper Middle,286100,2000,3,1,Credit Card,8,Agent Referral,7,403121,95104,681,1,8,12,803.19,66.9325,0.0,0.08333333333333333,0.08333333333333333,1.0,803.19,-2.3586235498268966,new,0.0,40.16,0.1,5,0.630147527574215,682.71,859.1345021619563,859.1345021619563,682.71,859.1345021619563,0
501316,CUST001316,2021,2021-11-20,2022-07-31,Home,WA,B,99201,23.53,Y,Basic,Mixed,Shingle,2923,3,28,1,58,0,B,Online,2676.21,2550.47,187.33,53.52,192.43,824508,0.0,0,0.483,0.5,6,0,1,0,0.108,New,0.0,1,1,Upper Middle,824508,1500,5,0,Credit Card,2,Online Search,2,1024539,111761,693,1,2,6,2676.21,446.035,0.0,0.0,0.16666666666666666,1.0,2676.21,-0.012520850583857324,new,0.0,133.81,0.1,5,0.7785774414389597,2301.55,4584.656454920911,4584.656454920911,2301.55,4584.656454920911,0
501317,CUST001317,2021,2021-09-15,2022-02-28,Rental,NY,D,11201,38.53,N,Standard,Frame,Shingle,2226,1,1,0,56,0,B,Online,3325.85,3303.82,232.81,66.52,221.66,862109,0.0,0,0.98,1.0,12,1,0,0,0.0801,New,0.0,0,1,Upper Middle,862109,500,4,0,Credit Card,2,Agent Referral,3,1057817,133176,716,1,2,12,3325.85,277.15416666666664,0.0,0.0,0.0,1.0,3325.85,-0.4175190593025818,new,0.0,166.29,0.1,5,0.8296690681671818,2860.23,6635.545436392668,6635.545436392668,2860.23,6635.545436392668,1
501318,CUST001318,2021,2021-09-24,2021-09-30,Home,NY,C,14604,30.74,Y,Standard,Mixed,Tile,1561,3,46,0,52,0,A,Online,1964.08,1923.6,137.49,39.28,160.38,674727,0.0,0,0.988,1.0,12,1,1,0,0.1505,New,0.0,1,1,High,674727,2000,5,0,Auto Debit,0,Aggregator,6,708394,180493,763,1,0,12,1964.08,163.67333333333332,0.0,0.0,0.08333333333333333,1.0,1964.08,2.1166737889558784,new,0.0,98.2,0.1,5,0.8551590878078261,1689.11,4224.279035897596,4224.279035897596,1689.11,4224.279035897596,0
501319,CUST001319,2021,2021-10-20,2021-12-31,Rental,CA,A,92101,60.55,Y,Basic,Frame,Metal,1288,2,35,1,54,2,D,Independent,2715.95,2402.31,190.12,325.91,194.22,382193,0.0,0,0.874,1.0,12,0,0,1,0.0407,New,0.0,1,1,Low,382193,500,4,0,Debit Card,8,Aggregator,5,482703,37315,585,1,8,12,2715.95,226.32916666666665,0.0,0.0,0.08333333333333333,1.0,2715.95,-0.9644910884581352,new,0.0,135.8,0.1,5,0.7704611408661707,2064.12,4012.386069922294,4012.386069922294,2064.12,4012.386069922294,0
501320,CUST001320,2021,2021-02-26,2021-02-28,Rental,FL,B,33601,35.9,N,Basic,Masonry,Tile,1394,1,11,1,47,1,D,Online,1834.6,1835.5,155.94,36.69,154.56,238989,0.0,0,0.484,0.5,6,0,1,0,0.1025,New,0.0,1,1,Low,238989,1000,4,0,Auto Debit,0,Agent Referral,4,342016,46737,573,1,0,6,1834.6,305.76666666666665,0.0,0.0,0.16666666666666666,1.0,1834.6,0.7577703687696461,new,0.0,91.73,0.1,5,0.7921426019989157,1550.2399999999998,3216.382398290547,3216.382398290547,1550.2399999999998,3216.382398290547,0
501321,CUST001321,2021,2021-01-05,2021-02-28,Home,WA,D,98004,26.17,N,Basic,Frame,Metal,1493,1,19,1,45,0,C,Online,1320.57,1319.71,92.44,26.41,131.43,379156,0.0,0,0.975,1.0,12,0,0,1,0.067,New,0.0,0,1,Upper Middle,379156,1000,3,0,Credit Card,7,Partner Referral,3,524976,94233,642,1,7,12,1320.57,110.0475,0.0,0.0,0.0,1.0,1320.57,-2.34324710768634,new,0.0,66.03,0.1,5,0.5143793933089615,1135.6899999999998,975.2284764819274,975.2284764819274,1135.6899999999998,975.2284764819274,0
501322,CUST001322,2021,2021-10-22,2021-11-30,Home,CA,C,94105,51.24,N,Standard,Mixed,Tile,898,2,39,1,39,0,B,Independent,1613.75,1508.14,112.96,193.65,144.62,334828,0.0,0,0.944,1.0,12,0,0,0,0.0907,New,0.0,1,1,Middle,334828,2000,5,0,Auto Debit,1,Agent Referral,12,388145,89903,692,1,1,12,1613.75,134.47916666666666,0.0,0.0,0.08333333333333333,1.0,1613.75,1.7315281792791266,new,0.0,80.69,0.1,5,0.8836225081896893,1226.4499999999998,3333.231758857554,3333.231758857554,1226.4499999999998,3333.231758857554,0
501323,CUST001323,2021,2021-03-18,2021-07-31,Home,CA,D,92101,34.82,Y,Standard,Masonry,Tile,2414,2,31,1,51,0,C,Online,4409.11,3736.99,308.64,88.18,270.41,933226,0.0,0,0.853,1.0,12,0,0,0,0.1054,New,0.0,1,1,Upper Middle,933226,5000,4,0,Credit Card,1,Online Search,3,1000068,144782,675,1,1,12,4409.11,367.4258333333333,0.0,0.0,0.08333333333333333,1.0,4409.11,1.7315281792791266,new,0.0,220.46,0.1,5,0.8317800108953934,3791.8299999999995,8851.88555133814,8851.88555133814,3791.8299999999995,8851.88555133814,1
501324,CUST001324,2021,2021-05-27,2021-12-31,Condo,CA,A,95814,57.42,Y,Basic,Mixed,Shingle,1763,1,48,1,62,0,B,Direct,2968.03,2612.82,207.76,89.04,205.56,527885,0.0,0,0.885,1.0,12,0,0,0,0.0686,New,0.0,1,1,Low,527885,1500,5,1,Debit Card,1,Partner Referral,6,680304,43506,682,1,1,12,2968.03,247.33583333333334,0.0,0.08333333333333333,0.08333333333333333,1.0,2968.03,0.33739571791036516,new,0.0,148.4,0.1,5,0.8598406628895909,2522.8300000000004,6396.544744249638,6396.544744249638,2522.8300000000004,6396.544744249638,1
501325,CUST001325,2021,2021-02-18,2021-02-28,Home,CA,C,94105,49.47,Y,Premium,Masonry,Shingle,2396,1,31,1,29,0,B,Direct,5166.58,4780.16,361.66,155.0,304.5,1045447,0.0,0,0.927,1.0,12,0,0,0,0.0923,New,0.0,1,1,Low,1045447,2000,5,0,Auto Debit,1,Agent Referral,2,936814,48105,688,1,1,12,5166.58,430.54833333333335,0.0,0.0,0.08333333333333333,1.0,5166.58,1.7315281792791266,new,0.0,258.33,0.1,5,0.8816314034790244,4391.59,11866.451923504712,11866.451923504712,4391.59,11866.451923504712,1
501326,CUST001326,2021,2021-10-13,2022-05-31,Rental,TX,C,77001,28.39,Y,Standard,Masonry,Tile,1004,1,17,0,63,0,C,Independent,579.33,552.52,40.55,69.52,98.07,140697,0.0,0,0.961,1.0,12,0,0,1,0.0547,New,0.0,1,1,Upper Middle,140697,1500,4,0,Auto Debit,4,Email Campaign,10,138795,99175,654,1,4,12,579.33,48.2775,0.0,0.0,0.08333333333333333,1.0,579.33,0.5760913502488715,new,0.0,28.97,0.1,5,0.835675096977096,440.2900000000001,1039.7377007035238,1039.7377007035238,440.2900000000001,1039.7377007035238,0
501327,CUST001327,2021,2021-10-25,2022-07-31,Condo,FL,C,33101,64.52,Y,Basic,Frame,Shingle,1763,1,11,1,45,0,B,Online,2001.76,1957.37,170.15,40.04,162.08,305497,0.0,0,0.963,1.0,12,0,1,0,0.1025,New,0.0,1,1,Middle,305497,1000,4,0,Debit Card,1,Partner Referral,4,393346,82202,687,1,1,12,2001.76,166.81333333333333,0.0,0.0,0.08333333333333333,1.0,2001.76,1.7315281792791266,new,0.0,100.09,0.1,5,0.647290752172063,1691.48,2247.864657518602,2247.864657518602,1691.48,2247.864657518602,0
501328,CUST001328,2021,2021-07-19,2021-07-31,Condo,CA,A,94105,36.36,N,Standard,Mixed,Metal,1473,1,13,1,33,1,D,Online,2847.59,2717.79,199.33,56.95,200.14,514508,0.0,0,0.993,1.0,12,1,0,1,0.088,New,0.0,0,1,Middle,514508,500,4,0,Credit Card,9,Online Search,7,607920,60384,606,1,9,12,2847.59,237.29916666666668,0.0,0.0,0.0,1.0,2847.59,-3.113538327039844,new,0.0,142.38,0.1,5,0.8163463847825551,2448.9300000000003,5461.330587678247,5461.330587678247,2448.9300000000003,5461.330587678247,1
501329,CUST001329,2021,2021-06-20,2021-06-30,Home,CA,D,94105,45.64,Y,Standard,Mixed,Tile,1992,3,26,1,60,0,B,Online,3906.63,4090.2,273.46,78.13,247.8,859548,0.0,0,1.047,1.0,12,1,1,0,0.1046,New,0.0,0,1,Low,859548,1000,5,0,Auto Debit,0,Partner Referral,9,908915,45648,711,1,0,12,3906.63,325.5525,0.0,0.0,0.0,1.0,3906.63,0.3527721600509216,new,0.0,195.33,0.1,5,0.7256705840367802,3359.71,5699.286930223139,5699.286930223139,3359.71,5699.286930223139,1
501330,CUST001330,2021,2021-09-18,2021-11-30,Rental,NY,A,11201,43.13,Y,Premium,Frame,Shingle,1971,2,23,0,49,0,B,Online,3988.31,4123.5,279.18,79.77,251.47,1006496,61130.8,1,1.029,1.0,12,1,0,0,0.0877,New,60210.8,1,1,Upper Middle,1006496,1000,3,0,Credit Card,2,Partner Referral,4,918718,141981,715,1,2,12,3988.31,332.3591666666667,0.08333333333333333,0.0,0.08333333333333333,1.0,3988.31,1.3463825696023748,new,60210.8,199.42,0.1,5,0.655944399950318,-56780.86,-77550.66069059828,-77550.66069059828,-56780.86,-77550.66069059828,0
501331,CUST001331,2021,2021-06-09,2022-04-30,Rental,NY,D,10001,16.87,N,Basic,Masonry,Tile,1875,2,11,1,45,1,C,Direct,2513.31,2502.81,175.93,75.4,185.1,703854,49835.17,2,1.014,1.0,12,1,0,1,0.0689,New,47995.17,0,1,Low,703854,1000,2,2,Credit Card,4,Partner Referral,3,976930,44388,678,1,4,12,2513.31,209.4425,0.16666666666666666,0.16666666666666666,0.0,1.0,2513.31,-3.976075201393608,new,47995.17,125.67,0.1,5,0.35,-45858.86,-21331.00914250377,-21331.00914250377,-45858.86,-21331.00914250377,0
501332,CUST001332,2021,2021-12-03,2022-05-31,Rental,FL,C,33301,74.95,Y,Standard,Frame,Shingle,2013,3,24,1,54,0,C,Independent,3922.96,3990.36,333.45,470.75,248.53,428443,0.0,0,0.992,1.0,12,0,0,0,0.0831,New,0.0,1,1,Middle,428443,2000,4,1,Credit Card,4,Email Campaign,7,455604,79999,634,1,4,12,3922.96,326.91333333333336,0.0,0.08333333333333333,0.08333333333333333,1.0,3922.96,-0.81804111111989,new,0.0,196.15,0.1,5,0.8021582948832738,2922.61,6248.042578724313,6248.042578724313,2922.61,6248.042578724313,1
501333,CUST001333,2021,2021-06-05,2021-07-31,Home,FL,C,33301,43.71,N,Premium,Masonry,Tile,1347,3,21,1,23,0,D,Independent,2390.35,2299.82,203.18,286.84,179.57,325088,0.0,0,0.931,1.0,12,1,1,1,0.0828,New,0.0,1,1,Middle,325088,1000,4,0,Debit Card,11,Aggregator,7,339766,60723,612,1,11,12,2390.35,199.19583333333333,0.0,0.0,0.08333333333333333,1.0,2390.35,-2.1199279174883903,new,0.0,119.52,0.1,5,0.7983443461759311,1780.8100000000002,3763.9490550868895,3763.9490550868895,1780.8100000000002,3763.9490550868895,0
501334,CUST001334,2021,2021-07-25,2021-11-30,Rental,TX,D,79901,26.08,N,Premium,Masonry,Tile,2191,2,16,0,43,0,C,Direct,1387.37,1397.56,97.12,41.62,134.43,362751,5188.48,1,1.007,1.0,12,1,0,0,0.108,New,3348.48,1,1,Middle,362751,2000,4,0,Bank Transfer,0,Aggregator,2,354364,76766,677,1,0,12,1387.37,115.61416666666666,0.08333333333333333,0.0,0.08333333333333333,1.0,1387.37,2.1166737889558784,new,3348.48,69.37,0.1,5,0.612316290986394,-2169.22,-2578.021507585255,-2578.021507585255,-2169.22,-2578.021507585255,0
501335,CUST001335,2021,2021-05-17,2021-05-31,Home,FL,C,32801,64.67,N,Standard,Frame,Metal,1685,2,38,1,65,0,C,Independent,2463.48,2477.06,209.4,295.62,182.86,342162,0.0,0,1.01,1.0,12,0,1,0,0.1036,New,0.0,0,1,Upper Middle,342162,500,3,1,Auto Debit,4,Partner Referral,7,413664,111740,646,1,4,12,2463.48,205.29,0.0,0.08333333333333333,0.0,1.0,2463.48,-2.5819427400248465,new,0.0,123.17,0.1,5,0.35,1835.29,853.6755551521721,853.6755551521721,1835.29,853.6755551521721,0
501336,CUST001336,2021,2021-01-12,2021-07-31,Home,TX,D,73301,31.07,Y,Premium,Frame,Shingle,1770,3,8,1,40,0,C,Independent,1207.58,1079.7,84.53,144.91,126.34,261147,0.0,0,0.456,0.5,6,0,0,0,0.0677,New,0.0,0,1,Low,261147,500,4,2,Auto Debit,1,Agent Referral,11,252517,35805,638,1,1,6,1207.58,201.26333333333332,0.0,0.3333333333333333,0.0,1.0,1207.58,-8.731708344192064,new,0.0,60.38,0.1,5,0.7522991917298868,917.76,1688.6011293746442,1688.6011293746442,917.76,1688.6011293746442,0
501337,CUST001337,2021,2021-05-27,2021-07-31,Condo,FL,C,33601,42.59,N,Basic,Frame,Metal,1364,2,5,0,73,1,B,Broker,1132.13,1076.03,96.23,169.82,122.95,211698,0.0,0,0.954,1.0,12,0,0,0,0.0635,New,0.0,0,1,Low,211698,1000,4,0,Auto Debit,1,Email Campaign,2,302058,34124,705,1,1,12,1132.13,94.34416666666668,0.0,0.0,0.0,1.0,1132.13,-0.03237344962583011,new,0.0,56.61,0.1,5,0.7315355868361448,809.4700000000001,1398.039632646789,1398.039632646789,809.4700000000001,1398.039632646789,0
501338,CUST001338,2021,2021-09-06,2021-12-31,Home,CA,B,94105,42.19,Y,Basic,Frame,Shingle,2035,1,19,0,54,0,B,Independent,3184.29,3000.44,222.9,382.12,215.29,659561,0.0,0,0.965,1.0,12,1,0,0,0.0513,New,0.0,1,1,High,659561,500,4,0,Auto Debit,0,Social Media,6,849545,201151,695,1,0,12,3184.29,265.3575,0.0,0.0,0.08333333333333333,1.0,3184.29,2.1166737889558784,new,0.0,159.21,0.1,5,0.8458631871317014,2420.06,5889.184730493478,5889.184730493478,2420.06,5889.184730493478,1
501339,CUST001339,2021,2021-03-06,2021-11-30,Condo,WA,A,98501,23.15,N,Standard,Mixed,Metal,1640,1,29,1,44,1,C,Direct,1397.43,1324.12,97.82,41.92,134.88,440185,0.0,0,0.975,1.0,12,0,1,0,0.1106,New,0.0,1,1,Middle,440185,1000,4,0,Credit Card,2,Social Media,1,508185,77157,635,1,2,12,1397.43,116.4525,0.0,0.0,0.08333333333333333,1.0,1397.43,1.3463825696023748,new,0.0,69.87,0.1,5,0.74449665651577,1187.8200000000002,2134.2570438307653,2134.2570438307653,1187.8200000000002,2134.2570438307653,0
501340,CUST001340,2021,2021-03-12,2021-03-31,Home,FL,C,33101,48.79,N,Premium,Frame,Metal,2084,2,31,1,42,2,C,Independent,3485.25,3445.94,296.25,418.23,228.84,474512,0.0,0,1.019,1.0,12,0,1,0,0.1045,New,0.0,0,1,Low,474512,1000,5,0,Auto Debit,1,Agent Referral,5,493858,44159,652,1,1,12,3485.25,290.4375,0.0,0.0,0.0,1.0,3485.25,-0.03237344962583011,new,0.0,174.26,0.1,5,0.806895970859845,2596.51,5629.886123525525,5629.886123525525,2596.51,5629.886123525525,1
501341,CUST001341,2021,2021-06-20,2021-07-31,Condo,NY,D,10001,38.48,N,Standard,Frame,Shingle,1483,1,49,1,31,0,C,Independent,2360.18,2107.68,165.21,283.22,178.21,544757,29191.35,1,0.442,0.5,6,1,1,0,0.0827,New,28731.35,1,1,Middle,544757,500,3,2,Bank Transfer,3,Online Search,10,641499,63962,625,1,3,6,2360.18,393.3633333333333,0.16666666666666666,0.3333333333333333,0.16666666666666666,1.0,2360.18,-5.974196305735655,new,28731.35,118.01,0.1,5,0.84179455368475,-26937.609999999997,-64771.49583238656,-64771.49583238656,-26937.609999999997,-64771.49583238656,0
501342,CUST001342,2021,2021-02-23,2021-12-31,Rental,WA,A,98501,29.71,Y,Premium,Masonry,Shingle,1813,1,33,0,45,0,C,Independent,2882.46,2693.25,201.77,345.9,201.71,649592,0.0,0,0.924,1.0,12,0,1,0,0.0909,New,0.0,1,1,Upper Middle,649592,500,4,0,Debit Card,3,Social Media,11,583473,139258,668,1,3,12,2882.46,240.205,0.0,0.0,0.08333333333333333,1.0,2882.46,0.9612369599256232,new,0.0,144.12,0.1,5,0.8573775181817739,2190.67,5514.399853566056,5514.399853566056,2190.67,5514.399853566056,1
501343,CUST001343,2021,2021-03-03,2021-03-31,Home,TX,C,79901,40.84,Y,Premium,Frame,Tile,2163,3,13,1,32,0,C,Direct,1697.11,1766.61,118.8,50.91,148.37,401043,0.0,0,1.008,1.0,12,0,0,0,0.0808,New,0.0,1,1,Upper Middle,401043,500,4,0,Credit Card,3,Online Search,8,360323,92199,667,1,3,12,1697.11,141.42583333333332,0.0,0.0,0.08333333333333333,1.0,1697.11,0.9612369599256232,new,0.0,84.86,0.1,5,0.7798821044273462,1442.54,2884.817927363005,2884.817927363005,1442.54,2884.817927363005,0
501344,CUST001344,2021,2021-02-16,2021-05-31,Home,WA,B,99201,29.3,N,Standard,Mixed,Shingle,2073,2,27,0,67,1,C,Broker,2327.91,2236.76,162.95,349.19,176.76,616189,14635.83,1,0.946,1.0,12,0,0,0,0.052,New,13715.83,1,1,Upper Middle,616189,1000,4,1,Auto Debit,0,Aggregator,6,751016,90812,665,1,0,12,2327.91,193.99249999999998,0.08333333333333333,0.08333333333333333,0.08333333333333333,1.0,2327.91,0.722541327587117,new,13715.83,116.4,0.1,5,0.6007785821734885,-12016.460000000001,-13758.222496016171,-13758.222496016171,-12016.460000000001,-13758.222496016171,0
501345,CUST001345,2021,2021-04-26,2021-10-31,Rental,FL,C,33601,64.28,N,Premium,Masonry,Shingle,1348,2,28,0,48,1,A,Online,2272.36,2347.25,193.15,45.45,174.26,311064,24218.82,1,1.05,1.0,12,0,0,0,0.0817,New,23298.82,0,1,Middle,311064,1000,5,0,Auto Debit,0,Online Search,5,319721,74027,732,1,0,12,2272.36,189.36333333333334,0.08333333333333333,0.0,0.0,1.0,2272.36,0.3527721600509216,new,23298.82,113.62,0.1,5,0.6742717152113343,-21378.68,-30929.53489949486,-30929.53489949486,-21378.68,-30929.53489949486,0
501346,CUST001346,2021,2021-01-22,2021-09-30,Home,NY,B,11201,28.1,N,Basic,Frame,Metal,1862,2,28,1,48,0,B,Broker,1723.14,1588.97,120.62,258.47,149.54,610890,0.0,0,0.93,1.0,12,0,1,0,0.1372,New,0.0,1,1,Upper Middle,610890,2000,5,0,Auto Debit,2,Online Search,9,888386,102801,710,1,2,12,1723.14,143.595,0.0,0.0,0.08333333333333333,1.0,1723.14,1.3463825696023748,new,0.0,86.16,0.1,5,0.8631144743453362,1257.8899999999999,3220.0659355985517,3220.0659355985517,1257.8899999999999,3220.0659355985517,0
501347,CUST001347,2021,2021-03-20,2021-05-31,Condo,CA,C,92101,57.32,N,Standard,Frame,Shingle,1351,1,37,1,49,0,C,Broker,2299.2,2430.11,160.94,344.88,175.46,390553,0.0,0,1.05,1.0,12,0,1,0,0.0818,New,0.0,1,1,Middle,390553,1500,4,0,Auto Debit,2,Aggregator,5,456026,59054,667,1,2,12,2299.2,191.6,0.0,0.0,0.08333333333333333,1.0,2299.2,1.3463825696023748,new,0.0,114.96,0.1,5,0.8154838146453006,1678.4199999999996,3733.4437704440256,3733.4437704440256,1678.4199999999996,3733.4437704440256,0
501348,CUST001348,2021,2021-10-02,2022-04-30,Rental,CA,A,94105,60.9,Y,Basic,Mixed,Tile,2204,1,48,0,62,1,C,Independent,3659.79,3308.16,256.19,439.18,236.69,574407,29168.44,1,0.921,1.0,12,0,0,0,0.0585,New,28708.44,1,1,Middle,574407,500,3,1,Auto Debit,4,Online Search,3,723858,55504,630,1,4,12,3659.79,304.9825,0.08333333333333333,0.08333333333333333,0.08333333333333333,1.0,3659.79,-0.81804111111989,new,28708.44,182.99,0.1,5,0.6025710901187709,-25927.01,-29858.034138642433,-29858.034138642433,-25927.01,-29858.034138642433,0
501349,CUST001349,2021,2021-07-22,2021-09-30,Home,FL,A,33601,60.2,N,Standard,Frame,Metal,2198,2,32,0,50,0,A,Independent,2386.4,2003.85,202.84,286.37,179.39,441121,0.0,0,0.854,1.0,12,1,1,0,0.106,New,0.0,1,1,High,441121,500,4,0,Credit Card,1,Email Campaign,5,553668,219888,784,1,1,12,2386.4,198.86666666666667,0.0,0.0,0.08333333333333333,1.0,2386.4,1.7315281792791266,new,0.0,119.32,0.1,5,0.7949445706130014,1777.8700000000001,3719.7277543196096,3719.7277543196096,1777.8700000000001,3719.7277543196096,0
501350,CUST001350,2021,2021-04-20,2021-12-31,Home,FL,A,33601,48.97,N,Standard,Masonry,Tile,938,2,24,1,42,1,D,Direct,1752.92,1495.49,149.0,52.59,150.88,190186,0.0,0,0.892,1.0,12,0,0,1,0.0623,New,0.0,0,1,Low,190186,1000,4,0,Bank Transfer,14,Partner Referral,9,219670,31186,589,1,14,12,1752.92,146.07666666666668,0.0,0.0,0.0,1.0,1752.92,-5.039266375423601,new,0.0,87.65,0.1,5,0.7253127224837342,1463.68,2480.2096081215677,2480.2096081215677,1463.68,2480.2096081215677,0
501351,CUST001351,2021,2021-12-11,2021-12-31,Home,NY,D,12207,31.34,N,Basic,Frame,Tile,2270,2,45,1,37,0,B,Online,2535.39,2428.98,177.48,50.71,186.09,798670,0.0,0,0.956,1.0,12,0,1,0,0.121,New,0.0,1,1,Upper Middle,798670,1000,3,1,Credit Card,0,Agent Referral,5,1132455,120038,700,1,0,12,2535.39,211.2825,0.0,0.08333333333333333,0.08333333333333333,1.0,2535.39,0.722541327587117,new,0.0,126.77,0.1,5,0.7766340170012392,2180.43,4318.05944355013,4318.05944355013,2180.43,4318.05944355013,0
501352,CUST001352,2021,2021-10-15,2022-06-30,Home,FL,A,33301,53.81,N,Premium,Mixed,Tile,2219,1,34,1,28,1,B,Independent,2791.81,2854.61,237.3,335.02,197.63,433583,0.0,0,1.015,1.0,12,0,1,0,0.1034,New,0.0,0,1,Low,433583,500,4,0,Credit Card,1,Agent Referral,10,459735,48156,709,1,1,12,2791.81,232.65083333333334,0.0,0.0,0.0,1.0,2791.81,-0.03237344962583011,new,0.0,139.59,0.1,5,0.7534891074637822,2079.8999999999996,3840.6873398001408,3840.6873398001408,2079.8999999999996,3840.6873398001408,0
501353,CUST001353,2021,2021-02-10,2021-02-28,Home,WA,D,98501,22.28,Y,Basic,Mixed,Tile,1911,2,30,1,39,0,C,Broker,1808.31,1675.73,126.58,271.25,153.37,505752,0.0,0,0.94,1.0,12,0,0,0,0.0713,New,0.0,1,1,Upper Middle,505752,2000,4,0,Bank Transfer,3,Social Media,10,625596,124625,656,1,3,12,1808.31,150.6925,0.0,0.0,0.08333333333333333,1.0,1808.31,0.9612369599256232,new,0.0,90.42,0.1,5,0.8169742322554745,1320.06,2949.3464705439505,2949.3464705439505,1320.06,2949.3464705439505,0
501354,CUST001354,2021,2021-06-07,2021-09-30,Home,CA,C,90001,56.68,Y,Basic,Frame,Shingle,1500,1,45,1,24,0,B,Direct,2837.61,2600.49,198.63,85.13,199.69,526631,29143.27,1,0.906,1.0,12,1,1,0,0.1124,New,28683.27,0,1,Middle,526631,500,4,1,Bank Transfer,4,Online Search,2,666262,89975,694,1,4,12,2837.61,236.4675,0.08333333333333333,0.08333333333333333,0.0,1.0,2837.61,-2.5819427400248465,new,28683.27,141.88,0.1,5,0.49163502081389276,-26271.300000000003,-20851.87110098885,-20851.87110098885,-26271.300000000003,-20851.87110098885,0
501355,CUST001355,2021,2021-08-09,2021-10-31,Home,FL,C,33101,55.39,N,Basic,Mixed,Tile,2522,1,33,1,52,1,A,Independent,2648.42,2429.58,225.12,317.81,191.18,464172,0.0,0,0.919,1.0,12,1,1,1,0.1366,New,0.0,0,1,Middle,464172,5000,3,1,Credit Card,1,Partner Referral,4,658886,85327,772,1,1,12,2648.42,220.70166666666668,0.0,0.08333333333333333,0.0,1.0,2648.42,-1.4265059109945915,new,0.0,132.42,0.1,5,0.5975931013447457,1973.0700000000002,2235.828785173273,2235.828785173273,1973.0700000000002,2235.828785173273,0
501356,CUST001356,2021,2021-11-05,2022-05-31,Home,CA,C,92101,55.99,N,Standard,Frame,Shingle,1634,1,35,1,29,1,D,Broker,3772.67,3894.32,264.09,565.9,241.77,559296,34136.11,1,1.029,1.0,12,0,1,0,0.1138,New,29536.11,1,1,Middle,559296,5000,4,0,Bank Transfer,3,Agent Referral,7,643067,69786,574,1,3,12,3772.67,314.38916666666665,0.08333333333333333,0.0,0.08333333333333333,1.0,3772.67,0.9612369599256232,new,29536.11,188.63,0.1,5,0.7635276538761865,-26782.060000000005,-50982.02780725963,-50982.02780725963,-26782.060000000005,-50982.02780725963,0
501357,CUST001357,2021,2021-06-26,2022-01-31,Home,FL,C,32801,50.2,Y,Basic,Masonry,Tile,1817,3,21,1,34,0,B,Online,1817.57,1718.59,154.49,36.35,153.79,326872,0.0,0,0.942,1.0,12,1,0,0,0.1149,New,0.0,1,1,Middle,326872,2000,5,1,Credit Card,3,Agent Referral,1,404842,87877,699,1,3,12,1817.57,151.46416666666667,0.0,0.08333333333333333,0.08333333333333333,1.0,1817.57,-0.43289550144313826,new,0.0,90.88,0.1,5,0.8653421338070774,1535.85,3957.330555680716,3957.330555680716,1535.85,3957.330555680716,0
501358,CUST001358,2021,2021-05-16,2021-06-30,Home,NY,A,12207,42.58,Y,Standard,Frame,Shingle,2625,3,2,0,39,0,B,Broker,4590.65,4754.95,321.35,688.6,278.58,1187436,0.0,0,0.512,0.5,6,0,1,0,0.0825,New,0.0,1,1,Upper Middle,1187436,1000,5,0,Bank Transfer,0,Email Campaign,13,1224807,91335,688,1,0,6,4590.65,765.1083333333332,0.0,0.0,0.16666666666666666,1.0,4590.65,0.7577703687696461,new,0.0,229.53,0.1,5,0.8380604826444368,3351.169999999999,7969.649875865211,7969.649875865211,3351.169999999999,7969.649875865211,1
501359,CUST001359,2021,2021-03-27,2021-09-30,Rental,NY,A,14604,52.47,Y,Basic,Frame,Shingle,2200,2,33,0,49,0,A,Online,3089.15,3089.69,216.24,61.78,211.01,784153,29245.11,2,0.969,1.0,12,0,0,0,0.0785,New,27405.11,0,1,High,784153,1000,2,1,Debit Card,2,Email Campaign,5,991855,233098,803,1,2,12,3089.15,257.4291666666667,0.16666666666666666,0.08333333333333333,0.0,1.0,3089.15,-1.8116515206713433,new,27405.11,154.46,0.1,5,0.35,-24748.44,-11511.607569457808,-11511.607569457808,-24748.44,-11511.607569457808,0
501360,CUST001360,2021,2021-01-09,2021-02-28,Home,WA,C,99201,26.58,N,Basic,Mixed,Tile,2195,3,30,0,31,0,B,Independent,1441.4,1343.87,100.9,172.97,136.86,481237,0.0,0,0.953,1.0,12,0,1,0,0.1098,New,0.0,1,1,Upper Middle,481237,1000,4,0,Credit Card,2,Email Campaign,9,721945,119015,727,1,2,12,1441.4,120.11666666666667,0.0,0.0,0.08333333333333333,1.0,1441.4,1.3463825696023748,new,0.0,72.07,0.1,5,0.7599532732239265,1095.46,2062.8733528344214,2062.8733528344214,1095.46,2062.8733528344214,0
501361,CUST001361,2021,2021-12-03,2022-01-31,Home,CA,C,90001,51.87,Y,Basic,Frame,Shingle,1836,1,2,1,52,0,A,Independent,2338.85,2274.04,163.72,280.66,177.25,576427,0.0,0,0.98,1.0,12,0,0,0,0.0855,New,0.0,1,1,Middle,576427,2000,4,1,Auto Debit,2,Online Search,9,699285,82893,735,1,2,12,2338.85,194.90416666666667,0.0,0.08333333333333333,0.08333333333333333,1.0,2338.85,-0.047749891766386554,new,0.0,116.94,0.1,5,0.8456839470146146,1777.53,4323.314773009136,4323.314773009136,1777.53,4323.314773009136,0
501362,CUST001362,2021,2021-07-24,2022-04-30,Home,WA,C,99201,34.49,N,Standard,Frame,Metal,2543,1,23,0,46,0,A,Independent,2109.91,2044.73,147.69,253.19,166.95,752344,0.0,0,0.99,1.0,12,1,0,0,0.0439,New,0.0,1,1,High,752344,1000,4,0,Auto Debit,3,Aggregator,9,898007,150344,799,1,3,12,2109.91,175.82583333333332,0.0,0.0,0.08333333333333333,1.0,2109.91,0.9612369599256232,new,0.0,105.5,0.1,5,0.8749795376234621,1603.5299999999997,4249.695327429875,4249.695327429875,1603.5299999999997,4249.695327429875,0
501363,CUST001363,2021,2021-11-04,2022-03-31,Home,FL,A,33301,52.84,Y,Standard,Frame,Tile,2680,1,27,1,42,2,D,Online,4949.74,4723.56,420.73,98.99,294.74,553352,40439.6,1,0.967,1.0,12,0,0,0,0.0842,New,39519.6,1,1,Middle,553352,1000,4,0,Auto Debit,0,Agent Referral,3,579950,63257,619,1,0,12,4949.74,412.4783333333333,0.08333333333333333,0.0,0.08333333333333333,1.0,4949.74,2.1166737889558784,new,39519.6,247.49,0.1,5,0.7651870429048095,-35337.07,-67605.53790502065,-67605.53790502065,-35337.07,-67605.53790502065,0
501364,CUST001364,2021,2021-03-06,2021-05-31,Home,FL,D,33601,59.53,Y,Standard,Masonry,Shingle,2668,3,24,1,55,0,D,Online,6059.6,5361.36,515.07,121.19,344.68,648400,105726.67,1,0.461,0.5,6,0,0,1,0.068,New,104806.67,0,1,Low,648400,1000,3,1,Auto Debit,8,Social Media,3,634086,29321,609,1,8,6,6059.6,1009.9333333333334,0.16666666666666666,0.16666666666666666,0.0,1.0,6059.6,-8.639462689191804,new,104806.67,302.98,0.1,5,0.47688579550540117,-99686.31,-75124.17400633935,-75124.17400633935,-99686.31,-75124.17400633935,0
501365,CUST001365,2021,2021-09-27,2022-03-31,Home,TX,B,78701,13.88,N,Basic,Masonry,Tile,1305,2,41,0,65,0,C,Online,515.87,505.48,36.11,10.32,95.21,133336,0.0,0,0.975,1.0,12,1,0,0,0.0874,New,0.0,0,1,Middle,133336,500,4,0,Credit Card,1,Agent Referral,5,190287,76027,670,1,1,12,515.87,42.98916666666667,0.0,0.0,0.0,1.0,515.87,-0.03237344962583011,new,0.0,25.79,0.1,5,0.5995193668979418,443.65,505.8857226507269,505.8857226507269,443.65,505.8857226507269,0
501366,CUST001366,2021,2021-02-16,2021-09-30,Rental,NY,B,12207,33.34,Y,Basic,Mixed,Shingle,1833,1,47,1,37,0,C,Independent,3121.06,3105.85,218.47,374.53,212.45,678910,12162.64,1,0.968,1.0,12,0,1,0,0.0926,New,11242.64,0,1,Low,678910,1000,4,1,Auto Debit,0,Online Search,11,861981,38991,672,1,0,12,3121.06,260.0883333333333,0.08333333333333333,0.08333333333333333,0.0,1.0,3121.06,-1.0413603013178399,new,11242.64,156.05,0.1,5,0.5047939980682945,-8870.63,-7370.066280832572,-7370.066280832572,-8870.63,-7370.066280832572,0
501367,CUST001367,2021,2021-09-05,2022-03-31,Home,NY,B,12207,32.24,Y,Standard,Frame,Tile,1949,3,34,1,29,0,C,Broker,3630.24,3374.68,254.12,544.54,235.36,899141,73989.16,1,0.933,1.0,12,1,0,0,0.0979,New,72149.16,1,1,Middle,899141,2000,4,0,Credit Card,3,Agent Referral,11,968882,55134,625,1,3,12,3630.24,302.52,0.08333333333333333,0.0,0.08333333333333333,1.0,3630.24,0.9612369599256232,new,72149.16,181.51,0.1,5,0.6543076596009018,-69499.08999999998,-94432.01332004738,-94432.01332004738,-69499.08999999998,-94432.01332004738,0
501368,CUST001368,2021,2021-02-20,2021-04-30,Home,WA,A,99201,25.66,Y,Standard,Mixed,Metal,1684,2,15,0,65,0,A,Independent,1501.13,1373.47,105.08,180.14,139.55,592564,0.0,0,0.463,0.5,6,0,0,0,0.044,New,0.0,1,1,Upper Middle,592564,500,4,2,Debit Card,5,Agent Referral,3,601341,125588,744,1,5,6,1501.13,250.18833333333336,0.0,0.3333333333333333,0.16666666666666666,1.0,1501.13,-6.744487525089158,new,0.0,75.06,0.1,5,0.8111482612810434,1140.8500000000004,2505.173976141857,2505.173976141857,1140.8500000000004,2505.173976141857,0
501369,CUST001369,2021,2021-05-19,2021-07-31,Home,TX,A,73301,31.66,N,Basic,Masonry,Tile,2044,2,19,1,57,0,C,Direct,988.37,912.47,69.19,29.65,116.48,239857,28236.39,1,0.942,1.0,12,0,0,0,0.0774,New,27316.39,0,1,Middle,239857,1000,3,1,Bank Transfer,2,Partner Referral,1,341809,62343,655,1,2,12,988.37,82.36416666666666,0.08333333333333333,0.08333333333333333,0.0,1.0,988.37,-1.8116515206713433,new,27316.39,49.42,0.1,5,0.6020304129847426,-26476.28,-30437.220124786298,-30437.220124786298,-26476.28,-30437.220124786298,0
501370,CUST001370,2021,2021-10-04,2022-03-31,Home,CA,C,95814,54.62,N,Standard,Frame,Metal,2311,2,47,1,55,1,B,Online,4397.11,4294.49,307.8,87.94,269.87,840523,0.0,0,0.986,1.0,12,0,0,0,0.0673,New,0.0,1,1,Upper Middle,840523,500,4,0,Bank Transfer,1,Partner Referral,4,968599,98584,693,1,1,12,4397.11,366.4258333333333,0.0,0.0,0.08333333333333333,1.0,4397.11,1.7315281792791266,new,0.0,219.86,0.1,5,0.8307628189822922,3781.5099999999993,8801.282195317237,8801.282195317237,3781.5099999999993,8801.282195317237,1
501371,CUST001371,2021,2021-09-27,2021-09-30,Home,TX,B,79901,31.65,N,Standard,Masonry,Shingle,2967,1,21,1,45,4,D,Broker,2122.22,1964.05,148.56,318.33,167.5,375276,0.0,0,0.907,1.0,12,1,0,1,0.0412,New,0.0,0,1,Low,375276,500,3,1,Credit Card,6,Aggregator,10,460610,41778,616,1,6,12,2122.22,176.85166666666666,0.0,0.08333333333333333,0.0,1.0,2122.22,-3.35223395937835,new,0.0,106.11,0.1,5,0.6657907125718278,1549.22,2182.5175697317677,2182.5175697317677,1549.22,2182.5175697317677,0
501372,CUST001372,2021,2021-05-03,2021-05-31,Home,CA,A,94105,65.84,N,Standard,Mixed,Tile,1997,1,56,1,42,0,C,Online,4522.8,4514.81,316.6,90.46,275.53,720626,67533.52,2,0.511,0.5,6,0,0,0,0.0742,New,65693.52,0,1,Middle,720626,1000,4,1,Bank Transfer,2,Agent Referral,7,858738,66080,652,1,2,6,4522.8,753.8000000000001,0.3333333333333333,0.16666666666666666,0.0,1.0,4522.8,-6.328589031131294,new,65693.52,226.14,0.1,5,0.35,-61803.92,-28747.770497621863,-28747.770497621863,-61803.92,-28747.770497621863,0
501373,CUST001373,2021,2021-06-25,2021-11-30,Home,WA,C,99201,29.8,N,Basic,Frame,Shingle,1910,2,14,0,64,1,A,Broker,1724.11,1625.43,120.69,258.62,149.59,535403,0.0,0,0.94,1.0,12,1,0,0,0.0646,New,0.0,1,1,Middle,535403,500,4,0,Debit Card,0,Agent Referral,12,715760,82720,744,1,0,12,1724.11,143.67583333333332,0.0,0.0,0.08333333333333333,1.0,1724.11,2.1166737889558784,new,0.0,86.21,0.1,5,0.7797561360551103,1258.5899999999997,2515.998122369161,2515.998122369161,1258.5899999999997,2515.998122369161,0
501374,CUST001374,2021,2021-04-26,2021-07-31,Home,FL,A,33601,58.58,N,Standard,Mixed,Shingle,1564,2,1,1,53,0,C,Direct,2540.1,2426.64,215.91,76.2,186.3,341511,0.0,0,0.967,1.0,12,0,0,0,0.0668,New,0.0,1,1,Middle,341511,1000,3,0,Credit Card,4,Aggregator,3,392369,82615,646,1,4,12,2540.1,211.67499999999998,0.0,0.0,0.08333333333333333,1.0,2540.1,0.5760913502488715,new,0.0,127.0,0.1,5,0.6650006969970218,2120.9900000000002,2980.611684011882,2980.611684011882,2120.9900000000002,2980.611684011882,0
501375,CUST001375,2021,2021-05-01,2021-05-31,Home,FL,C,33101,66.86,Y,Basic,Frame,Shingle,1693,1,11,1,45,0,C,Online,2585.67,2548.0,219.78,51.71,188.36,335517,0.0,0,0.501,0.5,6,0,1,0,0.1255,New,0.0,1,1,Middle,335517,1000,5,0,Auto Debit,2,Online Search,9,411740,83448,621,1,2,6,2585.67,430.945,0.0,0.0,0.16666666666666666,1.0,2585.67,-0.012520850583857324,new,0.0,129.28,0.1,5,0.8040734282714656,2184.8999999999996,4697.712226919231,4697.712226919231,2184.8999999999996,4697.712226919231,0
501376,CUST001376,2021,2021-06-25,2022-04-30,Condo,FL,A,33601,47.74,N,Premium,Masonry,Tile,1038,1,15,1,63,1,B,Broker,1482.13,1321.0,125.98,222.32,138.7,241793,2206.29,1,0.923,1.0,12,1,0,1,0.0417,New,1286.29,1,1,Middle,241793,1000,4,0,Debit Card,6,Agent Referral,5,253159,54875,689,1,6,12,1482.13,123.51083333333334,0.08333333333333333,0.0,0.08333333333333333,1.0,1482.13,-0.19419986910463183,new,1286.29,74.11,0.1,5,0.5857624203171983,-226.56999999999988,-247.0323499270889,-247.0323499270889,-226.56999999999988,-247.0323499270889,0
501377,CUST001377,2021,2021-08-21,2021-11-30,Home,CA,A,92101,48.37,N,Premium,Masonry,Metal,2164,2,28,0,44,0,C,Independent,4142.14,3735.23,289.95,497.06,258.4,810844,0.0,0,0.924,1.0,12,1,0,0,0.0447,New,0.0,1,1,Middle,810844,1000,4,0,Credit Card,1,Aggregator,10,876439,68742,674,1,1,12,4142.14,345.17833333333334,0.0,0.0,0.08333333333333333,1.0,4142.14,1.7315281792791266,new,0.0,207.11,0.1,5,0.8125771186006701,3148.0200000000004,6942.136502619984,6942.136502619984,3148.0200000000004,6942.136502619984,1
501378,CUST001378,2021,2021-10-14,2022-06-30,Rental,TX,D,79901,41.03,Y,Basic,Masonry,Shingle,1680,2,27,1,57,0,D,Broker,1175.11,1229.73,82.26,176.27,124.88,193769,0.0,0,0.508,0.5,6,0,0,1,0.0518,New,0.0,1,1,Middle,193769,500,4,0,Auto Debit,5,Agent Referral,9,243436,64232,522,1,5,6,1175.11,195.85166666666666,0.0,0.0,0.16666666666666666,1.0,1175.11,-1.1679576796141125,new,0.0,58.76,0.1,5,0.7997395806230372,857.8199999999999,1820.6763753448527,1820.6763753448527,857.8199999999999,1820.6763753448527,0
501379,CUST001379,2021,2021-09-15,2022-03-31,Condo,NY,A,11201,37.17,N,Basic,Mixed,Tile,1306,1,40,1,45,0,D,Online,1814.98,1547.46,127.05,36.3,153.67,372580,0.0,0,0.859,1.0,12,1,0,1,0.0783,New,0.0,1,1,Middle,372580,1000,5,0,Credit Card,4,Agent Referral,2,538668,87723,614,1,4,12,1814.98,151.24833333333333,0.0,0.0,0.08333333333333333,1.0,1814.98,0.5760913502488715,new,0.0,90.75,0.1,5,0.8642648376926659,1560.88,4009.1657052300106,4009.1657052300106,1560.88,4009.1657052300106,0
501380,CUST001380,2021,2021-09-25,2022-02-28,Rental,NY,C,12207,39.01,N,Standard,Mixed,Tile,2363,2,35,0,55,0,A,Online,2622.17,2573.24,183.55,52.44,190.0,866716,0.0,0,0.957,1.0,12,1,1,0,0.1226,New,0.0,1,1,High,866716,500,4,1,Debit Card,1,Social Media,3,1053514,150703,780,1,1,12,2622.17,218.51416666666668,0.0,0.08333333333333333,0.08333333333333333,1.0,2622.17,0.33739571791036516,new,0.0,131.11,0.1,5,0.8759727566385356,2255.0699999999997,5993.752478170314,5993.752478170314,2255.0699999999997,5993.752478170314,1
501381,CUST001381,2021,2021-12-25,2022-06-30,Condo,TX,A,79901,35.32,N,Standard,Mixed,Metal,1059,1,19,1,42,0,A,Independent,450.0,439.18,31.5,54.0,92.25,109599,0.0,0,0.959,1.0,12,0,1,0,0.1078,New,0.0,1,1,Low,109599,1000,4,0,Credit Card,2,Online Search,9,129998,44268,756,1,2,12,450.0,37.5,0.0,0.0,0.08333333333333333,1.0,450.0,1.3463825696023748,new,0.0,22.5,0.1,5,0.8956572796257927,342.0,962.5433215742477,962.5433215742477,342.0,962.5433215742477,0
501382,CUST001382,2021,2021-01-01,2021-10-31,Rental,NY,A,14604,28.62,N,Premium,Masonry,Metal,2239,2,14,0,55,1,B,Direct,3509.19,3413.45,245.64,105.28,229.91,1031942,0.0,0,1.007,1.0,12,0,0,0,0.0851,New,0.0,1,1,High,1031942,1500,5,0,Credit Card,1,Partner Referral,2,1080788,157780,705,1,1,12,3509.19,292.4325,0.0,0.0,0.08333333333333333,1.0,3509.19,1.7315281792791266,new,0.0,175.46,0.1,5,0.8506050962717507,2982.81,7360.573648263417,7360.573648263417,2982.81,7360.573648263417,1
501383,CUST001383,2021,2021-07-10,2021-07-31,Rental,NY,A,11201,53.19,Y,Basic,Mixed,Shingle,1804,2,51,1,49,0,C,Broker,3373.84,3324.08,236.17,506.08,223.82,655758,0.0,0,1.0,1.0,12,1,1,0,0.1295,New,0.0,1,1,Upper Middle,655758,2000,4,0,Debit Card,1,Online Search,11,810799,148869,678,1,1,12,3373.84,281.15333333333336,0.0,0.0,0.08333333333333333,1.0,3373.84,1.7315281792791266,new,0.0,168.69,0.1,5,0.8458631871317014,2462.9,5993.435316782389,5993.435316782389,2462.9,5993.435316782389,1
501384,CUST001384,2021,2021-09-26,2021-09-30,Home,CA,C,92101,60.24,N,Standard,Frame,Shingle,2497,1,27,0,34,1,D,Independent,5950.56,6060.24,416.54,714.07,339.78,816094,0.0,0,0.99,1.0,12,1,0,0,0.0651,New,0.0,1,1,Low,816094,1000,4,0,Auto Debit,3,Agent Referral,9,976241,45882,602,1,3,12,5950.56,495.88000000000005,0.0,0.0,0.08333333333333333,1.0,5950.56,0.9612369599256232,new,0.0,297.53,0.1,5,0.8966908885537458,4522.420000000001,12766.33125006752,12766.33125006752,4522.420000000001,12766.33125006752,1
501385,CUST001385,2021,2021-09-26,2021-09-30,Home,TX,D,77001,26.39,Y,Standard,Frame,Metal,2414,1,4,1,30,1,C,Online,1236.08,1214.9,86.53,24.72,127.62,326360,0.0,0,0.95,1.0,12,1,1,0,0.1163,New,0.0,1,1,Upper Middle,326360,1000,5,0,Auto Debit,2,Email Campaign,2,323548,108098,654,1,2,12,1236.08,103.00666666666666,0.0,0.0,0.08333333333333333,1.0,1236.08,1.3463825696023748,new,0.0,61.8,0.1,5,0.8985275239098423,1063.03,3016.835074624915,3016.835074624915,1063.03,3016.835074624915,0
501386,CUST001386,2021,2021-10-17,2022-02-28,Home,CA,B,92101,38.31,N,Basic,Mixed,Shingle,2497,1,28,1,28,2,D,Online,4834.53,4317.28,338.42,96.69,289.55,749614,0.0,0,0.889,1.0,12,0,0,1,0.1198,New,0.0,0,1,Low,749614,5000,4,2,Credit Card,7,Online Search,8,1068496,43442,553,1,7,12,4834.53,402.8775,0.0,0.16666666666666666,0.0,1.0,4834.53,-5.131512030423863,new,0.0,241.73,0.1,5,0.6244842018728848,4157.6900000000005,5138.2032831060915,5138.2032831060915,4157.6900000000005,5138.2032831060915,0
501387,CUST001387,2021,2021-06-17,2021-07-31,Home,FL,B,32801,41.34,Y,Basic,Masonry,Tile,2260,1,14,1,65,0,D,Independent,2894.9,2559.74,246.07,347.39,202.27,364150,0.0,0,0.934,1.0,12,1,0,1,0.0638,New,0.0,1,1,Low,364150,1000,4,1,Debit Card,7,Online Search,10,449582,36658,593,1,7,12,2894.9,241.24166666666667,0.0,0.08333333333333333,0.08333333333333333,1.0,2894.9,-1.9734779401501452,new,0.0,144.74,0.1,5,0.8080688366665539,2156.7,4692.637902588548,4692.637902588548,2156.7,4692.637902588548,0
501388,CUST001388,2021,2021-03-21,2021-10-31,Home,TX,D,73301,22.19,N,Basic,Masonry,Tile,1318,2,34,0,39,0,B,Independent,450.0,429.02,31.5,54.0,92.25,130109,0.0,0,0.925,1.0,12,0,0,1,0.0735,New,0.0,1,1,Upper Middle,130109,5000,4,0,Credit Card,6,Social Media,8,188662,140519,692,1,6,12,450.0,37.5,0.0,0.0,0.08333333333333333,1.0,450.0,-0.19419986910463183,new,0.0,22.5,0.1,5,0.8950112099967764,342.0,960.7421626415103,960.7421626415103,342.0,960.7421626415103,0
501389,CUST001389,2021,2021-05-18,2021-12-31,Condo,NY,B,11201,40.95,N,Basic,Frame,Tile,1353,1,36,1,33,1,B,Independent,1425.71,1380.23,99.8,171.09,136.16,364299,0.0,0,0.974,1.0,12,0,0,0,0.0543,New,0.0,0,1,Middle,364299,500,4,0,Bank Transfer,0,Aggregator,11,530069,79408,683,1,0,12,1425.71,118.80916666666667,0.0,0.0,0.0,1.0,1425.71,0.3527721600509216,new,0.0,71.29,0.1,5,0.6377346980298922,1083.5300000000002,1396.9128470967514,1396.9128470967514,1083.5300000000002,1396.9128470967514,0
501390,CUST001390,2021,2021-11-25,2021-11-30,Rental,CA,A,94105,59.42,Y,Premium,Frame,Metal,2408,2,30,0,63,0,A,Online,4657.05,4871.36,325.99,93.14,281.57,956114,0.0,0,1.05,1.0,12,0,1,0,0.1134,New,0.0,1,1,Upper Middle,956114,500,4,0,Auto Debit,2,Partner Referral,3,902210,140255,741,1,2,12,4657.05,388.08750000000003,0.0,0.0,0.08333333333333333,1.0,4657.05,1.3463825696023748,new,0.0,232.85,0.1,5,0.8779154225398461,4005.07,10705.537649963131,10705.537649963131,4005.07,10705.537649963131,1
501391,CUST001391,2021,2021-11-17,2021-12-31,Condo,FL,D,32801,41.28,Y,Standard,Frame,Tile,1871,1,26,1,31,0,B,Independent,2208.67,2159.09,187.74,265.04,171.39,392055,0.0,0,0.979,1.0,12,0,1,0,0.09,New,0.0,1,1,Middle,392055,1000,4,0,Bank Transfer,4,Agent Referral,5,403338,67288,701,1,4,12,2208.67,184.05583333333334,0.0,0.0,0.08333333333333333,1.0,2208.67,0.5760913502488715,new,0.0,110.43,0.1,5,0.8226277142458066,1645.46,3738.5744148721583,3738.5744148721583,1645.46,3738.5744148721583,0
501392,CUST001392,2021,2021-04-17,2021-04-30,Home,TX,A,78701,24.91,N,Basic,Mixed,Tile,2499,2,0,0,74,0,A,Independent,760.4,767.46,53.23,91.25,106.22,282439,0.0,0,0.494,0.5,6,0,0,0,0.0806,New,0.0,1,1,Middle,282439,5000,5,0,Auto Debit,0,Agent Referral,4,414337,70100,732,1,0,6,760.4,126.73333333333333,0.0,0.0,0.16666666666666666,1.0,760.4,0.7577703687696461,new,0.0,38.02,0.1,5,0.8750429969244488,577.9,1531.8413663070992,1531.8413663070992,577.9,1531.8413663070992,0
501393,CUST001393,2021,2021-04-01,2021-08-31,Home,WA,C,99201,13.78,N,Standard,Masonry,Tile,1589,3,21,1,52,0,B,Broker,1085.54,1029.93,75.99,162.83,120.85,401628,0.0,0,0.914,1.0,12,0,0,0,0.0991,New,0.0,1,1,Middle,401628,5000,4,0,Debit Card,3,Aggregator,7,470243,85334,724,1,3,12,1085.54,90.46166666666666,0.0,0.0,0.08333333333333333,1.0,1085.54,0.9612369599256232,new,0.0,54.28,0.1,5,0.8709743857337541,792.4399999999999,2075.726142771292,2075.726142771292,792.4399999999999,2075.726142771292,0
501394,CUST001394,2021,2021-10-05,2022-02-28,Home,NY,A,10001,35.92,Y,Basic,Masonry,Shingle,1887,2,37,0,66,0,B,Independent,2709.8,2718.2,189.69,325.18,193.94,706541,82211.2,1,1.01,1.0,12,0,0,0,0.0836,New,80371.2,0,1,Middle,706541,2000,3,2,Bank Transfer,3,Social Media,12,882749,58778,703,1,3,12,2709.8,225.8166666666667,0.08333333333333333,0.16666666666666666,0.0,1.0,2709.8,-3.590929591716856,new,80371.2,135.49,0.1,5,0.35,-78311.76,-36426.30602953411,-36426.30602953411,-78311.76,-36426.30602953411,0
501395,CUST001395,2021,2021-04-26,2021-07-31,Home,WA,C,98004,41.39,Y,Basic,Frame,Shingle,2133,2,22,0,60,0,C,Direct,2281.43,2175.41,159.7,68.44,174.66,558229,45337.87,2,0.967,1.0,12,0,1,0,0.1498,New,41657.87,0,1,Upper Middle,558229,2000,3,0,Credit Card,0,Partner Referral,2,729568,104605,675,1,0,12,2281.43,190.11916666666664,0.16666666666666666,0.0,0.0,1.0,2281.43,0.3527721600509216,new,41657.87,114.07,0.1,5,0.4497148620876744,-39718.65,-27154.32777109785,-27154.32777109785,-39718.65,-27154.32777109785,0
501396,CUST001396,2021,2021-09-01,2022-01-31,Rental,TX,B,79901,46.6,N,Basic,Mixed,Shingle,2388,1,18,1,23,0,B,Independent,1079.47,1046.55,75.56,129.54,120.58,231844,0.0,0,0.988,1.0,12,1,0,0,0.0565,New,0.0,1,1,Upper Middle,231844,1500,5,0,Credit Card,4,Partner Referral,7,321345,91324,718,1,4,12,1079.47,89.95583333333333,0.0,0.0,0.08333333333333333,1.0,1079.47,0.5760913502488715,new,0.0,53.97,0.1,5,0.8455685729865933,820.4000000000001,1994.7022507350964,1994.7022507350964,820.4000000000001,1994.7022507350964,0
501397,CUST001397,2021,2021-03-02,2021-10-31,Home,TX,A,77001,35.4,Y,Basic,Masonry,Metal,2057,2,19,0,38,0,C,Direct,936.29,939.4,65.54,28.09,114.13,246673,0.0,0,0.987,1.0,12,0,1,0,0.1208,New,0.0,1,1,Upper Middle,246673,1500,5,0,Bank Transfer,2,Email Campaign,2,298481,132460,674,1,2,12,936.29,78.02416666666666,0.0,0.0,0.08333333333333333,1.0,936.29,1.3463825696023748,new,0.0,46.81,0.1,5,0.8963861976883204,795.8499999999999,2244.62065222392,2244.62065222392,795.8499999999999,2244.62065222392,0
501398,CUST001398,2021,2021-11-15,2022-06-30,Home,TX,C,78701,35.88,Y,Premium,Mixed,Tile,2264,2,35,1,56,0,C,Independent,2042.86,1991.92,143.0,245.14,163.93,452278,0.0,0,0.996,1.0,12,0,0,0,0.0674,New,0.0,1,1,Upper Middle,452278,1000,4,0,Auto Debit,0,Aggregator,2,407556,117983,650,1,0,12,2042.86,170.23833333333332,0.0,0.0,0.08333333333333333,1.0,2042.86,2.1166737889558784,new,0.0,102.14,0.1,5,0.8446281250613695,1552.5799999999997,3764.4710930393558,3764.4710930393558,1552.5799999999997,3764.4710930393558,0
501399,CUST001399,2021,2021-10-06,2021-11-30,Home,CA,D,94105,59.34,Y,Standard,Frame,Shingle,2547,2,33,1,47,0,C,Online,6859.61,6337.74,480.17,137.19,380.68,1136242,0.0,0,0.454,0.5,6,0,0,0,0.112,New,0.0,1,1,Low,1136242,2000,4,0,Auto Debit,1,Agent Referral,2,1164023,35227,632,1,1,6,6859.61,1143.2683333333332,0.0,0.0,0.16666666666666666,1.0,6859.61,0.3726247590928944,new,0.0,342.98,0.1,5,0.7958117190948248,5899.27,12374.737353006953,12374.737353006953,5899.27,12374.737353006953,1
501400,CUST001400,2021,2021-06-09,2022-03-31,Home,NY,A,10001,40.8,Y,Basic,Mixed,Shingle,1869,2,38,1,41,0,C,Broker,3186.42,3305.07,223.05,477.96,215.39,641662,0.0,0,1.025,1.0,12,1,0,0,0.0712,New,0.0,1,1,Upper Middle,641662,2500,4,0,Credit Card,4,Partner Referral,3,825335,98615,667,1,4,12,3186.42,265.535,0.0,0.0,0.08333333333333333,1.0,3186.42,0.5760913502488715,new,0.0,159.32,0.1,5,0.8403113340563539,2326.0899999999997,5568.683665047711,5568.683665047711,2326.0899999999997,5568.683665047711,1
501401,CUST001401,2021,2021-12-10,2021-12-31,Condo,WA,D,98004,31.69,Y,Standard,Frame,Shingle,1730,1,35,1,50,0,A,Broker,1799.46,1766.25,125.96,269.92,152.98,546833,0.0,0,0.976,1.0,12,0,0,0,0.0638,New,0.0,1,1,Upper Middle,546833,1500,4,0,Auto Debit,2,Partner Referral,13,552830,110929,777,1,2,12,1799.46,149.955,0.0,0.0,0.08333333333333333,1.0,1799.46,1.3463825696023748,new,0.0,89.97,0.1,5,0.9102415334250417,1313.61,3856.3896200509057,3856.3896200509057,1313.61,3856.3896200509057,0
501402,CUST001402,2021,2021-10-19,2022-07-31,Home,NY,B,14604,27.77,Y,Standard,Frame,Tile,2121,3,23,1,41,0,C,Independent,3584.82,3591.19,250.94,430.18,233.32,926243,0.0,0,1.013,1.0,12,0,1,0,0.1079,New,0.0,1,1,Upper Middle,926243,1000,4,0,Bank Transfer,5,Online Search,9,956458,100178,669,1,5,12,3584.82,298.735,0.0,0.0,0.08333333333333333,1.0,3584.82,0.19094574057211977,new,0.0,179.24,0.1,5,0.8082545335765859,2724.46,5931.273924172127,5931.273924172127,2724.46,5931.273924172127,1
501403,CUST001403,2021,2021-01-24,2021-01-31,Condo,WA,A,98004,34.72,Y,Standard,Frame,Shingle,1541,2,4,1,39,1,B,Independent,1532.1,1557.62,107.25,183.85,140.94,452862,0.0,0,1.017,1.0,12,0,1,0,0.102,New,0.0,1,1,Upper Middle,452862,1000,5,0,Auto Debit,0,Partner Referral,14,468106,113285,696,1,0,12,1532.1,127.675,0.0,0.0,0.08333333333333333,1.0,1532.1,2.1166737889558784,new,0.0,76.6,0.1,5,0.8768396130774709,1164.4,3102.692059275025,3102.692059275025,1164.4,3102.692059275025,0
501404,CUST001404,2021,2021-11-03,2022-08-31,Rental,CA,C,92101,61.61,N,Basic,Frame,Shingle,1455,3,34,1,42,1,D,Online,2743.68,2630.91,192.06,54.87,195.47,371050,0.0,0,0.95,1.0,12,0,1,0,0.1288,New,0.0,1,1,Upper Middle,371050,1000,5,0,Auto Debit,1,Partner Referral,1,523708,94655,586,1,1,12,2743.68,228.64,0.0,0.0,0.08333333333333333,1.0,2743.68,1.7315281792791266,new,0.0,137.18,0.1,5,0.8060079217911527,2359.57,5102.616749762302,5102.616749762302,2359.57,5102.616749762302,0
501405,CUST001405,2021,2021-11-27,2022-03-31,Condo,CA,D,90001,33.44,N,Basic,Masonry,Metal,1738,1,29,0,43,1,B,Independent,1776.09,1727.52,124.33,213.13,151.92,441192,0.0,0,0.978,1.0,12,0,1,0,0.0819,New,0.0,1,1,Upper Middle,441192,1000,5,0,Bank Transfer,0,Social Media,5,613618,146000,686,1,0,12,1776.09,148.0075,0.0,0.0,0.08333333333333333,1.0,1776.09,2.1166737889558784,new,0.0,88.8,0.1,5,0.8857786026937545,1349.8300000000002,3691.629626713395,3691.629626713395,1349.8300000000002,3691.629626713395,0
501406,CUST001406,2021,2021-05-04,2021-10-31,Home,TX,B,73301,38.27,N,Basic,Frame,Shingle,2337,1,14,1,55,0,C,Broker,1208.83,1072.33,84.62,181.32,126.4,264657,0.0,0,0.893,1.0,12,0,0,0,0.0681,New,0.0,1,1,Low,264657,1000,5,0,Auto Debit,0,Online Search,1,366329,31833,633,1,0,12,1208.83,100.73583333333333,0.0,0.0,0.08333333333333333,1.0,1208.83,2.1166737889558784,new,0.0,60.44,0.1,5,0.8652379239400266,882.45,2273.061692483414,2273.061692483414,882.45,2273.061692483414,0
501407,CUST001407,2021,2021-04-09,2022-02-28,Rental,FL,D,33601,49.17,N,Standard,Mixed,Metal,1498,1,25,0,62,1,C,Broker,1759.19,1547.74,149.53,263.88,151.16,268580,0.0,0,0.436,0.5,6,0,1,0,0.1353,New,0.0,1,1,Upper Middle,268580,2000,4,1,Debit Card,1,Agent Referral,7,316560,116398,668,1,1,6,1759.19,293.1983333333333,0.0,0.16666666666666666,0.16666666666666666,1.0,1759.19,-2.4156401636446283,new,0.0,87.96,0.1,5,0.793450029530536,1257.8200000000002,2619.9152596413537,2619.9152596413537,1257.8200000000002,2619.9152596413537,0
501408,CUST001408,2021,2021-09-27,2022-02-28,Home,FL,C,33301,52.06,Y,Premium,Mixed,Shingle,2387,1,0,1,47,0,C,Direct,4612.82,4341.81,392.09,138.38,279.58,630504,0.0,0,0.957,1.0,12,1,0,0,0.0823,New,0.0,1,1,Middle,630504,500,5,0,Debit Card,4,Email Campaign,6,570730,75231,644,1,4,12,4612.82,384.40166666666664,0.0,0.0,0.08333333333333333,1.0,4612.82,0.5760913502488715,new,0.0,230.64,0.1,5,0.8847779036708079,3851.7099999999996,10503.374655606156,10503.374655606156,3851.7099999999996,10503.374655606156,1
501409,CUST001409,2021,2021-07-22,2022-05-31,Home,WA,D,98501,23.1,Y,Standard,Mixed,Shingle,1551,2,31,0,56,0,B,Independent,1490.5,1545.92,104.33,178.86,139.07,456371,0.0,0,1.007,1.0,12,1,1,0,0.0825,New,0.0,1,1,Middle,456371,1000,5,0,Debit Card,0,Social Media,4,484416,81861,713,1,0,12,1490.5,124.20833333333333,0.0,0.0,0.08333333333333333,1.0,1490.5,2.1166737889558784,new,0.0,74.53,0.1,5,0.8736295269987047,1132.78,2990.306208252475,2990.306208252475,1132.78,2990.306208252475,0
501410,CUST001410,2021,2021-01-16,2021-06-30,Rental,NY,C,14604,27.25,Y,Basic,Mixed,Metal,1843,1,27,1,45,1,B,Independent,2602.7,2585.19,182.19,312.32,189.12,683258,0.0,0,0.985,1.0,12,0,0,0,0.05,New,0.0,1,1,Middle,683258,500,5,0,Auto Debit,0,Aggregator,7,886080,78390,690,1,0,12,2602.7,216.89166666666665,0.0,0.0,0.08333333333333333,1.0,2602.7,2.1166737889558784,new,0.0,130.14,0.1,5,0.851382834215904,1978.0499999999997,4892.331983086899,4892.331983086899,1978.0499999999997,4892.331983086899,0
501411,CUST001411,2021,2021-10-21,2021-11-30,Home,WA,D,99201,32.48,Y,Standard,Frame,Tile,2042,2,32,1,62,0,C,Broker,2674.78,2779.89,187.23,401.22,192.37,656618,0.0,0,1.029,1.0,12,0,0,0,0.05,New,0.0,1,1,Middle,656618,1000,5,0,Auto Debit,0,Online Search,9,680243,76877,653,1,0,12,2674.78,222.89833333333334,0.0,0.0,0.08333333333333333,1.0,2674.78,2.1166737889558784,new,0.0,133.74,0.1,5,0.8566027109606293,1952.59,4903.942264049563,4903.942264049563,1952.59,4903.942264049563,0
501412,CUST001412,2021,2021-08-15,2022-04-30,Rental,FL,A,33301,69.36,Y,Standard,Mixed,Tile,1798,2,31,1,24,1,C,Independent,2736.58,2534.66,232.61,328.39,195.15,354216,0.0,0,0.938,1.0,12,1,1,0,0.1366,New,0.0,1,1,Upper Middle,354216,2000,4,0,Bank Transfer,3,Online Search,8,353401,110915,676,1,3,12,2736.58,228.04833333333332,0.0,0.0,0.08333333333333333,1.0,2736.58,0.9612369599256232,new,0.0,136.83,0.1,5,0.8859319250133961,2038.75,5578.232551369862,5578.232551369862,2038.75,5578.232551369862,1
501413,CUST001413,2021,2021-11-12,2021-11-30,Home,FL,B,33101,45.32,Y,Standard,Masonry,Tile,2853,2,27,1,70,0,B,Broker,3831.22,3262.96,325.65,574.68,244.41,622417,0.0,0,0.442,0.5,6,0,0,0,0.0507,New,0.0,1,1,Upper Middle,622417,1000,5,0,Debit Card,2,Social Media,4,640299,112157,718,1,2,6,3831.22,638.5366666666666,0.0,0.0,0.16666666666666666,1.0,3831.22,-0.012520850583857324,new,0.0,191.56,0.1,5,0.8125642085890219,2739.33,6040.645391121619,6040.645391121619,2739.33,6040.645391121619,1
501414,CUST001414,2021,2021-05-03,2021-09-30,Home,CA,D,95814,39.94,Y,Basic,Masonry,Shingle,1435,2,23,0,56,0,D,Online,3179.68,3122.03,222.58,63.59,215.09,500587,0.0,0,1.006,1.0,12,0,0,0,0.0624,New,0.0,1,1,Upper Middle,500587,500,4,1,Auto Debit,1,Social Media,5,600342,90758,617,1,1,12,3179.68,264.9733333333333,0.0,0.08333333333333333,0.08333333333333333,1.0,3179.68,0.33739571791036516,new,0.0,158.98,0.1,5,0.8188903083738427,2734.5299999999997,6144.490256582979,6144.490256582979,2734.5299999999997,6144.490256582979,1
501415,CUST001415,2021,2021-01-08,2021-05-31,Condo,NY,C,12207,19.92,N,Basic,Mixed,Metal,1343,1,15,0,57,0,B,Independent,1142.23,1140.66,79.96,137.07,123.4,407652,0.0,0,0.995,1.0,12,0,0,0,0.0493,New,0.0,0,1,Middle,407652,1000,4,0,Auto Debit,3,Partner Referral,8,567050,84624,686,1,3,12,1142.23,95.18583333333333,0.0,0.0,0.0,1.0,1142.23,-0.8026646689793335,new,0.0,57.11,0.1,5,0.7478203501294077,868.09,1575.6244647550957,1575.6244647550957,868.09,1575.6244647550957,0
501416,CUST001416,2021,2021-10-22,2022-08-31,Home,WA,C,98101,41.2,Y,Basic,Frame,Shingle,2437,2,35,1,51,0,B,Broker,2538.58,2460.01,177.7,380.79,186.24,612820,0.0,0,0.982,1.0,12,0,0,0,0.0479,New,0.0,1,1,Low,612820,1000,4,0,Auto Debit,1,Online Search,5,754301,43449,683,1,1,12,2538.58,211.54833333333332,0.0,0.0,0.08333333333333333,1.0,2538.58,1.7315281792791266,new,0.0,126.93,0.1,5,0.8281806300055483,1853.16,4280.315372651256,4280.315372651256,1853.16,4280.315372651256,0
501417,CUST001417,2021,2021-09-13,2022-06-30,Condo,FL,D,33101,46.48,N,Premium,Mixed,Metal,1673,1,16,0,44,0,B,Direct,1750.04,1883.22,148.75,52.5,150.75,334704,0.0,0,1.039,1.0,12,1,1,0,0.1531,New,0.0,1,1,Upper Middle,334704,2000,5,0,Auto Debit,1,Email Campaign,5,355603,130174,690,1,1,12,1750.04,145.83666666666667,0.0,0.0,0.08333333333333333,1.0,1750.04,1.7315281792791266,new,0.0,87.5,0.1,5,0.8946824278239667,1461.29,4101.126280149638,4101.126280149638,1461.29,4101.126280149638,0
501418,CUST001418,2021,2021-07-23,2021-12-31,Rental,CA,D,90001,66.9,N,Premium,Frame,Shingle,2014,2,14,0,63,1,B,Independent,4381.95,4537.41,306.74,525.83,269.19,741543,0.0,0,1.05,1.0,12,1,1,0,0.1098,New,0.0,1,1,Upper Middle,741543,500,5,1,Credit Card,1,Partner Referral,10,788526,140055,705,1,1,12,4381.95,365.16249999999997,0.0,0.08333333333333333,0.08333333333333333,1.0,4381.95,0.33739571791036516,new,0.0,219.1,0.1,5,0.8710841280497919,3330.28,8726.168809443978,8726.168809443978,3330.28,8726.168809443978,1
501419,CUST001419,2021,2021-06-03,2021-06-30,Condo,CA,B,95814,27.89,Y,Premium,Mixed,Shingle,1391,1,1,0,58,0,B,Online,2668.19,2380.13,186.77,53.36,192.07,672962,0.0,0,0.912,1.0,12,1,1,0,0.1546,New,0.0,1,1,Upper Middle,672962,5000,4,2,Bank Transfer,4,Social Media,4,578077,99359,708,1,4,12,2668.19,222.34916666666666,0.0,0.16666666666666666,0.08333333333333333,1.0,2668.19,-2.212173572488651,new,0.0,133.41,0.1,5,0.7722344462540884,2294.65,4484.425073017413,4484.425073017413,2294.65,4484.425073017413,0
501420,CUST001420,2021,2021-10-02,2022-08-31,Home,FL,D,32801,60.81,Y,Premium,Frame,Shingle,2076,1,25,1,24,0,B,Broker,4144.26,4112.75,352.26,621.64,258.49,559537,0.0,0,1.013,1.0,12,0,0,0,0.082,New,0.0,1,1,Upper Middle,559537,2000,4,1,Credit Card,2,Agent Referral,6,505450,138988,716,1,2,12,4144.26,345.355,0.0,0.08333333333333333,0.08333333333333333,1.0,4144.26,-0.047749891766386554,new,0.0,207.21,0.1,5,0.8724947882794499,2963.15,7796.242486313904,7796.242486313904,2963.15,7796.242486313904,1
501421,CUST001421,2021,2021-10-18,2022-07-31,Home,TX,D,77001,16.92,N,Standard,Mixed,Metal,1590,2,0,1,60,0,C,Independent,739.62,736.18,51.77,88.75,105.28,226246,0.0,0,0.991,1.0,12,0,0,1,0.0981,New,0.0,0,1,Low,226246,2000,4,0,Bank Transfer,6,Agent Referral,5,274933,40485,643,1,6,12,739.62,61.635,0.0,0.0,0.0,1.0,739.62,-1.9581014980095888,new,0.0,36.98,0.1,5,0.7587212611546602,562.12,1054.5926296055013,1054.5926296055013,562.12,1054.5926296055013,0
501422,CUST001422,2021,2021-04-04,2021-08-31,Home,NY,A,12207,42.57,N,Standard,Frame,Shingle,2301,2,32,1,65,1,C,Broker,4845.09,4673.23,339.16,726.76,290.03,981989,0.0,0,0.963,1.0,12,0,0,0,0.0457,New,0.0,1,1,Middle,981989,1000,4,0,Auto Debit,2,Social Media,5,1177429,64515,628,1,2,12,4845.09,403.7575,0.0,0.0,0.08333333333333333,1.0,4845.09,1.3463825696023748,new,0.0,242.25,0.1,5,0.8544082427006945,3536.92,8825.976512699714,8825.976512699714,3536.92,8825.976512699714,1
501423,CUST001423,2021,2021-11-17,2022-01-31,Home,CA,A,92101,61.72,N,Standard,Frame,Shingle,2147,2,32,0,66,0,C,Broker,4666.73,4621.69,326.67,700.01,282.0,801482,68595.62,2,0.986,1.0,12,0,1,0,0.1222,New,59395.62,1,1,Middle,801482,5000,3,1,Credit Card,2,Agent Referral,7,982995,61975,654,1,2,12,4666.73,388.89416666666665,0.16666666666666666,0.08333333333333333,0.08333333333333333,1.0,4666.73,-0.047749891766386554,new,59395.62,233.34,0.1,5,0.5719021844134379,-55988.909999999996,-58329.725001060404,-58329.725001060404,-55988.909999999996,-58329.725001060404,0
501424,CUST001424,2021,2021-11-02,2022-03-31,Home,CA,C,95814,47.86,N,Premium,Mixed,Metal,2346,1,30,1,37,0,C,Independent,5296.11,4742.9,370.73,635.53,310.33,1009068,0.0,0,0.918,1.0,12,0,1,0,0.0831,New,0.0,1,1,Low,1009068,500,4,0,Debit Card,0,Aggregator,10,1049516,49643,674,1,0,12,5296.11,441.3425,0.0,0.0,0.08333333333333333,1.0,5296.11,2.1166737889558784,new,0.0,264.81,0.1,5,0.8618842132681028,4025.0399999999995,10266.626611900276,10266.626611900276,4025.0399999999995,10266.626611900276,1
501425,CUST001425,2021,2021-02-08,2021-12-31,Condo,CA,B,92101,47.58,Y,Basic,Frame,Tile,1236,1,40,1,43,0,B,Online,1943.15,2063.41,136.02,38.86,159.44,380496,0.0,0,1.05,1.0,12,0,0,1,0.0754,New,0.0,1,1,Middle,380496,500,5,0,Auto Debit,1,Online Search,8,465206,82082,681,1,1,12,1943.15,161.92916666666667,0.0,0.0,0.08333333333333333,1.0,1943.15,1.7315281792791266,new,0.0,97.16,0.1,5,0.8801537542558305,1671.1100000000001,4496.095647489035,4496.095647489035,1671.1100000000001,4496.095647489035,0
501426,CUST001426,2021,2021-08-26,2022-04-30,Rental,FL,B,32801,36.68,Y,Basic,Frame,Metal,1852,2,0,1,45,1,D,Independent,2664.74,2617.97,226.5,319.77,191.91,340822,0.0,0,0.985,1.0,12,1,0,0,0.0402,New,0.0,1,1,Middle,340822,500,4,0,Auto Debit,1,Agent Referral,6,424287,54462,548,1,1,12,2664.74,222.06166666666664,0.0,0.0,0.08333333333333333,1.0,2664.74,1.7315281792791266,new,0.0,133.24,0.1,5,0.7887098086037903,1985.2299999999998,4076.7349949532313,4076.7349949532313,1985.2299999999998,4076.7349949532313,0
501427,CUST001427,2021,2021-09-19,2021-09-30,Home,FL,A,32801,58.38,Y,Premium,Mixed,Metal,1894,2,44,0,63,0,C,Broker,2835.95,2853.11,241.06,425.39,199.62,405572,0.0,0,1.023,1.0,12,1,1,0,0.1083,New,0.0,1,1,Upper Middle,405572,1000,5,0,Debit Card,1,Agent Referral,7,367419,129516,669,1,1,12,2835.95,236.32916666666665,0.0,0.0,0.08333333333333333,1.0,2835.95,1.7315281792791266,new,0.0,141.8,0.1,5,0.8663189769221876,2027.7,5239.600982357753,5239.600982357753,2027.7,5239.600982357753,1
501428,CUST001428,2021,2021-06-09,2022-01-31,Home,FL,B,33301,22.69,Y,Premium,Masonry,Metal,1452,2,0,1,36,0,C,Independent,2088.83,2144.95,177.55,250.66,166.0,407176,0.0,0,0.988,1.0,12,1,1,0,0.1279,New,0.0,1,1,Upper Middle,407176,2000,5,0,Credit Card,0,Aggregator,6,375619,114403,627,1,0,12,2088.83,174.06916666666666,0.0,0.0,0.08333333333333333,1.0,2088.83,2.1166737889558784,new,0.0,104.44,0.1,5,0.8853007677452144,1556.1799999999998,4250.064019558264,4250.064019558264,1556.1799999999998,4250.064019558264,0
501429,CUST001429,2021,2021-04-16,2021-12-31,Home,FL,C,33301,49.73,N,Premium,Mixed,Tile,2306,1,12,0,69,1,A,Broker,2962.55,2960.16,251.82,444.38,205.31,583139,0.0,0,1.019,1.0,12,0,0,0,0.0951,New,0.0,1,1,Middle,583139,5000,4,0,Debit Card,5,Agent Referral,8,607581,62875,747,1,5,12,2962.55,246.8791666666667,0.0,0.0,0.08333333333333333,1.0,2962.55,0.19094574057211977,new,0.0,148.13,0.1,5,0.8036950323389392,2118.22,4549.206876281483,4549.206876281483,2118.22,4549.206876281483,0
501430,CUST001430,2021,2021-03-03,2021-06-30,Home,WA,B,98501,30.89,Y,Standard,Frame,Shingle,2218,1,37,0,38,0,C,Direct,3273.51,3211.36,229.15,98.21,219.31,840439,0.0,0,0.966,1.0,12,0,0,0,0.1142,New,0.0,1,1,Middle,840439,2000,4,0,Auto Debit,0,Online Search,7,812541,76224,660,1,0,12,3273.51,272.7925,0.0,0.0,0.08333333333333333,1.0,3273.51,2.1166737889558784,new,0.0,163.68,0.1,5,0.8049186377352398,2782.4700000000003,5997.636033491369,5997.636033491369,2782.4700000000003,5997.636033491369,1
501431,CUST001431,2021,2021-07-21,2022-02-28,Home,FL,D,33101,53.66,N,Basic,Frame,Metal,2050,1,31,0,60,0,B,Independent,2147.36,2145.32,182.53,257.68,168.63,326737,0.0,0,0.503,0.5,6,1,0,0,0.0524,New,0.0,1,1,Middle,326737,1000,4,0,Debit Card,2,Agent Referral,6,485960,62333,682,1,2,6,2147.36,357.8933333333334,0.0,0.0,0.16666666666666666,1.0,2147.36,-0.012520850583857324,new,0.0,107.37,0.1,5,0.8269448280407453,1599.7800000000002,3681.580287038292,3681.580287038292,1599.7800000000002,3681.580287038292,0
501432,CUST001432,2021,2021-11-13,2022-02-28,Condo,WA,B,98101,25.7,N,Premium,Frame,Tile,1247,2,24,1,57,0,C,Broker,1230.06,1264.56,86.1,184.51,127.35,382617,0.0,0,1.03,1.0,12,0,1,0,0.1243,New,0.0,1,1,Middle,382617,5000,5,0,Debit Card,0,Online Search,7,393202,83184,663,1,0,12,1230.06,102.505,0.0,0.0,0.08333333333333333,1.0,1230.06,2.1166737889558784,new,0.0,61.5,0.1,5,0.87466214090238,897.95,2377.5559544387606,2377.5559544387606,897.95,2377.5559544387606,0
501433,CUST001433,2021,2021-04-14,2021-11-30,Rental,WA,A,98004,36.17,Y,Basic,Mixed,Metal,2282,2,29,1,43,0,C,Independent,2135.08,1943.65,149.46,256.21,168.08,567980,0.0,0,0.923,1.0,12,0,1,0,0.1083,New,0.0,1,1,Upper Middle,567980,1000,5,1,Auto Debit,1,Social Media,13,730974,114608,672,1,1,12,2135.08,177.92333333333332,0.0,0.08333333333333333,0.08333333333333333,1.0,2135.08,0.33739571791036516,new,0.0,106.75,0.1,5,0.8887449296546279,1622.6599999999999,4476.210105783302,4476.210105783302,1622.6599999999999,4476.210105783302,0
501434,CUST001434,2021,2021-06-16,2021-11-30,Home,NY,B,14604,20.38,Y,Premium,Frame,Tile,1780,2,21,1,38,0,B,Direct,2971.15,2843.13,207.98,89.13,205.7,921329,0.0,0,0.964,1.0,12,1,0,0,0.0725,New,0.0,0,1,Middle,921329,1000,4,1,Debit Card,3,Social Media,1,835837,53546,721,1,3,12,2971.15,247.59583333333333,0.0,0.08333333333333333,0.0,1.0,2971.15,-2.196797130348095,new,0.0,148.56,0.1,5,0.7400053944014178,2525.48,4476.070848378226,4476.070848378226,2525.48,4476.070848378226,0
501435,CUST001435,2021,2021-02-18,2021-08-31,Home,FL,C,33601,45.14,N,Basic,Masonry,Shingle,2137,2,30,1,56,0,D,Online,3204.18,3207.98,272.36,64.08,216.19,378967,28296.7,1,1.012,1.0,12,0,1,0,0.1224,New,27836.7,1,1,Low,378967,500,3,2,Auto Debit,0,Social Media,2,531530,41524,594,1,0,12,3204.18,267.015,0.08333333333333333,0.16666666666666666,0.08333333333333333,1.0,3204.18,-0.6715911337816443,new,27836.7,160.21,0.1,5,0.6216486207640569,-25129.170000000002,-30774.47406270235,-30774.47406270235,-25129.170000000002,-30774.47406270235,0
501436,CUST001436,2021,2021-03-22,2021-03-31,Condo,WA,D,98101,12.76,N,Standard,Masonry,Shingle,1604,1,6,0,57,0,C,Online,1335.39,1302.19,93.48,26.71,132.09,383512,8451.37,1,0.992,1.0,12,0,0,0,0.0901,New,6611.37,0,1,Middle,383512,2000,4,0,Auto Debit,0,Aggregator,1,462737,54540,629,1,0,12,1335.39,111.28250000000001,0.08333333333333333,0.0,0.0,1.0,1335.39,0.3527721600509216,new,6611.37,66.77,0.1,5,0.7277823368915849,-5462.94,-9327.292547982363,-9327.292547982363,-5462.94,-9327.292547982363,0
501437,CUST001437,2021,2021-08-21,2021-08-31,Home,NY,C,11201,34.55,Y,Basic,Frame,Tile,1854,3,34,1,48,0,A,Direct,2112.23,2085.03,147.86,63.37,167.05,704321,0.0,0,0.998,1.0,12,1,0,0,0.0861,New,0.0,1,1,Upper Middle,704321,500,3,0,Credit Card,3,Agent Referral,7,899901,99552,746,1,3,12,2112.23,176.01916666666668,0.0,0.0,0.08333333333333333,1.0,2112.23,0.9612369599256232,new,0.0,105.61,0.1,5,0.7747229355325822,1795.39,3535.1348358709342,3535.1348358709342,1795.39,3535.1348358709342,0
501438,CUST001438,2021,2021-03-04,2021-08-31,Rental,FL,B,33301,41.79,Y,Standard,Masonry,Tile,1882,1,7,0,63,0,C,Independent,3148.22,3219.53,267.6,377.79,213.67,421051,0.0,0,1.015,1.0,12,0,0,1,0.0617,New,0.0,1,1,Middle,421051,500,4,0,Auto Debit,5,Aggregator,11,437130,56139,671,1,5,12,3148.22,262.35166666666663,0.0,0.0,0.08333333333333333,1.0,3148.22,0.19094574057211977,new,0.0,157.41,0.1,5,0.8032635727520032,2345.42,5030.674354624075,5030.674354624075,2345.42,5030.674354624075,0
501439,CUST001439,2021,2021-11-17,2022-01-31,Home,FL,B,33601,38.73,N,Basic,Masonry,Metal,1988,1,23,1,46,0,B,Direct,1582.23,1614.94,134.49,47.47,143.2,318485,0.0,0,1.016,1.0,12,0,0,0,0.0808,New,0.0,1,1,Middle,318485,1000,4,0,Auto Debit,1,Agent Referral,4,465641,72805,727,1,1,12,1582.23,131.8525,0.0,0.0,0.08333333333333333,1.0,1582.23,1.7315281792791266,new,0.0,79.11,0.1,5,0.735831853465591,1321.16,2311.94264515971,2311.94264515971,1321.16,2311.94264515971,0
501440,CUST001440,2021,2021-01-20,2021-05-31,Rental,NY,A,10001,43.23,N,Standard,Frame,Shingle,1504,1,29,1,48,0,B,Independent,2429.66,2347.12,170.08,291.56,181.33,558337,0.0,0,0.494,0.5,6,0,0,0,0.0403,New,0.0,1,1,Upper Middle,558337,1000,5,0,Credit Card,2,Online Search,6,675483,135591,721,1,2,6,2429.66,404.9433333333333,0.0,0.0,0.16666666666666666,1.0,2429.66,-0.012520850583857324,new,0.0,121.48,0.1,5,0.8923587933901395,1846.54,5147.522721830521,5147.522721830521,1846.54,5147.522721830521,0
501441,CUST001441,2021,2021-12-14,2022-05-31,Home,WA,D,99201,27.21,N,Standard,Frame,Tile,2051,1,56,1,43,0,D,Direct,1923.69,1821.17,134.66,57.71,158.57,436981,0.0,0,0.471,0.5,6,0,0,0,0.0796,New,0.0,0,1,Middle,436981,1000,4,0,Auto Debit,4,Online Search,3,521481,87623,594,1,4,6,1923.69,320.615,0.0,0.0,0.0,1.0,1923.69,-4.310615327747275,new,0.0,96.18,0.1,5,0.7765218687469202,1635.1399999999999,3237.0901153086597,3237.0901153086597,1635.1399999999999,3237.0901153086597,0
501442,CUST001442,2021,2021-12-25,2021-12-31,Condo,TX,B,77001,34.27,Y,Premium,Frame,Shingle,980,1,1,1,38,0,C,Online,658.99,685.87,46.13,13.18,101.65,154766,4432.79,1,0.509,0.5,6,0,1,0,0.1255,New,3512.79,1,1,Middle,154766,1000,4,1,Credit Card,0,Online Search,2,151165,72952,637,1,0,6,658.99,109.83166666666666,0.16666666666666666,0.16666666666666666,0.16666666666666666,1.0,658.99,-2.0304945539678765,new,3512.79,32.95,0.1,5,0.7428221807749769,-2946.06,-5266.511740280628,-5266.511740280628,-2946.06,-5266.511740280628,0
501443,CUST001443,2021,2021-12-13,2022-10-31,Condo,TX,B,78701,39.56,N,Standard,Frame,Shingle,1416,1,35,0,77,0,A,Independent,568.81,562.03,39.82,68.26,97.6,158260,0.0,0,1.014,1.0,12,0,0,0,0.0764,New,0.0,1,1,Middle,158260,2000,4,0,Credit Card,1,Agent Referral,2,195867,54930,732,1,1,12,568.81,47.40083333333333,0.0,0.0,0.08333333333333333,1.0,568.81,1.7315281792791266,new,0.0,28.44,0.1,5,0.7145564250590623,432.2899999999999,708.7049466063723,708.7049466063723,432.2899999999999,708.7049466063723,0
501444,CUST001444,2021,2021-12-01,2022-06-30,Home,CA,D,94105,52.13,N,Standard,Frame,Shingle,2282,1,45,1,48,1,D,Online,5609.61,6003.02,392.67,112.19,324.43,774511,0.0,0,1.05,1.0,12,0,0,0,0.087,New,0.0,1,1,Middle,774511,1000,4,0,Auto Debit,1,Email Campaign,10,959331,61189,612,1,1,12,5609.61,467.4675,0.0,0.0,0.08333333333333333,1.0,5609.61,1.7315281792791266,new,0.0,280.48,0.1,5,0.8923750512650201,4824.27,13449.051181081588,13449.051181081588,4824.27,13449.051181081588,1
501445,CUST001445,2021,2021-08-05,2022-02-28,Home,CA,D,90001,51.3,Y,Basic,Frame,Shingle,2106,2,13,0,59,0,A,Independent,2967.04,3111.6,207.69,356.04,205.52,669131,0.0,0,1.05,1.0,12,1,1,0,0.0805,New,0.0,1,1,Upper Middle,669131,500,4,0,Bank Transfer,5,Online Search,6,850013,97958,764,1,5,12,2967.04,247.25333333333333,0.0,0.0,0.08333333333333333,1.0,2967.04,0.19094574057211977,new,0.0,148.35,0.1,5,0.7869705914758519,2254.96,4606.544801105645,4606.544801105645,2254.96,4606.544801105645,0
501446,CUST001446,2021,2021-08-25,2022-01-31,Home,WA,A,98101,38.0,N,Basic,Masonry,Shingle,911,2,36,0,62,1,B,Direct,741.22,737.94,51.89,22.24,105.35,201353,0.0,0,0.968,1.0,12,1,1,0,0.1034,New,0.0,1,1,Upper Middle,201353,1000,4,0,Auto Debit,0,Aggregator,5,278717,111654,717,1,0,12,741.22,61.76833333333334,0.0,0.0,0.08333333333333333,1.0,741.22,2.1166737889558784,new,0.0,37.06,0.1,5,0.8048691188554605,630.03,1357.8341099435042,1357.8341099435042,630.03,1357.8341099435042,0
501447,CUST001447,2021,2021-01-17,2021-10-31,Home,CA,D,90001,57.42,Y,Basic,Frame,Shingle,2676,1,14,0,59,0,D,Independent,6803.43,6256.27,476.24,816.41,378.15,1009430,0.0,0,0.94,1.0,12,0,1,1,0.1083,New,0.0,1,1,Middle,1009430,1000,4,0,Auto Debit,4,Email Campaign,7,1278332,57246,572,1,4,12,6803.43,566.9525,0.0,0.0,0.08333333333333333,1.0,6803.43,0.5760913502488715,new,0.0,340.17,0.1,5,0.8513830916178815,5170.610000000001,12788.534065025864,12788.534065025864,5170.610000000001,12788.534065025864,1
501448,CUST001448,2021,2021-09-01,2022-03-31,Home,FL,D,32801,40.63,N,Basic,Frame,Metal,1935,2,24,1,46,0,B,Independent,1877.44,1805.64,159.58,225.29,156.49,339467,0.0,0,0.941,1.0,12,1,0,0,0.0433,New,0.0,1,1,Middle,339467,1000,5,0,Credit Card,1,Partner Referral,8,482411,74919,692,1,1,12,1877.44,156.45333333333335,0.0,0.0,0.08333333333333333,1.0,1877.44,1.7315281792791266,new,0.0,93.87,0.1,5,0.8674680369577104,1398.7000000000003,3626.4223698252626,3626.4223698252626,1398.7000000000003,3626.4223698252626,0
501449,CUST001449,2021,2021-06-26,2022-03-31,Home,WA,B,98004,25.33,Y,Standard,Frame,Tile,1817,2,28,0,56,0,A,Independent,1440.47,1414.72,100.83,172.86,136.82,529968,0.0,0,0.993,1.0,12,1,0,0,0.0753,New,0.0,1,1,Upper Middle,529968,5000,5,1,Credit Card,1,Online Search,10,568320,116328,739,1,1,12,1440.47,120.03916666666667,0.0,0.08333333333333333,0.08333333333333333,1.0,1440.47,0.33739571791036516,new,0.0,72.02,0.1,5,0.8858765421362769,1094.7600000000002,2994.8952251426676,2994.8952251426676,1094.7600000000002,2994.8952251426676,0
501450,CUST001450,2021,2021-01-17,2021-06-30,Rental,NY,C,10001,41.22,N,Basic,Frame,Metal,2036,1,45,1,32,1,C,Independent,2631.43,2345.01,184.2,315.77,190.41,587254,27016.27,1,0.909,1.0,12,0,1,0,0.0903,New,26096.27,1,1,Low,587254,1000,4,0,Debit Card,1,Email Campaign,7,843442,45658,658,1,1,12,2631.43,219.28583333333333,0.08333333333333333,0.0,0.08333333333333333,1.0,2631.43,1.7315281792791266,new,26096.27,131.57,0.1,5,0.6601360062686362,-24096.38,-33348.247790678026,-33348.247790678026,-24096.38,-33348.247790678026,0
501451,CUST001451,2021,2021-04-09,2021-09-30,Condo,FL,B,33101,53.79,N,Basic,Frame,Shingle,1502,1,5,1,44,1,B,Online,1575.4,1446.06,133.91,31.51,142.89,233994,0.0,0,0.461,0.5,6,0,0,0,0.0926,New,0.0,1,1,Upper Middle,233994,2000,4,1,Credit Card,1,Partner Referral,4,334357,97386,693,1,1,6,1575.4,262.56666666666666,0.0,0.16666666666666666,0.16666666666666666,1.0,1575.4,-2.4156401636446283,new,0.0,78.77,0.1,5,0.7662382058424139,1331.21,2554.9224775605685,2554.9224775605685,1331.21,2554.9224775605685,0
501452,CUST001452,2021,2021-01-24,2021-09-30,Home,CA,D,92101,39.69,Y,Standard,Frame,Metal,2092,1,32,1,42,0,C,Direct,3294.26,3140.48,230.6,98.83,220.24,718913,0.0,0,0.93,1.0,12,0,1,0,0.1305,New,0.0,1,1,Upper Middle,718913,2000,5,0,Bank Transfer,3,Social Media,1,711406,133271,633,1,3,12,3294.26,274.5216666666667,0.0,0.0,0.08333333333333333,1.0,3294.26,0.9612369599256232,new,0.0,164.71,0.1,5,0.8737168525852552,2800.1200000000003,7393.624769820299,7393.624769820299,2800.1200000000003,7393.624769820299,1
501453,CUST001453,2021,2021-09-27,2021-10-31,Home,WA,A,98501,37.35,N,Standard,Mixed,Shingle,2390,1,42,0,59,1,B,Broker,2428.18,2190.37,169.97,364.23,181.27,618395,17984.19,1,0.886,1.0,12,1,0,0,0.0644,New,17064.19,0,1,Upper Middle,618395,1000,3,0,Credit Card,2,Online Search,6,700609,116789,692,1,2,12,2428.18,202.34833333333333,0.08333333333333333,0.0,0.0,1.0,2428.18,-0.4175190593025818,new,17064.19,121.41,0.1,5,0.7023700261267809,-15291.619999999997,-24144.1187619304,-24144.1187619304,-15291.619999999997,-24144.1187619304,0
501454,CUST001454,2021,2021-11-22,2021-11-30,Home,TX,A,77001,43.21,N,Basic,Mixed,Shingle,1382,3,26,1,40,1,D,Online,768.92,793.53,53.82,15.38,106.6,132883,0.0,0,1.007,1.0,12,0,0,1,0.102,New,0.0,1,1,Low,132883,2000,4,0,Credit Card,8,Partner Referral,6,194249,43308,562,1,8,12,768.92,64.07666666666667,0.0,0.0,0.08333333333333333,1.0,768.92,-0.9644910884581352,new,0.0,38.45,0.1,5,0.8236699865564229,661.2699999999999,1507.0908378197619,1507.0908378197619,661.2699999999999,1507.0908378197619,0
501455,CUST001455,2021,2021-01-06,2021-01-31,Home,TX,A,73301,46.1,Y,Standard,Mixed,Metal,1907,1,47,1,37,1,B,Online,1184.42,1084.85,82.91,23.69,125.3,281548,0.0,0,0.908,1.0,12,0,0,0,0.0611,New,0.0,1,1,Low,281548,500,4,0,Debit Card,0,Aggregator,6,283032,28939,680,1,0,12,1184.42,98.70166666666667,0.0,0.0,0.08333333333333333,1.0,1184.42,2.1166737889558784,new,0.0,59.22,0.1,5,0.7857343347993626,1018.5999999999999,2073.1427031143157,2073.1427031143157,1018.5999999999999,2073.1427031143157,0
501456,CUST001456,2021,2021-09-07,2021-09-30,Home,CA,B,94105,32.98,N,Basic,Mixed,Shingle,2541,2,2,0,47,1,D,Online,4073.41,4003.89,285.14,81.47,255.3,744334,0.0,0,0.993,1.0,12,1,1,1,0.1344,New,0.0,0,1,Low,744334,2000,4,0,Debit Card,4,Email Campaign,3,1134961,49455,582,1,4,12,4073.41,339.4508333333333,0.0,0.0,0.0,1.0,4073.41,-1.1878102786560851,new,0.0,203.67,0.1,5,0.6265592084606638,3503.13,4358.127721742399,4358.127721742399,3503.13,4358.127721742399,0
501457,CUST001457,2021,2021-01-17,2021-07-31,Home,TX,A,78701,52.29,Y,Premium,Mixed,Shingle,2369,1,39,0,52,0,A,Online,1587.45,1668.29,111.12,31.75,143.44,364025,0.0,0,1.042,1.0,12,0,0,0,0.0767,New,0.0,1,1,Upper Middle,364025,500,4,1,Credit Card,0,Agent Referral,7,328159,112403,759,1,0,12,1587.45,132.2875,0.0,0.08333333333333333,0.08333333333333333,1.0,1587.45,0.722541327587117,new,0.0,79.37,0.1,5,0.7861754489790381,1365.21,2782.2738023817105,2782.2738023817105,1365.21,2782.2738023817105,0
501458,CUST001458,2021,2021-04-10,2022-01-31,Condo,TX,B,77001,49.38,Y,Basic,Frame,Shingle,1336,1,30,1,41,0,C,Online,736.26,719.86,51.54,14.73,105.13,149326,0.0,0,0.983,1.0,12,0,0,0,0.0617,New,0.0,1,1,Middle,149326,500,4,0,Auto Debit,0,Online Search,2,182152,80969,660,1,0,12,736.26,61.355,0.0,0.0,0.08333333333333333,1.0,736.26,2.1166737889558784,new,0.0,36.81,0.1,5,0.7626582138680735,633.1800000000001,1202.1490740113268,1202.1490740113268,633.1800000000001,1202.1490740113268,0
501459,CUST001459,2021,2021-07-02,2022-05-31,Rental,CA,A,92101,71.46,N,Premium,Frame,Shingle,984,1,34,1,43,0,B,Direct,2392.57,2385.04,167.48,71.78,179.67,378452,23324.34,1,1.008,1.0,12,1,0,0,0.0707,New,22404.34,0,1,Middle,378452,1000,4,0,Credit Card,2,Aggregator,2,388753,85310,724,1,2,12,2392.57,199.38083333333336,0.08333333333333333,0.0,0.0,1.0,2392.57,-0.4175190593025818,new,22404.34,119.63,0.1,5,0.7019209701869372,-20370.66,-32118.823595591013,-32118.823595591013,-20370.66,-32118.823595591013,0
501460,CUST001460,2021,2021-10-23,2022-04-30,Condo,NY,D,11201,19.64,N,Standard,Masonry,Shingle,1174,1,17,0,30,0,D,Online,2137.77,2030.6,149.64,42.76,168.2,456099,0.0,0,0.962,1.0,12,0,0,1,0.0716,New,0.0,1,1,Low,456099,1000,3,0,Credit Card,10,Online Search,9,537520,43243,593,1,10,12,2137.77,178.1475,0.0,0.0,0.08333333333333333,1.0,2137.77,-1.734782307811639,new,0.0,106.89,0.1,5,0.6634701421267994,1838.48,2571.203040305918,2571.203040305918,1838.48,2571.203040305918,0
501461,CUST001461,2021,2021-10-12,2022-07-31,Home,NY,C,14604,33.84,N,Standard,Mixed,Metal,1923,1,49,0,34,0,C,Independent,3093.79,2912.23,216.57,371.25,211.22,714543,0.0,0,0.968,1.0,12,0,0,0,0.0653,New,0.0,1,1,Middle,714543,1500,4,0,Bank Transfer,1,Agent Referral,10,840004,87196,635,1,1,12,3093.79,257.81583333333333,0.0,0.0,0.08333333333333333,1.0,3093.79,1.7315281792791266,new,0.0,154.69,0.1,5,0.8093850292214846,2351.2799999999997,5136.107753570957,5136.107753570957,2351.2799999999997,5136.107753570957,0
501462,CUST001462,2021,2021-08-20,2022-04-30,Condo,NY,D,10001,21.05,Y,Standard,Frame,Tile,1886,1,25,0,62,0,A,Broker,2083.1,1944.19,145.82,312.47,165.74,841130,0.0,0,0.958,1.0,12,1,0,0,0.0934,New,0.0,1,1,Upper Middle,841130,2000,4,0,Auto Debit,2,Agent Referral,8,833167,119753,746,1,2,12,2083.1,173.59166666666667,0.0,0.0,0.08333333333333333,1.0,2083.1,1.3463825696023748,new,0.0,104.16,0.1,5,0.7826013919110865,1520.6499999999999,3065.9801795758435,3065.9801795758435,1520.6499999999999,3065.9801795758435,0
501463,CUST001463,2021,2021-08-06,2022-05-31,Home,CA,D,90001,59.69,N,Premium,Frame,Tile,1041,2,52,1,51,0,C,Online,2250.45,2154.87,157.53,45.01,173.27,374507,0.0,0,0.953,1.0,12,1,1,0,0.1171,New,0.0,1,1,Low,374507,1000,4,0,Auto Debit,1,Social Media,3,405014,48451,664,1,1,12,2250.45,187.5375,0.0,0.0,0.08333333333333333,1.0,2250.45,1.7315281792791266,new,0.0,112.52,0.1,5,0.7748862616484624,1935.3899999999996,3812.671020561137,3812.671020561137,1935.3899999999996,3812.671020561137,0
501464,CUST001464,2021,2021-08-17,2021-09-30,Rental,WA,C,98501,26.56,N,Premium,Frame,Tile,1662,1,32,1,68,0,A,Direct,1418.2,1298.94,99.27,42.55,135.82,489571,0.0,0,0.469,0.5,6,1,1,0,0.1016,New,0.0,1,1,Middle,489571,1000,4,0,Debit Card,0,Aggregator,1,501835,64397,746,1,0,6,1418.2,236.36666666666667,0.0,0.0,0.16666666666666666,1.0,1418.2,0.7577703687696461,new,0.0,70.91,0.1,5,0.7578719800512461,1205.47,2255.769468214062,2255.769468214062,1205.47,2255.769468214062,0
501465,CUST001465,2021,2021-11-20,2022-01-31,Home,WA,A,98004,23.31,N,Premium,Masonry,Tile,2352,2,27,1,43,0,D,Independent,3488.09,3285.1,244.17,418.57,228.96,786665,64764.8,2,0.471,0.5,6,0,0,1,0.0662,New,62924.8,0,1,Low,786665,1000,3,1,Auto Debit,3,Agent Referral,7,803863,39120,551,1,3,6,3488.09,581.3483333333334,0.3333333333333333,0.16666666666666666,0.0,1.0,3488.09,-6.713734640808045,new,62924.8,174.4,0.1,5,0.35,-60273.850000000006,-28036.066430868555,-28036.066430868555,-60273.850000000006,-28036.066430868555,0
501466,CUST001466,2021,2021-11-04,2022-06-30,Home,FL,A,32801,64.36,N,Basic,Frame,Tile,2055,2,50,0,63,1,C,Online,2220.56,2108.57,188.75,44.41,171.93,270705,0.0,0,0.969,1.0,12,0,0,0,0.0604,New,0.0,1,1,Upper Middle,270705,1000,4,0,Debit Card,3,Aggregator,4,389239,112105,637,1,3,12,2220.56,185.04666666666665,0.0,0.0,0.08333333333333333,1.0,2220.56,0.9612369599256232,new,0.0,111.03,0.1,5,0.8479312514420557,1876.37,4593.992114845138,4593.992114845138,1876.37,4593.992114845138,0
501467,CUST001467,2021,2021-09-03,2021-09-30,Home,WA,B,98101,36.97,Y,Basic,Frame,Shingle,2247,2,37,1,42,0,C,Independent,2634.84,2680.59,184.44,316.18,190.57,598370,0.0,0,1.016,1.0,12,1,0,0,0.0594,New,0.0,0,1,Middle,598370,1000,5,0,Auto Debit,2,Social Media,9,759834,63830,654,1,2,12,2634.84,219.57000000000002,0.0,0.0,0.0,1.0,2634.84,-0.4175190593025818,new,0.0,131.74,0.1,5,0.8475550930604134,2002.4800000000002,4897.330307388766,4897.330307388766,2002.4800000000002,4897.330307388766,0
501468,CUST001468,2021,2021-12-11,2022-02-28,Home,NY,B,10001,33.6,Y,Basic,Frame,Shingle,2490,2,36,0,82,0,B,Independent,3439.56,3640.76,240.77,412.75,226.78,873463,0.0,0,1.05,1.0,12,0,0,0,0.07,New,0.0,1,1,Upper Middle,873463,1000,5,0,Bank Transfer,1,Social Media,5,1088428,112425,691,1,1,12,3439.56,286.63,0.0,0.0,0.08333333333333333,1.0,3439.56,1.7315281792791266,new,0.0,171.98,0.1,5,0.8540499017849039,2614.06,6516.2270933890295,6516.2270933890295,2614.06,6516.2270933890295,1
501469,CUST001469,2021,2021-02-26,2021-12-31,Rental,WA,D,98101,34.87,N,Standard,Frame,Tile,2240,2,46,0,50,0,A,Online,2084.36,2116.21,145.91,41.69,165.8,692484,22193.99,1,1.002,1.0,12,0,0,0,0.1162,New,17593.99,1,1,Upper Middle,692484,5000,4,1,Auto Debit,2,Social Media,12,802450,148934,731,1,2,12,2084.36,173.6966666666667,0.08333333333333333,0.08333333333333333,0.08333333333333333,1.0,2084.36,-0.047749891766386554,new,17593.99,104.22,0.1,5,0.6646382983293321,-15801.45,-22180.38845099941,-22180.38845099941,-15801.45,-22180.38845099941,0
501470,CUST001470,2021,2021-11-16,2022-03-31,Home,WA,A,98501,33.98,Y,Basic,Masonry,Shingle,1971,1,26,1,53,1,A,Online,1805.56,1808.39,126.39,36.11,153.25,557229,0.0,0,0.969,1.0,12,0,0,0,0.0741,New,0.0,1,1,Upper Middle,557229,1500,4,0,Credit Card,4,Email Campaign,3,674674,90225,749,1,4,12,1805.56,150.46333333333334,0.0,0.0,0.08333333333333333,1.0,1805.56,0.5760913502488715,new,0.0,90.28,0.1,5,0.7693871187777825,1552.78,3008.6407586941523,3008.6407586941523,1552.78,3008.6407586941523,0
501471,CUST001471,2021,2021-09-22,2022-01-31,Home,FL,B,33601,53.39,Y,Standard,Frame,Tile,941,2,50,0,60,0,B,Independent,1166.53,1140.29,99.15,139.98,124.49,184210,5773.1,2,0.979,1.0,12,1,1,1,0.1094,New,3933.1,0,1,Upper Middle,184210,1000,3,0,Debit Card,3,Online Search,5,198512,93746,708,1,3,12,1166.53,97.21083333333333,0.16666666666666666,0.0,0.0,1.0,1166.53,-0.8026646689793335,new,3933.1,58.33,0.1,5,0.35,-3064.0299999999997,-1425.2175466835813,-1425.2175466835813,-3064.0299999999997,-1425.2175466835813,0
501472,CUST001472,2021,2021-04-27,2021-06-30,Rental,TX,D,79901,37.68,N,Basic,Mixed,Tile,2194,1,25,1,71,1,C,Online,946.54,892.76,66.26,18.93,114.59,199961,0.0,0,0.926,1.0,12,0,0,0,0.0856,New,0.0,1,1,Low,199961,1000,4,0,Debit Card,0,Partner Referral,7,271214,38965,676,1,0,12,946.54,78.87833333333333,0.0,0.0,0.08333333333333333,1.0,946.54,2.1166737889558784,new,0.0,47.33,0.1,5,0.7858869634812862,814.02,1657.5228466890783,1657.5228466890783,814.02,1657.5228466890783,0
501473,CUST001473,2021,2021-05-27,2021-06-30,Rental,FL,D,33101,37.45,N,Standard,Masonry,Metal,1192,1,31,0,51,1,C,Direct,1595.21,1529.95,135.59,47.86,143.78,248189,24321.15,1,0.982,1.0,12,0,1,0,0.1368,New,22021.15,1,1,Upper Middle,248189,2500,3,2,Credit Card,4,Partner Referral,1,286129,94720,655,1,4,12,1595.21,132.93416666666667,0.08333333333333333,0.16666666666666666,0.08333333333333333,1.0,1595.21,-2.212173572488651,new,22021.15,79.76,0.1,5,0.6589335038403835,-20689.15,-28524.558158403932,-28524.558158403932,-20689.15,-28524.558158403932,0
501474,CUST001474,2021,2021-07-08,2021-12-31,Home,TX,A,73301,44.01,N,Basic,Mixed,Shingle,1724,2,24,1,39,1,C,Broker,1019.62,993.55,71.37,152.94,117.88,213372,0.0,0,0.975,1.0,12,1,1,1,0.1363,New,0.0,1,1,Upper Middle,213372,5000,4,0,Bank Transfer,11,Online Search,9,291430,104452,669,1,11,12,1019.62,84.96833333333333,0.0,0.0,0.08333333333333333,1.0,1019.62,-2.1199279174883903,new,0.0,50.98,0.1,5,0.7514647012055304,744.3299999999999,1366.0388492006896,1366.0388492006896,744.3299999999999,1366.0388492006896,0
501475,CUST001475,2021,2021-06-25,2021-10-31,Home,CA,B,92101,49.11,Y,Premium,Frame,Metal,2050,1,48,0,58,1,A,Online,4174.06,4486.74,292.18,83.48,259.83,879116,0.0,0,1.033,1.0,12,1,0,0,0.0668,New,0.0,1,1,Upper Middle,879116,500,4,0,Credit Card,0,Email Campaign,2,825248,130209,788,1,0,12,4174.06,347.83833333333337,0.0,0.0,0.08333333333333333,1.0,4174.06,2.1166737889558784,new,0.0,208.7,0.1,5,0.8798225898318207,3589.7000000000007,9648.721303223554,9648.721303223554,3589.7000000000007,9648.721303223554,1
501476,CUST001476,2021,2021-02-27,2021-06-30,Condo,FL,B,33601,41.23,N,Basic,Masonry,Metal,1160,1,23,1,41,0,D,Online,1174.45,1161.92,99.83,23.49,124.85,166563,2343.27,1,0.99,1.0,12,0,1,1,0.1444,New,503.27,1,1,Middle,166563,2000,4,0,Debit Card,5,Online Search,1,236897,67353,595,1,5,12,1174.45,97.87083333333334,0.08333333333333333,0.0,0.08333333333333333,1.0,1174.45,0.19094574057211977,new,503.27,58.72,0.1,5,0.566156555452442,489.14,500.0113251496747,500.0113251496747,489.14,500.0113251496747,0
501477,CUST001477,2021,2021-06-06,2021-11-30,Home,FL,D,32801,53.85,N,Premium,Frame,Tile,2497,3,46,0,60,0,B,Broker,3495.14,3260.36,297.09,524.27,229.28,550845,0.0,0,0.953,1.0,12,1,1,0,0.0983,New,0.0,1,1,High,550845,1000,5,0,Auto Debit,2,Agent Referral,9,593818,162803,716,1,2,12,3495.14,291.26166666666666,0.0,0.0,0.08333333333333333,1.0,3495.14,1.3463825696023748,new,0.0,174.76,0.1,5,0.8873301544423291,2499.0199999999995,6865.4254586510315,6865.4254586510315,2499.0199999999995,6865.4254586510315,1
501478,CUST001478,2021,2021-12-11,2021-12-31,Condo,FL,A,33301,48.19,N,Basic,Frame,Tile,659,1,0,1,45,0,C,Independent,756.29,772.3,64.28,90.75,106.03,116478,0.0,0,1.027,1.0,12,0,0,0,0.0583,New,0.0,1,1,Low,116478,1000,4,0,Credit Card,0,Online Search,9,166807,43202,678,1,0,12,756.29,63.024166666666666,0.0,0.0,0.08333333333333333,1.0,756.29,2.1166737889558784,new,0.0,37.81,0.1,5,0.8126286452478788,563.45,1242.7323802486358,1242.7323802486358,563.45,1242.7323802486358,0
501479,CUST001479,2021,2021-03-03,2021-06-30,Home,CA,C,90001,51.58,N,Basic,Mixed,Shingle,1949,2,9,1,43,0,C,Broker,3001.66,2916.39,210.12,450.25,207.07,538471,47609.42,1,0.991,1.0,12,0,0,0,0.0895,New,45769.42,1,1,Middle,538471,2000,4,1,Auto Debit,0,Agent Referral,1,735365,66178,665,1,0,12,3001.66,250.13833333333332,0.08333333333333333,0.08333333333333333,0.08333333333333333,1.0,3001.66,0.722541327587117,new,45769.42,150.08,0.1,5,0.6071167586273432,-43578.21,-50929.022364741235,-50929.022364741235,-43578.21,-50929.022364741235,0
501480,CUST001480,2021,2021-06-11,2021-06-30,Home,WA,A,98501,24.91,Y,Standard,Masonry,Tile,2582,2,29,0,53,1,B,Broker,2678.0,2940.38,187.46,401.7,192.51,834967,0.0,0,1.05,1.0,12,1,0,0,0.0944,New,0.0,1,1,Upper Middle,834967,2500,4,0,Credit Card,1,Aggregator,6,873381,129857,722,1,1,12,2678.0,223.16666666666666,0.0,0.0,0.08333333333333333,1.0,2678.0,1.7315281792791266,new,0.0,133.9,0.1,5,0.8238605928513019,1954.94,4457.993144118931,4457.993144118931,1954.94,4457.993144118931,0
501481,CUST001481,2021,2021-04-23,2021-04-30,Home,CA,D,94105,32.17,Y,Standard,Mixed,Metal,2582,3,50,1,30,0,A,Direct,3937.04,3605.2,275.59,118.11,249.17,1081500,0.0,0,0.918,1.0,12,0,0,0,0.0796,New,0.0,0,1,Middle,1081500,500,4,0,Credit Card,0,Agent Referral,5,1115619,78703,760,1,0,12,3937.04,328.08666666666664,0.0,0.0,0.0,1.0,3937.04,0.3527721600509216,new,0.0,196.85,0.1,5,0.6941691638868412,3346.49,5151.2419132335435,5151.2419132335435,3346.49,5151.2419132335435,0
501482,CUST001482,2021,2021-12-03,2022-02-28,Condo,FL,C,32801,56.7,N,Premium,Mixed,Metal,1103,1,23,0,44,0,A,Online,1306.38,1193.32,111.04,26.13,130.79,237690,0.0,0,0.92,1.0,12,0,0,0,0.0831,New,0.0,1,1,Upper Middle,237690,1000,4,0,Auto Debit,0,Aggregator,6,241509,116560,772,1,0,12,1306.38,108.86500000000001,0.0,0.0,0.08333333333333333,1.0,1306.38,2.1166737889558784,new,0.0,65.32,0.1,5,0.8497743485711104,1103.89,2717.3862308252446,2717.3862308252446,1103.89,2717.3862308252446,0
501483,CUST001483,2021,2021-03-15,2021-11-30,Home,WA,C,98101,30.12,Y,Basic,Frame,Metal,2232,3,28,0,52,0,A,Broker,1615.55,1535.95,113.09,242.33,144.7,623906,0.0,0,0.983,1.0,12,0,0,0,0.0528,New,0.0,1,1,Upper Middle,623906,1000,5,0,Auto Debit,2,Agent Referral,7,788597,106769,783,1,2,12,1615.55,134.62916666666666,0.0,0.0,0.08333333333333333,1.0,1615.55,1.3463825696023748,new,0.0,80.78,0.1,5,0.9442333283386385,1179.3500000000001,3817.222593202726,3817.222593202726,1179.3500000000001,3817.222593202726,0
501484,CUST001484,2021,2021-05-18,2021-07-31,Home,TX,D,79901,41.05,Y,Standard,Masonry,Shingle,2103,2,31,1,45,0,B,Direct,1306.0,1375.47,91.42,39.18,130.77,298519,0.0,0,1.05,1.0,12,0,0,0,0.0782,New,0.0,0,1,Low,298519,1500,4,0,Auto Debit,1,Online Search,7,304755,40470,682,1,1,12,1306.0,108.83333333333333,0.0,0.0,0.0,1.0,1306.0,-0.03237344962583011,new,0.0,65.3,0.1,5,0.7583296738109465,1110.1,2080.188219624013,2080.188219624013,1110.1,2080.188219624013,0
501485,CUST001485,2021,2021-06-25,2021-06-30,Home,WA,A,98004,33.77,N,Basic,Mixed,Metal,1739,3,20,0,59,0,B,Independent,1243.66,1271.03,87.06,149.24,127.96,429450,0.0,0,1.008,1.0,12,1,0,0,0.066,New,0.0,1,1,Low,429450,500,4,0,Auto Debit,0,Agent Referral,13,600934,34197,687,1,0,12,1243.66,103.63833333333334,0.0,0.0,0.08333333333333333,1.0,1243.66,2.1166737889558784,new,0.0,62.18,0.1,5,0.7583296738109465,945.1800000000002,1771.1488167050036,1771.1488167050036,945.1800000000002,1771.1488167050036,0
501486,CUST001486,2021,2021-11-13,2021-11-30,Home,TX,D,78701,37.39,N,Basic,Masonry,Shingle,1467,1,33,0,35,1,B,Independent,670.44,662.91,46.93,80.45,102.17,152650,0.0,0,0.97,1.0,12,0,0,0,0.0439,New,0.0,1,1,Middle,152650,1500,4,0,Bank Transfer,4,Online Search,5,209893,69190,686,1,4,12,670.44,55.870000000000005,0.0,0.0,0.08333333333333333,1.0,670.44,0.5760913502488715,new,0.0,33.52,0.1,5,0.7884245056359127,509.5400000000001,1045.4624531293498,1045.4624531293498,509.5400000000001,1045.4624531293498,0
501487,CUST001487,2021,2021-09-08,2022-01-31,Home,FL,A,33101,55.53,Y,Standard,Mixed,Metal,2530,2,8,0,51,0,A,Direct,3310.61,3540.99,281.4,99.32,220.98,626620,0.0,0,1.039,1.0,12,1,0,0,0.073,New,0.0,1,1,High,626620,1000,4,0,Credit Card,0,Online Search,4,617680,173693,791,1,0,12,3310.61,275.88416666666666,0.0,0.0,0.08333333333333333,1.0,3310.61,2.1166737889558784,new,0.0,165.53,0.1,5,0.860737340149461,2764.3599999999997,7027.37524779451,7027.37524779451,2764.3599999999997,7027.37524779451,1
501488,CUST001488,2021,2021-09-25,2022-03-31,Rental,CA,A,95814,68.94,N,Basic,Frame,Shingle,1252,2,42,1,44,0,B,Independent,2316.82,2020.22,162.18,278.02,176.26,359613,0.0,0,0.893,1.0,12,1,0,0,0.0699,New,0.0,1,1,Middle,359613,1000,4,0,Debit Card,1,Online Search,7,499532,68521,697,1,1,12,2316.82,193.06833333333336,0.0,0.0,0.08333333333333333,1.0,2316.82,1.7315281792791266,new,0.0,115.84,0.1,5,0.8697464637317041,1760.7800000000004,4595.692568236693,4595.692568236693,1760.7800000000004,4595.692568236693,0
501489,CUST001489,2021,2021-02-27,2021-04-30,Rental,CA,B,94105,53.88,Y,Basic,Frame,Shingle,1204,1,23,1,44,0,B,Independent,2086.97,2024.75,146.09,250.44,165.91,416209,0.0,0,0.987,1.0,12,0,1,0,0.1002,New,0.0,1,1,Upper Middle,416209,1000,4,0,Credit Card,3,Agent Referral,7,513529,98412,720,1,3,12,2086.97,173.91416666666666,0.0,0.0,0.08333333333333333,1.0,2086.97,0.9612369599256232,new,0.0,104.35,0.1,5,0.8353094938506797,1586.09,3741.4843170651475,3741.4843170651475,1586.09,3741.4843170651475,0
501490,CUST001490,2021,2021-05-18,2021-10-31,Rental,TX,D,73301,37.82,Y,Premium,Mixed,Shingle,2016,1,14,0,64,0,A,Broker,1179.41,1136.52,82.56,176.91,125.07,313060,0.0,0,0.958,1.0,12,0,1,0,0.084,New,0.0,1,1,Upper Middle,313060,1000,5,0,Credit Card,2,Social Media,2,266810,140539,800,1,2,12,1179.41,98.28416666666668,0.0,0.0,0.08333333333333333,1.0,1179.41,1.3463825696023748,new,0.0,58.97,0.1,5,0.9292624617163616,860.9700000000001,2669.782877096224,2669.782877096224,860.9700000000001,2669.782877096224,0
501491,CUST001491,2021,2021-12-16,2022-03-31,Rental,CA,A,92101,66.65,N,Basic,Frame,Shingle,1670,2,36,1,48,0,B,Independent,2657.9,2207.07,186.05,318.95,191.61,445334,0.0,0,0.832,1.0,12,0,0,0,0.0757,New,0.0,0,1,Middle,445334,2000,5,0,Credit Card,2,Online Search,7,646450,79395,696,1,2,12,2657.9,221.49166666666667,0.0,0.0,0.0,1.0,2657.9,-0.4175190593025818,new,0.0,132.9,0.1,5,0.5785435140950093,2020.0,2150.946000472056,2150.946000472056,2020.0,2150.946000472056,0
501492,CUST001492,2021,2021-01-01,2021-03-31,Home,CA,D,90001,45.13,N,Basic,Mixed,Shingle,1515,1,41,0,60,2,C,Broker,2492.92,2618.02,174.5,373.94,184.18,409615,0.0,0,1.05,1.0,12,0,1,1,0.0908,New,0.0,1,1,Middle,409615,500,4,0,Debit Card,5,Email Campaign,4,618776,53977,637,1,5,12,2492.92,207.74333333333334,0.0,0.0,0.08333333333333333,1.0,2492.92,0.19094574057211977,new,0.0,124.65,0.1,5,0.7797733239566097,1819.83,3638.13912602127,3638.13912602127,1819.83,3638.13912602127,0
501493,CUST001493,2021,2021-01-13,2021-03-31,Condo,WA,D,98501,6.0,Y,Basic,Masonry,Metal,1301,1,22,0,52,0,B,Broker,674.03,695.19,47.18,101.1,102.33,317810,0.0,0,1.041,1.0,12,0,1,0,0.1167,New,0.0,0,1,Upper Middle,317810,5000,4,0,Auto Debit,0,Agent Referral,7,409375,93477,684,1,0,12,674.03,56.16916666666666,0.0,0.0,0.0,1.0,674.03,0.3527721600509216,new,0.0,33.7,0.1,5,0.5027018248958092,492.05,405.86719167260406,405.86719167260406,492.05,405.86719167260406,0
501494,CUST001494,2021,2021-06-13,2022-04-30,Home,CA,C,92101,60.78,Y,Basic,Frame,Tile,1814,3,45,1,40,0,C,Online,3352.43,3332.29,234.67,67.05,222.86,560313,93242.26,1,1.015,1.0,12,1,0,0,0.1061,New,91402.26,1,1,Upper Middle,560313,2000,4,1,Bank Transfer,3,Online Search,7,705181,120155,629,1,3,12,3352.43,279.3691666666667,0.08333333333333333,0.08333333333333333,0.08333333333333333,1.0,3352.43,-0.43289550144313826,new,91402.26,167.62,0.1,5,0.6260914900074949,-88519.17,-109959.08211821673,-109959.08211821673,-88519.17,-109959.08211821673,0
501495,CUST001495,2021,2021-03-20,2021-08-31,Rental,CA,D,90001,52.99,Y,Standard,Frame,Tile,1618,2,43,1,44,1,C,Independent,3956.75,3665.62,276.97,474.81,250.05,619582,70068.42,2,0.908,1.0,12,0,0,0,0.0877,New,66388.42,0,1,Upper Middle,619582,2000,3,0,Debit Card,1,Online Search,14,641496,100917,668,1,1,12,3956.75,329.7291666666667,0.16666666666666666,0.0,0.0,1.0,3956.75,-0.03237344962583011,new,66388.42,197.84,0.1,5,0.35,-63381.28999999999,-29481.475912259542,-29481.475912259542,-63381.28999999999,-29481.475912259542,0
501496,CUST001496,2021,2021-02-10,2021-02-28,Condo,CA,A,94105,65.31,Y,Basic,Frame,Shingle,1447,1,20,0,50,0,B,Online,2634.39,2528.99,184.41,52.69,190.55,467704,26673.12,1,0.468,0.5,6,0,0,1,0.0721,New,25753.12,0,1,Upper Middle,467704,1000,3,1,Credit Card,9,Agent Referral,3,572337,126016,729,1,9,6,2634.39,439.065,0.16666666666666666,0.16666666666666666,0.0,1.0,2634.39,-9.024608298868555,new,25753.12,131.72,0.1,5,0.3525390740106591,-23487.55,-11040.418878644561,-11040.418878644561,-23487.55,-11040.418878644561,0
501497,CUST001497,2021,2021-03-16,2021-11-30,Home,NY,B,14604,29.98,Y,Premium,Masonry,Shingle,2788,3,20,0,45,0,A,Independent,4347.02,4459.27,304.29,521.64,267.62,1381180,0.0,0,1.018,1.0,12,0,0,0,0.0526,New,0.0,1,1,Low,1381180,500,4,0,Bank Transfer,1,Agent Referral,9,1256422,49179,737,1,1,12,4347.02,362.2516666666667,0.0,0.0,0.08333333333333333,1.0,4347.02,1.7315281792791266,new,0.0,217.35,0.1,5,0.8114493649193099,3303.7400000000007,7261.132361067779,7261.132361067779,3303.7400000000007,7261.132361067779,1
501498,CUST001498,2021,2021-09-12,2021-12-31,Home,FL,D,33101,41.34,Y,Standard,Masonry,Tile,2981,2,55,0,51,0,B,Independent,3995.21,3887.97,339.59,479.43,251.78,630004,24063.97,2,0.97,1.0,12,1,0,0,0.056,New,21303.97,1,1,Upper Middle,630004,1500,3,0,Credit Card,2,Agent Referral,11,674250,105863,708,1,2,12,3995.21,332.93416666666667,0.16666666666666666,0.0,0.08333333333333333,1.0,3995.21,1.3463825696023748,new,21303.97,199.76,0.1,5,0.49396822206820123,-18327.54,-14665.730555722903,-14665.730555722903,-18327.54,-14665.730555722903,0
501499,CUST001499,2021,2021-04-03,2021-06-30,Condo,CA,C,92101,50.28,Y,Premium,Masonry,Metal,1532,1,37,1,54,0,C,Independent,2948.1,2909.1,206.37,353.77,204.66,542823,0.0,0,0.992,1.0,12,0,0,0,0.073,New,0.0,1,1,Low,542823,2000,4,0,Auto Debit,0,Email Campaign,7,496768,47077,667,1,0,12,2948.1,245.67499999999998,0.0,0.0,0.08333333333333333,1.0,2948.1,2.1166737889558784,new,0.0,147.4,0.1,5,0.8172385425574256,2240.56,5009.906906327515,5009.906906327515,2240.56,5009.906906327515,0
501500,CUST001500,2021,2021-08-16,2021-11-30,Condo,FL,A,33601,41.58,N,Standard,Mixed,Metal,1420,1,6,1,41,0,C,Direct,1712.69,1731.11,145.58,51.38,149.07,293345,24516.79,1,0.999,1.0,12,1,1,0,0.1236,New,23596.79,1,1,Low,293345,1000,3,1,Debit Card,1,Aggregator,4,345524,47162,661,1,1,12,1712.69,142.72416666666666,0.08333333333333333,0.08333333333333333,0.08333333333333333,1.0,1712.69,0.33739571791036516,new,23596.79,85.63,0.1,5,0.6301576896836265,-22166.690000000006,-27895.865344763963,-27895.865344763963,-22166.690000000006,-27895.865344763963,0
501501,CUST001501,2021,2021-01-12,2021-08-31,Home,FL,B,33301,62.14,Y,Premium,Frame,Metal,1398,1,38,0,56,0,B,Independent,2006.06,1863.85,170.51,240.73,162.27,314617,17889.51,2,0.952,1.0,12,0,0,1,0.0726,New,14209.51,0,1,Upper Middle,314617,2000,3,1,Debit Card,5,Social Media,10,281940,104709,695,1,5,12,2006.06,167.17166666666665,0.16666666666666666,0.08333333333333333,0.0,1.0,2006.06,-2.9670883497015983,new,14209.51,100.3,0.1,5,0.35,-12714.99,-5914.311169899207,-5914.311169899207,-12714.99,-5914.311169899207,0
501502,CUST001502,2021,2021-07-05,2021-07-31,Home,NY,D,11201,24.43,N,Standard,Mixed,Metal,2247,2,39,1,26,0,A,Independent,2376.94,2514.57,166.39,285.23,178.96,924446,0.0,0,0.528,0.5,6,1,1,0,0.0942,New,0.0,0,1,High,924446,1000,4,1,Bank Transfer,3,Partner Referral,10,1127892,180604,749,1,3,6,2376.94,396.1566666666667,0.0,0.16666666666666666,0.0,1.0,2376.94,-6.713734640808045,new,0.0,118.85,0.1,5,0.7901898186612708,1806.4700000000003,3726.138268004248,3726.138268004248,1806.4700000000003,3726.138268004248,0
501503,CUST001503,2021,2021-03-09,2021-10-31,Rental,CA,A,95814,60.29,N,Standard,Masonry,Shingle,2399,1,38,1,31,0,C,Broker,4655.51,4219.69,325.89,698.33,281.5,714599,86271.21,2,0.925,1.0,12,0,0,0,0.0693,New,83511.21,1,1,Low,714599,1500,3,1,Auto Debit,2,Online Search,2,859897,39915,643,1,2,12,4655.51,387.9591666666667,0.16666666666666666,0.08333333333333333,0.08333333333333333,1.0,4655.51,-0.047749891766386554,new,83511.21,232.78,0.1,5,0.35,-80112.70000000001,-37264.00386164553,-37264.00386164553,-80112.70000000001,-37264.00386164553,0
501504,CUST001504,2021,2021-06-01,2021-12-31,Rental,FL,C,32801,54.35,N,Standard,Masonry,Tile,1429,2,11,1,40,0,B,Direct,1851.36,1850.32,157.37,55.54,155.31,299301,21534.4,1,0.989,1.0,12,1,0,0,0.0842,New,20154.4,1,1,Middle,299301,1500,3,2,Bank Transfer,4,Partner Referral,2,332962,65167,680,1,4,12,1851.36,154.28,0.08333333333333333,0.16666666666666666,0.08333333333333333,1.0,1851.36,-2.212173572488651,new,20154.4,92.57,0.1,5,0.5768438718382078,-18608.52,-19704.473682784563,-19704.473682784563,-18608.52,-19704.473682784563,0
501505,CUST001505,2021,2021-07-16,2022-03-31,Condo,WA,A,99201,48.82,N,Standard,Mixed,Shingle,1656,1,41,1,32,0,C,Independent,1959.48,1969.71,137.16,235.14,160.18,435035,0.0,0,1.011,1.0,12,1,0,0,0.0434,New,0.0,1,1,Middle,435035,500,4,0,Auto Debit,1,Online Search,10,524140,74135,676,1,1,12,1959.48,163.29,0.0,0.0,0.08333333333333333,1.0,1959.48,1.7315281792791266,new,0.0,97.97,0.1,5,0.7873919870133329,1489.2099999999998,3046.080361308513,3046.080361308513,1489.2099999999998,3046.080361308513,0
501506,CUST001506,2021,2021-08-01,2022-01-31,Home,WA,B,98101,30.93,N,Basic,Frame,Shingle,1961,2,27,1,23,0,A,Online,1209.98,1196.85,84.7,24.2,126.45,417268,0.0,0,0.979,1.0,12,1,0,0,0.0793,New,0.0,1,1,Middle,417268,1500,4,0,Auto Debit,0,Email Campaign,9,601713,67008,755,1,0,12,1209.98,100.83166666666666,0.0,0.0,0.08333333333333333,1.0,1209.98,2.1166737889558784,new,0.0,60.5,0.1,5,0.7128806889869684,1040.58,1697.1667153609033,1697.1667153609033,1040.58,1697.1667153609033,0
501507,CUST001507,2021,2021-01-03,2021-04-30,Rental,CA,D,95814,38.63,Y,Standard,Frame,Metal,1878,1,26,1,24,0,B,Independent,3066.55,3006.93,214.66,367.99,209.99,698212,0.0,0,0.98,1.0,12,0,1,0,0.0968,New,0.0,1,1,Middle,698212,500,4,0,Bank Transfer,5,Online Search,7,703971,67050,715,1,5,12,3066.55,255.54583333333335,0.0,0.0,0.08333333333333333,1.0,3066.55,0.19094574057211977,new,0.0,153.33,0.1,5,0.8087029169430737,2330.5700000000006,5080.538183144665,5080.538183144665,2330.5700000000006,5080.538183144665,0
501508,CUST001508,2021,2021-05-13,2021-08-31,Home,FL,D,32801,34.14,Y,Basic,Masonry,Metal,1907,2,20,1,40,0,C,Online,2371.41,2467.16,201.57,47.43,178.71,376837,0.0,0,1.05,1.0,12,0,0,0,0.1103,New,0.0,1,1,Middle,376837,2000,4,1,Bank Transfer,3,Social Media,4,473744,73623,668,1,3,12,2371.41,197.61749999999998,0.0,0.08333333333333333,0.08333333333333333,1.0,2371.41,-0.43289550144313826,new,0.0,118.57,0.1,5,0.8307435187556864,2003.84,4663.574787261951,4663.574787261951,2003.84,4663.574787261951,0
501509,CUST001509,2021,2021-01-09,2021-01-31,Rental,TX,C,77001,47.49,Y,Basic,Mixed,Metal,1476,1,9,1,43,0,B,Independent,667.94,661.57,46.76,80.15,102.06,179296,0.0,0,0.988,1.0,12,0,0,0,0.0959,New,0.0,1,1,Middle,179296,2000,5,0,Bank Transfer,1,Email Campaign,4,226101,55553,720,1,1,12,667.94,55.66166666666667,0.0,0.0,0.08333333333333333,1.0,667.94,1.7315281792791266,new,0.0,33.4,0.1,5,0.8442800934047835,507.6300000000001,1229.5669474899446,1229.5669474899446,507.6300000000001,1229.5669474899446,0
501510,CUST001510,2021,2021-01-06,2021-07-31,Rental,CA,B,92101,50.97,Y,Basic,Frame,Metal,1761,2,23,1,23,0,C,Direct,2716.79,2739.16,190.18,81.5,194.26,494067,12835.56,1,0.994,1.0,12,0,1,0,0.1309,New,10995.56,1,1,Upper Middle,494067,2000,3,2,Credit Card,2,Online Search,7,677643,93023,656,1,2,12,2716.79,226.39916666666667,0.08333333333333333,0.16666666666666666,0.08333333333333333,1.0,2716.79,-1.441882353135148,new,10995.56,135.84,0.1,5,0.5271056811243079,-8686.29,-7790.115871597342,-7790.115871597342,-8686.29,-7790.115871597342,0
501511,CUST001511,2021,2021-04-05,2021-09-30,Home,FL,C,33101,42.09,Y,Basic,Masonry,Shingle,1986,2,25,1,44,2,D,Independent,3670.04,3575.9,311.95,440.4,237.15,435096,0.0,0,0.992,1.0,12,0,1,1,0.114,New,0.0,0,1,Low,435096,2000,4,0,Debit Card,4,Partner Referral,8,511609,43573,574,1,4,12,3670.04,305.83666666666664,0.0,0.0,0.0,1.0,3670.04,-1.1878102786560851,new,0.0,183.5,0.1,5,0.6429518871585179,2734.19,3583.912255320044,3583.912255320044,2734.19,3583.912255320044,0
501512,CUST001512,2021,2021-02-17,2021-11-30,Condo,NY,B,14604,27.88,N,Standard,Mixed,Tile,1682,1,30,0,66,0,D,Online,2952.03,2834.3,206.64,59.04,204.84,629281,0.0,0,0.967,1.0,12,0,0,1,0.0622,New,0.0,1,1,Middle,629281,500,4,0,Credit Card,6,Online Search,1,755831,57385,591,1,6,12,2952.03,246.00250000000003,0.0,0.0,0.08333333333333333,1.0,2952.03,-0.19419986910463183,new,0.0,147.6,0.1,5,0.8094954754701897,2538.7500000000005,5547.439061590302,5547.439061590302,2538.7500000000005,5547.439061590302,1
501513,CUST001513,2021,2021-01-01,2021-01-31,Condo,TX,C,77001,29.84,N,Standard,Masonry,Metal,1157,1,23,0,59,1,B,Direct,459.1,439.64,32.14,13.77,92.66,134061,0.0,0,0.943,1.0,12,0,0,0,0.0959,New,0.0,1,1,Middle,134061,5000,5,0,Credit Card,0,Online Search,6,165037,51435,684,1,0,12,459.1,38.25833333333333,0.0,0.0,0.08333333333333333,1.0,459.1,2.1166737889558784,new,0.0,22.96,0.1,5,0.9306988852718308,390.2300000000001,1215.0619671461238,1215.0619671461238,390.2300000000001,1215.0619671461238,0
501514,CUST001514,2021,2021-05-01,2021-08-31,Home,NY,A,12207,31.65,Y,Standard,Mixed,Metal,1201,1,23,1,56,0,B,Direct,1974.79,1798.52,138.24,59.24,160.87,634492,0.0,0,0.902,1.0,12,0,1,0,0.1196,New,0.0,1,1,Upper Middle,634492,500,5,0,Auto Debit,1,Aggregator,8,673375,148878,691,1,1,12,1974.79,164.56583333333333,0.0,0.0,0.08333333333333333,1.0,1974.79,1.7315281792791266,new,0.0,98.74,0.1,5,0.8838894745826512,1678.57,4565.54286829519,4565.54286829519,1678.57,4565.54286829519,0
501515,CUST001515,2021,2021-02-15,2021-07-31,Home,WA,D,98101,24.49,N,Standard,Masonry,Shingle,2630,2,27,1,23,1,B,Broker,2445.63,2504.51,171.19,366.84,182.05,731978,0.0,0,1.005,1.0,12,0,1,0,0.1372,New,0.0,1,1,Middle,731978,2000,4,0,Auto Debit,0,Online Search,8,898406,56025,696,1,0,12,2445.63,203.8025,0.0,0.0,0.08333333333333333,1.0,2445.63,2.1166737889558784,new,0.0,122.28,0.1,5,0.7631797529266058,1785.3200000000002,3394.941372600455,3394.941372600455,1785.3200000000002,3394.941372600455,0
501516,CUST001516,2021,2021-04-22,2022-02-28,Home,NY,C,12207,25.65,Y,Basic,Masonry,Tile,2479,2,27,0,34,0,A,Independent,2388.03,2407.01,167.16,286.56,179.46,939329,0.0,0,1.014,1.0,12,0,1,0,0.1345,New,0.0,1,1,Upper Middle,939329,2000,5,0,Auto Debit,1,Aggregator,9,1148413,134470,785,1,1,12,2388.03,199.00250000000003,0.0,0.0,0.08333333333333333,1.0,2388.03,1.7315281792791266,new,0.0,119.4,0.1,5,0.9211931666120617,1814.9100000000003,5498.877497867241,5498.877497867241,1814.9100000000003,5498.877497867241,1
501517,CUST001517,2021,2021-11-01,2022-08-31,Rental,FL,C,32801,61.29,Y,Basic,Mixed,Tile,1172,1,32,1,51,0,C,Online,1668.06,1526.09,141.78,33.36,147.06,214099,0.0,0,0.921,1.0,12,0,0,0,0.0833,New,0.0,1,1,Middle,214099,1000,4,0,Credit Card,1,Agent Referral,5,269121,57315,620,1,1,12,1668.06,139.005,0.0,0.0,0.08333333333333333,1.0,1668.06,1.7315281792791266,new,0.0,83.4,0.1,5,0.7108850351997841,1409.52,2284.805577363998,2284.805577363998,1409.52,2284.805577363998,0
501518,CUST001518,2021,2021-03-17,2021-11-30,Rental,TX,C,77001,42.61,N,Premium,Masonry,Shingle,1578,1,40,0,61,1,B,Direct,1058.53,972.74,74.1,31.76,119.63,233843,0.0,0,0.926,1.0,12,0,0,0,0.0675,New,0.0,1,1,Upper Middle,233843,500,5,0,Credit Card,0,Social Media,4,244431,100587,725,1,0,12,1058.53,88.21083333333333,0.0,0.0,0.08333333333333333,1.0,1058.53,2.1166737889558784,new,0.0,52.93,0.1,5,0.8407448951080467,899.74,2156.742034101472,2156.742034101472,899.74,2156.742034101472,0
501519,CUST001519,2021,2021-09-22,2022-03-31,Home,NY,A,12207,38.21,Y,Standard,Frame,Shingle,2595,2,25,1,48,0,B,Online,4398.86,3819.61,307.92,87.98,269.95,1145271,43322.14,1,0.894,1.0,12,1,1,0,0.1015,New,42402.14,1,1,Middle,1145271,1000,4,2,Credit Card,1,Online Search,1,1180417,59933,683,1,1,12,4398.86,366.57166666666666,0.08333333333333333,0.16666666666666666,0.08333333333333333,1.0,4398.86,-1.056736743458396,new,42402.14,219.94,0.1,5,0.6048171841641208,-38619.12,-44799.08204154831,-44799.08204154831,-38619.12,-44799.08204154831,0
501520,CUST001520,2021,2021-11-02,2021-12-31,Home,WA,A,98501,40.52,Y,Premium,Frame,Shingle,850,1,31,1,50,0,A,Broker,913.87,876.99,63.97,137.08,113.12,274533,19946.84,1,0.948,1.0,12,0,1,0,0.0874,New,19026.84,0,1,Upper Middle,274533,1000,5,0,Auto Debit,0,Aggregator,10,263252,126147,763,1,0,12,913.87,76.15583333333333,0.08333333333333333,0.0,0.0,1.0,913.87,0.3527721600509216,new,19026.84,45.69,0.1,5,0.5287646999989031,-18359.710000000003,-16558.51317643466,-16558.51317643466,-18359.710000000003,-16558.51317643466,0
501521,CUST001521,2021,2021-08-15,2022-01-31,Home,WA,D,98004,32.58,N,Premium,Frame,Tile,1452,1,33,1,47,0,A,Independent,1262.64,1184.29,88.39,151.52,128.82,446459,7561.72,1,0.922,1.0,12,1,1,0,0.089,New,7101.72,1,1,Upper Middle,446459,500,4,2,Credit Card,5,Online Search,8,450975,135649,757,1,5,12,1262.64,105.22000000000001,0.08333333333333333,0.16666666666666666,0.08333333333333333,1.0,1262.64,-2.597319182165403,new,7101.72,63.13,0.1,5,0.5965989006358314,-6142.120000000001,-6937.63538138777,-6937.63538138777,-6142.120000000001,-6937.63538138777,0
501522,CUST001522,2021,2021-02-22,2021-05-31,Home,WA,B,98004,19.51,Y,Premium,Masonry,Shingle,2053,2,7,0,59,0,B,Independent,2481.5,2188.43,173.7,297.78,183.67,810840,0.0,0,0.898,1.0,12,0,0,0,0.0621,New,0.0,1,1,Upper Middle,810840,1000,4,0,Debit Card,3,Social Media,12,705182,96516,724,1,3,12,2481.5,206.79166666666666,0.0,0.0,0.08333333333333333,1.0,2481.5,0.9612369599256232,new,0.0,124.08,0.1,5,0.7718064658154128,1885.9400000000003,3680.9319024836736,3680.9319024836736,1885.9400000000003,3680.9319024836736,0
501523,CUST001523,2021,2021-07-16,2022-02-28,Home,NY,D,10001,36.93,Y,Standard,Frame,Metal,2592,1,48,1,49,0,B,Direct,3637.18,3544.29,254.6,109.12,235.67,1118749,0.0,0,0.984,1.0,12,1,1,1,0.1449,New,0.0,1,1,Middle,1118749,2500,5,0,Auto Debit,2,Partner Referral,6,1175866,54257,694,1,2,12,3637.18,303.0983333333333,0.0,0.0,0.08333333333333333,1.0,3637.18,1.3463825696023748,new,0.0,181.86,0.1,5,0.7619830471595771,3091.6,5857.703451491845,5857.703451491845,3091.6,5857.703451491845,1
501524,CUST001524,2021,2021-06-24,2021-11-30,Home,CA,B,90001,52.93,N,Basic,Mixed,Shingle,1938,2,57,1,46,0,C,Online,2871.98,2803.22,201.04,57.44,201.24,496377,50599.44,1,0.986,1.0,12,1,1,0,0.1176,New,49679.44,0,1,Middle,496377,1000,3,0,Debit Card,3,Aggregator,5,701590,75918,660,1,3,12,2871.98,239.33166666666668,0.08333333333333333,0.0,0.0,1.0,2871.98,-0.8026646689793335,new,49679.44,143.6,0.1,5,0.4959050473156136,-47209.54,-38032.8922681911,-38032.8922681911,-47209.54,-38032.8922681911,0
501525,CUST001525,2021,2021-01-20,2021-04-30,Home,TX,A,79901,38.47,Y,Standard,Masonry,Metal,2254,1,37,0,68,1,A,Broker,1063.14,1050.07,74.42,159.47,119.84,325332,0.0,0,0.492,0.5,6,0,1,0,0.0887,New,0.0,1,1,Middle,325332,500,4,1,Bank Transfer,3,Agent Referral,9,327631,79509,745,1,3,6,1063.14,177.19000000000003,0.0,0.16666666666666666,0.16666666666666666,1.0,1063.14,-3.185931382998132,new,0.0,53.16,0.1,5,0.7708029258742409,776.0900000000001,1510.1761775306127,1510.1761775306127,776.0900000000001,1510.1761775306127,0
501526,CUST001526,2021,2021-06-23,2021-11-30,Home,CA,A,94105,60.73,N,Standard,Frame,Tile,1619,2,33,1,49,0,D,Online,3691.37,3568.02,258.4,73.83,238.11,601375,0.0,0,0.956,1.0,12,1,1,0,0.1024,New,0.0,1,1,Middle,601375,500,5,0,Auto Debit,1,Email Campaign,6,686379,56569,575,1,1,12,3691.37,307.6141666666667,0.0,0.0,0.08333333333333333,1.0,3691.37,1.7315281792791266,new,0.0,184.57,0.1,5,0.7964795030659941,3174.5699999999997,6672.521178748675,6672.521178748675,3174.5699999999997,6672.521178748675,1
501527,CUST001527,2021,2021-05-11,2022-01-31,Home,FL,D,33101,42.09,Y,Standard,Masonry,Metal,1654,2,38,0,38,1,B,Independent,2045.05,2065.77,173.83,245.41,164.03,349522,39512.72,2,1.018,1.0,12,0,1,0,0.0905,New,38592.72,1,1,Middle,349522,500,4,1,Auto Debit,0,Social Media,5,368950,74490,682,1,0,12,2045.05,170.42083333333332,0.16666666666666666,0.08333333333333333,0.08333333333333333,1.0,2045.05,0.722541327587117,new,38592.72,102.25,0.1,5,0.49003637340443007,-37069.16,-29258.31751948438,-29258.31751948438,-37069.16,-29258.31751948438,0
501528,CUST001528,2021,2021-06-10,2021-08-31,Home,TX,B,77001,39.52,Y,Basic,Mixed,Shingle,2741,1,35,1,49,0,B,Independent,1413.73,1429.27,98.96,169.65,135.62,342928,0.0,0,1.05,1.0,12,1,0,0,0.0536,New,0.0,0,1,Upper Middle,342928,500,4,0,Debit Card,0,Online Search,11,408867,113367,726,1,0,12,1413.73,117.81083333333333,0.0,0.0,0.0,1.0,1413.73,0.3527721600509216,new,0.0,70.69,0.1,5,0.6394445519697487,1074.4299999999998,1392.7342637672498,1392.7342637672498,1074.4299999999998,1392.7342637672498,0
501529,CUST001529,2021,2021-05-22,2022-01-31,Condo,CA,D,94105,44.92,Y,Premium,Mixed,Metal,1389,1,44,1,50,0,D,Online,3653.53,3542.37,255.75,73.07,236.41,575872,18921.67,1,0.972,1.0,12,0,0,1,0.096,New,17081.67,1,1,Low,575872,2000,3,0,Auto Debit,7,Social Media,4,506097,43582,527,1,7,12,3653.53,304.46083333333337,0.08333333333333333,0.0,0.08333333333333333,1.0,3653.53,-0.5793454787813836,new,17081.67,182.68,0.1,5,0.5296761769877754,-13939.639999999998,-12611.003238941985,-12611.003238941985,-13939.639999999998,-12611.003238941985,0
501530,CUST001530,2021,2021-10-01,2021-11-30,Home,FL,A,32801,61.51,Y,Basic,Frame,Tile,1991,2,14,1,33,2,D,Direct,3279.33,3282.12,278.74,98.38,219.57,360297,0.0,0,0.968,1.0,12,0,1,1,0.127,New,0.0,1,1,Middle,360297,1000,4,0,Credit Card,3,Online Search,8,447900,50190,581,1,3,12,3279.33,273.2775,0.0,0.0,0.08333333333333333,1.0,3279.33,0.9612369599256232,new,0.0,163.97,0.1,5,0.7733843761643749,2738.2400000000002,5369.91200856388,5369.91200856388,2738.2400000000002,5369.91200856388,1
501531,CUST001531,2021,2021-12-27,2022-09-30,Home,CA,D,90001,37.92,N,Premium,Mixed,Tile,2752,1,22,0,67,0,A,Independent,4391.63,4262.11,307.41,527.0,269.62,1128849,0.0,0,0.995,1.0,12,0,0,0,0.0418,New,0.0,0,1,Upper Middle,1128849,1000,4,0,Bank Transfer,2,Agent Referral,5,1232922,133028,820,1,2,12,4391.63,365.9691666666667,0.0,0.0,0.0,1.0,4391.63,-0.4175190593025818,new,0.0,219.58,0.1,5,0.5191779944679223,3337.6400000000003,2913.53196235685,2913.53196235685,3337.6400000000003,2913.53196235685,0
501532,CUST001532,2021,2021-03-12,2021-04-30,Condo,TX,C,73301,30.91,N,Premium,Masonry,Tile,1721,1,12,1,44,2,B,Independent,732.97,736.09,51.31,87.96,104.98,223664,0.0,0,0.994,1.0,12,0,1,0,0.1203,New,0.0,0,1,Upper Middle,223664,2500,4,0,Auto Debit,0,Agent Referral,1,243828,143044,699,1,0,12,732.97,61.08083333333334,0.0,0.0,0.0,1.0,732.97,0.3527721600509216,new,0.0,36.65,0.1,5,0.6420154531588153,557.0500000000001,728.0006827009464,728.0006827009464,557.0500000000001,728.0006827009464,0
501533,CUST001533,2021,2021-09-10,2022-02-28,Home,TX,B,78701,28.45,Y,Standard,Masonry,Tile,1980,3,39,1,59,0,C,Independent,1150.59,1104.16,80.54,138.07,123.78,277847,0.0,0,0.968,1.0,12,1,0,0,0.0995,New,0.0,0,1,Middle,277847,2500,4,0,Auto Debit,1,Agent Referral,7,290695,65194,652,1,1,12,1150.59,95.8825,0.0,0.0,0.0,1.0,1150.59,-0.03237344962583011,new,0.0,57.53,0.1,5,0.723521931662151,874.45,1473.641601551303,1473.641601551303,874.45,1473.641601551303,0
501534,CUST001534,2021,2021-02-13,2021-06-30,Home,CA,D,92101,30.69,N,Standard,Masonry,Tile,1219,2,11,1,48,0,C,Online,1719.2,1629.57,120.34,34.38,149.36,410677,0.0,0,0.462,0.5,6,0,0,0,0.1108,New,0.0,1,1,Middle,410677,2000,4,0,Auto Debit,0,Email Campaign,7,489011,65372,637,1,0,6,1719.2,286.53333333333336,0.0,0.0,0.16666666666666666,1.0,1719.2,0.7577703687696461,new,0.0,85.96,0.1,5,0.7644067626786158,1478.52,2821.9847830126178,2821.9847830126178,1478.52,2821.9847830126178,0
501535,CUST001535,2021,2021-02-23,2021-10-31,Condo,WA,C,99201,29.94,Y,Standard,Frame,Metal,1281,1,13,0,50,0,B,Online,1060.14,1000.11,74.21,21.2,119.71,373369,0.0,0,0.965,1.0,12,0,1,0,0.1477,New,0.0,1,1,High,373369,2000,5,0,Credit Card,0,Aggregator,2,379956,163621,691,1,0,12,1060.14,88.34500000000001,0.0,0.0,0.08333333333333333,1.0,1060.14,2.1166737889558784,new,0.0,53.01,0.1,5,0.8748843025113345,911.72,2415.580623299014,2415.580623299014,911.72,2415.580623299014,0
501536,CUST001536,2021,2021-11-20,2022-04-30,Home,FL,A,33101,58.36,Y,Premium,Masonry,Shingle,1729,2,10,1,43,1,C,Independent,3784.01,3580.4,321.64,454.08,242.28,452137,32247.07,1,0.959,1.0,12,0,0,0,0.0577,New,31327.07,0,1,Low,452137,1000,4,1,Debit Card,5,Partner Referral,8,399221,26370,639,1,5,12,3784.01,315.3341666666667,0.08333333333333333,0.08333333333333333,0.0,1.0,3784.01,-2.9670883497015983,new,31327.07,189.2,0.1,5,0.450153184559512,-28507.98,-19521.01709129277,-19521.01709129277,-28507.98,-19521.01709129277,0
501537,CUST001537,2021,2021-08-08,2022-02-28,Home,CA,A,90001,51.88,N,Premium,Frame,Metal,2599,1,54,0,23,0,A,Independent,4860.27,4648.7,340.22,583.23,290.71,1072266,0.0,0,0.962,1.0,12,1,0,0,0.0603,New,0.0,1,1,Upper Middle,1072266,1000,4,0,Auto Debit,0,Partner Referral,7,1124702,147196,794,1,0,12,4860.27,405.02250000000004,0.0,0.0,0.08333333333333333,1.0,4860.27,2.1166737889558784,new,0.0,243.01,0.1,5,0.8715644323690189,3693.8100000000004,9692.293755465962,9692.293755465962,3693.8100000000004,9692.293755465962,1
501538,CUST001538,2021,2021-10-27,2022-03-31,Home,NY,C,11201,40.49,Y,Basic,Frame,Metal,1454,1,35,0,74,0,B,Online,1951.09,1756.49,136.58,39.02,159.8,564220,0.0,0,0.914,1.0,12,0,0,0,0.0791,New,0.0,0,1,Upper Middle,564220,1000,4,0,Auto Debit,1,Online Search,1,680018,141713,722,1,1,12,1951.09,162.59083333333334,0.0,0.0,0.0,1.0,1951.09,-0.03237344962583011,new,0.0,97.55,0.1,5,0.8138856130240956,1677.94,3714.686239259858,3714.686239259858,1677.94,3714.686239259858,0
501539,CUST001539,2021,2021-06-20,2022-01-31,Condo,WA,A,98101,40.34,Y,Premium,Frame,Tile,1036,1,29,0,56,0,C,Direct,1300.13,1205.5,91.01,39.0,130.51,319892,0.0,0,0.928,1.0,12,1,0,0,0.0735,New,0.0,1,1,Upper Middle,319892,1000,4,0,Bank Transfer,1,Online Search,1,284673,111039,671,1,1,12,1300.13,108.34416666666668,0.0,0.0,0.08333333333333333,1.0,1300.13,1.7315281792791266,new,0.0,65.01,0.1,5,0.7955481778527661,1105.1100000000001,2316.3323774731066,2316.3323774731066,1105.1100000000001,2316.3323774731066,0
501540,CUST001540,2021,2021-08-21,2022-05-31,Home,TX,A,77001,34.48,N,Premium,Masonry,Metal,1782,1,37,0,50,0,B,Direct,895.01,923.09,62.65,26.85,112.28,258009,0.0,0,1.023,1.0,12,1,1,0,0.1178,New,0.0,1,1,Upper Middle,258009,1000,4,0,Bank Transfer,1,Social Media,1,279307,93287,721,1,1,12,895.01,74.58416666666666,0.0,0.0,0.08333333333333333,1.0,895.01,1.7315281792791266,new,0.0,44.75,0.1,5,0.7228778555984781,760.76,1279.5175556631343,1279.5175556631343,760.76,1279.5175556631343,0
501541,CUST001541,2021,2021-11-01,2021-11-30,Home,WA,D,98501,19.78,N,Standard,Masonry,Tile,1972,1,31,1,23,0,D,Direct,2197.98,2295.59,153.86,65.94,170.91,497665,0.0,0,1.024,1.0,12,0,0,0,0.0713,New,0.0,1,1,Middle,497665,1000,4,0,Credit Card,5,Partner Referral,5,613378,61941,543,1,5,12,2197.98,183.165,0.0,0.0,0.08333333333333333,1.0,2197.98,0.19094574057211977,new,0.0,109.9,0.1,5,0.8302467069539727,1868.2799999999997,4341.6991354633865,4341.6991354633865,1868.2799999999997,4341.6991354633865,0
501542,CUST001542,2021,2021-11-21,2022-01-31,Rental,TX,A,73301,50.16,Y,Standard,Mixed,Shingle,1608,1,37,1,56,1,C,Direct,1279.64,1171.76,89.57,38.39,129.58,235395,0.0,0,0.909,1.0,12,0,0,0,0.1077,New,0.0,1,1,Upper Middle,235395,5000,3,0,Auto Debit,0,Agent Referral,7,234302,115595,677,1,0,12,1279.64,106.63666666666667,0.0,0.0,0.08333333333333333,1.0,1279.64,2.1166737889558784,new,0.0,63.98,0.1,5,0.6978136400602426,1087.7,1693.3245584724611,1693.3245584724611,1087.7,1693.3245584724611,0
501543,CUST001543,2021,2021-02-07,2021-02-28,Home,WA,C,98501,29.76,N,Standard,Mixed,Shingle,2327,2,0,0,46,0,A,Independent,2142.14,1939.88,149.95,257.06,168.4,702306,0.0,0,0.906,1.0,12,0,0,0,0.0454,New,0.0,0,1,Upper Middle,702306,500,4,0,Auto Debit,0,Online Search,5,841292,126229,746,1,0,12,2142.14,178.51166666666666,0.0,0.0,0.0,1.0,2142.14,0.3527721600509216,new,0.0,107.11,0.1,5,0.6355854515801674,1628.02,2084.57091129284,2084.57091129284,1628.02,2084.57091129284,0
501544,CUST001544,2021,2021-02-03,2021-04-30,Home,NY,B,14604,12.35,N,Standard,Masonry,Metal,2283,1,19,1,36,1,C,Broker,3136.36,3146.8,219.54,470.45,213.14,992700,65653.73,2,1.011,1.0,12,0,1,1,0.1077,New,63813.73,0,1,Upper Middle,992700,1000,3,2,Auto Debit,3,Online Search,4,1182204,96502,632,1,3,12,3136.36,261.36333333333334,0.16666666666666666,0.16666666666666666,0.0,1.0,3136.36,-3.590929591716856,new,63813.73,156.82,0.1,5,0.35,-61524.18,-28617.650898104483,-28617.650898104483,-61524.18,-28617.650898104483,0
501545,CUST001545,2021,2021-02-17,2021-06-30,Home,FL,C,33301,54.23,Y,Premium,Frame,Tile,1936,1,11,1,47,1,C,Direct,4131.58,3869.38,351.18,123.95,257.92,554502,0.0,0,0.916,1.0,12,0,0,0,0.0782,New,0.0,1,1,Middle,554502,500,4,1,Debit Card,1,Online Search,3,471861,70539,627,1,1,12,4131.58,344.29833333333335,0.0,0.08333333333333333,0.08333333333333333,1.0,4131.58,0.33739571791036516,new,0.0,206.58,0.1,5,0.8179855607277784,3449.8700000000003,7731.064382880529,7731.064382880529,3449.8700000000003,7731.064382880529,1
501546,CUST001546,2021,2021-10-21,2022-06-30,Home,FL,C,33601,66.29,N,Standard,Frame,Shingle,1755,1,15,1,68,0,B,Online,2477.74,2236.79,210.61,49.55,183.5,373628,8470.09,1,0.92,1.0,12,0,0,0,0.0926,New,6630.09,0,1,Low,373628,2000,4,0,Auto Debit,1,Partner Referral,5,441873,47837,680,1,1,12,2477.74,206.47833333333332,0.08333333333333333,0.0,0.0,1.0,2477.74,-0.03237344962583011,new,6630.09,123.89,0.1,5,0.4243706574294915,-4536.400000000001,-2825.0149613738836,-2825.0149613738836,-4536.400000000001,-2825.0149613738836,0
501547,CUST001547,2021,2021-11-23,2021-11-30,Home,FL,C,32801,46.72,Y,Standard,Masonry,Tile,1307,3,29,1,48,0,D,Online,2114.79,2099.36,179.76,42.3,167.17,245178,0.0,0,0.992,1.0,12,0,0,0,0.079,New,0.0,1,1,Low,245178,1000,5,0,Debit Card,1,Aggregator,6,249755,45675,587,1,1,12,2114.79,176.2325,0.0,0.0,0.08333333333333333,1.0,2114.79,1.7315281792791266,new,0.0,105.74,0.1,5,0.8405830204501678,1786.99,4281.500879960154,4281.500879960154,1786.99,4281.500879960154,0
501548,CUST001548,2021,2021-12-12,2022-09-30,Home,TX,B,79901,24.47,N,Basic,Masonry,Tile,2945,2,17,1,37,1,C,Broker,1230.95,1279.93,86.17,184.64,127.39,318838,0.0,0,1.046,1.0,12,0,1,0,0.1032,New,0.0,1,1,Middle,318838,1000,4,0,Bank Transfer,2,Agent Referral,8,460420,82498,676,1,2,12,1230.95,102.57916666666667,0.0,0.0,0.08333333333333333,1.0,1230.95,1.3463825696023748,new,0.0,61.55,0.1,5,0.7540914677860847,898.59,1662.3476728602545,1662.3476728602545,898.59,1662.3476728602545,0
501549,CUST001549,2021,2021-06-14,2021-06-30,Condo,WA,C,98501,26.09,Y,Premium,Frame,Tile,1298,1,10,1,43,1,D,Independent,1961.77,2002.46,137.32,235.41,160.28,450786,0.0,0,1.001,1.0,12,1,1,0,0.0945,New,0.0,1,1,Middle,450786,1000,4,0,Auto Debit,0,Agent Referral,7,426358,62938,547,1,0,12,1961.77,163.48083333333332,0.0,0.0,0.08333333333333333,1.0,1961.77,2.1166737889558784,new,0.0,98.09,0.1,5,0.8176852537740408,1490.95,3338.199900845078,3338.199900845078,1490.95,3338.199900845078,0
501550,CUST001550,2021,2021-02-16,2021-06-30,Rental,CA,A,90001,65.13,N,Basic,Mixed,Shingle,1809,1,31,0,34,0,C,Direct,3131.6,2909.53,219.21,93.95,212.92,471844,0.0,0,0.971,1.0,12,0,0,0,0.1061,New,0.0,1,1,Middle,471844,2500,4,1,Auto Debit,1,Aggregator,1,695200,73873,638,1,1,12,3131.6,260.96666666666664,0.0,0.08333333333333333,0.08333333333333333,1.0,3131.6,0.33739571791036516,new,0.0,156.58,0.1,5,0.7412197228027705,2661.86,4735.284182055098,4735.284182055098,2661.86,4735.284182055098,0
501551,CUST001551,2021,2021-07-14,2021-07-31,Home,FL,B,32801,43.98,N,Standard,Mixed,Tile,2169,1,22,1,37,1,D,Direct,4220.05,4179.96,358.7,126.6,261.9,494225,0.0,0,1.004,1.0,12,1,0,1,0.0602,New,0.0,0,1,Middle,494225,1000,4,1,Credit Card,8,Agent Referral,8,596360,57979,615,1,8,12,4220.05,351.67083333333335,0.0,0.08333333333333333,0.0,1.0,4220.05,-4.122525178731854,new,0.0,211.0,0.1,5,0.8100226751010009,3523.7500000000005,7711.864443521675,7711.864443521675,3523.7500000000005,7711.864443521675,1
501552,CUST001552,2021,2021-01-14,2021-03-31,Condo,WA,B,98004,31.17,N,Standard,Mixed,Shingle,1471,1,30,1,43,0,B,Direct,1211.32,1186.7,84.79,36.34,126.51,365715,0.0,0,1.001,1.0,12,0,0,0,0.0785,New,0.0,1,1,Upper Middle,365715,500,4,0,Bank Transfer,0,Agent Referral,2,441572,101561,715,1,0,12,1211.32,100.94333333333333,0.0,0.0,0.08333333333333333,1.0,1211.32,2.1166737889558784,new,0.0,60.57,0.1,5,0.7307700004569252,1029.6200000000001,1774.1016261678678,1774.1016261678678,1029.6200000000001,1774.1016261678678,0
501553,CUST001553,2021,2021-11-12,2022-01-31,Home,TX,B,79901,16.79,N,Premium,Mixed,Tile,1643,2,0,0,47,0,C,Independent,1049.91,1001.07,73.49,125.99,119.25,302448,0.0,0,0.954,1.0,12,0,0,0,0.0706,New,0.0,1,1,Middle,302448,5000,4,0,Bank Transfer,1,Online Search,10,320700,79328,663,1,1,12,1049.91,87.4925,0.0,0.0,0.08333333333333333,1.0,1049.91,1.7315281792791266,new,0.0,52.5,0.1,5,0.7380658451883858,797.9300000000001,1405.880131559431,1405.880131559431,797.9300000000001,1405.880131559431,0
501554,CUST001554,2021,2021-09-09,2022-01-31,Home,FL,C,33301,48.38,Y,Basic,Masonry,Tile,2220,2,35,0,25,0,B,Broker,2947.59,2855.61,250.54,442.14,204.64,470711,0.0,0,0.958,1.0,12,1,1,0,0.1031,New,0.0,0,1,Upper Middle,470711,500,5,0,Bank Transfer,0,Online Search,2,577448,95706,715,1,0,12,2947.59,245.63250000000002,0.0,0.0,0.0,1.0,2947.59,0.3527721600509216,new,0.0,147.38,0.1,5,0.8428151644819486,2107.53,5082.819814907192,5082.819814907192,2107.53,5082.819814907192,0
501555,CUST001555,2021,2021-12-27,2022-07-31,Home,TX,B,79901,30.39,N,Standard,Mixed,Tile,1609,1,26,1,59,0,B,Online,807.04,815.08,56.49,16.14,108.32,224691,0.0,0,1.019,1.0,12,0,0,0,0.0939,New,0.0,1,1,Low,224691,5000,5,1,Auto Debit,0,Social Media,8,276176,38019,682,1,0,12,807.04,67.25333333333333,0.0,0.08333333333333333,0.08333333333333333,1.0,807.04,0.722541327587117,new,0.0,40.35,0.1,5,0.8593692022197578,694.06,1757.3342590421178,1757.3342590421178,694.06,1757.3342590421178,0
501556,CUST001556,2021,2021-01-11,2021-11-30,Rental,NY,C,14604,35.32,Y,Standard,Masonry,Shingle,2577,1,49,0,51,0,A,Online,3730.84,3833.16,261.16,74.62,239.89,1015588,0.0,0,0.998,1.0,12,0,0,0,0.0673,New,0.0,1,1,High,1015588,1000,3,0,Auto Debit,0,Online Search,4,1045870,184446,767,1,0,12,3730.84,310.90333333333336,0.0,0.0,0.08333333333333333,1.0,3730.84,2.1166737889558784,new,0.0,186.54,0.1,5,0.825519250448139,3208.5200000000004,7352.671433428658,7352.671433428658,3208.5200000000004,7352.671433428658,1
501557,CUST001557,2021,2021-09-09,2021-10-31,Home,FL,C,33601,63.44,N,Standard,Mixed,Shingle,2248,2,39,0,55,1,A,Independent,3030.42,2803.03,257.59,363.65,208.37,458883,21455.34,2,0.954,1.0,12,1,0,0,0.0566,New,18695.34,0,1,High,458883,1500,2,0,Auto Debit,1,Agent Referral,13,554351,181073,785,1,1,12,3030.42,252.535,0.16666666666666666,0.0,0.0,1.0,3030.42,-0.03237344962583011,new,18695.34,151.52,0.1,5,0.35,-16437.68,-7645.9009744584,-7645.9009744584,-16437.68,-7645.9009744584,0
501558,CUST001558,2021,2021-11-16,2022-05-31,Home,NY,D,10001,46.05,N,Standard,Frame,Shingle,2213,1,46,1,44,0,C,Independent,4259.1,4345.05,298.14,511.09,263.66,870229,0.0,0,0.998,1.0,12,0,0,1,0.0772,New,0.0,1,1,Middle,870229,5000,4,0,Credit Card,8,Aggregator,5,1034777,61409,671,1,8,12,4259.1,354.925,0.0,0.0,0.08333333333333333,1.0,4259.1,-0.9644910884581352,new,0.0,212.96,0.1,5,0.8061623995014814,3236.9100000000003,7003.105918359924,7003.105918359924,3236.9100000000003,7003.105918359924,1
501559,CUST001559,2021,2021-02-09,2021-06-30,Home,CA,A,95814,49.52,N,Standard,Masonry,Metal,2038,1,18,0,72,1,B,Online,3652.94,3629.91,255.71,73.06,236.38,769608,0.0,0,1.008,1.0,12,0,0,0,0.0617,New,0.0,1,1,Middle,769608,1000,4,0,Bank Transfer,2,Agent Referral,3,913508,66222,723,1,2,12,3652.94,304.4116666666667,0.0,0.0,0.08333333333333333,1.0,3652.94,1.3463825696023748,new,0.0,182.65,0.1,5,0.7713431725874317,3141.52,6122.98223656812,6122.98223656812,3141.52,6122.98223656812,1
501560,CUST001560,2021,2021-11-22,2021-12-31,Condo,WA,B,99201,23.2,N,Basic,Frame,Tile,1286,1,39,1,43,1,C,Broker,978.29,966.3,68.48,146.74,116.02,259716,0.0,0,0.995,1.0,12,0,0,1,0.0471,New,0.0,1,1,Low,259716,500,4,1,Credit Card,3,Agent Referral,11,363741,48691,629,1,3,12,978.29,81.52416666666666,0.0,0.08333333333333333,0.08333333333333333,1.0,978.29,-0.43289550144313826,new,0.0,48.91,0.1,5,0.7376723146302524,714.16,1256.7747562386485,1256.7747562386485,714.16,1256.7747562386485,0
501561,CUST001561,2021,2021-07-26,2022-03-31,Home,WA,B,98004,27.29,Y,Basic,Mixed,Shingle,2212,2,29,1,47,0,C,Online,2301.91,2384.52,161.13,46.04,175.59,616339,21409.17,1,1.025,1.0,12,1,0,0,0.0995,New,16809.17,1,1,Low,616339,5000,3,1,Debit Card,2,Online Search,7,750076,41356,667,1,2,12,2301.91,191.82583333333332,0.08333333333333333,0.08333333333333333,0.08333333333333333,1.0,2301.91,-0.047749891766386554,new,16809.17,115.1,0.1,5,0.6996982077337264,-14829.529999999999,-23221.69520719164,-23221.69520719164,-14829.529999999999,-23221.69520719164,0
501562,CUST001562,2021,2021-09-17,2022-07-31,Home,FL,D,33301,54.81,Y,Basic,Frame,Metal,1989,2,7,1,54,0,C,Independent,2360.76,2244.55,200.66,283.29,178.23,351921,0.0,0,0.947,1.0,12,1,0,0,0.0639,New,0.0,1,1,Low,351921,1500,5,0,Credit Card,2,Partner Referral,2,440877,44781,641,1,2,12,2360.76,196.73000000000002,0.0,0.0,0.08333333333333333,1.0,2360.76,1.3463825696023748,new,0.0,118.04,0.1,5,0.898364983038464,1758.7700000000004,4988.967116723033,4988.967116723033,1758.7700000000004,4988.967116723033,0
501563,CUST001563,2021,2021-10-02,2022-03-31,Home,NY,A,14604,28.0,Y,Basic,Masonry,Metal,1035,2,24,1,34,0,C,Online,1387.76,1225.31,97.14,27.76,134.45,396473,0.0,0,0.87,1.0,12,0,0,0,0.0924,New,0.0,0,1,Upper Middle,396473,2000,4,0,Auto Debit,1,Online Search,1,484448,112039,640,1,1,12,1387.76,115.64666666666666,0.0,0.0,0.0,1.0,1387.76,-0.03237344962583011,new,0.0,69.39,0.1,5,0.6221725991276356,1193.4699999999998,1464.0426304820776,1464.0426304820776,1193.4699999999998,1464.0426304820776,0
501564,CUST001564,2021,2021-11-01,2021-11-30,Home,NY,A,14604,49.98,N,Standard,Frame,Shingle,2851,3,53,1,34,0,A,Independent,4836.17,4386.47,338.53,580.34,289.63,1200303,0.0,0,0.895,1.0,12,0,0,0,0.0407,New,0.0,0,1,Middle,1200303,500,4,0,Credit Card,2,Aggregator,11,1361310,77333,746,1,2,12,4836.17,403.01416666666665,0.0,0.0,0.0,1.0,4836.17,-0.4175190593025818,new,0.0,241.81,0.1,5,0.474260514435772,3675.4900000000002,2744.226492645729,2744.226492645729,3675.4900000000002,2744.226492645729,0
501565,CUST001565,2021,2021-03-27,2021-12-31,Home,TX,B,77001,25.07,Y,Standard,Masonry,Tile,2259,2,21,0,64,0,B,Independent,1088.29,1166.16,76.18,130.6,120.97,318736,0.0,0,1.05,1.0,12,0,1,0,0.1103,New,0.0,1,1,Upper Middle,318736,5000,4,0,Credit Card,3,Aggregator,9,330041,133544,704,1,3,12,1088.29,90.69083333333333,0.0,0.0,0.08333333333333333,1.0,1088.29,0.9612369599256232,new,0.0,54.41,0.1,5,0.7813504591431715,827.0999999999999,1661.367225853363,1661.367225853363,827.0999999999999,1661.367225853363,0
501566,CUST001566,2021,2021-06-20,2021-12-31,Rental,WA,C,98101,23.64,N,Basic,Frame,Metal,2050,3,19,1,33,1,D,Independent,2095.11,1948.8,146.66,251.41,166.28,450152,0.0,0,0.934,1.0,12,1,0,1,0.0431,New,0.0,1,1,Low,450152,1000,4,0,Debit Card,4,Email Campaign,6,636271,27910,589,1,4,12,2095.11,174.5925,0.0,0.0,0.08333333333333333,1.0,2095.11,0.5760913502488715,new,0.0,104.76,0.1,5,0.8150342727919705,1592.28,3537.1067205432973,3537.1067205432973,1592.28,3537.1067205432973,0
501567,CUST001567,2021,2021-06-02,2021-06-30,Condo,TX,A,78701,38.23,N,Standard,Mixed,Tile,1874,1,29,1,47,2,C,Broker,941.94,909.6,65.94,141.29,114.39,211973,0.0,0,0.959,1.0,12,1,1,1,0.1041,New,0.0,1,1,Middle,211973,1000,3,2,Auto Debit,4,Agent Referral,4,244718,56709,624,1,4,12,941.94,78.495,0.0,0.16666666666666666,0.08333333333333333,1.0,941.94,-2.212173572488651,new,0.0,47.1,0.1,5,0.7202001276034936,687.61,1147.017666134954,1147.017666134954,687.61,1147.017666134954,0
501568,CUST001568,2021,2021-07-16,2022-01-31,Home,TX,A,77001,29.17,Y,Standard,Masonry,Metal,958,2,2,1,42,0,C,Online,591.63,611.65,41.41,11.83,98.62,152665,0.0,0,1.009,1.0,12,1,0,1,0.0813,New,0.0,1,1,Middle,152665,1000,4,0,Credit Card,2,Email Campaign,8,167922,59063,625,1,2,12,591.63,49.3025,0.0,0.0,0.08333333333333333,1.0,591.63,1.3463825696023748,new,0.0,29.58,0.1,5,0.6478743390668712,508.81,677.425600221834,677.425600221834,508.81,677.425600221834,0
501569,CUST001569,2021,2021-05-16,2021-12-31,Condo,NY,B,11201,32.57,Y,Basic,Mixed,Shingle,871,1,32,0,53,1,C,Independent,1368.55,1394.43,95.8,164.23,133.58,312136,0.0,0,1.025,1.0,12,0,0,0,0.069,New,0.0,0,1,Middle,312136,500,4,0,Bank Transfer,2,Agent Referral,4,383970,55746,676,1,2,12,1368.55,114.04583333333333,0.0,0.0,0.0,1.0,1368.55,-0.4175190593025818,new,0.0,68.43,0.1,5,0.6442076573890203,1040.09,1368.7686338998565,1368.7686338998565,1040.09,1368.7686338998565,0
501570,CUST001570,2021,2021-11-25,2022-06-30,Home,NY,B,11201,16.58,Y,Standard,Masonry,Metal,1878,3,22,0,71,0,B,Independent,2526.94,2417.08,176.89,303.23,185.71,905797,0.0,0,0.933,1.0,12,0,0,0,0.0642,New,0.0,1,1,Low,905797,500,4,0,Auto Debit,0,Agent Referral,6,919298,46690,697,1,0,12,2526.94,210.57833333333335,0.0,0.0,0.08333333333333333,1.0,2526.94,2.1166737889558784,new,0.0,126.35,0.1,5,0.749979555523052,1920.4700000000003,3508.6966132391835,3508.6966132391835,1920.4700000000003,3508.6966132391835,0
501571,CUST001571,2021,2021-11-13,2022-07-31,Home,TX,A,77001,42.04,Y,Premium,Frame,Tile,2579,3,23,1,39,0,B,Online,1422.55,1406.63,99.58,28.45,136.01,395174,11128.72,1,1.007,1.0,12,0,1,1,0.1456,New,9288.72,1,1,Upper Middle,395174,2000,4,0,Credit Card,5,Online Search,1,354604,103135,683,1,5,12,1422.55,118.54583333333333,0.08333333333333333,0.0,0.08333333333333333,1.0,1422.55,0.19094574057211977,new,9288.72,71.13,0.1,5,0.47939150286689175,-8065.329999999999,-6132.151086277585,-6132.151086277585,-8065.329999999999,-6132.151086277585,0
501572,CUST001572,2021,2021-04-03,2021-07-31,Home,NY,C,10001,20.48,Y,Standard,Mixed,Metal,2054,1,30,0,45,0,B,Direct,2583.31,2615.42,180.83,77.5,188.25,891638,0.0,0,0.982,1.0,12,0,0,0,0.0923,New,0.0,1,1,High,891638,2000,4,0,Credit Card,2,Online Search,2,922882,178995,726,1,2,12,2583.31,215.27583333333334,0.0,0.0,0.08333333333333333,1.0,2583.31,1.3463825696023748,new,0.0,129.17,0.1,5,0.7845074707086377,2195.81,4452.6743194159735,4452.6743194159735,2195.81,4452.6743194159735,0
501573,CUST001573,2021,2021-12-15,2022-06-30,Rental,TX,D,79901,43.05,Y,Standard,Frame,Shingle,1564,1,21,1,41,1,B,Independent,906.57,813.93,63.46,108.79,112.8,206162,0.0,0,0.899,1.0,12,0,1,0,0.128,New,0.0,1,1,Upper Middle,206162,2500,4,0,Auto Debit,0,Agent Referral,9,207998,123408,693,1,0,12,906.57,75.5475,0.0,0.0,0.08333333333333333,1.0,906.57,2.1166737889558784,new,0.0,45.33,0.1,5,0.7909824877777669,688.99,1424.533197884858,1424.533197884858,688.99,1424.533197884858,0
501574,CUST001574,2021,2021-04-10,2021-08-31,Home,WA,C,98101,44.51,N,Standard,Frame,Shingle,2348,1,55,1,42,0,D,Independent,3324.79,3295.36,232.74,398.97,221.62,594615,0.0,0,0.984,1.0,12,0,0,0,0.0515,New,0.0,1,1,Middle,594615,500,5,0,Debit Card,0,Social Media,4,684658,57069,613,1,0,12,3324.79,277.06583333333333,0.0,0.0,0.08333333333333333,1.0,3324.79,2.1166737889558784,new,0.0,166.24,0.1,5,0.850831353567575,2526.84,6239.540373939136,6239.540373939136,2526.84,6239.540373939136,1
501575,CUST001575,2021,2021-04-01,2021-12-31,Home,WA,A,98101,33.05,Y,Standard,Frame,Tile,1605,3,18,1,33,1,B,Online,1738.79,1638.65,121.72,34.78,150.25,533357,0.0,0,0.477,0.5,6,0,0,0,0.078,New,0.0,1,1,Middle,533357,1000,4,0,Auto Debit,0,Aggregator,5,572879,62319,698,1,0,6,1738.79,289.79833333333335,0.0,0.0,0.16666666666666666,1.0,1738.79,0.7577703687696461,new,0.0,86.94,0.1,5,0.7714478918900554,1495.35,2915.4337509676097,2915.4337509676097,1495.35,2915.4337509676097,0
501576,CUST001576,2021,2021-03-17,2021-07-31,Home,TX,C,78701,40.15,Y,Standard,Masonry,Shingle,1614,1,40,0,62,0,B,Broker,1010.49,1044.14,70.73,151.57,117.47,225532,0.0,0,1.027,1.0,12,0,0,0,0.0632,New,0.0,1,1,Middle,225532,1500,4,0,Credit Card,1,Agent Referral,7,219296,87336,711,1,1,12,1010.49,84.2075,0.0,0.0,0.08333333333333333,1.0,1010.49,1.7315281792791266,new,0.0,50.52,0.1,5,0.7228778555984781,737.6700000000001,1240.6826269599144,1240.6826269599144,737.6700000000001,1240.6826269599144,0
501577,CUST001577,2021,2021-04-24,2021-09-30,Condo,CA,C,90001,47.15,Y,Basic,Mixed,Metal,1217,2,61,1,36,1,D,Broker,2449.63,2373.07,171.47,367.44,182.23,410163,8349.57,1,1.02,1.0,12,0,0,0,0.0876,New,3749.57,0,1,Middle,410163,5000,3,0,Bank Transfer,3,Social Media,1,486164,60903,599,1,3,12,2449.63,204.13583333333335,0.08333333333333333,0.0,0.0,1.0,2449.63,-0.8026646689793335,new,3749.57,122.48,0.1,5,0.6282781014889205,-1961.3300000000002,-2453.474741566388,-2453.474741566388,-1961.3300000000002,-2453.474741566388,0
501578,CUST001578,2021,2021-05-12,2021-11-30,Rental,TX,D,78701,26.66,N,Standard,Mixed,Tile,1495,2,12,1,45,0,C,Independent,779.79,754.63,54.59,93.58,107.09,191048,0.0,0,0.962,1.0,12,0,0,0,0.0871,New,0.0,1,1,Middle,191048,2000,4,0,Debit Card,4,Agent Referral,1,228537,76275,633,1,4,12,779.79,64.9825,0.0,0.0,0.08333333333333333,1.0,779.79,0.5760913502488715,new,0.0,38.99,0.1,5,0.7592852825247887,592.6299999999999,1113.733330672236,1113.733330672236,592.6299999999999,1113.733330672236,0
501579,CUST001579,2021,2021-04-12,2021-11-30,Home,NY,C,12207,28.44,N,Standard,Masonry,Shingle,2052,1,31,0,45,0,A,Broker,2581.85,2528.51,180.73,387.28,188.18,800396,0.0,0,0.975,1.0,12,0,0,0,0.0896,New,0.0,0,1,Upper Middle,800396,2000,5,0,Auto Debit,2,Email Campaign,8,998503,103162,762,1,2,12,2581.85,215.15416666666667,0.0,0.0,0.0,1.0,2581.85,-0.4175190593025818,new,0.0,129.09,0.1,5,0.6362117157063049,1884.75,2418.1144189983575,2418.1144189983575,1884.75,2418.1144189983575,0
501580,CUST001580,2021,2021-08-02,2021-08-31,Home,TX,C,73301,43.79,N,Standard,Frame,Metal,2255,1,24,0,64,0,D,Broker,1569.35,1482.21,109.85,235.4,142.62,294404,0.0,0,0.939,1.0,12,1,1,1,0.1066,New,0.0,1,1,Low,294404,500,4,0,Auto Debit,5,Aggregator,3,346608,30442,595,1,5,12,1569.35,130.77916666666667,0.0,0.0,0.08333333333333333,1.0,1569.35,0.19094574057211977,new,0.0,78.47,0.1,5,0.790377213337736,1145.6299999999999,2364.375543039898,2364.375543039898,1145.6299999999999,2364.375543039898,0
501581,CUST001581,2021,2021-02-27,2021-10-31,Home,TX,A,79901,36.66,Y,Standard,Frame,Metal,2263,1,31,0,59,0,C,Direct,1345.84,1281.78,94.21,40.38,132.56,316511,0.0,0,0.481,0.5,6,0,1,0,0.1044,New,0.0,1,1,Upper Middle,316511,1000,5,0,Credit Card,2,Aggregator,4,334625,105692,679,1,2,6,1345.84,224.30666666666664,0.0,0.0,0.16666666666666666,1.0,1345.84,-0.012520850583857324,new,0.0,67.29,0.1,5,0.9031565241122447,1143.9599999999998,3290.2990271514473,3290.2990271514473,1143.9599999999998,3290.2990271514473,0
501582,CUST001582,2021,2021-09-04,2022-03-31,Rental,TX,A,77001,53.21,N,Basic,Mixed,Shingle,1960,2,31,1,44,1,C,Direct,1165.98,1203.79,81.62,34.98,124.47,199552,0.0,0,0.996,1.0,12,1,1,1,0.1313,New,0.0,1,1,Low,199552,2500,4,0,Credit Card,4,Agent Referral,6,267255,44572,648,1,4,12,1165.98,97.165,0.0,0.0,0.08333333333333333,1.0,1165.98,0.5760913502488715,new,0.0,58.3,0.1,5,0.7858869634812862,991.0800000000002,2018.055751574423,2018.055751574423,991.0800000000002,2018.055751574423,0
501583,CUST001583,2021,2021-04-26,2021-04-30,Home,CA,C,90001,37.2,Y,Standard,Mixed,Shingle,1161,3,26,1,48,2,D,Broker,3235.1,3095.43,226.46,485.27,217.58,465972,49723.27,2,0.939,1.0,12,0,0,0,0.0496,New,48803.27,0,1,Middle,465972,500,3,0,Credit Card,1,Online Search,13,492850,51331,619,1,1,12,3235.1,269.59166666666664,0.16666666666666666,0.0,0.0,1.0,3235.1,-0.03237344962583011,new,48803.27,161.76,0.1,5,0.3887655730656845,-46441.659999999996,-25245.349555428562,-25245.349555428562,-46441.659999999996,-25245.349555428562,0
501584,CUST001584,2021,2021-09-22,2022-03-31,Rental,NY,C,12207,44.1,Y,Standard,Frame,Shingle,2012,1,20,0,68,2,B,Online,4050.34,4145.67,283.52,81.01,254.27,883916,0.0,0,0.991,1.0,12,1,0,0,0.0699,New,0.0,1,1,Upper Middle,883916,1000,3,0,Auto Debit,1,Online Search,3,870649,98894,687,1,1,12,4050.34,337.52833333333336,0.0,0.0,0.08333333333333333,1.0,4050.34,1.7315281792791266,new,0.0,202.52,0.1,5,0.7488047772732176,3483.29,6341.286763430625,6341.286763430625,3483.29,6341.286763430625,1
501585,CUST001585,2021,2021-07-02,2021-07-31,Rental,CA,B,94105,38.66,Y,Premium,Frame,Metal,1290,1,36,1,44,0,C,Online,2871.62,2809.26,201.01,57.43,201.22,560533,33413.46,2,0.49,0.5,6,1,0,0,0.1146,New,29733.46,0,1,Middle,560533,2000,4,0,Bank Transfer,4,Agent Referral,7,512219,86880,658,1,4,6,2871.62,478.6033333333333,0.3333333333333333,0.0,0.0,1.0,2871.62,-4.310615327747275,new,29733.46,143.58,0.1,5,0.35,-27263.86,-12681.642040817034,-12681.642040817034,-27263.86,-12681.642040817034,0
501586,CUST001586,2021,2021-10-16,2021-12-31,Home,FL,A,33601,36.48,N,Basic,Masonry,Metal,3033,2,18,1,48,3,C,Online,3235.43,3148.13,275.01,64.71,217.59,500249,0.0,0,1.007,1.0,12,0,1,0,0.1519,New,0.0,1,1,Middle,500249,2000,5,0,Credit Card,1,Online Search,2,696106,71001,638,1,1,12,3235.43,269.6191666666667,0.0,0.0,0.08333333333333333,1.0,3235.43,1.7315281792791266,new,0.0,161.77,0.1,5,0.8582365262123293,2733.94,6899.287811855074,6899.287811855074,2733.94,6899.287811855074,1
501587,CUST001587,2021,2021-07-05,2022-05-31,Home,NY,B,14604,28.02,N,Basic,Frame,Tile,1764,2,31,1,48,0,B,Online,1961.16,1962.26,137.28,39.22,160.25,674504,0.0,0,1.005,1.0,12,1,1,0,0.119,New,0.0,1,1,Upper Middle,674504,1000,5,0,Auto Debit,0,Agent Referral,5,947968,113543,706,1,0,12,1961.16,163.43,0.0,0.0,0.08333333333333333,1.0,1961.16,2.1166737889558784,new,0.0,98.06,0.1,5,0.8775878066065947,1686.6000000000001,4503.972996463288,4503.972996463288,1686.6000000000001,4503.972996463288,0
501588,CUST001588,2021,2021-03-05,2021-03-31,Rental,NY,A,14604,38.91,N,Premium,Mixed,Shingle,2136,1,27,0,61,1,B,Online,4020.72,3778.05,281.45,80.41,252.93,980078,0.0,0,0.935,1.0,12,0,0,0,0.0887,New,0.0,1,1,Middle,980078,1000,4,0,Debit Card,1,Agent Referral,2,1049086,76732,717,1,1,12,4020.72,335.06,0.0,0.0,0.08333333333333333,1.0,4020.72,1.7315281792791266,new,0.0,201.04,0.1,5,0.7985044288121849,3457.82,7312.001911833968,7312.001911833968,3457.82,7312.001911833968,1
501589,CUST001589,2021,2021-06-10,2021-08-31,Condo,CA,D,90001,55.38,Y,Basic,Frame,Tile,1571,1,45,1,29,0,B,Online,2641.79,2512.71,184.93,52.84,190.88,516470,0.0,0,0.985,1.0,12,1,0,0,0.0645,New,0.0,1,1,Middle,516470,1000,5,0,Debit Card,1,Email Campaign,8,641884,69098,717,1,1,12,2641.79,220.14916666666667,0.0,0.0,0.08333333333333333,1.0,2641.79,1.7315281792791266,new,0.0,132.09,0.1,5,0.8797192264633564,2271.93,6104.861259872569,6104.861259872569,2271.93,6104.861259872569,1
501590,CUST001590,2021,2021-10-10,2022-05-31,Home,WA,A,98101,28.41,N,Standard,Masonry,Shingle,2827,1,29,1,23,0,C,Direct,2997.96,2693.98,209.86,89.94,206.91,771504,0.0,0,0.928,1.0,12,0,0,1,0.0705,New,0.0,0,1,Upper Middle,771504,1500,4,0,Credit Card,7,Agent Referral,2,957761,143859,634,1,7,12,2997.96,249.83,0.0,0.0,0.0,1.0,2997.96,-2.34324710768634,new,0.0,149.9,0.1,5,0.7474188757061617,2548.2599999999998,4619.569196018338,4619.569196018338,2548.2599999999998,4619.569196018338,0
501591,CUST001591,2021,2021-07-17,2021-07-31,Rental,CA,B,94105,54.25,N,Basic,Mixed,Tile,1764,1,42,0,55,0,B,Independent,2410.5,2217.41,168.74,289.26,180.47,486957,0.0,0,0.48,0.5,6,1,1,0,0.113,New,0.0,0,1,Upper Middle,486957,2000,4,0,Bank Transfer,2,Aggregator,12,706094,104103,715,1,2,6,2410.5,401.75,0.0,0.0,0.0,1.0,2410.5,-3.540324108393771,new,0.0,120.52,0.1,5,0.8149706847970523,1831.9800000000002,4068.8096089116643,4068.8096089116643,1831.9800000000002,4068.8096089116643,0
501592,CUST001592,2021,2021-07-27,2022-03-31,Home,CA,A,90001,56.67,Y,Standard,Masonry,Shingle,2585,1,26,0,49,0,B,Independent,6586.51,6469.72,461.06,790.38,368.39,1159529,0.0,0,0.967,1.0,12,1,1,0,0.0868,New,0.0,1,1,Middle,1159529,500,4,0,Debit Card,2,Online Search,5,1163533,82853,724,1,2,12,6586.51,548.8758333333334,0.0,0.0,0.08333333333333333,1.0,6586.51,1.3463825696023748,new,0.0,329.33,0.1,5,0.9029459472451411,5005.74,14388.923612074812,14388.923612074812,5005.74,14388.923612074812,1
501593,CUST001593,2021,2021-01-04,2021-06-30,Rental,FL,B,32801,42.29,Y,Standard,Masonry,Tile,1921,1,27,1,49,2,C,Online,3219.69,3047.27,273.67,64.39,216.89,460262,0.0,0,0.953,1.0,12,0,1,1,0.1316,New,0.0,1,1,Middle,460262,5000,3,0,Debit Card,10,Partner Referral,6,462619,64106,643,1,10,12,3219.69,268.3075,0.0,0.0,0.08333333333333333,1.0,3219.69,-1.734782307811639,new,0.0,160.98,0.1,5,0.7367560421491469,2720.65,4774.412217622443,4774.412217622443,2720.65,4774.412217622443,0
501594,CUST001594,2021,2021-12-21,2022-04-30,Home,CA,B,94105,45.58,N,Basic,Mixed,Tile,2573,2,15,0,48,0,A,Broker,3482.58,3535.61,243.78,522.39,228.72,916124,95282.6,1,1.031,1.0,12,0,0,0,0.0483,New,94362.6,1,1,Middle,916124,1000,4,0,Bank Transfer,3,Agent Referral,11,1279712,84968,772,1,3,12,3482.58,290.215,0.08333333333333333,0.0,0.08333333333333333,1.0,3482.58,0.9612369599256232,new,94362.6,174.13,0.1,5,0.675052230165099,-91820.32,-133165.56556650798,-133165.56556650798,-91820.32,-133165.56556650798,0
501595,CUST001595,2021,2021-09-07,2021-12-31,Condo,NY,A,12207,48.63,Y,Basic,Mixed,Shingle,1089,1,39,0,58,0,A,Independent,1666.9,1595.96,116.68,200.03,147.01,428015,0.0,0,0.954,1.0,12,1,0,0,0.0425,New,0.0,0,1,Upper Middle,428015,1000,4,1,Credit Card,4,Partner Referral,12,513492,95036,750,1,4,12,1666.9,138.90833333333333,0.0,0.08333333333333333,0.0,1.0,1666.9,-2.5819427400248465,new,0.0,83.35,0.1,5,0.7432261634437077,1266.8400000000001,2267.4496772544553,2267.4496772544553,1266.8400000000001,2267.4496772544553,0
501596,CUST001596,2021,2021-10-20,2022-07-31,Home,CA,C,90001,48.16,N,Basic,Masonry,Shingle,2217,2,38,1,30,1,D,Independent,4321.54,4044.76,302.51,518.58,266.47,616509,0.0,0,0.926,1.0,12,0,0,1,0.071,New,0.0,1,1,Middle,616509,2000,5,0,Auto Debit,4,Agent Referral,11,891882,61635,588,1,4,12,4321.54,360.12833333333333,0.0,0.0,0.08333333333333333,1.0,4321.54,0.5760913502488715,new,0.0,216.08,0.1,5,0.8549751734941696,3284.37,8209.417041801815,8209.417041801815,3284.37,8209.417041801815,1
501597,CUST001597,2021,2021-06-25,2021-06-30,Condo,NY,C,11201,43.77,N,Premium,Frame,Metal,1584,1,12,1,46,0,C,Direct,2772.47,2448.4,194.07,83.17,196.76,773272,49786.27,1,0.867,1.0,12,1,0,0,0.1193,New,47946.27,0,1,Middle,773272,2000,3,1,Credit Card,2,Agent Referral,7,818407,79931,667,1,2,12,2772.47,231.03916666666666,0.08333333333333333,0.08333333333333333,0.0,1.0,2772.47,-1.8116515206713433,new,47946.27,138.62,0.1,5,0.45529244903471444,-45589.659999999996,-31804.320699313255,-31804.320699313255,-45589.659999999996,-31804.320699313255,0
501598,CUST001598,2021,2021-02-16,2021-07-31,Home,FL,C,32801,53.74,N,Basic,Masonry,Shingle,1378,1,21,0,50,1,C,Independent,1626.03,1515.44,138.21,195.12,145.17,212793,18468.55,1,0.926,1.0,12,0,1,1,0.123,New,13868.55,1,1,Low,212793,5000,3,1,Credit Card,3,Agent Referral,12,328674,33231,625,1,3,12,1626.03,135.5025,0.08333333333333333,0.08333333333333333,0.08333333333333333,1.0,1626.03,-0.43289550144313826,new,13868.55,81.3,0.1,5,0.5382967456028804,-12657.149999999998,-11789.313907128975,-11789.313907128975,-12657.149999999998,-11789.313907128975,0
501599,CUST001599,2021,2021-04-02,2021-07-31,Home,CA,D,90001,32.44,Y,Premium,Mixed,Metal,2033,1,28,0,64,1,B,Online,3630.67,3317.48,254.15,72.61,235.38,913757,120323.84,2,0.899,1.0,12,0,0,0,0.0815,New,118483.84,0,1,Upper Middle,913757,1000,3,2,Auto Debit,2,Online Search,3,858079,104368,719,1,2,12,3630.67,302.55583333333334,0.16666666666666666,0.16666666666666666,0.0,1.0,3630.67,-3.2057839820401046,new,118483.84,181.53,0.1,5,0.35,-115361.45999999999,-53659.780420895375,-53659.780420895375,-115361.45999999999,-53659.780420895375,0
501600,CUST001600,2021,2021-09-01,2022-07-31,Rental,CA,C,94105,65.13,N,Basic,Frame,Tile,1881,1,44,1,26,0,A,Online,2299.74,2044.98,160.98,45.99,175.49,485061,0.0,0,0.887,1.0,12,1,1,0,0.1528,New,0.0,1,1,Upper Middle,485061,2000,4,0,Bank Transfer,1,Agent Referral,4,710868,111200,748,1,1,12,2299.74,191.64499999999998,0.0,0.0,0.08333333333333333,1.0,2299.74,1.7315281792791266,new,0.0,114.99,0.1,5,0.8161460730902313,1977.78,4408.000202491244,4408.000202491244,1977.78,4408.000202491244,0
501601,CUST001601,2021,2021-07-22,2022-04-30,Home,NY,D,12207,27.76,Y,Basic,Masonry,Shingle,2543,1,29,1,46,0,B,Online,4079.71,3897.73,285.58,81.59,255.59,1090388,0.0,0,0.957,1.0,12,1,0,0,0.0943,New,0.0,1,1,Middle,1090388,5000,5,0,Debit Card,4,Email Campaign,4,1301417,81981,698,1,4,12,4079.71,339.97583333333336,0.0,0.0,0.08333333333333333,1.0,4079.71,0.5760913502488715,new,0.0,203.99,0.1,5,0.7576439189103877,3508.55,6560.936943612155,6560.936943612155,3508.55,6560.936943612155,1
501602,CUST001602,2021,2021-11-19,2022-03-31,Home,FL,C,33601,56.98,N,Standard,Mixed,Shingle,1166,1,0,1,43,1,A,Online,1409.89,1392.37,119.84,28.2,135.45,236919,0.0,0,0.994,1.0,12,0,0,0,0.0688,New,0.0,0,1,Middle,236919,1000,4,0,Auto Debit,2,Email Campaign,6,271529,69102,751,1,2,12,1409.89,117.49083333333334,0.0,0.0,0.0,1.0,1409.89,-0.4175190593025818,new,0.0,70.49,0.1,5,0.6334926410217693,1191.3600000000001,1515.3172749185073,1515.3172749185073,1191.3600000000001,1515.3172749185073,0
501603,CUST001603,2021,2021-11-24,2022-03-31,Home,FL,B,32801,36.55,N,Standard,Mixed,Metal,2135,2,27,1,54,0,D,Independent,3265.01,3202.34,277.53,391.8,218.93,435467,0.0,0,1.0,1.0,12,0,0,0,0.0472,New,0.0,1,1,Low,435467,1000,4,0,Auto Debit,2,Agent Referral,6,506817,35747,572,1,2,12,3265.01,272.0841666666667,0.0,0.0,0.08333333333333333,1.0,3265.01,1.3463825696023748,new,0.0,163.25,0.1,5,0.8319349775005148,2432.4300000000003,5681.019084894984,5681.019084894984,2432.4300000000003,5681.019084894984,1
501604,CUST001604,2021,2021-03-18,2021-07-31,Home,WA,D,98501,28.67,Y,Basic,Frame,Tile,1207,1,46,1,40,0,C,Independent,1196.37,1275.83,83.75,143.56,125.84,325743,0.0,0,1.05,1.0,12,0,1,0,0.0836,New,0.0,0,1,Middle,325743,500,3,0,Auto Debit,0,Online Search,11,395881,65449,653,1,0,12,1196.37,99.69749999999999,0.0,0.0,0.0,1.0,1196.37,0.3527721600509216,new,0.0,59.82,0.1,5,0.6869366139060813,909.2399999999999,1368.4784459186676,1368.4784459186676,909.2399999999999,1368.4784459186676,0
501605,CUST001605,2021,2021-12-27,2022-02-28,Condo,TX,A,77001,40.04,Y,Standard,Frame,Tile,2061,1,30,1,52,0,C,Online,1168.49,958.07,81.79,23.37,124.58,267423,0.0,0,0.835,1.0,12,0,1,1,0.1142,New,0.0,1,1,Middle,267423,1000,4,0,Debit Card,9,Social Media,2,274730,86792,644,1,9,12,1168.49,97.37416666666667,0.0,0.0,0.08333333333333333,1.0,1168.49,-1.349636698134887,new,0.0,58.42,0.1,5,0.7340824181749814,1004.9100000000002,1749.152518280694,1749.152518280694,1004.9100000000002,1749.152518280694,0
501606,CUST001606,2021,2021-02-02,2021-09-30,Condo,FL,C,33601,67.03,Y,Standard,Frame,Tile,1140,1,28,1,48,1,C,Independent,2316.34,2356.44,196.89,277.96,176.24,280073,0.0,0,1.031,1.0,12,0,0,0,0.0815,New,0.0,1,1,Middle,280073,2000,4,0,Credit Card,0,Agent Referral,16,270799,69837,630,1,0,12,2316.34,193.02833333333334,0.0,0.0,0.08333333333333333,1.0,2316.34,2.1166737889558784,new,0.0,115.82,0.1,5,0.7663773595995754,1725.6700000000003,3313.3817504513295,3313.3817504513295,1725.6700000000003,3313.3817504513295,0
501607,CUST001607,2021,2021-02-07,2021-12-31,Home,FL,C,33601,62.93,Y,Standard,Mixed,Tile,2009,1,49,1,42,0,C,Online,3226.92,3133.27,274.29,64.54,217.21,405789,0.0,0,0.928,1.0,12,0,0,0,0.1068,New,0.0,1,1,Low,405789,2000,5,0,Credit Card,1,Online Search,3,433634,47197,653,1,1,12,3226.92,268.91,0.0,0.0,0.08333333333333333,1.0,3226.92,1.7315281792791266,new,0.0,161.35,0.1,5,0.7846610066279989,2726.7400000000002,5531.846091393124,5531.846091393124,2726.7400000000002,5531.846091393124,1
501608,CUST001608,2021,2021-10-10,2022-03-31,Home,TX,A,73301,30.14,N,Basic,Mixed,Metal,2114,2,0,1,65,1,C,Independent,949.21,860.88,66.44,113.91,114.71,267861,0.0,0,0.897,1.0,12,0,0,0,0.0898,New,0.0,1,1,Middle,267861,2000,5,0,Auto Debit,0,Social Media,7,372349,59310,634,1,0,12,949.21,79.10083333333334,0.0,0.0,0.08333333333333333,1.0,949.21,2.1166737889558784,new,0.0,47.46,0.1,5,0.8459882490924648,721.4,1756.1638918631525,1756.1638918631525,721.4,1756.1638918631525,0
501609,CUST001609,2021,2021-05-12,2021-05-31,Home,FL,A,33601,66.48,N,Basic,Frame,Tile,1928,1,39,0,64,0,B,Independent,2174.47,2189.31,184.83,260.94,169.85,323046,0.0,0,1.016,1.0,12,0,0,0,0.0403,New,0.0,0,1,Middle,323046,1000,4,1,Auto Debit,1,Online Search,8,452495,74550,720,1,1,12,2174.47,181.20583333333332,0.0,0.08333333333333333,0.0,1.0,2174.47,-1.4265059109945915,new,0.0,108.72,0.1,5,0.7824336489298291,1619.9799999999998,3264.6066889964654,3264.6066889964654,1619.9799999999998,3264.6066889964654,0
501610,CUST001610,2021,2021-09-24,2022-06-30,Condo,TX,D,73301,38.85,N,Standard,Frame,Shingle,1689,1,11,0,23,1,A,Independent,699.74,658.99,48.98,83.97,103.49,209393,0.0,0,0.478,0.5,6,1,0,0,0.0967,New,0.0,1,1,High,209393,2000,4,1,Credit Card,2,Social Media,4,256782,183542,816,1,2,6,699.74,116.62333333333333,0.0,0.16666666666666666,0.16666666666666666,1.0,699.74,-2.80078577332138,new,0.0,34.99,0.1,5,0.8753963114408058,531.8,1411.0974142948296,1411.0974142948296,531.8,1411.0974142948296,0
501611,CUST001611,2021,2021-10-07,2022-01-31,Home,CA,A,90001,58.32,N,Standard,Frame,Tile,1737,2,23,1,50,0,A,Broker,3282.68,3389.3,229.79,492.4,219.72,676802,0.0,0,1.05,1.0,12,0,0,0,0.0427,New,0.0,1,1,Middle,676802,1500,5,0,Debit Card,2,Partner Referral,9,809258,53040,744,1,2,12,3282.68,273.5566666666667,0.0,0.0,0.08333333333333333,1.0,3282.68,1.3463825696023748,new,0.0,164.13,0.1,5,0.8360167657891209,2396.3599999999997,5664.677060521578,5664.677060521578,2396.3599999999997,5664.677060521578,1
501612,CUST001612,2021,2021-08-11,2022-05-31,Rental,FL,A,33601,61.18,Y,Premium,Frame,Tile,2106,2,1,0,51,0,A,Independent,3084.08,3165.73,262.15,370.09,210.78,492465,25280.76,1,1.017,1.0,12,1,0,0,0.0516,New,24360.76,0,1,Upper Middle,492465,1000,3,0,Bank Transfer,1,Online Search,7,479168,140660,741,1,1,12,3084.08,257.00666666666666,0.08333333333333333,0.0,0.0,1.0,3084.08,-0.03237344962583011,new,24360.76,154.2,0.1,5,0.3932313375129678,-22063.120000000003,-12203.793341808545,-12203.793341808545,-22063.120000000003,-12203.793341808545,0
501613,CUST001613,2021,2021-01-25,2021-10-31,Home,WA,D,99201,16.72,Y,Basic,Mixed,Shingle,2096,2,32,0,68,0,A,Broker,1402.92,1316.24,98.2,210.44,135.13,546759,0.0,0,0.933,1.0,12,0,0,0,0.041,New,0.0,1,1,Upper Middle,546759,1000,4,1,Debit Card,1,Agent Referral,11,695860,98400,752,1,1,12,1402.92,116.91000000000001,0.0,0.08333333333333333,0.08333333333333333,1.0,1402.92,0.33739571791036516,new,0.0,70.15,0.1,5,0.7548911132730337,1024.1299999999999,1899.1919609563408,1899.1919609563408,1024.1299999999999,1899.1919609563408,0
501614,CUST001614,2021,2021-09-18,2022-07-31,Home,CA,C,95814,43.72,N,Premium,Mixed,Shingle,1674,1,0,0,33,1,A,Online,2863.5,2511.92,200.44,57.27,200.86,698785,118948.43,2,0.891,1.0,12,1,0,0,0.0865,New,117108.43,1,1,High,698785,1000,3,1,Debit Card,1,Agent Referral,2,748634,188880,769,1,1,12,2863.5,238.625,0.16666666666666666,0.08333333333333333,0.08333333333333333,1.0,2863.5,0.33739571791036516,new,117108.43,143.18,0.1,5,0.5816402988079736,-114645.81999999999,-123324.32289409613,-123324.32289409613,-114645.81999999999,-123324.32289409613,0
501615,CUST001615,2021,2021-09-13,2022-04-30,Home,TX,C,78701,23.39,N,Premium,Masonry,Metal,2593,1,28,1,27,0,D,Direct,1295.6,1215.18,90.69,38.87,130.3,293923,0.0,0,0.492,0.5,6,1,0,0,0.1045,New,0.0,1,1,Middle,293923,2000,4,0,Bank Transfer,3,Aggregator,3,325256,53755,614,1,3,6,1295.6,215.9333333333333,0.0,0.0,0.16666666666666666,1.0,1295.6,-0.39766646026060903,new,0.0,64.78,0.1,5,0.7576517277249765,1101.26,2059.3887462824173,2059.3887462824173,1101.26,2059.3887462824173,0
501616,CUST001616,2021,2021-10-26,2022-06-30,Condo,CA,A,90001,41.77,N,Basic,Mixed,Metal,1166,1,34,0,49,0,A,Independent,1228.75,1293.95,86.01,147.45,127.29,329071,25912.35,1,1.048,1.0,12,0,0,0,0.0534,New,24992.35,1,1,High,329071,1000,3,1,Bank Transfer,3,Aggregator,11,443148,153047,780,1,3,12,1228.75,102.39583333333333,0.08333333333333333,0.08333333333333333,0.08333333333333333,1.0,1228.75,-0.43289550144313826,new,24992.35,61.44,0.1,5,0.7269211564063802,-24058.499999999996,-40968.67105618006,-40968.67105618006,-24058.499999999996,-40968.67105618006,0
501617,CUST001617,2021,2021-11-13,2022-07-31,Home,FL,C,32801,59.53,N,Standard,Masonry,Shingle,967,2,10,0,67,0,C,Independent,1932.79,1942.48,164.29,231.94,158.98,236127,0.0,0,0.51,0.5,6,0,0,0,0.0465,New,0.0,1,1,Low,236127,1500,5,1,Credit Card,1,Email Campaign,12,273172,46694,648,1,1,6,1932.79,322.13166666666666,0.0,0.16666666666666666,0.16666666666666666,1.0,1932.79,-2.4156401636446283,new,0.0,96.64,0.1,5,0.8385165908013361,1439.9199999999998,3428.9848624932356,3428.9848624932356,1439.9199999999998,3428.9848624932356,0
501618,CUST001618,2021,2021-02-11,2021-09-30,Condo,WA,B,98101,24.66,N,Premium,Frame,Metal,1656,1,56,0,54,0,B,Online,1525.92,1556.74,106.81,30.52,140.67,495378,0.0,0,1.05,1.0,12,0,0,0,0.0804,New,0.0,1,1,Middle,495378,1000,4,0,Credit Card,3,Online Search,8,515243,79711,720,1,3,12,1525.92,127.16000000000001,0.0,0.0,0.08333333333333333,1.0,1525.92,0.9612369599256232,new,0.0,76.3,0.1,5,0.7417170833370875,1312.2900000000002,2338.0240654154663,2338.0240654154663,1312.2900000000002,2338.0240654154663,0
501619,CUST001619,2021,2021-04-16,2021-11-30,Rental,FL,A,32801,62.73,Y,Standard,Mixed,Metal,1846,3,15,1,44,0,C,Independent,2996.07,2797.32,254.67,359.53,206.82,404270,7523.95,1,0.465,0.5,6,0,1,0,0.0885,New,7063.95,0,1,Middle,404270,500,3,1,Auto Debit,1,Aggregator,11,409949,81774,668,1,1,6,2996.07,499.345,0.16666666666666666,0.16666666666666666,0.0,1.0,2996.07,-5.943443421454542,new,7063.95,149.8,0.1,5,0.35,-4831.879999999999,-2247.5237381714483,-2247.5237381714483,-4831.879999999999,-2247.5237381714483,0
501620,CUST001620,2021,2021-12-24,2022-06-30,Condo,NY,B,14604,27.66,Y,Basic,Frame,Metal,1530,1,22,1,23,2,C,Broker,2432.8,2065.15,170.3,364.92,181.48,603322,0.0,0,0.878,1.0,12,0,0,0,0.0563,New,0.0,0,1,Low,603322,500,4,0,Bank Transfer,7,Agent Referral,5,743793,27007,661,1,7,12,2432.8,202.73333333333335,0.0,0.0,0.0,1.0,2432.8,-2.34324710768634,new,0.0,121.64,0.1,5,0.4721354776032082,1775.9399999999998,1316.000602736921,1316.000602736921,1775.9399999999998,1316.000602736921,0
501621,CUST001621,2021,2021-12-11,2022-01-31,Home,NY,A,14604,50.58,N,Basic,Frame,Shingle,2228,2,52,0,44,0,A,Broker,1948.06,1940.88,136.36,292.21,159.66,539766,0.0,0,0.989,1.0,12,0,1,0,0.1025,New,0.0,0,1,Upper Middle,539766,1000,4,0,Credit Card,0,Social Media,9,822893,119045,792,1,0,12,1948.06,162.33833333333334,0.0,0.0,0.0,1.0,1948.06,0.3527721600509216,new,0.0,97.4,0.1,5,0.6873196986043908,1422.0899999999997,2142.9120818967795,2142.9120818967795,1422.0899999999997,2142.9120818967795,0
501622,CUST001622,2021,2021-03-25,2021-09-30,Home,NY,D,14604,31.2,N,Basic,Frame,Shingle,1995,1,37,1,50,0,D,Independent,3551.41,3539.41,248.6,426.17,231.81,688692,0.0,0,0.95,1.0,12,0,0,1,0.08,New,0.0,1,1,Middle,688692,2000,5,0,Credit Card,6,Agent Referral,9,943490,72188,608,1,6,12,3551.41,295.9508333333333,0.0,0.0,0.08333333333333333,1.0,3551.41,-0.19419986910463183,new,0.0,177.57,0.1,5,0.854590944453146,2699.0699999999997,6738.831493644071,6738.831493644071,2699.0699999999997,6738.831493644071,1
501623,CUST001623,2021,2021-07-18,2022-02-28,Condo,NY,C,12207,33.84,N,Premium,Mixed,Shingle,1090,1,16,0,53,0,A,Direct,1634.62,1619.33,114.42,49.04,145.56,515693,0.0,0,1.007,1.0,12,1,0,0,0.1061,New,0.0,0,1,Upper Middle,515693,5000,4,1,Bank Transfer,4,Agent Referral,6,541176,102216,776,1,4,12,1634.62,136.21833333333333,0.0,0.08333333333333333,0.0,1.0,1634.62,-2.5819427400248465,new,0.0,81.73,0.1,5,0.8830191763157424,1389.4299999999998,3769.5537643517373,3769.5537643517373,1389.4299999999998,3769.5537643517373,0
501624,CUST001624,2021,2021-05-25,2021-05-31,Condo,FL,D,33601,43.39,Y,Standard,Mixed,Shingle,1120,1,3,1,29,0,D,Online,2026.73,2118.47,172.27,40.53,163.2,270384,0.0,0,0.528,0.5,6,0,0,0,0.0897,New,0.0,1,1,Low,270384,1500,4,0,Debit Card,1,Agent Referral,3,273270,33159,580,1,1,6,2026.73,337.78833333333336,0.0,0.0,0.16666666666666666,1.0,2026.73,0.3726247590928944,new,0.0,101.34,0.1,5,0.8428405752803843,1712.5900000000001,4130.635429658489,4130.635429658489,1712.5900000000001,4130.635429658489,0
501625,CUST001625,2021,2021-02-20,2021-11-30,Home,CA,B,95814,53.34,Y,Standard,Frame,Shingle,2237,2,37,1,46,0,A,Direct,4300.01,4145.2,301.0,129.0,265.5,897226,75586.73,2,0.983,1.0,12,0,1,0,0.1019,New,74666.73,0,1,High,897226,500,4,1,Bank Transfer,4,Email Campaign,6,941357,200687,765,1,4,12,4300.01,358.3341666666667,0.16666666666666666,0.08333333333333333,0.0,1.0,4300.01,-2.5819427400248465,new,74666.73,215.0,0.1,5,0.35,-71011.72,-33030.73056209678,-33030.73056209678,-71011.72,-33030.73056209678,0
501626,CUST001626,2021,2021-03-15,2021-09-30,Home,FL,A,32801,44.71,N,Standard,Masonry,Tile,2734,2,13,0,80,1,B,Broker,3011.16,3182.03,255.95,451.67,207.5,509344,0.0,0,0.515,0.5,6,0,0,0,0.0417,New,0.0,1,1,Upper Middle,509344,1000,3,0,Auto Debit,0,Online Search,9,627968,111153,702,1,0,6,3011.16,501.85999999999996,0.0,0.0,0.16666666666666666,1.0,3011.16,0.7577703687696461,new,0.0,150.56,0.1,5,0.5850170602805498,2152.98,2341.707741919327,2341.707741919327,2152.98,2341.707741919327,0
501627,CUST001627,2021,2021-07-05,2022-04-30,Home,FL,B,33301,32.05,Y,Premium,Mixed,Metal,2739,1,6,0,56,0,B,Online,3189.55,2959.88,271.11,63.79,215.53,676722,0.0,0,0.951,1.0,12,1,0,0,0.0915,New,0.0,0,1,Upper Middle,676722,2000,4,0,Auto Debit,2,Partner Referral,7,629520,99855,721,1,2,12,3189.55,265.79583333333335,0.0,0.0,0.0,1.0,3189.55,-0.4175190593025818,new,0.0,159.48,0.1,5,0.803249874831513,2695.17,5780.614334929238,5780.614334929238,2695.17,5780.614334929238,1
501628,CUST001628,2021,2021-04-23,2021-04-30,Home,CA,A,95814,38.17,N,Premium,Mixed,Metal,2504,1,36,1,35,1,D,Online,6304.3,6779.27,441.3,126.09,355.69,1076868,26083.86,1,1.034,1.0,12,0,0,0,0.0728,New,25623.86,1,1,Low,1076868,500,4,0,Auto Debit,1,Agent Referral,8,1120411,43672,613,1,1,12,6304.3,525.3583333333333,0.08333333333333333,0.0,0.08333333333333333,1.0,6304.3,1.7315281792791266,new,25623.86,315.22,0.1,5,0.8233712812252003,-20202.170000000002,-46001.72292847354,-46001.72292847354,-20202.170000000002,-46001.72292847354,0
501629,CUST001629,2021,2021-03-10,2021-03-31,Home,CA,B,94105,31.9,N,Standard,Masonry,Tile,2156,2,14,1,48,1,C,Direct,3860.27,3641.66,270.22,115.81,245.71,795843,69557.03,1,0.964,1.0,12,0,0,1,0.0645,New,68637.03,1,1,Middle,795843,1000,3,0,Bank Transfer,12,Agent Referral,9,981497,71821,621,1,12,12,3860.27,321.68916666666667,0.08333333333333333,0.0,0.08333333333333333,1.0,3860.27,-2.505073527165142,new,68637.03,193.01,0.1,5,0.6445121146319377,-65355.8,-86091.96996904064,-86091.96996904064,-65355.8,-86091.96996904064,0
501630,CUST001630,2021,2021-06-06,2021-06-30,Rental,FL,C,33301,61.62,N,Premium,Mixed,Tile,1697,1,64,1,57,0,D,Direct,2789.0,2810.42,237.06,83.67,197.5,323951,18459.74,1,0.991,1.0,12,1,0,1,0.1048,New,16159.74,0,1,Middle,323951,2500,3,0,Credit Card,9,Online Search,2,363462,67135,581,1,9,12,2789.0,232.41666666666666,0.08333333333333333,0.0,0.0,1.0,2789.0,-3.113538327039844,new,16159.74,139.45,0.1,5,0.3523700443838142,-13830.92,-6496.74698767651,-6496.74698767651,-13830.92,-6496.74698767651,0
501631,CUST001631,2021,2021-04-20,2021-11-30,Rental,WA,C,98101,31.74,N,Standard,Frame,Tile,1910,1,38,1,52,0,B,Independent,1947.59,1795.68,136.33,233.71,159.64,562808,0.0,0,0.925,1.0,12,0,0,0,0.0649,New,0.0,1,1,Middle,562808,1000,4,0,Auto Debit,1,Online Search,4,675425,60009,682,1,1,12,1947.59,162.29916666666665,0.0,0.0,0.08333333333333333,1.0,1947.59,1.7315281792791266,new,0.0,97.38,0.1,5,0.7760414830858917,1480.17,2926.0607059010244,2926.0607059010244,1480.17,2926.0607059010244,0
501632,CUST001632,2021,2021-06-14,2021-10-31,Home,CA,A,92101,55.32,Y,Basic,Masonry,Shingle,2374,2,51,1,23,0,D,Direct,4857.14,4796.93,340.0,145.71,290.57,670458,0.0,0,0.962,1.0,12,1,0,1,0.06,New,0.0,1,1,Middle,670458,500,4,0,Auto Debit,3,Agent Referral,6,887000,76279,571,1,3,12,4857.14,404.7616666666667,0.0,0.0,0.08333333333333333,1.0,4857.14,0.9612369599256232,new,0.0,242.86,0.1,5,0.8510987809932126,4128.570000000001,10202.716374471396,10202.716374471396,4128.570000000001,10202.716374471396,1
501633,CUST001633,2021,2021-07-10,2022-01-31,Home,CA,A,94105,42.45,Y,Standard,Masonry,Shingle,2287,2,30,1,58,1,C,Broker,5651.76,5615.22,395.62,847.76,326.33,903734,0.0,0,1.03,1.0,12,1,0,0,0.0407,New,0.0,1,1,Low,903734,1000,4,0,Auto Debit,0,Agent Referral,6,927723,43001,667,1,0,12,5651.76,470.98,0.0,0.0,0.08333333333333333,1.0,5651.76,2.1166737889558784,new,0.0,282.59,0.1,5,0.8985955708698486,4125.79,11711.128810779801,11711.128810779801,4125.79,11711.128810779801,1
501634,CUST001634,2021,2021-10-25,2022-06-30,Home,CA,D,94105,64.73,N,Standard,Mixed,Shingle,1461,2,27,0,54,0,C,Broker,3067.53,3073.98,214.73,460.13,210.04,496681,43406.14,1,1.016,1.0,12,0,0,1,0.0761,New,41106.14,0,1,Middle,496681,2500,3,1,Auto Debit,4,Partner Referral,4,592113,63942,623,1,4,12,3067.53,255.62750000000003,0.08333333333333333,0.08333333333333333,0.0,1.0,3067.53,-2.5819427400248465,new,41106.14,153.38,0.1,5,0.35,-38866.85,-18078.71222028464,-18078.71222028464,-38866.85,-18078.71222028464,0
501635,CUST001635,2021,2021-08-03,2021-10-31,Home,WA,A,98101,29.43,N,Premium,Mixed,Tile,1605,2,38,1,53,2,D,Independent,2601.26,2365.61,182.09,312.15,189.06,544518,0.0,0,0.913,1.0,12,1,1,1,0.0957,New,0.0,1,1,Middle,544518,1000,5,0,Debit Card,9,Partner Referral,1,567589,60019,520,1,9,12,2601.26,216.77166666666668,0.0,0.0,0.08333333333333333,1.0,2601.26,-1.349636698134887,new,0.0,130.06,0.1,5,0.8542551745608168,1976.96,4931.059728506838,4931.059728506838,1976.96,4931.059728506838,0
501636,CUST001636,2021,2021-01-10,2021-10-31,Rental,FL,C,33601,66.93,N,Basic,Frame,Shingle,1277,2,33,1,46,0,D,Direct,1826.78,1797.08,155.28,54.8,154.21,183588,0.0,0,0.972,1.0,12,0,1,1,0.1106,New,0.0,1,1,Middle,183588,1000,4,0,Credit Card,7,Online Search,6,258893,67122,594,1,7,12,1826.78,152.23166666666665,0.0,0.0,0.08333333333333333,1.0,1826.78,-0.5793454787813836,new,0.0,91.34,0.1,5,0.7090777117863882,1525.3600000000001,2458.836269921515,2458.836269921515,1525.3600000000001,2458.836269921515,0
501637,CUST001637,2021,2021-07-23,2021-07-31,Home,CA,C,94105,48.46,Y,Premium,Frame,Tile,2347,2,34,1,50,0,C,Direct,5362.75,5525.42,375.39,160.88,313.32,1005425,40642.63,2,1.043,1.0,12,1,0,0,0.0967,New,36962.63,0,1,Middle,1005425,2000,3,1,Credit Card,2,Social Media,3,932680,76187,627,1,2,12,5362.75,446.8958333333333,0.16666666666666666,0.08333333333333333,0.0,1.0,5362.75,-1.8116515206713433,new,36962.63,268.14,0.1,5,0.44522119899421636,-32404.289999999997,-21794.181132191585,-21794.181132191585,-32404.289999999997,-21794.181132191585,0
501638,CUST001638,2021,2021-08-26,2022-04-30,Home,FL,B,32801,49.44,N,Standard,Masonry,Shingle,1671,1,21,0,72,0,A,Independent,2101.84,2189.51,178.66,252.22,166.58,362113,0.0,0,1.036,1.0,12,1,1,0,0.0953,New,0.0,1,1,Upper Middle,362113,1000,5,0,Credit Card,2,Online Search,7,421637,109665,738,1,2,12,2101.84,175.15333333333334,0.0,0.0,0.08333333333333333,1.0,2101.84,1.3463825696023748,new,0.0,105.09,0.1,5,0.8905819595071865,1565.8700000000001,4342.6569013224125,4342.6569013224125,1565.8700000000001,4342.6569013224125,0
501639,CUST001639,2021,2021-12-15,2022-03-31,Home,FL,C,32801,63.13,N,Basic,Masonry,Tile,2282,1,49,1,30,0,A,Online,2216.13,1948.68,188.37,44.32,171.73,364749,20620.83,2,0.908,1.0,12,0,1,0,0.1219,New,18780.83,0,1,Upper Middle,364749,1000,4,1,Credit Card,0,Social Media,2,528650,99913,784,1,0,12,2216.13,184.6775,0.16666666666666666,0.08333333333333333,0.0,1.0,2216.13,-1.0413603013178399,new,18780.83,110.81,0.1,5,0.35,-16908.2,-7864.760894258649,-7864.760894258649,-16908.2,-7864.760894258649,0
501640,CUST001640,2021,2021-04-09,2021-04-30,Home,CA,D,94105,49.5,N,Standard,Frame,Shingle,1712,1,41,1,44,0,B,Independent,3420.0,3287.52,239.4,410.4,225.9,638438,0.0,0,0.488,0.5,6,0,0,0,0.0678,New,0.0,1,1,Upper Middle,638438,1000,4,0,Credit Card,1,Online Search,7,738907,112318,698,1,1,6,3420.0,570.0,0.0,0.0,0.16666666666666666,1.0,3420.0,0.3726247590928944,new,0.0,171.0,0.1,5,0.8021562309324857,2599.2,5556.612831348903,5556.612831348903,2599.2,5556.612831348903,1
501641,CUST001641,2021,2021-05-01,2021-10-31,Home,TX,C,77001,39.66,N,Standard,Frame,Metal,2556,2,19,0,56,1,C,Broker,1375.7,1311.89,96.3,206.35,133.91,343388,0.0,0,0.964,1.0,12,0,1,0,0.1275,New,0.0,0,1,Middle,343388,5000,4,0,Debit Card,2,Social Media,6,409694,76245,646,1,2,12,1375.7,114.64166666666667,0.0,0.0,0.0,1.0,1375.7,-0.4175190593025818,new,0.0,68.79,0.1,5,0.7376523262632783,1004.2600000000002,1767.183297101219,1767.183297101219,1004.2600000000002,1767.183297101219,0
501642,CUST001642,2021,2021-03-20,2021-09-30,Condo,FL,B,33601,53.31,Y,Basic,Mixed,Shingle,1507,2,25,0,50,1,A,Broker,1742.18,1753.86,148.09,261.33,150.4,284232,0.0,0,0.505,0.5,6,0,1,0,0.0897,New,0.0,0,1,Upper Middle,284232,1000,4,0,Credit Card,3,Partner Referral,6,348237,119160,732,1,3,6,1742.18,290.36333333333334,0.0,0.0,0.0,1.0,1742.18,-3.9254697180705223,new,0.0,87.11,0.1,5,0.7842749842515973,1245.6500000000003,2524.172659321198,2524.172659321198,1245.6500000000003,2524.172659321198,0
501643,CUST001643,2021,2021-02-15,2021-06-30,Rental,TX,C,73301,37.11,N,Basic,Frame,Tile,700,1,36,1,36,1,B,Independent,450.0,439.32,31.5,54.0,92.25,90000,0.0,0,0.983,1.0,12,0,1,1,0.1243,New,0.0,1,1,Upper Middle,90000,5000,4,1,Bank Transfer,7,Aggregator,9,120000,116412,707,1,7,12,450.0,37.5,0.0,0.08333333333333333,0.08333333333333333,1.0,450.0,-1.9734779401501452,new,0.0,22.5,0.1,5,0.8841270979078066,342.0,930.8490960185118,930.8490960185118,342.0,930.8490960185118,0
501644,CUST001644,2021,2021-01-12,2021-11-30,Home,WA,B,98004,18.09,N,Basic,Masonry,Shingle,1950,1,24,1,48,1,C,Independent,1696.42,1778.08,118.75,203.57,148.34,450417,0.0,0,1.041,1.0,12,0,1,0,0.125,New,0.0,1,1,Upper Middle,450417,2500,4,0,Credit Card,2,Partner Referral,8,626695,118725,674,1,2,12,1696.42,141.36833333333334,0.0,0.0,0.08333333333333333,1.0,1696.42,1.3463825696023748,new,0.0,84.82,0.1,5,0.8062421718478044,1289.2800000000002,2790.040999165615,2790.040999165615,1289.2800000000002,2790.040999165615,0
501645,CUST001645,2021,2021-07-17,2021-08-31,Rental,CA,B,95814,59.69,N,Basic,Frame,Shingle,1899,1,18,0,63,0,B,Online,3397.65,3121.77,237.84,67.95,224.89,572070,14982.26,1,0.92,1.0,12,1,0,0,0.0834,New,14522.26,0,1,Middle,572070,500,4,2,Bank Transfer,3,Agent Referral,7,799089,80803,688,1,3,12,3397.65,283.1375,0.08333333333333333,0.16666666666666666,0.0,1.0,3397.65,-3.590929591716856,new,14522.26,169.88,0.1,5,0.4859804359680887,-11600.28,-9026.78032191566,-9026.78032191566,-11600.28,-9026.78032191566,0
501646,CUST001646,2021,2021-06-09,2021-08-31,Home,CA,B,90001,34.95,Y,Basic,Masonry,Metal,2523,2,24,1,44,0,B,Direct,3481.26,3513.81,243.69,104.44,228.66,827002,45652.48,2,0.977,1.0,12,1,0,0,0.1188,New,36452.48,0,1,Upper Middle,827002,5000,3,1,Bank Transfer,2,Agent Referral,7,1019134,97297,710,1,2,12,3481.26,290.105,0.16666666666666666,0.08333333333333333,0.0,1.0,3481.26,-1.8116515206713433,new,36452.48,174.06,0.1,5,0.4502434080174498,-33493.41,-22942.336416154587,-22942.336416154587,-33493.41,-22942.336416154587,0
501647,CUST001647,2021,2021-03-08,2022-01-31,Home,FL,B,33601,56.27,N,Standard,Mixed,Metal,1287,3,38,1,42,0,A,Broker,1440.26,1302.16,122.42,216.04,136.81,268775,0.0,0,0.907,1.0,12,0,0,0,0.0655,New,0.0,1,1,Low,268775,500,4,0,Bank Transfer,5,Agent Referral,1,332150,30864,735,1,5,12,1440.26,120.02166666666666,0.0,0.0,0.08333333333333333,1.0,1440.26,0.19094574057211977,new,0.0,72.01,0.1,5,0.7982783571697837,1029.79,2176.1517357700654,2176.1517357700654,1029.79,2176.1517357700654,0
501648,CUST001648,2021,2021-06-07,2021-08-31,Rental,CA,B,95814,51.8,N,Standard,Mixed,Tile,1488,1,45,1,28,0,C,Independent,2577.38,2396.06,180.42,309.29,187.98,457858,0.0,0,0.911,1.0,12,1,0,0,0.064,New,0.0,1,1,Middle,457858,1000,4,0,Auto Debit,1,Partner Referral,15,546302,54678,671,1,1,12,2577.38,214.78166666666667,0.0,0.0,0.08333333333333333,1.0,2577.38,1.7315281792791266,new,0.0,128.87,0.1,5,0.7797733239566097,1958.8000000000002,3915.9629855813255,3915.9629855813255,1958.8000000000002,3915.9629855813255,0
501649,CUST001649,2021,2021-08-04,2021-09-30,Home,WA,B,99201,26.98,Y,Standard,Mixed,Tile,1516,3,56,1,65,0,B,Independent,1430.5,1361.68,100.13,171.66,136.37,413060,0.0,0,0.97,1.0,12,1,0,0,0.0542,New,0.0,0,1,Middle,413060,1000,4,0,Credit Card,0,Online Search,9,419754,50414,707,1,0,12,1430.5,119.20833333333333,0.0,0.0,0.0,1.0,1430.5,0.3527721600509216,new,0.0,71.53,0.1,5,0.5815857322340681,1087.1799999999998,1169.2686101474148,1169.2686101474148,1087.1799999999998,1169.2686101474148,0
501650,CUST001650,2021,2021-09-08,2021-11-30,Home,TX,D,78701,26.05,N,Premium,Masonry,Shingle,1831,2,20,0,59,0,B,Direct,1043.87,1027.2,73.07,31.32,118.97,288824,0.0,0,0.992,1.0,12,1,0,0,0.062,New,0.0,1,1,Middle,288824,500,5,0,Auto Debit,3,Online Search,1,293153,73790,697,1,3,12,1043.87,86.98916666666666,0.0,0.0,0.08333333333333333,1.0,1043.87,0.9612369599256232,new,0.0,52.19,0.1,5,0.8648385306696033,887.29,2282.8595203348923,2282.8595203348923,887.29,2282.8595203348923,0
501651,CUST001651,2021,2021-08-22,2021-08-31,Rental,TX,C,79901,53.29,N,Standard,Frame,Shingle,1419,2,20,1,60,1,D,Broker,1219.86,1236.09,85.39,182.98,126.89,203468,0.0,0,1.008,1.0,12,1,0,1,0.0699,New,0.0,1,1,Middle,203468,1500,3,2,Auto Debit,3,Email Campaign,4,248233,55733,616,1,3,12,1219.86,101.65499999999999,0.0,0.16666666666666666,0.08333333333333333,1.0,1219.86,-1.8270279628118995,new,0.0,60.99,0.1,5,0.6659067770516683,890.4999999999998,1254.9802778927863,1254.9802778927863,890.4999999999998,1254.9802778927863,0
501652,CUST001652,2021,2021-08-21,2021-10-31,Home,TX,C,77001,21.51,N,Basic,Masonry,Metal,1887,3,26,1,48,2,D,Independent,932.24,902.26,65.26,111.87,113.95,195274,0.0,0,0.962,1.0,12,1,0,0,0.0522,New,0.0,1,1,Middle,195274,1000,3,0,Bank Transfer,0,Online Search,14,255702,80711,578,1,0,12,932.24,77.68666666666667,0.0,0.0,0.08333333333333333,1.0,932.24,2.1166737889558784,new,0.0,46.61,0.1,5,0.6497772059031628,708.5,948.9897997089633,948.9897997089633,708.5,948.9897997089633,0
501653,CUST001653,2021,2021-11-19,2022-04-30,Home,TX,D,73301,41.79,Y,Standard,Frame,Shingle,1950,3,18,0,47,1,B,Direct,1166.35,1172.97,81.64,34.99,124.49,290794,0.0,0,1.003,1.0,12,0,0,0,0.1044,New,0.0,0,1,Middle,290794,2000,4,0,Bank Transfer,1,Social Media,3,311852,71640,715,1,1,12,1166.35,97.19583333333333,0.0,0.0,0.0,1.0,1166.35,-0.03237344962583011,new,0.0,58.32,0.1,5,0.7265421495959735,991.3999999999997,1686.272829648184,1686.272829648184,991.3999999999997,1686.272829648184,0
501654,CUST001654,2021,2021-09-21,2022-06-30,Condo,CA,A,92101,51.76,Y,Standard,Masonry,Metal,1481,1,53,1,38,1,B,Online,2164.99,2209.49,151.55,43.3,169.42,452516,34925.61,1,1.007,1.0,12,1,0,0,0.116,New,30325.61,0,1,Upper Middle,452516,5000,4,0,Bank Transfer,1,Partner Referral,8,490518,91117,701,1,1,12,2164.99,180.41583333333332,0.08333333333333333,0.0,0.0,1.0,2164.99,-0.03237344962583011,new,30325.61,108.25,0.1,5,0.5087108363168829,-28463.72,-23970.50144007814,-23970.50144007814,-28463.72,-23970.50144007814,0
501655,CUST001655,2021,2021-10-03,2021-11-30,Rental,WA,B,98501,22.54,Y,Standard,Frame,Tile,1794,2,3,1,78,0,C,Independent,1992.33,1902.71,139.46,239.08,161.65,577956,74575.97,2,0.933,1.0,12,0,1,0,0.0892,New,72735.97,0,1,Middle,577956,1000,3,1,Credit Card,2,Agent Referral,6,591360,55396,655,1,2,12,1992.33,166.0275,0.16666666666666666,0.08333333333333333,0.0,1.0,1992.33,-1.8116515206713433,new,72735.97,99.62,0.1,5,0.35,-71221.8,-33128.4481765481,-33128.4481765481,-71221.8,-33128.4481765481,0
501656,CUST001656,2021,2021-07-22,2022-04-30,Rental,FL,D,33101,54.36,N,Premium,Frame,Tile,2289,2,0,1,38,0,B,Broker,3134.62,3109.59,266.44,470.19,213.06,485711,0.0,0,0.993,1.0,12,1,0,0,0.0401,New,0.0,1,1,Middle,485711,1000,4,0,Credit Card,3,Agent Referral,13,493125,68352,710,1,3,12,3134.62,261.2183333333333,0.0,0.0,0.08333333333333333,1.0,3134.62,0.9612369599256232,new,0.0,156.73,0.1,5,0.8019621354020325,2241.2599999999998,4788.627697661555,4788.627697661555,2241.2599999999998,4788.627697661555,0
501657,CUST001657,2021,2021-06-24,2021-06-30,Condo,FL,B,33101,49.68,Y,Standard,Masonry,Shingle,1509,2,13,1,33,1,D,Online,2677.38,2767.19,227.58,53.55,192.48,314577,0.0,0,1.026,1.0,12,1,1,1,0.1142,New,0.0,1,1,Middle,314577,1000,2,2,Credit Card,12,Agent Referral,7,316194,55644,615,1,12,12,2677.38,223.115,0.0,0.16666666666666666,0.08333333333333333,1.0,2677.38,-5.293338449902665,new,0.0,133.87,0.1,5,0.6371439228757086,2262.38,2911.236289767005,2911.236289767005,2262.38,2911.236289767005,0
501658,CUST001658,2021,2021-04-01,2021-09-30,Home,FL,A,33301,46.58,Y,Premium,Masonry,Tile,1039,3,16,1,60,0,C,Broker,2033.17,1874.77,172.82,304.98,163.49,300165,0.0,0,0.903,1.0,12,0,1,1,0.1119,New,0.0,1,1,Upper Middle,300165,2000,5,0,Auto Debit,2,Email Campaign,5,280206,115978,651,1,2,12,2033.17,169.43083333333334,0.0,0.0,0.08333333333333333,1.0,2033.17,1.3463825696023748,new,0.0,101.66,0.1,5,0.8827822697622753,1453.71,3941.2287820420233,3941.2287820420233,1453.71,3941.2287820420233,0
501659,CUST001659,2021,2021-09-01,2022-06-30,Home,TX,B,77001,30.84,Y,Standard,Masonry,Shingle,3021,2,34,1,53,1,C,Direct,2116.71,1724.31,148.17,63.5,167.25,462906,0.0,0,0.82,1.0,12,1,0,0,0.0699,New,0.0,1,1,Upper Middle,462906,1000,3,1,Bank Transfer,5,Agent Referral,1,479400,102862,639,1,5,12,2116.71,176.3925,0.0,0.08333333333333333,0.08333333333333333,1.0,2116.71,-1.2031867207966416,new,0.0,105.84,0.1,5,0.759640525788821,1799.2,3384.8873806125066,3384.8873806125066,1799.2,3384.8873806125066,0
501660,CUST001660,2021,2021-10-05,2022-06-30,Rental,CA,B,95814,60.57,Y,Basic,Frame,Shingle,1888,2,55,1,50,1,D,Independent,3608.11,3385.45,252.57,432.97,234.37,516307,0.0,0,0.961,1.0,12,0,1,0,0.1387,New,0.0,1,1,Middle,516307,2000,4,0,Credit Card,1,Partner Referral,11,658326,55984,553,1,1,12,3608.11,300.67583333333334,0.0,0.0,0.08333333333333333,1.0,3608.11,1.7315281792791266,new,0.0,180.41,0.1,5,0.788136594216957,2742.16,5621.445724821953,5621.445724821953,2742.16,5621.445724821953,1
501661,CUST001661,2021,2021-03-09,2021-09-30,Rental,CA,B,95814,40.51,Y,Standard,Frame,Tile,1576,1,20,0,55,0,A,Online,2900.83,2735.86,203.06,58.02,202.54,679228,34663.92,2,0.943,1.0,12,0,0,0,0.0657,New,32823.92,0,1,High,679228,1000,3,2,Auto Debit,0,Partner Referral,10,695546,155445,797,1,0,12,2900.83,241.73583333333332,0.16666666666666666,0.16666666666666666,0.0,1.0,2900.83,-2.435492762686601,new,32823.92,145.04,0.1,5,0.35,-30329.21,-14107.473578604366,-14107.473578604366,-30329.21,-14107.473578604366,0
501662,CUST001662,2021,2021-12-21,2022-02-28,Condo,TX,C,77001,23.29,N,Premium,Masonry,Tile,1310,1,16,1,52,1,D,Online,717.6,673.54,50.23,14.35,104.29,155221,0.0,0,0.961,1.0,12,0,0,0,0.0824,New,0.0,1,1,Low,155221,1000,5,0,Credit Card,2,Partner Referral,1,161167,31188,605,1,2,12,717.6,59.800000000000004,0.0,0.0,0.08333333333333333,1.0,717.6,1.3463825696023748,new,0.0,35.88,0.1,5,0.9128390546253923,617.14,1825.3773986829005,1825.3773986829005,617.14,1825.3773986829005,0
501663,CUST001663,2021,2021-08-05,2022-01-31,Home,FL,A,33301,55.96,N,Basic,Frame,Metal,2762,1,23,1,39,0,B,Direct,2849.27,2719.49,242.19,85.48,200.22,470891,0.0,0,0.968,1.0,12,1,0,0,0.1024,New,0.0,1,1,Upper Middle,470891,2000,5,0,Debit Card,3,Agent Referral,1,672282,115153,726,1,3,12,2849.27,237.43916666666667,0.0,0.0,0.08333333333333333,1.0,2849.27,0.9612369599256232,new,0.0,142.46,0.1,5,0.7034233095488324,2379.14,3768.7088042586215,3768.7088042586215,2379.14,3768.7088042586215,0
501664,CUST001664,2021,2021-11-09,2022-02-28,Condo,FL,C,33101,36.86,N,Basic,Masonry,Metal,1116,1,7,0,54,0,B,Independent,801.71,810.48,68.15,96.2,108.08,168320,0.0,0,1.002,1.0,12,0,1,0,0.1293,New,0.0,0,1,Upper Middle,168320,2000,4,0,Bank Transfer,3,Online Search,7,239866,113383,696,1,3,12,801.71,66.80916666666667,0.0,0.0,0.0,1.0,801.71,-0.8026646689793335,new,0.0,40.09,0.1,5,0.7141925871911061,597.27,978.0802242326996,978.0802242326996,597.27,978.0802242326996,0
501665,CUST001665,2021,2021-07-10,2021-08-31,Home,TX,D,73301,9.81,N,Standard,Masonry,Metal,1825,1,35,1,49,1,C,Independent,771.48,756.18,54.0,92.58,106.72,227621,0.0,0,0.968,1.0,12,1,1,1,0.1243,New,0.0,1,1,Upper Middle,227621,5000,4,0,Credit Card,6,Aggregator,10,261994,94565,639,1,6,12,771.48,64.29,0.0,0.0,0.08333333333333333,1.0,771.48,-0.19419986910463183,new,0.0,38.57,0.1,5,0.8647135922560714,586.3299999999999,1507.9847239922087,1507.9847239922087,586.3299999999999,1507.9847239922087,0
501666,CUST001666,2021,2021-05-18,2022-01-31,Home,TX,A,73301,43.89,Y,Standard,Masonry,Shingle,2243,1,39,1,46,0,C,Broker,1802.85,1726.1,126.2,270.43,153.13,358867,0.0,0,0.999,1.0,12,0,1,0,0.1053,New,0.0,1,1,Upper Middle,358867,1500,4,0,Debit Card,4,Agent Referral,13,372058,98424,666,1,4,12,1802.85,150.23749999999998,0.0,0.0,0.08333333333333333,1.0,1802.85,0.5760913502488715,new,0.0,90.14,0.1,5,0.7908136601542964,1316.0799999999997,2719.7080393908627,2719.7080393908627,1316.0799999999997,2719.7080393908627,0
501667,CUST001667,2021,2021-11-08,2022-04-30,Condo,TX,B,79901,37.92,N,Basic,Mixed,Shingle,1366,1,29,1,23,0,D,Online,784.46,775.27,54.91,15.69,107.3,143973,0.0,0,0.98,1.0,12,0,0,0,0.0877,New,0.0,0,1,Middle,143973,1000,4,0,Bank Transfer,3,Online Search,1,209987,61712,613,1,3,12,784.46,65.37166666666667,0.0,0.0,0.0,1.0,784.46,-0.8026646689793335,new,0.0,39.22,0.1,5,0.6477949258203294,674.64,897.9845001206216,897.9845001206216,674.64,897.9845001206216,0
501668,CUST001668,2021,2021-05-24,2021-06-30,Home,WA,D,98101,32.57,N,Basic,Mixed,Shingle,1230,1,33,0,45,0,C,Direct,1186.03,1155.92,83.02,35.58,125.37,291150,0.0,0,0.975,1.0,12,0,0,1,0.0846,New,0.0,0,1,Middle,291150,1000,4,0,Auto Debit,8,Aggregator,4,404895,55344,662,1,8,12,1186.03,98.83583333333333,0.0,0.0,0.0,1.0,1186.03,-2.728392717363092,new,0.0,59.3,0.1,5,0.705982392597756,1008.1300000000001,1609.6220243690284,1609.6220243690284,1008.1300000000001,1609.6220243690284,0
501669,CUST001669,2021,2021-08-06,2022-01-31,Home,FL,D,33601,35.06,N,Standard,Masonry,Metal,1758,1,9,1,34,0,D,Broker,2714.77,2535.65,230.76,407.21,194.16,357399,0.0,0,0.947,1.0,12,1,0,1,0.0645,New,0.0,0,1,Middle,357399,500,3,0,Debit Card,8,Agent Referral,10,445392,64100,613,1,8,12,2714.77,226.23083333333332,0.0,0.0,0.0,1.0,2714.77,-2.728392717363092,new,0.0,135.74,0.1,5,0.7767803742841168,1941.0600000000002,3845.7120662260063,3845.7120662260063,1941.0600000000002,3845.7120662260063,0
501670,CUST001670,2021,2021-07-10,2021-09-30,Home,TX,C,73301,41.38,N,Standard,Masonry,Shingle,1443,2,37,1,43,0,C,Direct,847.02,900.65,59.29,25.41,110.12,183745,0.0,0,1.049,1.0,12,1,0,0,0.1104,New,0.0,1,1,Low,183745,2000,4,0,Credit Card,1,Social Media,11,216737,33042,621,1,1,12,847.02,70.585,0.0,0.0,0.08333333333333333,1.0,847.02,1.7315281792791266,new,0.0,42.35,0.1,5,0.7809392312765712,719.97,1444.3924780628495,1444.3924780628495,719.97,1444.3924780628495,0
501671,CUST001671,2021,2021-04-19,2021-09-30,Home,CA,A,95814,54.24,N,Premium,Frame,Shingle,2633,1,21,0,68,0,B,Independent,5802.59,5822.14,406.18,696.31,333.12,1187301,0.0,0,1.026,1.0,12,0,1,0,0.0855,New,0.0,1,1,Middle,1187301,500,4,0,Auto Debit,0,Email Campaign,13,1250191,75707,683,1,0,12,5802.59,483.5491666666667,0.0,0.0,0.08333333333333333,1.0,5802.59,2.1166737889558784,new,0.0,290.13,0.1,5,0.907450521762097,4409.97,12842.522178941403,12842.522178941403,4409.97,12842.522178941403,1
501672,CUST001672,2021,2021-03-17,2021-03-31,Rental,CA,A,90001,50.27,N,Basic,Masonry,Tile,1413,1,34,1,43,0,B,Independent,1961.09,1916.22,137.28,235.33,160.25,402434,0.0,0,0.49,0.5,6,0,0,0,0.0987,New,0.0,1,1,Middle,402434,5000,5,0,Auto Debit,0,Social Media,2,546044,64855,723,1,0,6,1961.09,326.8483333333333,0.0,0.0,0.16666666666666666,1.0,1961.09,0.7577703687696461,new,0.0,98.05,0.1,5,0.8519905363594276,1490.43,3692.8838349050334,3692.8838349050334,1490.43,3692.8838349050334,0
501673,CUST001673,2021,2021-04-24,2021-11-30,Home,TX,B,73301,36.79,N,Premium,Masonry,Shingle,1620,2,42,1,44,3,D,Broker,1309.86,1275.41,91.69,196.48,130.94,224321,1978.51,1,0.964,1.0,12,0,0,1,0.0411,New,1518.51,0,1,Middle,224321,500,4,1,Auto Debit,0,Online Search,5,224512,71606,572,1,0,12,1309.86,109.15499999999999,0.08333333333333333,0.08333333333333333,0.0,1.0,1309.86,-1.0413603013178399,new,1518.51,65.49,0.1,5,0.6473367973910824,-562.3100000000001,-747.3816630030824,-747.3816630030824,-562.3100000000001,-747.3816630030824,0
501674,CUST001674,2021,2021-03-21,2021-05-31,Home,WA,D,99201,24.63,Y,Standard,Mixed,Tile,1671,3,38,1,46,0,C,Broker,1811.81,1643.63,126.83,271.77,153.53,551659,0.0,0,0.917,1.0,12,0,1,0,0.1044,New,0.0,0,1,Middle,551659,1000,4,0,Credit Card,0,Agent Referral,5,563309,64618,651,1,0,12,1811.81,150.98416666666665,0.0,0.0,0.0,1.0,1811.81,0.3527721600509216,new,0.0,90.59,0.1,5,0.7744630415063691,1322.6200000000001,2602.2094813343256,2602.2094813343256,1322.6200000000001,2602.2094813343256,0
501675,CUST001675,2021,2021-02-21,2021-07-31,Home,NY,A,11201,38.57,N,Standard,Frame,Shingle,2145,2,28,0,37,0,B,Independent,3344.12,3102.27,234.09,401.29,222.49,854981,0.0,0,0.933,1.0,12,0,0,0,0.0818,New,0.0,1,1,Upper Middle,854981,2000,4,0,Debit Card,1,Online Search,5,974917,126256,716,1,1,12,3344.12,278.6766666666667,0.0,0.0,0.08333333333333333,1.0,3344.12,1.7315281792791266,new,0.0,167.21,0.1,5,0.7557484671307162,2541.5299999999997,4725.395995850373,4725.395995850373,2541.5299999999997,4725.395995850373,0
501676,CUST001676,2021,2021-03-08,2021-10-31,Home,CA,B,90001,56.38,N,Basic,Frame,Shingle,1795,2,60,1,59,0,D,Independent,3546.55,3197.46,248.26,425.59,231.59,480032,31037.58,1,0.446,0.5,6,0,0,0,0.089,New,26437.58,1,1,Low,480032,5000,4,0,Debit Card,1,Aggregator,8,676560,38105,540,1,1,6,3546.55,591.0916666666667,0.16666666666666666,0.0,0.16666666666666666,1.0,3546.55,0.3726247590928944,new,26437.58,177.33,0.1,5,0.7045019009035594,-23742.210000000003,-37734.7804335264,-37734.7804335264,-23742.210000000003,-37734.7804335264,0
501677,CUST001677,2021,2021-05-22,2021-06-30,Home,NY,B,12207,27.17,N,Standard,Masonry,Shingle,2113,2,14,1,50,0,C,Broker,2613.69,2552.26,182.96,392.05,189.62,704418,0.0,0,0.988,1.0,12,0,1,0,0.1292,New,0.0,1,1,Upper Middle,704418,2500,4,0,Credit Card,1,Email Campaign,9,914713,97187,632,1,1,12,2613.69,217.8075,0.0,0.0,0.08333333333333333,1.0,2613.69,1.7315281792791266,new,0.0,130.68,0.1,5,0.8093850292214846,1908.0,4167.812252821182,4167.812252821182,1908.0,4167.812252821182,0
501678,CUST001678,2021,2021-07-21,2022-05-31,Rental,NY,B,14604,35.82,Y,Basic,Frame,Tile,1470,1,34,1,23,0,C,Independent,2282.92,2207.47,159.8,273.95,174.73,507659,0.0,0,0.485,0.5,6,1,0,0,0.065,New,0.0,1,1,Middle,507659,1000,4,0,Auto Debit,1,Agent Referral,1,655677,57973,652,1,1,6,2282.92,380.4866666666667,0.0,0.0,0.16666666666666666,1.0,2282.92,0.3726247590928944,new,0.0,114.15,0.1,5,0.8585468679408224,1735.0199999999998,4382.4294474364315,4382.4294474364315,1735.0199999999998,4382.4294474364315,0
501679,CUST001679,2021,2021-12-27,2022-06-30,Home,TX,D,73301,29.67,N,Premium,Masonry,Tile,1922,1,40,0,66,0,B,Independent,965.45,848.62,67.58,115.85,115.45,281760,0.0,0,0.89,1.0,12,0,0,0,0.0801,New,0.0,1,1,Middle,281760,2000,4,0,Credit Card,3,Partner Referral,8,281639,63820,693,1,3,12,965.45,80.45416666666667,0.0,0.0,0.08333333333333333,1.0,965.45,0.9612369599256232,new,0.0,48.27,0.1,5,0.723521931662151,733.75,1236.5309910666922,1236.5309910666922,733.75,1236.5309910666922,0
501680,CUST001680,2021,2021-08-18,2021-08-31,Home,WA,C,98501,24.75,Y,Basic,Masonry,Tile,1615,2,42,0,60,0,A,Online,1179.36,1114.36,82.56,23.59,125.07,466199,0.0,0,0.937,1.0,12,1,1,0,0.1297,New,0.0,1,1,Upper Middle,466199,1500,5,0,Credit Card,2,Social Media,6,546774,107950,786,1,2,12,1179.36,98.27999999999999,0.0,0.0,0.08333333333333333,1.0,1179.36,1.3463825696023748,new,0.0,58.97,0.1,5,0.947624654162693,1014.24,3314.7536070068036,3314.7536070068036,1014.24,3314.7536070068036,0
501681,CUST001681,2021,2021-11-04,2022-09-30,Home,CA,B,90001,51.78,Y,Standard,Frame,Tile,1642,2,37,1,32,0,D,Online,4369.48,4590.95,305.86,87.39,268.63,660353,12447.1,1,1.039,1.0,12,0,0,0,0.1042,New,7847.1,0,1,Middle,660353,5000,4,0,Credit Card,2,Agent Referral,2,680767,55087,608,1,2,12,4369.48,364.1233333333333,0.08333333333333333,0.0,0.0,1.0,4369.48,-0.4175190593025818,new,7847.1,218.47,0.1,5,0.6305552425413666,-4089.3400000000006,-5152.802961158064,-5152.802961158064,-4089.3400000000006,-5152.802961158064,0
501682,CUST001682,2021,2021-05-22,2021-12-31,Home,CA,A,95814,54.78,Y,Standard,Masonry,Shingle,1221,2,37,1,57,0,C,Independent,2824.83,2615.92,197.74,338.98,199.12,464582,32607.05,1,0.911,1.0,12,0,0,1,0.068,New,31687.05,0,1,Upper Middle,464582,1000,4,0,Debit Card,5,Partner Referral,11,480248,99125,630,1,5,12,2824.83,235.4025,0.08333333333333333,0.0,0.0,1.0,2824.83,-1.572955888332837,new,31687.05,141.24,0.1,5,0.551394283300875,-29540.180000000004,-28750.68981787897,-28750.68981787897,-29540.180000000004,-28750.68981787897,0
501683,CUST001683,2021,2021-07-02,2021-12-31,Home,FL,B,33101,42.47,Y,Premium,Mixed,Metal,2643,2,31,1,64,0,C,Online,5098.03,4719.01,433.33,101.96,301.41,761897,0.0,0,0.941,1.0,12,1,0,1,0.0785,New,0.0,1,1,Low,761897,1000,4,0,Credit Card,10,Email Campaign,10,704657,32204,639,1,10,12,5098.03,424.8358333333333,0.0,0.0,0.08333333333333333,1.0,5098.03,-1.734782307811639,new,0.0,254.9,0.1,5,0.832628854969305,4307.84,10081.757053433337,10081.757053433337,4307.84,10081.757053433337,1
501684,CUST001684,2021,2021-08-15,2022-04-30,Condo,CA,A,94105,58.14,N,Basic,Mixed,Shingle,1081,1,20,0,43,1,D,Independent,2189.75,2112.97,153.28,262.77,170.54,294894,0.0,0,0.97,1.0,12,1,0,0,0.0587,New,0.0,1,1,Upper Middle,294894,1000,4,0,Credit Card,3,Agent Referral,8,427380,101175,587,1,3,12,2189.75,182.47916666666666,0.0,0.0,0.08333333333333333,1.0,2189.75,0.9612369599256232,new,0.0,109.49,0.1,5,0.8249571575932978,1664.21,3807.3721826081487,3807.3721826081487,1664.21,3807.3721826081487,0
501685,CUST001685,2021,2021-06-04,2022-01-31,Condo,FL,D,32801,54.6,Y,Standard,Frame,Tile,1650,1,20,1,32,1,C,Broker,3085.59,3178.52,262.28,462.84,210.85,425068,0.0,0,0.98,1.0,12,1,0,0,0.0727,New,0.0,1,1,Middle,425068,2000,4,0,Auto Debit,1,Aggregator,5,448082,65513,637,1,1,12,3085.59,257.1325,0.0,0.0,0.08333333333333333,1.0,3085.59,1.7315281792791266,new,0.0,154.28,0.1,5,0.819992470954346,2206.19,4973.5533591348985,4973.5533591348985,2206.19,4973.5533591348985,0
501686,CUST001686,2021,2021-05-07,2021-05-31,Rental,CA,B,90001,59.39,Y,Premium,Mixed,Shingle,1875,1,37,1,46,0,B,Broker,4957.37,5253.19,347.02,743.61,295.08,860940,0.0,0,1.039,1.0,12,0,1,0,0.1007,New,0.0,1,1,Upper Middle,860940,500,5,1,Credit Card,4,Email Campaign,3,802162,98866,682,1,4,12,4957.37,413.1141666666667,0.0,0.08333333333333333,0.08333333333333333,1.0,4957.37,-0.81804111111989,new,0.0,247.87,0.1,5,0.9012960566746251,3618.8700000000003,10352.850622391035,10352.850622391035,3618.8700000000003,10352.850622391035,1
501687,CUST001687,2021,2021-12-06,2021-12-31,Home,TX,C,78701,41.72,Y,Standard,Mixed,Metal,2320,2,26,0,49,0,B,Independent,1223.38,1161.52,85.64,146.81,127.05,321147,0.0,0,0.976,1.0,12,0,0,0,0.0677,New,0.0,1,1,Middle,321147,1000,4,0,Auto Debit,0,Agent Referral,1,346994,53818,689,1,0,12,1223.38,101.94833333333334,0.0,0.0,0.08333333333333333,1.0,1223.38,2.1166737889558784,new,0.0,61.17,0.1,5,0.705982392597756,929.7600000000001,1484.4932433092436,1484.4932433092436,929.7600000000001,1484.4932433092436,0
501688,CUST001688,2021,2021-11-07,2022-05-31,Home,TX,B,77001,42.9,N,Basic,Mixed,Shingle,2622,3,23,1,43,0,D,Independent,1477.08,1377.4,103.4,177.25,138.47,272473,0.0,0,0.946,1.0,12,0,0,0,0.0659,New,0.0,0,1,Middle,272473,1500,3,0,Bank Transfer,3,Social Media,6,389093,54718,610,1,3,12,1477.08,123.08999999999999,0.0,0.0,0.0,1.0,1477.08,-0.8026646689793335,new,0.0,73.85,0.1,5,0.6541913814391292,1122.58,1524.7477135896365,1524.7477135896365,1122.58,1524.7477135896365,0
501689,CUST001689,2021,2021-07-25,2021-07-31,Home,CA,C,94105,42.45,N,Standard,Frame,Metal,2664,1,16,1,49,0,B,Broker,4562.16,4840.31,319.35,684.32,277.3,1047586,114044.23,2,0.529,0.5,6,1,1,0,0.0918,New,111284.23,0,1,High,1047586,1500,3,0,Auto Debit,0,Social Media,11,1220849,171944,709,1,0,6,4562.16,760.36,0.3333333333333333,0.0,0.0,1.0,4562.16,-2.7700328890402672,new,111284.23,228.11,0.1,5,0.35,-107953.85,-50214.16932995019,-50214.16932995019,-107953.85,-50214.16932995019,0
501690,CUST001690,2021,2021-12-14,2022-03-31,Condo,CA,A,92101,62.82,N,Premium,Frame,Shingle,1714,1,13,0,62,0,A,Independent,2921.17,3098.39,204.48,350.54,203.45,642918,48538.24,1,1.05,1.0,12,0,1,0,0.1314,New,43938.24,0,1,Upper Middle,642918,5000,4,1,Debit Card,0,Agent Referral,9,699978,134357,766,1,0,12,2921.17,243.43083333333334,0.08333333333333333,0.08333333333333333,0.0,1.0,2921.17,-1.0413603013178399,new,43938.24,146.06,0.1,5,0.45151264310826594,-41718.15,-28708.037202434232,-28708.037202434232,-41718.15,-28708.037202434232,0
501691,CUST001691,2021,2021-03-22,2021-05-31,Home,NY,C,10001,29.09,Y,Standard,Mixed,Tile,2201,3,15,1,61,0,B,Direct,3182.19,3209.22,222.75,95.47,215.2,1011601,85497.8,1,0.502,0.5,6,0,0,0,0.0849,New,84577.8,0,1,Middle,1011601,1000,3,1,Auto Debit,2,Partner Referral,9,1018124,69440,692,1,2,6,3182.19,530.365,0.16666666666666666,0.16666666666666666,0.0,1.0,3182.19,-6.328589031131294,new,84577.8,159.11,0.1,5,0.35,-81872.94,-38082.77030139132,-38082.77030139132,-81872.94,-38082.77030139132,0
501692,CUST001692,2021,2021-01-21,2021-09-30,Home,CA,B,95814,30.74,N,Premium,Masonry,Tile,1223,2,16,1,52,1,B,Independent,2056.11,2025.1,143.93,246.73,164.52,463825,0.0,0,1.016,1.0,12,0,0,0,0.0555,New,0.0,1,1,Middle,463825,500,4,0,Debit Card,3,Partner Referral,5,494436,53526,712,1,3,12,2056.11,171.3425,0.0,0.0,0.08333333333333333,1.0,2056.11,0.9612369599256232,new,0.0,102.81,0.1,5,0.7930391073572307,1562.64,3250.8239812136835,3250.8239812136835,1562.64,3250.8239812136835,0
501693,CUST001693,2021,2021-03-22,2021-04-30,Home,CA,B,90001,43.02,N,Premium,Frame,Tile,2125,1,23,1,49,0,D,Direct,5389.68,5871.2,377.28,161.69,314.54,924276,0.0,0,1.036,1.0,12,0,0,1,0.0855,New,0.0,1,1,Low,924276,500,3,1,Credit Card,11,Email Campaign,1,905674,44917,618,1,11,12,5389.68,449.14000000000004,0.0,0.08333333333333333,0.08333333333333333,1.0,5389.68,-3.5140603788571516,new,0.0,269.48,0.1,5,0.7899453511419138,4581.230000000001,9442.612024054262,9442.612024054262,4581.230000000001,9442.612024054262,1
501694,CUST001694,2021,2021-11-06,2022-09-30,Condo,CA,C,90001,43.21,N,Standard,Mixed,Tile,1226,2,5,1,50,0,D,Independent,2834.94,3046.46,198.45,340.19,199.57,488458,0.0,0,1.03,1.0,12,0,0,0,0.0684,New,0.0,1,1,Low,488458,500,5,0,Auto Debit,1,Email Campaign,10,553481,38325,602,1,1,12,2834.94,236.245,0.0,0.0,0.08333333333333333,1.0,2834.94,1.7315281792791266,new,0.0,141.75,0.1,5,0.8544152051381164,2154.55,5376.5412727911535,5376.5412727911535,2154.55,5376.5412727911535,1
501695,CUST001695,2021,2021-11-18,2021-12-31,Home,FL,A,33601,55.66,Y,Basic,Frame,Tile,1832,3,13,1,50,0,D,Broker,2472.69,2228.88,210.18,370.9,183.27,313066,0.0,0,0.899,1.0,12,0,1,1,0.0947,New,0.0,1,1,Low,313066,1500,4,0,Debit Card,3,Aggregator,6,365820,46723,605,1,3,12,2472.69,206.0575,0.0,0.0,0.08333333333333333,1.0,2472.69,0.9612369599256232,new,0.0,123.63,0.1,5,0.8149593230396958,1767.98,3926.5336314686806,3926.5336314686806,1767.98,3926.5336314686806,0
501696,CUST001696,2021,2021-01-15,2021-09-30,Condo,CA,C,95814,44.03,Y,Standard,Frame,Metal,1215,2,39,1,50,0,B,Broker,2113.18,2000.7,147.92,316.98,167.09,436494,0.0,0,0.981,1.0,12,0,0,0,0.0422,New,0.0,1,1,Middle,436494,500,5,0,Credit Card,1,Email Campaign,6,464554,57955,722,1,1,12,2113.18,176.09833333333333,0.0,0.0,0.08333333333333333,1.0,2113.18,1.7315281792791266,new,0.0,105.66,0.1,5,0.8552305599094413,1542.6199999999997,3858.7329135523605,3858.7329135523605,1542.6199999999997,3858.7329135523605,0
501697,CUST001697,2021,2021-02-08,2021-07-31,Rental,WA,B,98101,17.93,Y,Basic,Masonry,Metal,1223,2,48,1,40,0,B,Independent,863.1,883.66,60.42,103.57,110.84,262643,13212.04,1,0.507,0.5,6,0,1,0,0.0806,New,11832.04,1,1,Upper Middle,262643,1500,4,1,Debit Card,1,Partner Referral,5,329555,148990,718,1,1,6,863.1,143.85,0.16666666666666666,0.16666666666666666,0.16666666666666666,1.0,863.1,-2.4156401636446283,new,11832.04,43.16,0.1,5,0.6224184423708083,-11176.09,-13720.641425371565,-13720.641425371565,-11176.09,-13720.641425371565,0
501698,CUST001698,2021,2021-10-24,2021-11-30,Condo,TX,D,73301,24.67,N,Premium,Frame,Metal,1252,1,26,1,53,1,C,Independent,682.96,652.84,47.81,81.96,102.73,177213,0.0,0,0.969,1.0,12,0,0,0,0.0494,New,0.0,1,1,Low,177213,1000,4,0,Auto Debit,2,Online Search,1,195975,30644,665,1,2,12,682.96,56.913333333333334,0.0,0.0,0.08333333333333333,1.0,682.96,1.3463825696023748,new,0.0,34.15,0.1,5,0.8122540536009248,519.0400000000001,1143.5077577808263,1143.5077577808263,519.0400000000001,1143.5077577808263,0
501699,CUST001699,2021,2021-02-10,2021-02-28,Home,TX,C,77001,31.52,Y,Basic,Frame,Metal,1656,2,0,0,64,0,C,Direct,719.34,652.24,50.35,21.58,104.37,201784,0.0,0,0.92,1.0,12,0,1,1,0.119,New,0.0,1,1,High,201784,1500,5,1,Auto Debit,2,Partner Referral,3,246198,196149,678,1,2,12,719.34,59.945,0.0,0.08333333333333333,0.08333333333333333,1.0,719.34,-0.047749891766386554,new,0.0,35.97,0.1,5,0.8936041156517638,611.4399999999999,1710.6550268656706,1710.6550268656706,611.4399999999999,1710.6550268656706,0
501700,CUST001700,2021,2021-01-14,2021-08-31,Home,TX,B,79901,42.04,N,Standard,Mixed,Shingle,2562,2,44,0,68,1,A,Online,1527.27,1461.59,106.91,30.55,140.73,363358,0.0,0,0.969,1.0,12,0,0,0,0.0761,New,0.0,1,1,Middle,363358,1000,4,0,Auto Debit,0,Social Media,1,408903,85483,749,1,0,12,1527.27,127.2725,0.0,0.0,0.08333333333333333,1.0,1527.27,2.1166737889558784,new,0.0,76.36,0.1,5,0.7325823705518199,1313.45,2275.7398712424806,2275.7398712424806,1313.45,2275.7398712424806,0
501701,CUST001701,2021,2021-08-09,2022-06-30,Home,NY,D,14604,23.04,N,Premium,Mixed,Tile,1263,2,47,0,59,0,C,Independent,2145.5,1952.87,150.18,257.46,168.55,533745,0.0,0,0.458,0.5,6,1,0,0,0.053,New,0.0,0,1,Upper Middle,533745,500,4,0,Auto Debit,1,Online Search,6,563348,102630,624,1,1,6,2145.5,357.5833333333333,0.0,0.0,0.0,1.0,2145.5,-3.155178498717019,new,0.0,107.28,0.1,5,0.7682036202117928,1630.58,3148.118652448543,3148.118652448543,1630.58,3148.118652448543,0
501702,CUST001702,2021,2021-10-10,2022-04-30,Condo,CA,A,95814,61.59,Y,Standard,Mixed,Shingle,925,1,48,0,75,0,A,Online,1495.77,1510.24,104.7,29.92,139.31,311656,0.0,0,1.001,1.0,12,0,1,0,0.1109,New,0.0,1,1,Middle,311656,1000,4,0,Debit Card,1,Agent Referral,5,327084,75591,742,1,1,12,1495.77,124.6475,0.0,0.0,0.08333333333333333,1.0,1495.77,1.7315281792791266,new,0.0,74.79,0.1,5,0.7203932232390614,1286.36,2147.0791654719596,2147.0791654719596,1286.36,2147.0791654719596,0
501703,CUST001703,2021,2021-10-23,2021-11-30,Home,WA,C,98004,35.95,N,Standard,Mixed,Tile,1373,2,37,1,49,0,A,Broker,1173.88,1129.86,82.17,176.08,124.82,418233,13378.88,2,0.953,1.0,12,0,1,0,0.1299,New,9698.88,1,1,Low,418233,2000,4,1,Auto Debit,2,Agent Referral,7,512494,28288,762,1,2,12,1173.88,97.82333333333334,0.16666666666666666,0.08333333333333333,0.08333333333333333,1.0,1173.88,-0.047749891766386554,new,9698.88,58.69,0.1,5,0.35,-8841.94,-4112.782196885613,-4112.782196885613,-8841.94,-4112.782196885613,0
501704,CUST001704,2021,2021-05-05,2021-07-31,Home,CA,D,90001,52.77,N,Standard,Frame,Shingle,1559,1,43,1,29,0,A,Direct,2423.56,2360.68,169.65,72.71,181.06,565348,0.0,0,1.001,1.0,12,0,1,0,0.1183,New,0.0,1,1,Upper Middle,565348,1000,5,0,Auto Debit,2,Online Search,4,680443,91880,740,1,2,12,2423.56,201.96333333333334,0.0,0.0,0.08333333333333333,1.0,2423.56,1.3463825696023748,new,0.0,121.18,0.1,5,0.8911359000908122,2060.02,5722.286986181554,5722.286986181554,2060.02,5722.286986181554,1
501705,CUST001705,2021,2021-04-15,2022-01-31,Home,FL,C,33601,62.25,Y,Standard,Masonry,Shingle,1300,2,32,1,52,0,C,Independent,2065.06,2070.99,175.53,247.81,164.93,270755,0.0,0,1.001,1.0,12,0,1,0,0.0951,New,0.0,1,1,Low,270755,1000,4,0,Credit Card,1,Agent Referral,9,267807,41843,650,1,1,12,2065.06,172.08833333333334,0.0,0.0,0.08333333333333333,1.0,2065.06,1.7315281792791266,new,0.0,103.25,0.1,5,0.7967387727152522,1538.47,3236.1659213753487,3236.1659213753487,1538.47,3236.1659213753487,0
501706,CUST001706,2021,2021-05-16,2022-03-31,Home,FL,C,32801,42.96,N,Basic,Mixed,Metal,1336,2,2,1,41,0,C,Independent,1391.89,1296.62,118.31,167.03,134.64,239744,0.0,0,0.456,0.5,6,0,1,1,0.1049,New,0.0,0,1,Low,239744,1000,4,0,Auto Debit,5,Agent Referral,5,358239,45141,652,1,5,6,1391.89,231.98166666666668,0.0,0.0,0.0,1.0,1391.89,-4.695760937424026,new,0.0,69.59,0.1,5,0.7809525565349948,1036.9600000000003,2080.4161533109605,2080.4161533109605,1036.9600000000003,2080.4161533109605,0
501707,CUST001707,2021,2021-05-16,2021-05-31,Home,FL,D,33601,34.59,N,Premium,Masonry,Tile,1806,2,18,0,44,0,A,Direct,1764.52,1792.66,149.98,52.94,151.4,392763,18348.73,1,0.503,0.5,6,0,1,0,0.1393,New,16508.73,1,1,Upper Middle,392763,2000,3,0,Debit Card,1,Online Search,9,403369,122357,742,1,1,6,1764.52,294.08666666666664,0.16666666666666666,0.0,0.16666666666666666,1.0,1764.52,0.3726247590928944,new,16508.73,88.23,0.1,5,0.6835789522604488,-15035.359999999999,-22393.96225140783,-22393.96225140783,-15035.359999999999,-22393.96225140783,0
501708,CUST001708,2021,2021-05-18,2022-02-28,Home,NY,A,11201,39.14,N,Premium,Frame,Shingle,2290,2,4,0,64,0,A,Direct,3430.95,3055.96,240.17,102.93,226.39,1153226,14775.76,1,0.892,1.0,12,0,1,0,0.1079,New,13395.76,1,1,High,1153226,1500,4,0,Credit Card,1,Email Campaign,2,1210543,192291,786,1,1,12,3430.95,285.91249999999997,0.08333333333333333,0.0,0.08333333333333333,1.0,3430.95,1.7315281792791266,new,13395.76,171.55,0.1,5,0.6290952974394748,-10479.460000000001,-13143.28855822441,-13143.28855822441,-10479.460000000001,-13143.28855822441,0
501709,CUST001709,2021,2021-02-16,2021-11-30,Home,TX,B,73301,35.83,N,Premium,Frame,Shingle,2009,2,24,0,76,1,C,Direct,1448.31,1370.62,101.38,43.45,137.17,288164,0.0,0,0.948,1.0,12,0,0,1,0.0842,New,0.0,1,1,Middle,288164,1000,4,0,Credit Card,9,Agent Referral,7,295002,61815,664,1,9,12,1448.31,120.6925,0.0,0.0,0.08333333333333333,1.0,1448.31,-1.349636698134887,new,0.0,72.42,0.1,5,0.7452072891915102,1231.0599999999997,2216.7400636007583,2216.7400636007583,1231.0599999999997,2216.7400636007583,0
501710,CUST001710,2021,2021-01-03,2021-09-30,Home,CA,C,92101,61.06,Y,Basic,Mixed,Shingle,2483,2,39,1,32,1,C,Independent,4682.68,4853.91,327.79,561.92,282.72,749413,20965.41,1,1.01,1.0,12,0,1,0,0.0976,New,20505.41,1,1,Upper Middle,749413,500,4,1,Auto Debit,2,Partner Referral,7,949686,98016,648,1,2,12,4682.68,390.22333333333336,0.08333333333333333,0.08333333333333333,0.08333333333333333,1.0,4682.68,-0.047749891766386554,new,20505.41,234.13,0.1,5,0.7323797110892273,-16946.57,-29344.16468701699,-29344.16468701699,-16946.57,-29344.16468701699,0
501711,CUST001711,2021,2021-02-26,2021-05-31,Home,CA,A,95814,61.28,Y,Standard,Frame,Tile,929,2,44,0,70,2,D,Online,2100.37,1803.38,147.03,42.01,166.52,304974,0.0,0,0.864,1.0,12,0,1,0,0.1256,New,0.0,0,1,Middle,304974,1000,5,0,Credit Card,1,Email Campaign,5,334665,51888,581,1,1,12,2100.37,175.03083333333333,0.0,0.0,0.0,1.0,2100.37,-0.03237344962583011,new,0.0,105.02,0.1,5,0.763249596228882,1806.31,3435.58128696654,3435.58128696654,1806.31,3435.58128696654,0
501712,CUST001712,2021,2021-08-27,2022-05-31,Home,FL,B,32801,41.86,Y,Standard,Frame,Metal,1961,3,22,1,47,1,D,Broker,3348.11,3146.72,284.59,502.22,222.67,438236,18896.45,1,0.969,1.0,12,1,1,1,0.0931,New,17976.45,0,1,Low,438236,1000,3,0,Credit Card,6,Agent Referral,4,457496,35341,614,1,6,12,3348.11,279.00916666666666,0.08333333333333333,0.0,0.0,1.0,3348.11,-1.9581014980095888,new,17976.45,167.41,0.1,5,0.6102160901986057,-15582.56,-18394.194986730232,-18394.194986730232,-15582.56,-18394.194986730232,0
501713,CUST001713,2021,2021-02-18,2021-02-28,Rental,WA,C,98004,41.63,N,Standard,Mixed,Shingle,1366,3,42,1,24,1,C,Broker,1719.59,1515.79,120.37,257.94,149.38,391085,11923.43,1,0.884,1.0,12,0,0,1,0.0684,New,11463.43,0,1,Low,391085,500,4,0,Bank Transfer,7,Social Media,10,443829,42164,641,1,7,12,1719.59,143.29916666666665,0.08333333333333333,0.0,0.0,1.0,1719.59,-2.34324710768634,new,11463.43,85.98,0.1,5,0.5219270283732781,-10208.130000000001,-8995.009220359378,-8995.009220359378,-10208.130000000001,-8995.009220359378,0
501714,CUST001714,2021,2021-04-08,2021-06-30,Condo,WA,D,99201,31.65,N,Premium,Frame,Metal,1703,1,56,0,52,1,A,Broker,1421.95,1386.02,99.54,213.29,135.99,511612,0.0,0,0.492,0.5,6,0,0,0,0.0993,New,0.0,1,1,Upper Middle,511612,5000,4,2,Auto Debit,1,Online Search,6,515078,110263,764,1,1,6,1421.95,236.99166666666667,0.0,0.3333333333333333,0.16666666666666666,1.0,1421.95,-5.203905086382152,new,0.0,71.1,0.1,5,0.7909325667952272,1038.0200000000002,2145.8552690192737,2145.8552690192737,1038.0200000000002,2145.8552690192737,0
501715,CUST001715,2021,2021-03-17,2021-03-31,Condo,NY,B,10001,32.81,N,Basic,Mixed,Shingle,1472,1,26,0,67,0,B,Independent,1763.1,1704.77,123.42,211.57,151.34,495810,13330.39,1,0.964,1.0,12,0,0,0,0.0889,New,11490.39,1,1,Middle,495810,2000,4,0,Credit Card,0,Online Search,4,671732,83336,712,1,0,12,1763.1,146.92499999999998,0.08333333333333333,0.0,0.08333333333333333,1.0,1763.1,2.1166737889558784,new,11490.39,88.16,0.1,5,0.5681823727891961,-10150.439999999999,-10445.77325462661,-10445.77325462661,-10150.439999999999,-10445.77325462661,0
501716,CUST001716,2021,2021-01-06,2021-07-31,Home,CA,B,92101,28.58,N,Standard,Mixed,Tile,2544,1,12,0,60,0,D,Independent,4402.13,4512.21,308.15,528.26,270.1,755726,0.0,0,1.04,1.0,12,0,0,1,0.0461,New,0.0,1,1,Low,755726,500,4,0,Credit Card,6,Email Campaign,7,922175,33079,608,1,6,12,4402.13,366.8441666666667,0.0,0.0,0.08333333333333333,1.0,4402.13,-0.19419986910463183,new,0.0,220.11,0.1,5,0.8118544254841683,3345.61,7362.024302656172,7362.024302656172,3345.61,7362.024302656172,1
501717,CUST001717,2021,2021-05-16,2021-09-30,Rental,CA,D,95814,34.73,Y,Standard,Mixed,Tile,1170,2,10,0,49,0,C,Online,2294.71,2369.45,160.63,45.89,175.26,419412,27712.71,1,1.022,1.0,12,0,0,0,0.0904,New,23112.71,1,1,Upper Middle,419412,5000,4,0,Credit Card,0,Online Search,1,427970,102016,674,1,0,12,2294.71,191.22583333333333,0.08333333333333333,0.0,0.08333333333333333,1.0,2294.71,2.1166737889558784,new,23112.71,114.74,0.1,5,0.7483645239471163,-21139.260000000002,-38432.29368282869,-38432.29368282869,-21139.260000000002,-38432.29368282869,0
501718,CUST001718,2021,2021-05-15,2021-12-31,Rental,TX,D,73301,25.15,Y,Standard,Masonry,Shingle,2028,3,18,0,31,0,B,Broker,1082.16,1115.49,75.75,162.32,120.7,271822,0.0,0,1.014,1.0,12,0,0,1,0.042,New,0.0,1,1,Upper Middle,271822,1500,3,1,Credit Card,5,Agent Referral,5,289957,126284,701,1,5,12,1082.16,90.18,0.0,0.08333333333333333,0.08333333333333333,1.0,1082.16,-1.2031867207966416,new,0.0,54.11,0.1,5,0.6284570890679865,789.9800000000001,988.770451770278,988.770451770278,789.9800000000001,988.770451770278,0
501719,CUST001719,2021,2021-02-27,2021-08-31,Rental,TX,A,73301,40.08,N,Basic,Mixed,Metal,1757,1,20,1,55,0,B,Direct,686.51,715.34,48.06,20.6,102.89,190119,0.0,0,1.041,1.0,12,0,1,0,0.121,New,0.0,1,1,Middle,190119,500,5,1,Credit Card,2,Online Search,7,270459,60787,689,1,2,12,686.51,57.20916666666667,0.0,0.08333333333333333,0.08333333333333333,1.0,686.51,-0.047749891766386554,new,0.0,34.33,0.1,5,0.8168396294414585,583.52,1303.2094546302048,1303.2094546302048,583.52,1303.2094546302048,0
501720,CUST001720,2021,2021-01-23,2021-01-31,Home,CA,A,95814,68.08,N,Basic,Frame,Metal,2439,1,59,0,59,1,A,Direct,3817.82,3403.04,267.25,114.53,243.8,714900,0.0,0,0.937,1.0,12,0,0,0,0.0751,New,0.0,1,1,Upper Middle,714900,500,4,0,Auto Debit,1,Agent Referral,5,1007831,96526,730,1,1,12,3817.82,318.1516666666667,0.0,0.0,0.08333333333333333,1.0,3817.82,1.7315281792791266,new,0.0,190.89,0.1,5,0.9229251776395043,3245.15,9881.366276723242,9881.366276723242,3245.15,9881.366276723242,1
501721,CUST001721,2021,2021-04-13,2021-09-30,Home,CA,B,95814,47.3,N,Basic,Frame,Tile,1946,2,21,0,49,0,B,Direct,2730.07,2671.51,191.1,81.9,194.85,583379,0.0,0,0.99,1.0,12,0,0,0,0.0867,New,0.0,1,1,Low,583379,500,4,0,Auto Debit,0,Partner Referral,8,862222,47710,713,1,0,12,2730.07,227.50583333333336,0.0,0.0,0.08333333333333333,1.0,2730.07,2.1166737889558784,new,0.0,136.5,0.1,5,0.7743636953331027,2320.57,4564.27563069727,4564.27563069727,2320.57,4564.27563069727,0
501722,CUST001722,2021,2021-01-23,2021-02-28,Condo,CA,A,94105,37.7,N,Premium,Masonry,Tile,1038,2,9,1,39,0,C,Independent,1761.18,1827.02,123.28,211.34,151.25,357572,0.0,0,0.514,0.5,6,0,0,0,0.0495,New,0.0,1,1,Middle,357572,500,5,0,Bank Transfer,2,Online Search,9,367451,65322,662,1,2,6,1761.18,293.53000000000003,0.0,0.0,0.16666666666666666,1.0,1761.18,-0.012520850583857324,new,0.0,88.06,0.1,5,0.8641494756246217,1338.5000000000002,3436.8156436369013,3436.8156436369013,1338.5000000000002,3436.8156436369013,0
501723,CUST001723,2021,2021-12-18,2022-07-31,Home,FL,C,33101,56.48,N,Basic,Frame,Tile,1637,2,25,0,59,1,A,Online,1449.75,1423.17,123.23,29.0,137.24,283463,11676.29,1,0.962,1.0,12,0,1,0,0.1367,New,7076.29,1,1,Middle,283463,5000,4,1,Credit Card,2,Aggregator,4,402413,62300,737,1,2,12,1449.75,120.8125,0.08333333333333333,0.08333333333333333,0.08333333333333333,1.0,1449.75,-0.047749891766386554,new,7076.29,72.49,0.1,5,0.6044039783544101,-5851.259999999999,-6778.529111114661,-6778.529111114661,-5851.259999999999,-6778.529111114661,0
501724,CUST001724,2021,2021-05-14,2021-05-31,Condo,TX,C,79901,39.84,Y,Basic,Frame,Tile,1156,1,1,1,46,0,D,Direct,599.53,565.7,41.97,17.99,98.98,134002,0.0,0,0.932,1.0,12,0,1,1,0.1531,New,0.0,1,1,Low,134002,2000,3,1,Auto Debit,4,Online Search,1,165776,40682,549,1,4,12,599.53,49.96083333333333,0.0,0.08333333333333333,0.08333333333333333,1.0,599.53,-0.81804111111989,new,0.0,29.98,0.1,5,0.8244481247832937,509.5899999999999,1164.0806108268928,1164.0806108268928,509.5899999999999,1164.0806108268928,0
501725,CUST001725,2021,2021-02-20,2021-06-30,Condo,WA,A,98004,39.83,Y,Standard,Frame,Shingle,1531,1,26,0,54,1,B,Broker,1578.76,1502.73,110.51,236.81,143.04,415517,7314.76,1,0.491,0.5,6,0,1,0,0.085,New,6394.76,1,1,Low,415517,1000,3,1,Auto Debit,2,Partner Referral,11,445371,45221,699,1,2,6,1578.76,263.12666666666667,0.16666666666666666,0.16666666666666666,0.16666666666666666,1.0,1578.76,-2.80078577332138,new,6394.76,78.94,0.1,5,0.6013273743541778,-5242.26,-6012.803868216994,-6012.803868216994,-5242.26,-6012.803868216994,0
501726,CUST001726,2021,2021-08-05,2021-08-31,Condo,TX,D,79901,31.8,Y,Basic,Mixed,Tile,1426,1,33,1,26,0,B,Broker,544.64,490.4,38.12,81.7,96.51,146102,0.0,0,0.919,1.0,12,1,0,1,0.0766,New,0.0,1,1,Middle,146102,2000,5,0,Auto Debit,4,Agent Referral,9,179417,82305,696,1,4,12,544.64,45.38666666666666,0.0,0.0,0.08333333333333333,1.0,544.64,0.5760913502488715,new,0.0,27.23,0.1,5,0.9359232727112349,397.59,1256.6565379801575,1256.6565379801575,397.59,1256.6565379801575,0
501727,CUST001727,2021,2021-03-04,2021-07-31,Condo,CA,B,92101,37.88,N,Standard,Mixed,Tile,1183,1,43,1,57,0,D,Broker,2212.06,2059.27,154.84,331.81,171.54,352143,0.0,0,0.93,1.0,12,0,0,1,0.0954,New,0.0,1,1,Middle,352143,2000,4,0,Credit Card,5,Email Campaign,8,419586,56198,581,1,5,12,2212.06,184.33833333333334,0.0,0.0,0.08333333333333333,1.0,2212.06,0.19094574057211977,new,0.0,110.6,0.1,5,0.8161261062286532,1614.81,3598.8130796863184,3598.8130796863184,1614.81,3598.8130796863184,0
501728,CUST001728,2021,2021-04-27,2021-04-30,Home,NY,B,12207,33.43,N,Premium,Frame,Shingle,2712,1,14,1,55,0,C,Online,5140.99,4709.85,359.87,102.82,303.34,1312376,0.0,0,0.963,1.0,12,0,0,0,0.084,New,0.0,1,1,Upper Middle,1312376,500,4,0,Credit Card,0,Agent Referral,11,1474046,107192,660,1,0,12,5140.99,428.4158333333333,0.0,0.0,0.08333333333333333,1.0,5140.99,2.1166737889558784,new,0.0,257.05,0.1,5,0.914671173830002,4421.25,13146.436279038404,13146.436279038404,4421.25,13146.436279038404,1
501729,CUST001729,2021,2021-04-07,2021-04-30,Condo,CA,C,90001,42.85,N,Basic,Mixed,Tile,1417,2,13,1,71,0,C,Broker,1730.92,1686.06,121.16,259.64,149.89,353598,19356.71,1,1.003,1.0,12,0,0,1,0.0807,New,17516.71,1,1,Middle,353598,2000,3,0,Auto Debit,4,Partner Referral,7,509977,64413,674,1,4,12,1730.92,144.24333333333334,0.08333333333333333,0.0,0.08333333333333333,1.0,1730.92,0.5760913502488715,new,17516.71,86.55,0.1,5,0.630510264611618,-16253.139999999998,-20476.947723823196,-20476.947723823196,-16253.139999999998,-20476.947723823196,0
501730,CUST001730,2021,2021-07-13,2022-02-28,Home,CA,D,92101,42.18,N,Standard,Frame,Tile,1324,2,27,1,51,0,C,Online,2393.62,2269.52,167.55,47.87,179.71,474711,25173.83,1,0.952,1.0,12,1,0,0,0.1119,New,23333.83,1,1,Middle,474711,2000,4,0,Auto Debit,0,Email Campaign,5,574328,60045,644,1,0,12,2393.62,199.46833333333333,0.08333333333333333,0.0,0.08333333333333333,1.0,2393.62,2.1166737889558784,new,23333.83,119.68,0.1,5,0.6721338772163145,-21275.31,-30574.649862328282,-30574.649862328282,-21275.31,-30574.649862328282,0
501731,CUST001731,2021,2021-01-14,2021-11-30,Rental,CA,B,90001,53.43,Y,Standard,Frame,Tile,1678,1,35,0,57,0,C,Broker,3945.23,4053.2,276.17,591.78,249.54,694478,0.0,0,1.03,1.0,12,0,0,1,0.0968,New,0.0,1,1,Upper Middle,694478,2500,4,0,Auto Debit,4,Online Search,5,690111,118664,627,1,4,12,3945.23,328.76916666666665,0.0,0.0,0.08333333333333333,1.0,3945.23,0.5760913502488715,new,0.0,197.26,0.1,5,0.8225354803237624,2880.0199999999995,6541.772436915569,6541.772436915569,2880.0199999999995,6541.772436915569,1
501732,CUST001732,2021,2021-08-04,2022-06-30,Home,FL,C,33301,52.63,Y,Standard,Masonry,Metal,1822,3,28,1,35,1,D,Independent,3552.84,3571.36,301.99,426.34,231.88,424074,24543.97,1,0.999,1.0,12,1,1,1,0.1149,New,22703.97,0,1,Low,424074,2000,3,1,Credit Card,12,Online Search,7,438434,34979,568,1,12,12,3552.84,296.07,0.08333333333333333,0.08333333333333333,0.0,1.0,3552.84,-5.66310761743886,new,22703.97,177.64,0.1,5,0.37457489421601237,-20057.100000000002,-10309.11085478065,-10309.11085478065,-20057.100000000002,-10309.11085478065,0
501733,CUST001733,2021,2021-02-11,2021-11-30,Rental,WA,A,98501,16.36,Y,Standard,Masonry,Metal,2203,1,17,1,44,0,B,Broker,1708.76,1694.31,119.61,256.31,148.89,626549,0.0,0,0.993,1.0,12,0,0,0,0.051,New,0.0,0,1,Upper Middle,626549,500,4,0,Bank Transfer,2,Partner Referral,6,636990,111747,714,1,2,12,1708.76,142.39666666666668,0.0,0.0,0.0,1.0,1708.76,-0.4175190593025818,new,0.0,85.44,0.1,5,0.4419730933049364,1247.4,829.0603648257054,829.0603648257054,1247.4,829.0603648257054,0
501734,CUST001734,2021,2021-04-24,2021-04-30,Home,CA,A,95814,42.53,Y,Basic,Mixed,Metal,2046,2,26,0,42,0,A,Independent,2420.77,2500.1,169.45,290.49,180.93,643381,0.0,0,1.027,1.0,12,0,0,0,0.0547,New,0.0,1,1,Middle,643381,1000,4,0,Bank Transfer,6,Online Search,9,817249,68142,779,1,6,12,2420.77,201.73083333333332,0.0,0.0,0.08333333333333333,1.0,2420.77,-0.19419986910463183,new,0.0,121.04,0.1,5,0.8792474442028422,1839.7900000000002,4936.8763278335155,4936.8763278335155,1839.7900000000002,4936.8763278335155,0
501735,CUST001735,2021,2021-03-04,2021-05-31,Home,FL,D,33301,40.57,Y,Standard,Mixed,Tile,1318,3,38,0,58,1,B,Online,1886.91,1704.13,160.39,37.74,156.91,301162,0.0,0,0.913,1.0,12,0,0,1,0.0843,New,0.0,0,1,Low,301162,500,4,1,Debit Card,6,Online Search,1,324991,42865,682,1,6,12,1886.91,157.2425,0.0,0.08333333333333333,0.0,1.0,1886.91,-3.35223395937835,new,0.0,94.35,0.1,5,0.7759255282567592,1594.43,3150.8342900993844,3150.8342900993844,1594.43,3150.8342900993844,0
501736,CUST001736,2021,2021-09-02,2021-12-31,Home,FL,A,33101,57.79,Y,Basic,Mixed,Shingle,2318,2,12,0,53,0,C,Independent,3390.64,3217.23,288.2,406.88,224.58,426842,0.0,0,0.931,1.0,12,1,0,0,0.0705,New,0.0,1,1,Upper Middle,426842,2500,4,0,Credit Card,1,Agent Referral,3,548225,109495,670,1,1,12,3390.64,282.55333333333334,0.0,0.0,0.08333333333333333,1.0,3390.64,1.7315281792791266,new,0.0,169.53,0.1,5,0.8619565390609482,2526.0299999999997,6444.482735182164,6444.482735182164,2526.0299999999997,6444.482735182164,1
501737,CUST001737,2021,2021-08-24,2021-10-31,Home,TX,D,77001,35.97,Y,Standard,Frame,Shingle,1437,2,27,1,27,0,B,Online,924.72,836.86,64.73,18.49,113.61,221766,0.0,0,0.902,1.0,12,1,0,0,0.0815,New,0.0,1,1,Middle,221766,500,4,0,Auto Debit,2,Aggregator,6,225803,81975,696,1,2,12,924.72,77.06,0.0,0.0,0.08333333333333333,1.0,924.72,1.3463825696023748,new,0.0,46.24,0.1,5,0.7474169606862874,795.26,1441.6649803978783,1441.6649803978783,795.26,1441.6649803978783,0
501738,CUST001738,2021,2021-04-14,2022-01-31,Home,CA,A,90001,52.27,N,Basic,Frame,Shingle,2120,1,19,0,43,0,A,Independent,2390.42,2525.18,167.33,286.85,179.57,535871,0.0,0,1.002,1.0,12,0,1,0,0.0957,New,0.0,1,1,Upper Middle,535871,1000,4,0,Credit Card,3,Agent Referral,9,744276,101922,805,1,3,12,2390.42,199.20166666666668,0.0,0.0,0.08333333333333333,1.0,2390.42,0.9612369599256232,new,0.0,119.52,0.1,5,0.8371061292572679,1816.7200000000003,4308.317245339251,4308.317245339251,1816.7200000000003,4308.317245339251,0
501739,CUST001739,2021,2021-07-10,2022-05-31,Condo,WA,A,98501,42.15,N,Standard,Frame,Shingle,1459,1,32,1,48,0,A,Independent,1133.25,1083.94,79.33,135.99,123.0,344591,0.0,0,0.98,1.0,12,1,0,0,0.0446,New,0.0,1,1,Middle,344591,1000,5,0,Debit Card,1,Online Search,15,402792,65480,739,1,1,12,1133.25,94.4375,0.0,0.0,0.08333333333333333,1.0,1133.25,1.7315281792791266,new,0.0,56.66,0.1,5,0.8442323065967656,861.2700000000001,2085.850146430005,2085.850146430005,861.2700000000001,2085.850146430005,0
501740,CUST001740,2021,2021-05-03,2021-11-30,Condo,FL,A,33101,66.53,N,Standard,Frame,Shingle,1268,1,5,1,23,0,C,Direct,1777.98,1815.01,151.13,53.34,152.01,236695,13553.62,1,1.005,1.0,12,0,1,1,0.1116,New,12633.62,0,1,Middle,236695,1000,3,2,Credit Card,9,Online Search,2,268427,80303,660,1,9,12,1777.98,148.165,0.08333333333333333,0.16666666666666666,0.0,1.0,1777.98,-5.901803249777366,new,12633.62,88.9,0.1,5,0.35,-11149.01,-5185.903754255251,-5185.903754255251,-11149.01,-5185.903754255251,0
501741,CUST001741,2021,2021-01-22,2021-07-31,Home,WA,A,98101,34.78,Y,Basic,Frame,Metal,1991,2,43,0,55,0,A,Broker,1195.01,1083.45,83.65,179.25,125.78,428992,0.0,0,0.916,1.0,12,0,0,0,0.0848,New,0.0,1,1,Upper Middle,428992,2000,4,0,Auto Debit,0,Email Campaign,4,583406,90176,779,1,0,12,1195.01,99.58416666666666,0.0,0.0,0.08333333333333333,1.0,1195.01,2.1166737889558784,new,0.0,59.75,0.1,5,0.8458632485195547,872.3599999999999,2122.8771682387514,2122.8771682387514,872.3599999999999,2122.8771682387514,0
501742,CUST001742,2021,2021-09-19,2022-04-30,Condo,WA,C,98501,37.43,N,Standard,Frame,Shingle,1379,2,36,0,60,0,C,Independent,1198.32,1099.74,83.88,143.8,125.92,282282,0.0,0,0.924,1.0,12,1,0,0,0.0714,New,0.0,0,1,Middle,282282,5000,4,0,Credit Card,1,Online Search,8,341203,88110,658,1,1,12,1198.32,99.86,0.0,0.0,0.0,1.0,1198.32,-0.03237344962583011,new,0.0,59.92,0.1,5,0.7340824181749814,910.7200000000001,1585.2048257541408,1585.2048257541408,910.7200000000001,1585.2048257541408,0
501743,CUST001743,2021,2021-08-16,2022-03-31,Home,TX,C,78701,50.29,Y,Standard,Mixed,Shingle,1727,1,47,1,49,0,C,Direct,1127.04,1094.91,78.89,33.81,122.72,222741,11150.06,1,0.973,1.0,12,1,1,0,0.1054,New,10690.06,1,1,Middle,222741,500,3,1,Credit Card,2,Online Search,7,227702,85368,671,1,2,12,1127.04,93.92,0.08333333333333333,0.08333333333333333,0.08333333333333333,1.0,1127.04,-0.047749891766386554,new,10690.06,56.35,0.1,5,0.5351021010249707,-9732.07,-8967.621462439058,-8967.621462439058,-9732.07,-8967.621462439058,0
501744,CUST001744,2021,2021-11-12,2022-02-28,Home,TX,D,77001,45.01,N,Basic,Mixed,Shingle,1975,1,33,1,39,0,A,Broker,858.73,763.05,60.11,128.81,110.64,210789,13295.02,2,0.901,1.0,12,0,1,0,0.094,New,11455.02,0,1,High,210789,1000,3,0,Credit Card,1,Agent Referral,8,283697,227126,811,1,1,12,858.73,71.56083333333333,0.16666666666666666,0.0,0.0,1.0,858.73,-0.03237344962583011,new,11455.02,42.94,0.1,5,0.35,-10828.150000000001,-5036.6574015665055,-5036.6574015665055,-10828.150000000001,-5036.6574015665055,0
501745,CUST001745,2021,2021-08-22,2021-08-31,Home,NY,C,10001,39.6,N,Standard,Frame,Shingle,2615,2,59,1,27,0,C,Broker,4416.36,4171.42,309.15,662.45,270.74,985715,0.0,0,0.934,1.0,12,1,1,0,0.1207,New,0.0,1,1,Upper Middle,985715,5000,4,0,Credit Card,1,Email Campaign,7,1167915,130031,624,1,1,12,4416.36,368.03,0.0,0.0,0.08333333333333333,1.0,4416.36,1.7315281792791266,new,0.0,220.82,0.1,5,0.8519222517336852,3223.94,7986.452110327249,7986.452110327249,3223.94,7986.452110327249,1
501746,CUST001746,2021,2021-12-11,2022-02-28,Condo,TX,C,78701,39.34,Y,Standard,Masonry,Shingle,1407,1,12,0,56,0,A,Independent,636.59,604.08,44.56,76.39,100.65,173366,0.0,0,0.923,1.0,12,0,1,0,0.1196,New,0.0,1,1,High,173366,5000,4,0,Debit Card,3,Social Media,12,185412,154304,786,1,3,12,636.59,53.04916666666667,0.0,0.0,0.08333333333333333,1.0,636.59,0.9612369599256232,new,0.0,31.83,0.1,5,0.8103213198426299,483.81,1059.7788525109167,1059.7788525109167,483.81,1059.7788525109167,0
501747,CUST001747,2021,2021-02-18,2021-03-31,Home,FL,D,33601,46.4,Y,Standard,Masonry,Metal,1813,3,44,1,53,0,A,Online,1619.35,1577.63,137.64,32.39,144.87,314722,0.0,0,0.987,1.0,12,0,0,0,0.0614,New,0.0,1,1,Low,314722,1000,5,0,Bank Transfer,4,Agent Referral,1,325493,49896,751,1,4,12,1619.35,134.94583333333333,0.0,0.0,0.08333333333333333,1.0,1619.35,0.5760913502488715,new,0.0,80.97,0.1,5,0.8234596256063237,1368.35,3116.6426199995763,3116.6426199995763,1368.35,3116.6426199995763,0
501748,CUST001748,2021,2021-05-20,2022-02-28,Home,TX,C,78701,24.77,Y,Standard,Frame,Metal,1640,1,20,1,41,0,C,Independent,766.02,760.06,53.62,91.92,106.47,211928,0.0,0,0.984,1.0,12,0,1,0,0.1318,New,0.0,1,1,Middle,211928,2500,4,0,Bank Transfer,0,Agent Referral,5,233224,53685,634,1,0,12,766.02,63.835,0.0,0.0,0.08333333333333333,1.0,766.02,2.1166737889558784,new,0.0,38.3,0.1,5,0.7133318613751152,582.1800000000001,950.8453451690448,950.8453451690448,582.1800000000001,950.8453451690448,0
501749,CUST001749,2021,2021-07-25,2021-09-30,Rental,FL,A,33301,65.09,N,Standard,Frame,Tile,1359,1,29,1,43,0,B,Online,1765.46,1770.95,150.06,35.31,151.45,236212,0.0,0,1.001,1.0,12,1,0,0,0.0601,New,0.0,0,1,Middle,236212,1000,4,0,Bank Transfer,3,Email Campaign,4,270128,59408,726,1,3,12,1765.46,147.12166666666667,0.0,0.0,0.0,1.0,1765.46,-0.8026646689793335,new,0.0,88.27,0.1,5,0.7042219871533422,1491.8200000000002,2368.9798222126124,2368.9798222126124,1491.8200000000002,2368.9798222126124,0
501750,CUST001750,2021,2021-12-06,2022-09-30,Rental,NY,A,12207,43.17,Y,Basic,Frame,Shingle,1558,2,37,0,39,0,A,Independent,2009.78,1938.28,140.68,241.17,162.44,566588,45554.06,1,0.978,1.0,12,0,1,0,0.1037,New,44634.06,1,1,Upper Middle,566588,1000,3,0,Bank Transfer,7,Email Campaign,15,730874,112981,768,1,7,12,2009.78,167.48166666666665,0.08333333333333333,0.0,0.08333333333333333,1.0,2009.78,-0.5793454787813836,new,44634.06,100.49,0.1,5,0.6972711633874271,-43106.619999999995,-66995.38041209304,-66995.38041209304,-43106.619999999995,-66995.38041209304,0
501751,CUST001751,2021,2021-10-07,2021-10-31,Home,CA,D,92101,41.06,N,Premium,Frame,Shingle,2194,2,4,0,72,0,B,Direct,3735.47,3336.24,261.48,112.06,240.1,849869,0.0,0,0.899,1.0,12,0,1,1,0.1265,New,0.0,0,1,Upper Middle,849869,1000,5,0,Credit Card,5,Partner Referral,3,920790,116789,701,1,5,12,3735.47,311.28916666666663,0.0,0.0,0.0,1.0,3735.47,-1.572955888332837,new,0.0,186.77,0.1,5,0.8468456055466799,3175.16,7749.082345456237,7749.082345456237,3175.16,7749.082345456237,1
501752,CUST001752,2021,2021-01-13,2021-02-28,Home,FL,B,32801,50.97,Y,Premium,Mixed,Tile,1348,2,42,1,39,0,A,Independent,1706.34,1591.41,145.04,204.76,148.79,303354,0.0,0,0.948,1.0,12,0,0,0,0.0834,New,0.0,1,1,Upper Middle,303354,5000,5,0,Bank Transfer,1,Online Search,12,292723,135573,731,1,1,12,1706.34,142.195,0.0,0.0,0.08333333333333333,1.0,1706.34,1.7315281792791266,new,0.0,85.32,0.1,5,0.9084702006431896,1271.22,3712.909515258574,3712.909515258574,1271.22,3712.909515258574,0
501753,CUST001753,2021,2021-08-04,2021-11-30,Home,NY,C,12207,32.43,N,Premium,Mixed,Metal,1879,1,48,0,59,1,C,Independent,3068.39,3181.17,214.79,368.21,210.08,759272,0.0,0,1.034,1.0,12,1,0,0,0.0614,New,0.0,1,1,Middle,759272,1000,5,1,Auto Debit,1,Aggregator,9,818829,86068,665,1,1,12,3068.39,255.69916666666666,0.0,0.08333333333333333,0.08333333333333333,1.0,3068.39,0.33739571791036516,new,0.0,153.42,0.1,5,0.8279085207754935,2331.97,5381.904911399548,5381.904911399548,2331.97,5381.904911399548,1
501754,CUST001754,2021,2021-09-01,2022-07-31,Rental,WA,C,98501,32.93,Y,Standard,Mixed,Metal,1719,3,45,1,29,0,A,Direct,1598.07,1577.64,111.86,47.94,143.91,530853,0.0,0,0.941,1.0,12,1,1,0,0.1295,New,0.0,1,1,High,530853,500,5,0,Credit Card,2,Partner Referral,5,543202,188871,760,1,2,12,1598.07,133.17249999999999,0.0,0.0,0.08333333333333333,1.0,1598.07,1.3463825696023748,new,0.0,79.9,0.1,5,0.8848062990565698,1358.37,3704.496790898361,3704.496790898361,1358.37,3704.496790898361,0
501755,CUST001755,2021,2021-04-25,2021-05-31,Home,TX,A,79901,39.59,N,Premium,Masonry,Shingle,2459,2,21,1,55,0,B,Broker,1349.16,1249.87,94.44,202.37,132.71,328096,0.0,0,0.913,1.0,12,0,0,1,0.0642,New,0.0,0,1,Low,328096,1500,4,0,Credit Card,7,Online Search,9,345840,26958,680,1,7,12,1349.16,112.43,0.0,0.0,0.0,1.0,1349.16,-2.34324710768634,new,0.0,67.46,0.1,5,0.45134721047728293,984.8899999999999,677.3382941438673,677.3382941438673,984.8899999999999,677.3382941438673,0
501756,CUST001756,2021,2021-08-14,2022-05-31,Home,FL,A,33101,68.09,Y,Standard,Frame,Tile,1662,1,22,0,25,0,D,Online,3147.51,2934.59,267.54,62.95,213.64,370172,7964.39,1,0.927,1.0,12,1,0,1,0.0979,New,3364.39,0,1,Upper Middle,370172,5000,3,1,Bank Transfer,8,Online Search,4,369074,105122,578,1,8,12,3147.51,262.2925,0.08333333333333333,0.08333333333333333,0.0,1.0,3147.51,-4.122525178731854,new,3364.39,157.38,0.1,5,0.35,-704.7499999999997,-327.8107805815392,-327.8107805815392,-704.7499999999997,-327.8107805815392,0
501757,CUST001757,2021,2021-11-17,2022-03-31,Home,CA,C,94105,53.31,N,Standard,Frame,Metal,2437,2,34,1,40,1,C,Independent,4381.31,4339.97,306.69,525.76,269.16,795626,0.0,0,0.958,1.0,12,0,0,1,0.0911,New,0.0,0,1,Low,795626,2000,4,0,Auto Debit,4,Partner Referral,7,975014,48291,642,1,4,12,4381.31,365.1091666666667,0.0,0.0,0.0,1.0,4381.31,-1.1878102786560851,new,0.0,219.07,0.1,5,0.7010429629434384,3329.7900000000004,5235.900819842038,5235.900819842038,3329.7900000000004,5235.900819842038,1
501758,CUST001758,2021,2021-01-09,2021-11-30,Home,TX,C,78701,31.31,N,Standard,Mixed,Shingle,2265,2,15,1,46,0,C,Direct,1192.97,1159.05,83.51,35.79,125.68,300567,0.0,0,1.006,1.0,12,0,0,1,0.0966,New,0.0,0,1,Middle,300567,5000,4,0,Bank Transfer,8,Online Search,6,346955,68396,660,1,8,12,1192.97,99.41416666666667,0.0,0.0,0.0,1.0,1192.97,-2.728392717363092,new,0.0,59.65,0.1,5,0.7376523262632783,1014.0200000000001,1784.3578425174537,1784.3578425174537,1014.0200000000001,1784.3578425174537,0
501759,CUST001759,2021,2021-05-25,2021-12-31,Rental,TX,C,77001,45.96,N,Standard,Mixed,Shingle,1962,2,16,1,49,0,C,Online,1351.19,1191.44,94.58,27.02,132.8,252220,0.0,0,0.903,1.0,12,0,0,0,0.0646,New,0.0,1,1,Low,252220,1000,4,0,Bank Transfer,1,Agent Referral,3,291369,31409,654,1,1,12,1351.19,112.59916666666668,0.0,0.0,0.08333333333333333,1.0,1351.19,1.7315281792791266,new,0.0,67.56,0.1,5,0.7672730354807974,1162.0300000000002,2237.206080661164,2237.206080661164,1162.0300000000002,2237.206080661164,0
501760,CUST001760,2021,2021-01-15,2021-03-31,Condo,FL,D,33601,40.47,N,Basic,Frame,Metal,1461,1,23,0,41,0,C,Independent,1472.98,1348.64,125.2,176.76,138.28,239106,0.0,0,0.924,1.0,12,0,0,1,0.0505,New,0.0,0,1,Upper Middle,239106,500,3,0,Credit Card,7,Social Media,7,328740,99280,637,1,7,12,1472.98,122.74833333333333,0.0,0.0,0.0,1.0,1472.98,-2.34324710768634,new,0.0,73.65,0.1,5,0.6139730837422601,1097.37,1311.1542340678948,1311.1542340678948,1097.37,1311.1542340678948,0
501761,CUST001761,2021,2021-07-13,2022-04-30,Home,TX,D,77001,40.07,Y,Standard,Mixed,Tile,2022,3,45,1,35,1,C,Broker,1408.23,1433.09,98.58,211.23,135.37,304701,0.0,0,0.993,1.0,12,1,0,0,0.0411,New,0.0,1,1,Low,304701,1000,4,1,Bank Transfer,5,Partner Referral,9,315171,38627,635,1,5,12,1408.23,117.3525,0.0,0.08333333333333333,0.08333333333333333,1.0,1408.23,-1.2031867207966416,new,0.0,70.41,0.1,5,0.7690791848816413,1028.01,1990.004882413078,1990.004882413078,1028.01,1990.004882413078,0
501762,CUST001762,2021,2021-02-16,2021-07-31,Rental,FL,C,33101,60.09,Y,Basic,Mixed,Tile,1854,2,20,0,51,0,A,Independent,2072.47,1740.74,176.16,248.7,165.26,317732,0.0,0,0.88,1.0,12,0,1,0,0.0878,New,0.0,1,1,Middle,317732,1000,5,0,Credit Card,3,Agent Referral,3,408312,77075,756,1,3,12,2072.47,172.70583333333332,0.0,0.0,0.08333333333333333,1.0,2072.47,0.9612369599256232,new,0.0,103.62,0.1,5,0.8372022959287393,1543.9899999999998,3662.5825812044886,3662.5825812044886,1543.9899999999998,3662.5825812044886,0
501763,CUST001763,2021,2021-01-20,2021-09-30,Home,CA,D,94105,50.06,N,Standard,Frame,Tile,2069,2,33,0,66,1,D,Direct,5240.11,5310.07,366.81,157.2,307.81,799598,0.0,0,0.521,0.5,6,0,0,1,0.0637,New,0.0,1,1,Middle,799598,1000,4,0,Auto Debit,5,Partner Referral,1,941215,54972,613,1,5,6,5240.11,873.3516666666666,0.0,0.0,0.16666666666666666,1.0,5240.11,-1.1679576796141125,new,0.0,262.01,0.1,5,0.8132058057077265,4454.089999999999,9840.717216530433,9840.717216530433,4454.089999999999,9840.717216530433,1
501764,CUST001764,2021,2021-12-25,2022-08-31,Home,TX,A,77001,36.61,N,Premium,Mixed,Tile,2085,1,0,1,38,0,B,Online,1058.67,940.35,74.11,21.17,119.64,305914,0.0,0,0.89,1.0,12,0,0,0,0.0754,New,0.0,1,1,Middle,305914,1000,5,0,Credit Card,2,Agent Referral,8,349061,82085,690,1,2,12,1058.67,88.22250000000001,0.0,0.0,0.08333333333333333,1.0,1058.67,1.3463825696023748,new,0.0,52.93,0.1,5,0.861327570024522,910.4600000000002,2318.5173724387796,2318.5173724387796,910.4600000000002,2318.5173724387796,0
501765,CUST001765,2021,2021-12-16,2022-06-30,Condo,WA,D,98501,24.15,Y,Basic,Mixed,Shingle,1148,1,23,0,54,0,B,Broker,868.8,792.44,60.82,130.32,111.1,259205,0.0,0,0.906,1.0,12,0,0,0,0.0683,New,0.0,1,1,Middle,259205,1000,3,2,Debit Card,1,Agent Referral,7,329582,86205,696,1,1,12,868.8,72.39999999999999,0.0,0.16666666666666666,0.08333333333333333,1.0,868.8,-1.056736743458396,new,0.0,43.44,0.1,5,0.628106226925768,634.2199999999998,792.9252420635326,792.9252420635326,634.2199999999998,792.9252420635326,0
501766,CUST001766,2021,2021-05-07,2021-05-31,Home,WA,A,98101,39.61,Y,Standard,Mixed,Shingle,3386,1,16,0,45,0,C,Online,4452.52,4427.89,311.68,89.05,272.36,1065386,0.0,0,0.939,1.0,12,0,0,1,0.0955,New,0.0,1,1,Upper Middle,1065386,2500,4,0,Debit Card,4,Agent Referral,9,1111259,136070,639,1,4,12,4452.52,371.04333333333335,0.0,0.0,0.08333333333333333,1.0,4452.52,0.5760913502488715,new,0.0,222.63,0.1,5,0.848665689469356,3829.16,9395.359143551108,9395.359143551108,3829.16,9395.359143551108,1
501767,CUST001767,2021,2021-09-11,2021-09-30,Home,FL,C,33101,52.99,N,Basic,Masonry,Metal,2135,2,24,1,35,0,D,Broker,3271.4,3377.52,278.07,490.71,219.21,393546,61718.82,1,1.03,1.0,12,1,0,1,0.068,New,60798.82,1,1,Low,393546,1000,4,0,Auto Debit,4,Online Search,8,530949,48482,613,1,4,12,3271.4,272.6166666666667,0.08333333333333333,0.0,0.08333333333333333,1.0,3271.4,0.5760913502488715,new,60798.82,163.57,0.1,5,0.7104849461889107,-58459.77,-94645.36996010582,-94645.36996010582,-58459.77,-94645.36996010582,0
501768,CUST001768,2021,2021-07-18,2021-08-31,Rental,CA,A,95814,59.49,N,Premium,Frame,Tile,1601,2,55,1,51,0,D,Independent,3218.27,2856.73,225.28,386.19,216.82,465733,14898.43,1,0.901,1.0,12,1,1,1,0.103,New,13978.43,0,1,Low,465733,1000,3,0,Auto Debit,1,Aggregator,6,490695,42678,615,1,1,12,3218.27,268.18916666666667,0.08333333333333333,0.0,0.0,1.0,3218.27,-0.03237344962583011,new,13978.43,160.91,0.1,5,0.35,-11532.54,-5364.30073002884,-5364.30073002884,-11532.54,-5364.30073002884,0
501769,CUST001769,2021,2021-10-02,2021-10-31,Home,CA,C,94105,55.87,N,Standard,Mixed,Shingle,1904,1,35,1,24,0,C,Direct,4513.26,4548.86,315.93,135.4,275.1,784524,0.0,0,0.991,1.0,12,0,1,0,0.1096,New,0.0,1,1,Upper Middle,784524,1500,5,0,Debit Card,0,Agent Referral,6,917026,131883,638,1,0,12,4513.26,376.105,0.0,0.0,0.08333333333333333,1.0,4513.26,2.1166737889558784,new,0.0,225.66,0.1,5,0.7289728959264187,3836.27,6573.880652891482,6573.880652891482,3836.27,6573.880652891482,1
501770,CUST001770,2021,2021-10-12,2022-07-31,Home,NY,C,11201,36.13,N,Basic,Frame,Shingle,2149,1,15,1,43,1,B,Online,2521.89,2276.09,176.53,50.44,185.49,730871,0.0,0,0.455,0.5,6,0,1,0,0.1276,New,0.0,1,1,Low,730871,500,4,0,Auto Debit,2,Email Campaign,3,1046832,35180,686,1,2,6,2521.89,420.315,0.0,0.0,0.16666666666666666,1.0,2521.89,-0.012520850583857324,new,0.0,126.09,0.1,5,0.7945167822206228,2168.8299999999995,4531.904834145344,4531.904834145344,2168.8299999999995,4531.904834145344,0
501771,CUST001771,2021,2021-09-10,2021-09-30,Home,CA,D,92101,44.24,Y,Standard,Frame,Tile,1931,2,25,1,60,0,D,Online,5282.53,4517.92,369.78,105.65,309.71,856130,0.0,0,0.861,1.0,12,1,1,0,0.1089,New,0.0,0,1,Middle,856130,500,5,0,Debit Card,5,Social Media,4,898362,80152,542,1,5,12,5282.53,440.2108333333333,0.0,0.0,0.0,1.0,5282.53,-1.572955888332837,new,0.0,264.13,0.1,5,0.5426120864872701,4542.97,4293.37193677534,4293.37193677534,4542.97,4293.37193677534,0
501772,CUST001772,2021,2021-10-01,2021-10-31,Home,FL,A,33301,48.2,Y,Basic,Masonry,Metal,2461,2,10,0,51,0,C,Independent,2952.52,2884.74,250.96,354.3,204.86,456759,0.0,0,0.478,0.5,6,0,0,0,0.0702,New,0.0,1,1,Middle,456759,2000,3,1,Auto Debit,0,Agent Referral,12,570865,80373,660,1,0,6,2952.52,492.08666666666664,0.0,0.16666666666666666,0.16666666666666666,1.0,2952.52,-2.0304945539678765,new,0.0,147.63,0.1,5,0.7801640835702788,2199.6299999999997,4402.591614584187,4402.591614584187,2199.6299999999997,4402.591614584187,0
501773,CUST001773,2021,2021-07-15,2021-09-30,Home,WA,D,98004,16.45,N,Standard,Mixed,Shingle,2692,3,24,0,70,0,A,Independent,1903.61,1728.22,133.25,228.43,157.66,702039,0.0,0,0.463,0.5,6,1,1,0,0.081,New,0.0,1,1,Middle,702039,1000,4,0,Auto Debit,1,Online Search,7,835526,74561,733,1,1,6,1903.61,317.2683333333333,0.0,0.0,0.16666666666666666,1.0,1903.61,0.3726247590928944,new,0.0,95.18,0.1,5,0.7926119275360006,1446.7499999999998,3005.8864082324053,3005.8864082324053,1446.7499999999998,3005.8864082324053,0
501774,CUST001774,2021,2021-01-19,2021-10-31,Rental,WA,B,98004,35.68,N,Standard,Mixed,Shingle,1722,1,55,1,39,0,D,Broker,2290.13,2182.76,160.31,343.52,175.06,454373,0.0,0,0.947,1.0,12,0,0,1,0.0964,New,0.0,1,1,Middle,454373,2000,4,0,Credit Card,11,Online Search,8,514540,67686,590,1,11,12,2290.13,190.84416666666667,0.0,0.0,0.08333333333333333,1.0,2290.13,-2.1199279174883903,new,0.0,114.51,0.1,5,0.827988463651934,1671.7900000000002,3859.2023645607987,3859.2023645607987,1671.7900000000002,3859.2023645607987,0
501775,CUST001775,2021,2021-05-04,2022-02-28,Rental,CA,D,95814,45.04,Y,Basic,Frame,Shingle,1986,1,36,1,55,0,D,Independent,4932.54,4576.51,345.28,591.9,293.96,655970,0.0,0,0.947,1.0,12,0,0,0,0.0588,New,0.0,1,1,Upper Middle,655970,1500,3,0,Credit Card,2,Online Search,4,858525,106324,611,1,2,12,4932.54,411.045,0.0,0.0,0.08333333333333333,1.0,4932.54,1.3463825696023748,new,0.0,246.63,0.1,5,0.8178850344888113,3748.73,8398.29410430618,8398.29410430618,3748.73,8398.29410430618,1
501776,CUST001776,2021,2021-09-21,2022-06-30,Home,TX,C,73301,44.07,Y,Standard,Frame,Shingle,2083,1,41,1,39,0,B,Online,1172.2,1169.2,82.05,23.44,124.75,269231,0.0,0,1.006,1.0,12,1,1,0,0.1107,New,0.0,1,1,Low,269231,1000,4,0,Credit Card,1,Aggregator,8,287908,32968,680,1,1,12,1172.2,97.68333333333334,0.0,0.0,0.08333333333333333,1.0,1172.2,1.7315281792791266,new,0.0,58.61,0.1,5,0.7672730354807974,1008.1,1940.8513118547016,1940.8513118547016,1008.1,1940.8513118547016,0
501777,CUST001777,2021,2021-04-06,2021-06-30,Home,TX,C,79901,41.03,N,Standard,Frame,Tile,2258,1,20,1,58,0,B,Independent,1100.7,1034.64,77.05,132.08,121.53,304000,14525.21,1,0.967,1.0,12,0,0,0,0.0654,New,13605.21,0,1,Middle,304000,1000,4,2,Debit Card,0,Online Search,4,341920,63403,685,1,0,12,1100.7,91.72500000000001,0.08333333333333333,0.16666666666666666,0.0,1.0,1100.7,-2.435492762686601,new,13605.21,55.04,0.1,5,0.4487207883178826,-12768.679999999998,-8698.038987982676,-8698.038987982676,-12768.679999999998,-8698.038987982676,0
501778,CUST001778,2021,2021-02-05,2021-04-30,Rental,CA,B,95814,53.4,Y,Standard,Mixed,Shingle,1802,2,33,0,52,0,A,Online,3965.96,3832.08,277.62,79.32,250.47,793148,0.0,0,0.488,0.5,6,0,0,0,0.0846,New,0.0,1,1,High,793148,1500,4,1,Credit Card,3,Agent Referral,11,807912,217191,738,1,3,6,3965.96,660.9933333333333,0.0,0.16666666666666666,0.16666666666666666,1.0,3965.96,-3.185931382998132,new,0.0,198.3,0.1,5,0.7558514338755142,3410.72,6343.436949268099,6343.436949268099,3410.72,6343.436949268099,1
501779,CUST001779,2021,2021-01-06,2021-03-31,Home,FL,B,32801,36.67,N,Basic,Masonry,Shingle,1969,1,14,0,47,3,B,Broker,2108.94,1895.96,179.26,316.34,166.9,326364,0.0,0,0.933,1.0,12,0,0,0,0.049,New,0.0,1,1,Middle,326364,1500,4,0,Credit Card,1,Social Media,2,472232,71122,699,1,1,12,2108.94,175.745,0.0,0.0,0.08333333333333333,1.0,2108.94,1.7315281792791266,new,0.0,105.45,0.1,5,0.7830188974355722,1507.89,3044.0685360469,3044.0685360469,1507.89,3044.0685360469,0
501780,CUST001780,2021,2021-12-27,2022-06-30,Rental,FL,D,33601,65.83,N,Standard,Frame,Shingle,2132,1,24,1,62,0,B,Broker,3056.26,3163.04,259.78,458.44,209.53,388544,31375.52,1,1.05,1.0,12,0,0,0,0.0487,New,30455.52,0,1,Low,388544,1000,4,0,Debit Card,0,Email Campaign,10,443487,41552,726,1,0,12,3056.26,254.68833333333336,0.08333333333333333,0.0,0.0,1.0,3056.26,0.3527721600509216,new,30455.52,152.81,0.1,5,0.38965022018821516,-28270.29,-15420.698308736353,-15420.698308736353,-28270.29,-15420.698308736353,0
501781,CUST001781,2021,2021-07-17,2022-04-30,Condo,CA,B,94105,52.46,N,Basic,Frame,Shingle,1251,1,30,1,56,0,B,Direct,1853.4,1940.1,129.74,55.6,155.4,351710,0.0,0,1.05,1.0,12,1,0,1,0.0898,New,0.0,0,1,Middle,351710,500,4,0,Auto Debit,2,Email Campaign,6,513864,54248,691,1,2,12,1853.4,154.45000000000002,0.0,0.0,0.0,1.0,1853.4,-0.4175190593025818,new,0.0,92.67,0.1,5,0.7488402221600273,1575.39,2868.287207695946,2868.287207695946,1575.39,2868.287207695946,0
501782,CUST001782,2021,2021-11-21,2022-04-30,Home,NY,C,10001,30.53,N,Standard,Mixed,Shingle,2076,3,40,1,42,1,D,Independent,4028.71,3871.06,282.01,483.45,253.29,800678,0.0,0,0.973,1.0,12,0,0,1,0.055,New,0.0,0,1,Middle,800678,1500,3,0,Auto Debit,3,Email Campaign,5,921019,65555,532,1,3,12,4028.71,335.72583333333336,0.0,0.0,0.0,1.0,4028.71,-0.8026646689793335,new,0.0,201.44,0.1,5,0.5654563729851313,3061.81,3122.61605916081,3122.61605916081,3061.81,3122.61605916081,0
501783,CUST001783,2021,2021-02-27,2021-05-31,Home,FL,C,33601,53.37,Y,Standard,Mixed,Tile,1408,2,11,1,48,1,D,Online,2386.43,2182.4,202.85,47.73,179.39,296725,0.0,0,0.912,1.0,12,0,1,1,0.1467,New,0.0,0,1,Upper Middle,296725,2000,4,1,Credit Card,10,Agent Referral,1,299168,103386,577,1,10,12,2386.43,198.86916666666664,0.0,0.08333333333333333,0.0,1.0,2386.43,-4.892816398085357,new,0.0,119.32,0.1,5,0.4818224839788663,2016.53,1546.3896210702908,1546.3896210702908,2016.53,1546.3896210702908,0
501784,CUST001784,2021,2021-09-10,2022-07-31,Home,FL,D,33301,39.87,Y,Standard,Frame,Metal,1913,2,19,1,41,0,C,Broker,2728.2,2593.12,231.9,409.23,194.77,408253,0.0,0,0.963,1.0,12,1,0,0,0.0769,New,0.0,1,1,Middle,408253,2500,4,1,Credit Card,3,Partner Referral,5,418815,59348,661,1,3,12,2728.2,227.35,0.0,0.08333333333333333,0.08333333333333333,1.0,2728.2,-0.43289550144313826,new,0.0,136.41,0.1,5,0.7941941366853663,1950.6599999999996,4072.0915975651583,4072.0915975651583,1950.6599999999996,4072.0915975651583,0
501785,CUST001785,2021,2021-10-13,2021-10-31,Home,NY,A,10001,36.04,N,Standard,Mixed,Tile,1714,1,22,1,36,0,C,Online,2779.26,2430.57,194.55,55.59,197.07,739631,0.0,0,0.904,1.0,12,0,1,0,0.1574,New,0.0,1,1,Upper Middle,739631,2000,3,1,Credit Card,0,Social Media,5,839901,122635,677,1,0,12,2779.26,231.60500000000002,0.0,0.08333333333333333,0.08333333333333333,1.0,2779.26,0.722541327587117,new,0.0,138.96,0.1,5,0.7505218033456443,2390.16,4374.019652819554,4374.019652819554,2390.16,4374.019652819554,0
501786,CUST001786,2021,2021-09-24,2021-10-31,Home,WA,D,98004,14.15,Y,Standard,Mixed,Metal,1831,2,33,1,35,0,A,Independent,1346.53,1132.27,94.26,161.58,132.59,602631,10203.42,1,0.865,1.0,12,1,1,0,0.0904,New,9283.42,1,1,Upper Middle,602631,1000,5,1,Auto Debit,0,Online Search,10,618472,132114,772,1,0,12,1346.53,112.21083333333333,0.08333333333333333,0.08333333333333333,0.08333333333333333,1.0,1346.53,0.722541327587117,new,9283.42,67.33,0.1,5,0.9038844596401253,-8260.060000000001,-23807.94896288186,-23807.94896288186,-8260.060000000001,-23807.94896288186,0
501787,CUST001787,2021,2021-11-16,2022-03-31,Condo,NY,D,11201,37.05,Y,Premium,Frame,Shingle,1585,1,41,0,59,3,D,Independent,4731.73,4123.52,331.22,567.81,284.93,787913,0.0,0,0.899,1.0,12,0,0,1,0.0658,New,0.0,0,1,Middle,787913,1000,4,0,Debit Card,6,Aggregator,7,699404,53126,573,1,6,12,4731.73,394.3108333333333,0.0,0.0,0.0,1.0,4731.73,-1.9581014980095888,new,0.0,236.59,0.1,5,0.5367768866303495,3596.109999999999,3332.42276326293,3332.42276326293,3596.109999999999,3332.42276326293,0
501788,CUST001788,2021,2021-08-02,2022-01-31,Home,TX,C,78701,37.45,N,Premium,Mixed,Tile,850,1,22,1,41,0,D,Direct,576.57,516.63,40.36,17.3,97.95,116229,0.0,0,0.465,0.5,6,1,1,1,0.1141,New,0.0,1,1,Low,116229,1000,5,0,Credit Card,9,Online Search,5,120000,35832,573,1,9,6,576.57,96.09500000000001,0.0,0.0,0.16666666666666666,1.0,576.57,-2.7085401183211193,new,0.0,28.83,0.1,5,0.9212491318742788,490.0800000000001,1485.1005138825205,1485.1005138825205,490.0800000000001,1485.1005138825205,0
501789,CUST001789,2021,2021-04-16,2021-06-30,Rental,NY,A,11201,46.28,N,Basic,Masonry,Shingle,2137,2,47,0,51,0,C,Independent,3258.25,3425.5,228.08,390.99,218.62,603984,12338.59,1,1.029,1.0,12,0,0,0,0.057,New,11418.59,0,1,Middle,603984,1000,4,0,Bank Transfer,1,Agent Referral,6,829311,67163,633,1,1,12,3258.25,271.5208333333333,0.08333333333333333,0.0,0.0,1.0,3258.25,-0.03237344962583011,new,11418.59,162.91,0.1,5,0.5701369240084608,-8942.32,-9262.094619249134,-9262.094619249134,-8942.32,-9262.094619249134,0
501790,CUST001790,2021,2021-07-20,2021-11-30,Home,FL,C,32801,69.51,N,Basic,Mixed,Shingle,2752,2,59,1,44,2,C,Independent,3702.82,3653.26,314.74,444.34,238.63,433348,22131.05,1,0.998,1.0,12,1,1,0,0.0899,New,21211.05,0,1,Middle,433348,1000,3,2,Bank Transfer,5,Agent Referral,7,599662,61962,657,1,5,12,3702.82,308.5683333333333,0.08333333333333333,0.16666666666666666,0.0,1.0,3702.82,-4.36122081107036,new,21211.05,185.14,0.1,5,0.35,-18452.45,-8583.060713929517,-8583.060713929517,-18452.45,-8583.060713929517,0
501791,CUST001791,2021,2021-01-23,2021-09-30,Condo,NY,B,12207,42.43,Y,Basic,Frame,Tile,1179,1,44,1,64,1,C,Independent,1911.12,1761.34,133.78,229.33,158.0,389367,0.0,0,0.945,1.0,12,0,0,1,0.0599,New,0.0,0,1,Low,389367,500,4,0,Credit Card,8,Online Search,10,499842,49222,646,1,8,12,1911.12,159.26,0.0,0.0,0.0,1.0,1911.12,-2.728392717363092,new,0.0,95.56,0.1,5,0.7604493674658419,1452.45,2739.2363112163657,2739.2363112163657,1452.45,2739.2363112163657,0
501792,CUST001792,2021,2021-05-12,2022-03-31,Home,FL,A,32801,72.44,N,Standard,Frame,Shingle,2008,1,29,1,46,0,D,Broker,4073.15,3976.31,346.22,610.97,255.29,427490,0.0,0,0.972,1.0,12,0,1,1,0.0938,New,0.0,1,1,Low,427490,1000,4,1,Credit Card,6,Agent Referral,8,506624,39643,597,1,6,12,4073.15,339.4291666666667,0.0,0.08333333333333333,0.08333333333333333,1.0,4073.15,-1.5883323304733934,new,0.0,203.66,0.1,5,0.8064270384245491,2912.3,6305.779170096084,6305.779170096084,2912.3,6305.779170096084,1
501793,CUST001793,2021,2021-05-09,2021-06-30,Home,CA,D,92101,32.2,Y,Basic,Masonry,Shingle,1552,1,30,1,26,1,C,Broker,3048.94,3122.71,213.43,457.34,209.2,579623,80809.8,1,1.025,1.0,12,0,1,0,0.0936,New,79429.8,0,1,Middle,579623,1500,3,0,Auto Debit,2,Online Search,4,733028,59211,676,1,2,12,3048.94,254.07833333333335,0.08333333333333333,0.0,0.0,1.0,3048.94,-0.4175190593025818,new,79429.8,152.45,0.1,5,0.35,-77204.07999999999,-35911.07446453297,-35911.07446453297,-77204.07999999999,-35911.07446453297,0
501794,CUST001794,2021,2021-07-26,2022-04-30,Rental,TX,D,79901,33.66,N,Premium,Frame,Tile,1462,1,23,1,38,0,C,Independent,796.61,754.7,55.76,95.59,107.85,194962,5814.01,1,0.469,0.5,6,1,1,0,0.1056,New,4894.01,1,1,Upper Middle,194962,1000,3,4,Credit Card,1,Online Search,5,204728,90935,676,1,1,6,796.61,132.76833333333335,0.16666666666666666,0.6666666666666666,0.16666666666666666,1.0,796.61,-10.780434931857197,new,4894.01,39.83,0.1,5,0.529263248658573,-4288.580000000001,-3874.3913176064057,-3874.3913176064057,-4288.580000000001,-3874.3913176064057,0
501795,CUST001795,2021,2021-12-10,2022-01-31,Condo,TX,B,78701,27.16,N,Premium,Mixed,Shingle,1578,1,7,1,35,0,C,Online,951.77,868.46,66.62,19.04,114.83,232529,0.0,0,0.939,1.0,12,0,0,0,0.0632,New,0.0,1,1,Middle,232529,1000,5,1,Bank Transfer,1,Agent Referral,4,250365,69319,672,1,1,12,951.77,79.31416666666667,0.0,0.08333333333333333,0.08333333333333333,1.0,951.77,0.33739571791036516,new,0.0,47.59,0.1,5,0.8551129625502963,818.52,2046.7517434686713,2046.7517434686713,818.52,2046.7517434686713,0
501796,CUST001796,2021,2021-06-12,2021-08-31,Home,FL,D,33101,75.2,Y,Premium,Frame,Shingle,2388,1,35,1,63,2,C,Online,5988.59,5919.34,509.03,119.77,341.49,637752,41664.84,1,1.018,1.0,12,1,0,0,0.1053,New,39824.84,0,1,Low,637752,2000,4,0,Debit Card,3,Aggregator,1,591670,28613,658,1,3,12,5988.59,499.0491666666667,0.08333333333333333,0.0,0.0,1.0,5988.59,-0.8026646689793335,new,39824.84,299.43,0.1,5,0.35,-34764.479999999996,-16170.516247337799,-16170.516247337799,-34764.479999999996,-16170.516247337799,0
501797,CUST001797,2021,2021-01-17,2021-04-30,Home,CA,A,92101,54.07,N,Standard,Frame,Tile,1806,2,28,1,64,0,C,Independent,3058.3,3114.58,214.08,367.0,209.62,545685,7840.97,1,1.008,1.0,12,0,0,0,0.0793,New,6000.97,1,1,Upper Middle,545685,2000,3,1,Auto Debit,1,Email Campaign,8,651984,131917,673,1,1,12,3058.3,254.85833333333335,0.08333333333333333,0.08333333333333333,0.08333333333333333,1.0,3058.3,0.33739571791036516,new,6000.97,152.92,0.1,5,0.6232851689945056,-3676.67,-4526.3241499212745,-4526.3241499212745,-3676.67,-4526.3241499212745,0
501798,CUST001798,2021,2021-02-06,2021-08-31,Home,TX,A,78701,40.5,N,Basic,Mixed,Tile,2074,1,31,1,47,2,D,Broker,1443.85,1387.02,101.07,216.58,136.97,236210,0.0,0,0.951,1.0,12,0,0,0,0.0495,New,0.0,1,1,Low,236210,500,4,0,Credit Card,0,Partner Referral,6,333288,43690,614,1,0,12,1443.85,120.32083333333333,0.0,0.0,0.08333333333333333,1.0,1443.85,2.1166737889558784,new,0.0,72.19,0.1,5,0.7825076952328397,1054.01,2124.5284850557387,2124.5284850557387,1054.01,2124.5284850557387,0
501799,CUST001799,2021,2021-01-11,2021-07-31,Rental,WA,D,98501,18.96,N,Basic,Mixed,Shingle,1587,2,19,1,46,0,A,Independent,1192.33,1089.05,83.46,143.08,125.65,419903,0.0,0,0.924,1.0,12,0,1,0,0.0838,New,0.0,0,1,Upper Middle,419903,1000,4,0,Auto Debit,0,Social Media,12,561909,90659,733,1,0,12,1192.33,99.36083333333333,0.0,0.0,0.0,1.0,1192.33,0.3527721600509216,new,0.0,59.62,0.1,5,0.7233059271031261,906.1699999999998,1526.0850630973912,1526.0850630973912,906.1699999999998,1526.0850630973912,0
501800,CUST001800,2021,2021-03-20,2021-05-31,Condo,NY,C,11201,44.84,N,Basic,Frame,Shingle,1615,1,34,0,47,0,C,Direct,2491.68,2440.24,174.42,74.75,184.13,557561,69783.91,2,0.976,1.0,12,0,0,0,0.0605,New,67943.91,1,1,Middle,557561,1000,3,0,Credit Card,1,Email Campaign,7,806293,71649,662,1,1,12,2491.68,207.64,0.16666666666666666,0.0,0.08333333333333333,1.0,2491.68,1.7315281792791266,new,67943.91,124.58,0.1,5,0.40172887193900825,-65825.98000000001,-37624.91683499714,-37624.91683499714,-65825.98000000001,-37624.91683499714,0
501801,CUST001801,2021,2021-08-04,2021-12-31,Home,TX,C,79901,43.44,N,Standard,Masonry,Shingle,2354,2,30,1,52,1,B,Online,1474.54,1459.45,103.22,29.49,138.35,306912,0.0,0,0.997,1.0,12,1,0,0,0.0641,New,0.0,1,1,Low,306912,1000,4,1,Bank Transfer,3,Partner Referral,4,352163,32776,683,1,3,12,1474.54,122.87833333333333,0.0,0.08333333333333333,0.08333333333333333,1.0,1474.54,-0.43289550144313826,new,0.0,73.73,0.1,5,0.7858045121428444,1268.1,2581.490268131125,2581.490268131125,1268.1,2581.490268131125,0
501802,CUST001802,2021,2021-03-07,2021-07-31,Home,FL,A,33601,50.52,Y,Basic,Mixed,Metal,2203,1,21,1,41,0,C,Online,2875.85,2512.43,244.45,57.52,201.41,431286,0.0,0,0.436,0.5,6,0,0,0,0.066,New,0.0,1,1,Middle,431286,1000,4,0,Auto Debit,0,Aggregator,1,539836,67684,654,1,0,6,2875.85,479.30833333333334,0.0,0.0,0.16666666666666666,1.0,2875.85,0.7577703687696461,new,0.0,143.79,0.1,5,0.8723966369563588,2430.09,6391.894827870081,6391.894827870081,2430.09,6391.894827870081,1
501803,CUST001803,2021,2021-10-13,2022-07-31,Home,WA,C,98004,34.71,N,Premium,Frame,Shingle,2463,3,4,1,51,1,D,Online,3664.73,3877.97,256.53,73.29,236.91,777018,0.0,0,1.05,1.0,12,0,0,1,0.0753,New,0.0,0,1,Middle,777018,500,4,0,Credit Card,5,Social Media,8,838314,56275,603,1,5,12,3664.73,305.39416666666665,0.0,0.0,0.0,1.0,3664.73,-1.572955888332837,new,0.0,183.24,0.1,5,0.6355003080792144,3151.67,4034.4087476684654,4034.4087476684654,3151.67,4034.4087476684654,0
501804,CUST001804,2021,2021-08-05,2022-04-30,Home,NY,B,12207,37.84,N,Basic,Frame,Shingle,1673,3,51,0,64,0,C,Independent,2414.05,2162.32,168.98,289.69,180.63,529533,0.0,0,0.903,1.0,12,1,0,0,0.062,New,0.0,1,1,Low,529533,1000,4,0,Debit Card,0,Email Campaign,9,749520,35069,653,1,0,12,2414.05,201.17083333333335,0.0,0.0,0.08333333333333333,1.0,2414.05,2.1166737889558784,new,0.0,120.7,0.1,5,0.8281806300055483,1834.68,4237.631401441758,4237.631401441758,1834.68,4237.631401441758,0
501805,CUST001805,2021,2021-10-27,2022-06-30,Home,CA,D,95814,45.01,Y,Premium,Mixed,Shingle,1501,2,37,1,50,2,D,Direct,5275.74,4987.79,369.3,158.27,309.41,723332,0.0,0,0.946,1.0,12,0,0,1,0.095,New,0.0,0,1,Middle,723332,2000,4,0,Bank Transfer,9,Agent Referral,9,646072,51671,598,1,9,12,5275.74,439.645,0.0,0.0,0.0,1.0,5275.74,-3.113538327039844,new,0.0,263.79,0.1,5,0.8001759664796986,4484.379999999999,9530.267140844877,9530.267140844877,4484.379999999999,9530.267140844877,1
501806,CUST001806,2021,2021-12-19,2022-08-31,Condo,CA,D,94105,43.88,N,Standard,Mixed,Tile,953,1,55,0,48,0,C,Online,1342.07,1360.82,93.94,26.84,132.39,274869,0.0,0,1.05,1.0,12,0,1,0,0.1039,New,0.0,1,1,Upper Middle,274869,1000,4,0,Auto Debit,0,Agent Referral,3,311526,136699,637,1,0,12,1342.07,111.83916666666666,0.0,0.0,0.08333333333333333,1.0,1342.07,2.1166737889558784,new,0.0,67.1,0.1,5,0.8047457118685178,1154.19,2486.5830170169397,2486.5830170169397,1154.19,2486.5830170169397,0
501807,CUST001807,2021,2021-10-07,2022-08-31,Home,NY,B,14604,32.42,N,Standard,Frame,Shingle,2737,1,6,0,71,0,A,Direct,3519.94,3455.24,246.4,105.6,230.4,1187136,0.0,0,0.942,1.0,12,0,0,0,0.0853,New,0.0,1,1,High,1187136,1000,4,0,Credit Card,1,Agent Referral,1,1384801,257585,812,1,1,12,3519.94,293.3283333333333,0.0,0.0,0.08333333333333333,1.0,3519.94,1.7315281792791266,new,0.0,176.0,0.1,5,0.8336489041786286,2991.94,7023.258893460068,7023.258893460068,2991.94,7023.258893460068,1
501808,CUST001808,2021,2021-04-09,2021-08-31,Home,FL,C,33601,50.3,Y,Standard,Masonry,Metal,2657,1,39,1,41,3,D,Direct,5392.89,5286.8,458.4,161.79,314.68,609811,0.0,0,0.508,0.5,6,0,0,1,0.0773,New,0.0,0,1,Middle,609811,1000,3,0,Auto Debit,4,Email Campaign,6,620875,52366,537,1,4,6,5392.89,898.815,0.0,0.0,0.0,1.0,5392.89,-4.310615327747275,new,0.0,269.64,0.1,5,0.35,4503.06,2094.574833069183,2094.574833069183,4503.06,2094.574833069183,0
501809,CUST001809,2021,2021-09-06,2022-07-31,Condo,TX,A,78701,44.19,N,Basic,Mixed,Tile,1366,2,27,1,56,1,D,Broker,879.27,742.38,61.55,131.89,111.57,155440,0.0,0,0.872,1.0,12,1,0,0,0.0711,New,0.0,0,1,Low,155440,2000,4,0,Auto Debit,1,Partner Referral,4,223352,36568,616,1,1,12,879.27,73.2725,0.0,0.0,0.0,1.0,879.27,-0.03237344962583011,new,0.0,43.96,0.1,5,0.5278194204346696,641.87,577.0445107963013,577.0445107963013,641.87,577.0445107963013,0
501810,CUST001810,2021,2021-08-07,2022-05-31,Home,TX,C,73301,37.13,N,Standard,Masonry,Tile,1577,2,32,1,34,0,B,Broker,748.81,667.03,52.42,112.32,105.7,206703,0.0,0,0.459,0.5,6,1,0,0,0.0476,New,0.0,0,1,Low,206703,1000,4,0,Credit Card,1,Online Search,9,239842,46852,688,1,1,6,748.81,124.80166666666666,0.0,0.0,0.0,1.0,748.81,-3.155178498717019,new,0.0,37.44,0.1,5,0.5865139867530607,546.6299999999999,597.4643155665904,597.4643155665904,546.6299999999999,597.4643155665904,0
501811,CUST001811,2021,2021-11-05,2022-05-31,Home,FL,D,33301,29.54,N,Premium,Masonry,Metal,2437,2,21,0,74,0,A,Direct,2388.45,2084.45,203.02,71.65,179.48,566476,0.0,0,0.93,1.0,12,0,1,0,0.1214,New,0.0,1,1,High,566476,1500,4,0,Credit Card,3,Agent Referral,1,558297,157559,750,1,3,12,2388.45,199.0375,0.0,0.0,0.08333333333333333,1.0,2388.45,0.9612369599256232,new,0.0,119.42,0.1,5,0.8178580174473383,1994.3599999999997,4467.61386258858,4467.61386258858,1994.3599999999997,4467.61386258858,0
501812,CUST001812,2021,2021-01-04,2021-11-30,Home,WA,C,98101,26.77,N,Basic,Masonry,Metal,2133,2,17,1,32,0,D,Independent,2124.39,2000.17,148.71,254.93,167.6,493858,0.0,0,0.943,1.0,12,0,0,0,0.0587,New,0.0,1,1,Middle,493858,500,3,1,Credit Card,5,Social Media,7,688357,85721,600,1,5,12,2124.39,177.0325,0.0,0.08333333333333333,0.08333333333333333,1.0,2124.39,-1.2031867207966416,new,0.0,106.22,0.1,5,0.7942993605246429,1614.5299999999997,3371.4663762542195,3371.4663762542195,1614.5299999999997,3371.4663762542195,0
501813,CUST001813,2021,2021-01-03,2021-03-31,Rental,CA,C,94105,58.94,N,Standard,Frame,Tile,2085,1,19,1,32,0,C,Independent,4352.64,4371.5,304.69,522.32,267.87,753797,0.0,0,0.991,1.0,12,0,1,0,0.1131,New,0.0,0,1,Upper Middle,753797,2500,5,0,Debit Card,2,Online Search,5,912159,121962,677,1,2,12,4352.64,362.72,0.0,0.0,0.0,1.0,4352.64,-0.4175190593025818,new,0.0,217.63,0.1,5,0.8349044829257931,3308.0,7794.0310858349,7794.0310858349,3308.0,7794.0310858349,1
501814,CUST001814,2021,2021-07-25,2022-03-31,Home,TX,C,73301,35.96,Y,Basic,Mixed,Shingle,1233,2,21,1,45,0,C,Independent,722.68,714.51,50.59,86.72,104.52,153082,0.0,0,0.973,1.0,12,1,1,0,0.0932,New,0.0,1,1,Upper Middle,153082,500,4,0,Debit Card,4,Partner Referral,6,182447,117883,654,1,4,12,722.68,60.22333333333333,0.0,0.0,0.08333333333333333,1.0,722.68,0.5760913502488715,new,0.0,36.13,0.1,5,0.8108810819261831,549.2399999999999,1205.108551725069,1205.108551725069,549.2399999999999,1205.108551725069,0
501815,CUST001815,2021,2021-06-16,2022-03-31,Home,FL,B,32801,59.76,N,Basic,Frame,Metal,1360,2,55,1,55,0,C,Online,1509.85,1341.89,128.34,30.2,139.94,222640,0.0,0,0.922,1.0,12,1,0,1,0.1197,New,0.0,1,1,Low,222640,5000,4,0,Auto Debit,1,Partner Referral,3,311917,33703,620,1,1,12,1509.85,125.82083333333333,0.0,0.0,0.08333333333333333,1.0,1509.85,1.7315281792791266,new,0.0,75.49,0.1,5,0.7387021483539922,1275.82,2252.247337594679,2252.247337594679,1275.82,2252.247337594679,0
501816,CUST001816,2021,2021-04-19,2021-05-31,Home,TX,B,73301,30.5,N,Standard,Masonry,Tile,1458,2,37,0,54,1,B,Independent,732.27,730.91,51.26,87.87,104.95,197426,14008.81,2,1.048,1.0,12,0,0,0,0.0422,New,12168.81,1,1,Middle,197426,1000,3,0,Bank Transfer,1,Online Search,2,220615,52723,690,1,1,12,732.27,61.0225,0.16666666666666666,0.0,0.08333333333333333,1.0,732.27,1.7315281792791266,new,12168.81,36.61,0.1,5,0.7258910346817982,-11612.28,-19711.95601322523,-19711.95601322523,-11612.28,-19711.95601322523,0
501817,CUST001817,2021,2021-04-13,2022-02-28,Home,TX,D,79901,44.13,N,Basic,Frame,Tile,1658,2,42,1,32,0,C,Independent,870.78,740.96,60.95,104.49,111.19,172220,2315.45,1,0.43,0.5,6,0,0,0,0.0416,New,1395.45,1,1,Middle,172220,1000,4,1,Auto Debit,0,Online Search,8,248982,70320,641,1,0,6,870.78,145.13,0.16666666666666666,0.16666666666666666,0.16666666666666666,1.0,870.78,-2.0304945539678765,new,1395.45,43.54,0.1,5,0.6732078192822557,-733.6500000000001,-1057.8769036699334,-1057.8769036699334,-733.6500000000001,-1057.8769036699334,0
501818,CUST001818,2021,2021-04-15,2021-11-30,Rental,NY,A,10001,34.92,Y,Standard,Mixed,Metal,1351,3,35,1,28,0,B,Online,2050.56,1956.49,143.54,41.01,164.28,582974,0.0,0,0.999,1.0,12,0,0,0,0.0884,New,0.0,1,1,Middle,582974,1000,5,1,Auto Debit,0,Social Media,7,606859,70661,708,1,0,12,2050.56,170.88,0.0,0.08333333333333333,0.08333333333333333,1.0,2050.56,0.722541327587117,new,0.0,102.53,0.1,5,0.8617012469897499,1763.48,4495.679835894548,4495.679835894548,1763.48,4495.679835894548,0
501819,CUST001819,2021,2021-05-25,2022-03-31,Home,FL,B,33101,47.3,N,Standard,Masonry,Tile,1589,2,39,0,52,0,C,Independent,2446.33,2215.17,207.94,293.56,182.09,329612,16414.51,1,0.935,1.0,12,0,0,0,0.0495,New,15494.51,0,1,Middle,329612,1000,4,0,Credit Card,0,Agent Referral,1,374430,55755,668,1,0,12,2446.33,203.86083333333332,0.08333333333333333,0.0,0.0,1.0,2446.33,0.3527721600509216,new,15494.51,122.32,0.1,5,0.3778382694457132,-13672.0,-7119.048525255523,-7119.048525255523,-13672.0,-7119.048525255523,0
501820,CUST001820,2021,2021-07-27,2021-08-31,Home,FL,B,33101,56.22,Y,Standard,Frame,Shingle,2569,2,28,0,47,0,B,Online,4662.51,4446.63,396.31,93.25,281.81,693514,0.0,0,0.97,1.0,12,1,1,0,0.103,New,0.0,0,1,Middle,693514,500,5,0,Auto Debit,2,Agent Referral,1,709459,88123,695,1,2,12,4662.51,388.5425,0.0,0.0,0.0,1.0,4662.51,-0.4175190593025818,new,0.0,233.13,0.1,5,0.7259421972579725,3939.8199999999997,6688.930960233993,6688.930960233993,3939.8199999999997,6688.930960233993,1
501821,CUST001821,2021,2021-07-06,2021-11-30,Rental,NY,A,11201,48.77,Y,Basic,Frame,Shingle,2739,1,29,1,23,0,B,Broker,4910.96,4686.47,343.77,736.64,292.99,1129962,0.0,0,0.968,1.0,12,1,1,0,0.0873,New,0.0,0,1,Middle,1129962,1000,5,0,Auto Debit,0,Agent Referral,8,1396997,87335,686,1,0,12,4910.96,409.24666666666667,0.0,0.0,0.0,1.0,4910.96,0.3527721600509216,new,0.0,245.55,0.1,5,0.8869039227887284,3585.0000000000005,9836.68811131994,9836.68811131994,3585.0000000000005,9836.68811131994,1
501822,CUST001822,2021,2021-09-06,2021-09-30,Home,TX,B,78701,38.82,Y,Premium,Frame,Shingle,2015,2,25,0,51,0,C,Online,1222.41,1144.17,85.57,24.45,127.01,296529,12661.4,1,0.93,1.0,12,1,1,1,0.1465,New,8061.4,0,1,Middle,296529,5000,2,2,Debit Card,5,Partner Referral,2,279142,71795,645,1,5,12,1222.41,101.8675,0.08333333333333333,0.16666666666666666,0.0,1.0,1222.41,-4.36122081107036,new,8061.4,61.12,0.1,5,0.36166010321229974,-7010.129999999999,-3420.5711848785318,-3420.5711848785318,-7010.129999999999,-3420.5711848785318,0
501823,CUST001823,2021,2021-07-10,2022-03-31,Home,NY,C,10001,41.18,N,Standard,Frame,Tile,1703,2,43,1,52,0,C,Independent,2474.57,2379.85,173.22,296.95,183.36,577646,90523.06,1,0.972,1.0,12,1,0,0,0.0613,New,89603.06,0,1,Middle,577646,1000,4,1,Credit Card,2,Agent Referral,4,709032,68918,674,1,2,12,2474.57,206.21416666666667,0.08333333333333333,0.08333333333333333,0.0,1.0,2474.57,-1.8116515206713433,new,89603.06,123.73,0.1,5,0.5452420805678575,-87722.38999999998,-83637.91333356693,-83637.91333356693,-87722.38999999998,-83637.91333356693,0
501824,CUST001824,2021,2021-05-23,2021-07-31,Home,WA,D,99201,32.73,N,Basic,Frame,Tile,1781,1,53,1,40,0,C,Direct,1621.06,1564.95,113.47,48.63,144.95,400639,0.0,0,0.948,1.0,12,0,0,0,0.0632,New,0.0,1,1,Middle,400639,500,5,0,Debit Card,2,Aggregator,2,560586,66168,650,1,2,12,1621.06,135.08833333333334,0.0,0.0,0.08333333333333333,1.0,1621.06,1.3463825696023748,new,0.0,81.05,0.1,5,0.8634160063809829,1377.9099999999999,3530.4195745706807,3530.4195745706807,1377.9099999999999,3530.4195745706807,0
501825,CUST001825,2021,2021-06-21,2021-08-31,Home,CA,C,94105,63.93,N,Basic,Frame,Shingle,1567,2,30,1,45,0,B,Independent,3023.67,2653.6,211.66,362.84,208.06,537663,0.0,0,0.45,0.5,6,1,0,0,0.0605,New,0.0,1,1,Middle,537663,500,5,1,Debit Card,0,Online Search,4,751547,51166,689,1,0,6,3023.67,503.945,0.0,0.16666666666666666,0.16666666666666666,1.0,3023.67,-2.0304945539678765,new,0.0,151.18,0.1,5,0.8024792546763275,2297.9900000000002,4917.419670124907,4917.419670124907,2297.9900000000002,4917.419670124907,0
501826,CUST001826,2021,2021-11-05,2022-02-28,Rental,CA,B,95814,37.13,Y,Standard,Masonry,Tile,1860,1,37,0,31,0,B,Direct,3144.54,2936.3,220.12,94.34,213.5,714827,45126.81,1,0.942,1.0,12,0,1,0,0.1237,New,44666.81,0,1,Upper Middle,714827,500,3,1,Debit Card,0,Online Search,5,756817,115549,719,1,0,12,3144.54,262.045,0.08333333333333333,0.08333333333333333,0.0,1.0,3144.54,-1.0413603013178399,new,44666.81,157.23,0.1,5,0.5734741407015241,-41993.96,-43976.88297136562,-43976.88297136562,-41993.96,-43976.88297136562,0
501827,CUST001827,2021,2021-08-19,2021-11-30,Home,WA,C,98101,43.71,N,Basic,Frame,Shingle,2149,2,12,1,54,2,D,Broker,3040.31,3223.57,212.82,456.05,208.81,572700,0.0,0,1.05,1.0,12,1,0,1,0.0685,New,0.0,1,1,Middle,572700,500,3,1,Credit Card,8,Online Search,2,826457,67423,588,1,8,12,3040.31,253.35916666666665,0.0,0.08333333333333333,0.08333333333333333,1.0,3040.31,-2.3586235498268966,new,0.0,152.02,0.1,5,0.7476312820157538,2219.4199999999996,4026.037047250469,4026.037047250469,2219.4199999999996,4026.037047250469,0
501828,CUST001828,2021,2021-03-05,2021-04-30,Home,CA,A,92101,56.44,N,Basic,Frame,Shingle,1974,1,29,1,38,1,C,Online,2994.54,2802.66,209.62,59.89,206.75,504242,0.0,0,0.942,1.0,12,0,0,0,0.1115,New,0.0,1,1,Middle,504242,2000,4,1,Auto Debit,1,Online Search,7,721135,65956,666,1,1,12,2994.54,249.545,0.0,0.08333333333333333,0.08333333333333333,1.0,2994.54,0.33739571791036516,new,0.0,149.73,0.1,5,0.8215609085316452,2575.3,5832.739351464295,5832.739351464295,2575.3,5832.739351464295,1
501829,CUST001829,2021,2021-01-20,2021-09-30,Rental,TX,D,77001,40.41,Y,Standard,Mixed,Shingle,2370,1,34,1,48,0,A,Broker,1489.82,1480.44,104.29,223.47,139.04,342934,0.0,0,0.978,1.0,12,0,0,0,0.0496,New,0.0,1,1,High,342934,1000,5,0,Auto Debit,1,Agent Referral,12,357632,158879,762,1,1,12,1489.82,124.15166666666666,0.0,0.0,0.08333333333333333,1.0,1489.82,1.7315281792791266,new,0.0,74.49,0.1,5,0.8548029997242209,1087.57,2717.0522568624247,2717.0522568624247,1087.57,2717.0522568624247,0
501830,CUST001830,2021,2021-11-05,2022-02-28,Home,TX,B,78701,44.66,N,Basic,Masonry,Shingle,1553,2,51,0,46,1,C,Online,765.57,702.64,53.59,15.31,106.45,150089,30596.45,3,0.932,1.0,12,0,1,0,0.106,New,27836.45,1,1,Low,150089,1000,3,1,Auto Debit,1,Agent Referral,5,212635,49570,640,1,1,12,765.57,63.79750000000001,0.25,0.08333333333333333,0.08333333333333333,1.0,765.57,0.33739571791036516,new,27836.45,38.28,0.1,5,0.8495702898273644,-27178.06,-66862.63517174682,-66862.63517174682,-27178.06,-66862.63517174682,0
501831,CUST001831,2021,2021-04-27,2022-02-28,Home,TX,C,73301,36.84,N,Standard,Mixed,Shingle,1709,2,17,0,72,0,C,Broker,1031.34,989.92,72.19,154.7,118.41,229150,13764.15,1,0.946,1.0,12,0,1,0,0.0927,New,12844.15,1,1,Low,229150,1000,4,0,Credit Card,2,Agent Referral,1,266551,42605,642,1,2,12,1031.34,85.945,0.08333333333333333,0.0,0.08333333333333333,1.0,1031.34,1.3463825696023748,new,12844.15,51.57,0.1,5,0.4790443842457493,-12091.27,-9181.851840599224,-9181.851840599224,-12091.27,-9181.851840599224,0
501832,CUST001832,2021,2021-07-01,2021-07-31,Rental,NY,A,11201,35.61,Y,Basic,Mixed,Tile,1370,2,51,1,47,0,A,Broker,1711.68,1553.55,119.82,256.75,149.03,471729,45304.19,2,0.905,1.0,12,1,0,0,0.0505,New,43464.19,0,1,Upper Middle,471729,1000,3,1,Bank Transfer,1,Agent Referral,9,556836,94334,779,1,1,12,1711.68,142.64000000000001,0.16666666666666666,0.08333333333333333,0.0,1.0,1711.68,-1.4265059109945915,new,43464.19,85.58,0.1,5,0.5644929648102126,-42214.66,-42915.90818087109,-42915.90818087109,-42214.66,-42915.90818087109,0
501833,CUST001833,2021,2021-03-26,2021-12-31,Condo,TX,B,79901,23.44,N,Standard,Masonry,Tile,982,1,13,0,46,0,B,Online,450.0,416.41,31.5,9.0,92.25,112553,0.0,0,0.939,1.0,12,0,0,0,0.0694,New,0.0,1,1,High,112553,1000,4,0,Credit Card,2,Agent Referral,1,137013,157527,723,1,2,12,450.0,37.5,0.0,0.0,0.08333333333333333,1.0,450.0,1.3463825696023748,new,0.0,22.5,0.1,5,0.8757160990635545,387.0,1027.8380247990845,1027.8380247990845,387.0,1027.8380247990845,0
501834,CUST001834,2021,2021-12-02,2022-08-31,Home,WA,C,98501,33.32,N,Standard,Frame,Tile,2221,1,19,0,54,0,B,Online,1863.13,1890.29,130.42,37.26,155.84,629551,0.0,0,1.015,1.0,12,0,1,0,0.1008,New,0.0,0,1,Middle,629551,1000,5,0,Credit Card,2,Aggregator,3,705554,88411,702,1,2,12,1863.13,155.26083333333335,0.0,0.0,0.0,1.0,1863.13,-0.4175190593025818,new,0.0,93.16,0.1,5,0.8563372605779404,1602.29,4021.0290028384643,4021.0290028384643,1602.29,4021.0290028384643,0
501835,CUST001835,2021,2021-04-17,2021-10-31,Home,NY,B,14604,27.94,N,Standard,Masonry,Shingle,2143,1,30,0,52,1,C,Independent,4041.82,4230.3,282.93,485.02,253.88,921791,61873.78,1,1.05,1.0,12,0,1,0,0.0809,New,60493.78,1,1,Middle,921791,1500,4,1,Auto Debit,4,Social Media,7,1107024,69702,626,1,4,12,4041.82,336.8183333333333,0.08333333333333333,0.08333333333333333,0.08333333333333333,1.0,4041.82,-0.81804111111989,new,60493.78,202.09,0.1,5,0.6995428669432165,-57421.99999999999,-89874.38444547309,-89874.38444547309,-57421.99999999999,-89874.38444547309,0
501836,CUST001836,2021,2021-12-15,2021-12-31,Condo,TX,C,73301,32.49,Y,Basic,Mixed,Metal,1233,1,17,0,63,1,C,Direct,553.46,563.9,38.74,16.6,96.91,139376,0.0,0,0.979,1.0,12,0,0,0,0.0848,New,0.0,1,1,Middle,139376,1000,3,1,Credit Card,3,Online Search,2,178310,68521,667,1,3,12,553.46,46.12166666666667,0.0,0.08333333333333333,0.08333333333333333,1.0,553.46,-0.43289550144313826,new,0.0,27.67,0.1,5,0.8585777157668183,470.45,1188.4015175877594,1188.4015175877594,470.45,1188.4015175877594,0
501837,CUST001837,2021,2021-09-23,2022-04-30,Home,WA,C,98101,31.5,Y,Standard,Mixed,Shingle,1986,2,29,1,56,0,D,Direct,2848.04,2566.72,199.36,85.44,200.16,612914,0.0,0,0.453,0.5,6,1,0,0,0.072,New,0.0,1,1,Low,612914,500,4,1,Credit Card,1,Social Media,1,617712,45753,616,1,1,6,2848.04,474.67333333333335,0.0,0.16666666666666666,0.16666666666666666,1.0,2848.04,-2.4156401636446283,new,0.0,142.4,0.1,5,0.8903183428081246,2420.8399999999997,6708.624817433896,6708.624817433896,2420.8399999999997,6708.624817433896,1
501838,CUST001838,2021,2021-08-01,2022-04-30,Home,WA,C,98004,30.4,Y,Basic,Frame,Tile,1173,2,41,1,42,0,C,Online,1252.95,1260.19,87.71,25.06,128.38,321338,0.0,0,1.009,1.0,12,1,0,1,0.0654,New,0.0,1,1,Upper Middle,321338,500,3,0,Auto Debit,4,Social Media,6,381023,91307,630,1,4,12,1252.95,104.41250000000001,0.0,0.0,0.08333333333333333,1.0,1252.95,0.5760913502488715,new,0.0,62.65,0.1,5,0.7048481625522547,1077.53,1714.4104714733676,1714.4104714733676,1077.53,1714.4104714733676,0
501839,CUST001839,2021,2021-05-25,2021-05-31,Home,FL,A,32801,59.51,Y,Basic,Mixed,Metal,2286,2,28,1,58,1,D,Independent,4240.95,4255.52,360.48,508.91,262.84,460916,79242.02,1,0.983,1.0,12,0,0,0,0.0659,New,78322.02,0,1,Low,460916,1000,4,1,Debit Card,3,Partner Referral,3,597313,49984,598,1,3,12,4240.95,353.41249999999997,0.08333333333333333,0.08333333333333333,0.0,1.0,4240.95,-2.196797130348095,new,78322.02,212.05,0.1,5,0.41795053945965804,-75162.51000000001,-45693.82368951138,-45693.82368951138,-75162.51000000001,-45693.82368951138,0
501840,CUST001840,2021,2021-01-10,2021-09-30,Home,TX,A,77001,41.22,Y,Standard,Masonry,Tile,1863,1,35,0,41,1,A,Broker,1018.01,979.42,71.26,152.7,117.81,250813,0.0,0,0.984,1.0,12,0,0,0,0.0507,New,0.0,1,1,Upper Middle,250813,1000,4,1,Debit Card,2,Aggregator,13,257802,124021,745,1,2,12,1018.01,84.83416666666666,0.0,0.08333333333333333,0.08333333333333333,1.0,1018.01,-0.047749891766386554,new,0.0,50.9,0.1,5,0.7504073441720011,743.15,1359.5000476346152,1359.5000476346152,743.15,1359.5000476346152,0
501841,CUST001841,2021,2021-07-24,2021-07-31,Home,CA,A,94105,69.01,N,Standard,Frame,Shingle,1694,2,35,1,41,0,C,Direct,4307.73,4104.63,301.54,129.23,265.85,670733,9681.61,2,0.982,1.0,12,1,0,0,0.0879,New,8761.61,1,1,Middle,670733,500,3,0,Debit Card,2,Online Search,8,760949,68997,649,1,2,12,4307.73,358.97749999999996,0.16666666666666666,0.0,0.08333333333333333,1.0,4307.73,1.3463825696023748,new,8761.61,215.39,0.1,5,0.765744721446649,-5100.040000000001,-9773.659643264084,-9773.659643264084,-5100.040000000001,-9773.659643264084,0
501842,CUST001842,2021,2021-08-04,2021-10-31,Home,NY,C,10001,26.3,N,Premium,Masonry,Shingle,2072,2,8,0,67,0,A,Online,2695.0,2680.47,188.65,53.9,193.27,929069,0.0,0,0.945,1.0,12,1,0,0,0.0978,New,0.0,1,1,High,929069,2000,4,0,Auto Debit,1,Online Search,3,931945,201906,773,1,1,12,2695.0,224.58333333333334,0.0,0.0,0.08333333333333333,1.0,2695.0,1.7315281792791266,new,0.0,134.75,0.1,5,0.8759727566385356,2317.7,6160.216808638019,6160.216808638019,2317.7,6160.216808638019,1
501843,CUST001843,2021,2021-07-10,2022-04-30,Home,CA,C,90001,53.14,Y,Basic,Frame,Metal,1910,2,20,0,40,0,A,Independent,2685.55,2523.54,187.99,322.27,192.85,655708,0.0,0,0.933,1.0,12,1,0,0,0.0907,New,0.0,1,1,Upper Middle,655708,2000,4,0,Auto Debit,1,Agent Referral,5,822789,109205,743,1,1,12,2685.55,223.79583333333335,0.0,0.0,0.08333333333333333,1.0,2685.55,1.7315281792791266,new,0.0,134.28,0.1,5,0.8487664221223289,2041.0100000000004,5009.376284388912,5009.376284388912,2041.0100000000004,5009.376284388912,0
501844,CUST001844,2021,2021-09-16,2022-07-31,Home,NY,D,12207,23.69,N,Basic,Masonry,Shingle,1568,2,30,1,45,1,A,Direct,1660.52,1544.59,116.24,49.82,146.72,539900,0.0,0,0.923,1.0,12,1,0,0,0.0731,New,0.0,1,1,Middle,539900,500,4,0,Debit Card,3,Online Search,6,777407,73333,778,1,3,12,1660.52,138.37666666666667,0.0,0.0,0.08333333333333333,1.0,1660.52,0.9612369599256232,new,0.0,83.03,0.1,5,0.8800148853890704,1411.43,3795.895036724916,3795.895036724916,1411.43,3795.895036724916,0
501845,CUST001845,2021,2021-06-19,2021-10-31,Home,FL,C,32801,43.05,Y,Standard,Masonry,Metal,2065,2,25,1,34,1,C,Independent,3462.99,3496.92,294.35,415.56,227.83,515015,0.0,0,1.03,1.0,12,1,0,1,0.0486,New,0.0,0,1,Middle,515015,500,3,0,Bank Transfer,7,Aggregator,7,519185,58009,623,1,7,12,3462.99,288.5825,0.0,0.0,0.0,1.0,3462.99,-2.34324710768634,new,0.0,173.15,0.1,5,0.7572220715488565,2579.93,4818.267741640559,4818.267741640559,2579.93,4818.267741640559,0
501846,CUST001846,2021,2021-10-19,2022-06-30,Home,FL,B,33301,56.24,N,Basic,Frame,Shingle,1812,1,24,1,28,0,C,Online,2158.63,2090.21,183.48,43.17,169.14,286890,26492.53,3,0.953,1.0,12,0,0,0,0.0766,New,25112.53,0,1,Middle,286890,500,3,1,Credit Card,3,Partner Referral,9,383591,59951,675,1,3,12,2158.63,179.88583333333335,0.25,0.08333333333333333,0.0,1.0,2158.63,-2.196797130348095,new,25112.53,107.93,0.1,5,0.38966449366509803,-23288.479999999996,-12703.959775088146,-12703.959775088146,-23288.479999999996,-12703.959775088146,0
501847,CUST001847,2021,2021-11-25,2022-03-31,Home,NY,C,12207,36.68,N,Basic,Masonry,Shingle,2733,2,42,1,47,0,D,Direct,4750.44,4290.81,332.53,142.51,285.77,857401,0.0,0,0.923,1.0,12,0,0,0,0.0788,New,0.0,1,1,Middle,857401,1000,4,0,Credit Card,0,Partner Referral,5,1261095,59236,585,1,0,12,4750.44,395.86999999999995,0.0,0.0,0.08333333333333333,1.0,4750.44,2.1166737889558784,new,0.0,237.52,0.1,5,0.8031020610329075,4037.8799999999997,8656.646811536673,8656.646811536673,4037.8799999999997,8656.646811536673,1
501848,CUST001848,2021,2021-09-24,2022-05-31,Condo,CA,D,95814,23.39,Y,Premium,Masonry,Metal,1201,1,36,1,54,0,C,Independent,2326.3,2083.48,162.84,279.16,176.68,520782,22981.28,1,0.905,1.0,12,1,0,0,0.0622,New,22061.28,0,1,Upper Middle,520782,1000,3,0,Credit Card,2,Agent Referral,9,472950,93183,671,1,2,12,2326.3,193.85833333333335,0.08333333333333333,0.0,0.0,1.0,2326.3,-0.4175190593025818,new,22061.28,116.32,0.1,5,0.44732147788873683,-20293.3,-13753.598915876819,-13753.598915876819,-20293.3,-13753.598915876819,0
501849,CUST001849,2021,2021-04-20,2021-08-31,Home,TX,C,77001,42.19,Y,Premium,Mixed,Tile,2154,2,23,0,43,0,A,Online,1205.0,1193.88,84.35,24.1,126.23,344142,0.0,0,0.966,1.0,12,0,1,0,0.1124,New,0.0,1,1,Upper Middle,344142,1500,5,0,Credit Card,1,Social Media,4,318725,142239,737,1,1,12,1205.0,100.41666666666667,0.0,0.0,0.08333333333333333,1.0,1205.0,1.7315281792791266,new,0.0,60.25,0.1,5,0.8702454728309622,1036.3000000000002,2708.7224352836556,2708.7224352836556,1036.3000000000002,2708.7224352836556,0
501850,CUST001850,2021,2021-03-07,2022-01-31,Home,CA,B,92101,45.03,N,Basic,Frame,Tile,1697,2,16,1,44,3,D,Direct,2929.93,3176.49,205.1,87.9,203.85,495836,0.0,0,1.049,1.0,12,0,1,1,0.1325,New,0.0,1,1,Middle,495836,2000,3,1,Credit Card,9,Online Search,4,697420,56251,578,1,9,12,2929.93,244.16083333333333,0.0,0.08333333333333333,0.08333333333333333,1.0,2929.93,-2.7437691595036484,new,0.0,146.5,0.1,5,0.7401532961898275,2490.43,4415.940607160878,4415.940607160878,2490.43,4415.940607160878,0
501851,CUST001851,2021,2021-12-10,2022-08-31,Home,WA,C,98101,27.81,N,Standard,Mixed,Shingle,1598,3,37,1,60,1,B,Broker,1480.68,1413.93,103.65,222.1,138.63,406991,0.0,0,0.963,1.0,12,0,0,0,0.0533,New,0.0,1,1,Low,406991,500,4,0,Bank Transfer,1,Online Search,7,511872,40572,717,1,1,12,1480.68,123.39,0.0,0.0,0.08333333333333333,1.0,1480.68,1.7315281792791266,new,0.0,74.03,0.1,5,0.7407161950839608,1080.9,1919.905045980554,1919.905045980554,1080.9,1919.905045980554,0
501852,CUST001852,2021,2021-06-06,2021-09-30,Home,WA,B,99201,41.08,N,Standard,Frame,Shingle,2097,1,41,0,65,0,B,Online,1894.59,1834.3,132.62,37.89,157.26,500346,0.0,0,0.976,1.0,12,1,0,0,0.0979,New,0.0,1,1,Low,500346,5000,5,0,Bank Transfer,2,Social Media,5,605436,47674,691,1,2,12,1894.59,157.8825,0.0,0.0,0.08333333333333333,1.0,1894.59,1.3463825696023748,new,0.0,94.73,0.1,5,0.8468113513189818,1629.3499999999997,3976.081452968208,3976.081452968208,1629.3499999999997,3976.081452968208,0
501853,CUST001853,2021,2021-12-17,2021-12-31,Home,WA,D,98004,21.32,N,Premium,Mixed,Tile,1337,2,17,0,51,0,A,Independent,1019.51,1046.8,71.37,122.34,117.88,418316,0.0,0,1.023,1.0,12,0,0,0,0.0526,New,0.0,1,1,Upper Middle,418316,1000,4,0,Debit Card,2,Aggregator,6,455656,107419,730,1,2,12,1019.51,84.95916666666666,0.0,0.0,0.08333333333333333,1.0,1019.51,1.3463825696023748,new,0.0,50.98,0.1,5,0.7734604410102416,774.8199999999999,1519.8335765614574,1519.8335765614574,774.8199999999999,1519.8335765614574,0
501854,CUST001854,2021,2021-07-19,2021-07-31,Home,WA,B,98501,20.6,N,Standard,Mixed,Tile,2196,2,26,0,61,1,B,Broker,1968.07,1876.97,137.76,295.21,160.56,649037,0.0,0,0.971,1.0,12,1,0,0,0.0526,New,0.0,1,1,Low,649037,1000,5,0,Debit Card,0,Online Search,10,773235,39656,699,1,0,12,1968.07,164.00583333333333,0.0,0.0,0.08333333333333333,1.0,1968.07,2.1166737889558784,new,0.0,98.4,0.1,5,0.8784601920756471,1436.6999999999998,3846.3954418936883,3846.3954418936883,1436.6999999999998,3846.3954418936883,0
501855,CUST001855,2021,2021-10-10,2022-05-31,Home,TX,A,77001,53.66,Y,Premium,Frame,Shingle,1320,1,11,1,43,0,D,Direct,1259.94,1282.27,88.2,37.8,128.7,217282,8652.98,1,0.99,1.0,12,0,0,1,0.0817,New,8192.98,0,1,Middle,217282,500,4,0,Debit Card,9,Agent Referral,7,205552,63799,612,1,9,12,1259.94,104.995,0.08333333333333333,0.0,0.0,1.0,1259.94,-3.113538327039844,new,8192.98,63.0,0.1,5,0.5162149308347082,-7122.039999999999,-6154.358956782148,-6154.358956782148,-7122.039999999999,-6154.358956782148,0
501856,CUST001856,2021,2021-09-13,2021-11-30,Home,FL,C,33101,65.06,N,Premium,Frame,Shingle,2311,2,35,0,57,0,C,Online,4877.93,4722.49,414.62,97.56,291.51,579025,8871.8,1,0.968,1.0,12,1,0,0,0.0858,New,7951.8,1,1,Upper Middle,579025,1000,4,0,Credit Card,0,Agent Referral,2,592693,124523,675,1,0,12,4877.93,406.4941666666667,0.08333333333333333,0.0,0.08333333333333333,1.0,4877.93,2.1166737889558784,new,7951.8,243.9,0.1,5,0.7742765379311443,-3829.95,-7531.062601876077,-7531.062601876077,-3829.95,-7531.062601876077,0
501857,CUST001857,2021,2021-09-07,2022-01-31,Rental,WA,D,99201,13.62,Y,Premium,Mixed,Metal,2163,1,33,0,54,0,A,Online,1682.18,1761.56,117.75,33.64,147.7,701820,0.0,0,1.05,1.0,12,1,0,0,0.1059,New,0.0,1,1,Upper Middle,701820,5000,4,0,Debit Card,1,Partner Referral,1,591752,140930,820,1,1,12,1682.18,140.18166666666667,0.0,0.0,0.08333333333333333,1.0,1682.18,1.7315281792791266,new,0.0,84.11,0.1,5,0.8607538406643597,1446.68,3677.833100572402,3677.833100572402,1446.68,3677.833100572402,0
501858,CUST001858,2021,2021-12-23,2022-07-31,Home,CA,C,94105,44.91,N,Standard,Mixed,Shingle,2592,2,17,0,66,0,C,Online,4030.1,3722.19,282.11,80.6,253.35,836739,61756.81,2,0.474,0.5,6,0,1,0,0.109,New,59916.81,0,1,Upper Middle,836739,1000,3,1,Bank Transfer,2,Aggregator,4,1001783,115493,670,1,2,6,4030.1,671.6833333333333,0.3333333333333333,0.16666666666666666,0.0,1.0,4030.1,-6.328589031131294,new,59916.81,201.5,0.1,5,0.3665363864136502,-56450.92,-28094.533334761923,-28094.533334761923,-56450.92,-28094.533334761923,0
501859,CUST001859,2021,2021-12-24,2021-12-31,Home,CA,B,90001,41.05,Y,Basic,Masonry,Tile,2593,3,43,1,53,0,D,Independent,5680.47,5639.84,397.63,681.66,327.62,890477,76371.77,1,1.013,1.0,12,0,0,0,0.0981,New,74531.77,1,1,Low,890477,2000,3,1,Debit Card,4,Aggregator,9,1088150,43035,578,1,4,12,5680.47,473.3725,0.08333333333333333,0.08333333333333333,0.08333333333333333,1.0,5680.47,-0.81804111111989,new,74531.77,284.02,0.1,5,0.6021400624641554,-70214.61000000002,-80747.6342531927,-80747.6342531927,-70214.61000000002,-80747.6342531927,0
501860,CUST001860,2021,2021-07-23,2021-07-31,Condo,WA,D,99201,6.07,N,Basic,Masonry,Metal,1050,1,29,1,59,1,C,Direct,680.04,671.72,47.6,20.4,102.6,226481,0.0,0,0.951,1.0,12,1,0,0,0.1065,New,0.0,1,1,Low,226481,5000,4,0,Debit Card,0,Partner Referral,1,318085,36957,661,1,0,12,680.04,56.669999999999995,0.0,0.0,0.08333333333333333,1.0,680.04,2.1166737889558784,new,0.0,34.0,0.1,5,0.8910166662256264,578.04,1605.113604395313,1605.113604395313,578.04,1605.113604395313,0
501861,CUST001861,2021,2021-04-05,2022-02-28,Condo,FL,A,33301,75.38,N,Standard,Frame,Metal,1376,1,32,1,38,0,B,Online,1856.77,1783.22,157.83,37.14,155.55,263377,0.0,0,0.979,1.0,12,0,0,0,0.1142,New,0.0,1,1,Middle,263377,5000,5,0,Credit Card,0,Online Search,3,334160,66557,712,1,0,12,1856.77,154.73083333333332,0.0,0.0,0.08333333333333333,1.0,1856.77,2.1166737889558784,new,0.0,92.84,0.1,5,0.9013988915437461,1568.96,4489.811179387257,4489.811179387257,1568.96,4489.811179387257,0
501862,CUST001862,2021,2021-02-27,2021-06-30,Home,WA,B,98101,26.98,Y,Basic,Mixed,Metal,2179,2,53,1,23,1,B,Broker,1815.36,1678.74,127.07,272.3,153.69,525484,9093.85,1,0.945,1.0,12,0,0,0,0.0794,New,7253.85,1,1,Upper Middle,525484,2000,5,0,Credit Card,2,Agent Referral,1,644032,90253,704,1,2,12,1815.36,151.28,0.08333333333333333,0.0,0.08333333333333333,1.0,1815.36,1.3463825696023748,new,7253.85,90.77,0.1,5,0.7065819003370026,-5928.630000000001,-9483.439280555769,-9483.439280555769,-5928.630000000001,-9483.439280555769,0
501863,CUST001863,2021,2021-03-27,2021-09-30,Home,NY,A,11201,28.94,Y,Premium,Mixed,Shingle,2407,2,23,0,40,0,A,Online,3919.64,4077.64,274.37,78.39,248.38,1251809,0.0,0,1.032,1.0,12,0,1,0,0.1087,New,0.0,1,1,High,1251809,1000,4,1,Auto Debit,0,Agent Referral,1,1136400,299701,808,1,0,12,3919.64,326.63666666666666,0.0,0.08333333333333333,0.08333333333333333,1.0,3919.64,0.722541327587117,new,0.0,195.98,0.1,5,0.8769999982597685,3370.9,8986.393061349825,8986.393061349825,3370.9,8986.393061349825,1
501864,CUST001864,2021,2021-01-01,2021-01-31,Home,TX,A,79901,38.04,Y,Basic,Masonry,Shingle,1356,2,40,1,34,0,C,Independent,802.97,817.94,56.21,96.36,108.13,159261,0.0,0,1.018,1.0,12,0,0,1,0.0406,New,0.0,1,1,Low,159261,1000,4,0,Auto Debit,2,Partner Referral,7,193262,44936,657,1,2,12,802.97,66.91416666666667,0.0,0.0,0.08333333333333333,1.0,802.97,1.3463825696023748,new,0.0,40.15,0.1,5,0.7164840555932181,610.25,1006.4087746356823,1006.4087746356823,610.25,1006.4087746356823,0
501865,CUST001865,2021,2021-12-15,2022-04-30,Home,FL,A,33101,43.47,N,Standard,Masonry,Metal,1805,1,19,0,59,1,B,Independent,2425.63,2361.26,206.18,291.08,181.15,411571,9106.95,1,0.975,1.0,12,0,0,0,0.0947,New,7266.95,0,1,Middle,411571,2000,3,0,Debit Card,1,Partner Referral,3,481258,61111,705,1,1,12,2425.63,202.13583333333335,0.08333333333333333,0.0,0.0,1.0,2425.63,-0.03237344962583011,new,7266.95,121.28,0.1,5,0.5841364655695742,-5459.86,-5921.378125611176,-5921.378125611176,-5459.86,-5921.378125611176,0
501866,CUST001866,2021,2021-10-19,2021-11-30,Home,CA,B,94105,36.44,N,Premium,Mixed,Metal,2451,3,33,1,54,0,C,Direct,4774.84,4280.29,334.24,143.25,286.87,1031095,0.0,0,0.896,1.0,12,0,0,0,0.1149,New,0.0,1,1,Middle,1031095,2000,4,1,Bank Transfer,3,Agent Referral,2,1095181,51500,639,1,3,12,4774.84,397.90333333333336,0.0,0.08333333333333333,0.08333333333333333,1.0,4774.84,-0.43289550144313826,new,0.0,238.74,0.1,5,0.7923609497474423,4058.6100000000006,8426.16621819769,8426.16621819769,4058.6100000000006,8426.16621819769,1
501867,CUST001867,2021,2021-07-18,2021-08-31,Rental,TX,A,78701,39.96,Y,Standard,Masonry,Metal,1780,1,35,1,28,1,D,Direct,1502.11,1365.68,105.15,45.06,139.59,270356,0.0,0,0.455,0.5,6,1,1,0,0.101,New,0.0,0,1,Middle,270356,1000,4,2,Bank Transfer,3,Agent Referral,2,290264,54776,609,1,3,6,1502.11,250.35166666666666,0.0,0.3333333333333333,0.0,1.0,1502.11,-9.501999563545567,new,0.0,75.11,0.1,5,0.7388946091047391,1276.79,2255.283503864714,2255.283503864714,1276.79,2255.283503864714,0
501868,CUST001868,2021,2021-04-18,2022-01-31,Home,CA,A,95814,45.18,N,Standard,Masonry,Tile,2336,2,28,0,55,0,B,Independent,4366.59,4172.95,305.66,523.99,268.5,983402,0.0,0,0.931,1.0,12,0,1,0,0.0992,New,0.0,1,1,Upper Middle,983402,500,4,0,Auto Debit,2,Online Search,5,1137508,100900,698,1,2,12,4366.59,363.8825,0.0,0.0,0.08333333333333333,1.0,4366.59,1.3463825696023748,new,0.0,218.33,0.1,5,0.8209718122217665,3318.6100000000006,7503.122727557939,7503.122727557939,3318.6100000000006,7503.122727557939,1
501869,CUST001869,2021,2021-04-07,2022-01-31,Home,WA,A,99201,23.08,Y,Basic,Mixed,Metal,2605,3,13,0,46,1,A,Online,1497.59,1509.09,104.83,29.95,139.39,643019,0.0,0,1.0,1.0,12,0,0,0,0.0912,New,0.0,1,1,Upper Middle,643019,2000,4,0,Credit Card,0,Partner Referral,7,797249,141591,737,1,0,12,1497.59,124.79916666666666,0.0,0.0,0.08333333333333333,1.0,1497.59,2.1166737889558784,new,0.0,74.88,0.1,5,0.7873209028253243,1287.9299999999998,2633.813841098609,2633.813841098609,1287.9299999999998,2633.813841098609,0
501870,CUST001870,2021,2021-12-15,2022-07-31,Rental,FL,D,33301,38.65,N,Basic,Mixed,Shingle,1882,1,0,0,66,1,A,Online,1310.47,1307.53,111.39,26.21,130.97,241776,9480.66,1,0.99,1.0,12,0,1,0,0.1032,New,9020.66,1,1,Low,241776,500,4,1,Debit Card,0,Agent Referral,4,351372,45244,740,1,0,12,1310.47,109.20583333333333,0.08333333333333333,0.08333333333333333,0.08333333333333333,1.0,1310.47,0.722541327587117,new,9020.66,65.52,0.1,5,0.5753339716218213,-7913.31,-8337.86236294046,-8337.86236294046,-7913.31,-8337.86236294046,0
501871,CUST001871,2021,2021-05-19,2021-11-30,Condo,TX,B,73301,22.13,N,Basic,Masonry,Shingle,1492,1,27,1,41,2,D,Independent,664.42,609.47,46.51,79.73,101.9,128021,0.0,0,0.965,1.0,12,0,1,1,0.0851,New,0.0,0,1,Upper Middle,128021,1000,4,0,Credit Card,2,Email Campaign,5,186160,91032,582,1,2,12,664.42,55.36833333333333,0.0,0.0,0.0,1.0,664.42,-0.4175190593025818,new,0.0,33.22,0.1,5,0.35,504.9599999999999,234.87950587081104,234.87950587081104,504.9599999999999,234.87950587081104,0
501872,CUST001872,2021,2021-09-06,2022-07-31,Home,CA,B,90001,39.79,Y,Standard,Mixed,Shingle,2727,1,29,1,45,0,B,Independent,5842.24,6110.5,408.96,701.07,334.9,1134486,0.0,0,1.046,1.0,12,1,0,0,0.0683,New,0.0,1,1,Upper Middle,1134486,1000,5,0,Debit Card,0,Agent Referral,14,1186686,131247,703,1,0,12,5842.24,486.8533333333333,0.0,0.0,0.08333333333333333,1.0,5842.24,2.1166737889558784,new,0.0,292.11,0.1,5,0.9470985199524874,4440.1,14489.422044138482,14489.422044138482,4440.1,14489.422044138482,1
501873,CUST001873,2021,2021-01-27,2021-04-30,Home,NY,D,10001,24.25,Y,Basic,Masonry,Metal,2057,2,34,0,53,2,D,Online,3961.23,3848.58,277.29,79.22,250.26,779586,0.0,0,0.488,0.5,6,0,0,1,0.0736,New,0.0,0,1,Middle,779586,1000,4,0,Auto Debit,3,Agent Referral,7,972868,51061,520,1,3,6,3961.23,660.205,0.0,0.0,0.0,1.0,3961.23,-3.9254697180705223,new,0.0,198.06,0.1,5,0.48358410346094477,3406.6600000000003,2628.6712435048908,2628.6712435048908,3406.6600000000003,2628.6712435048908,0
501874,CUST001874,2021,2021-04-02,2021-12-31,Condo,FL,D,33601,52.38,N,Standard,Mixed,Metal,1510,1,42,1,32,1,D,Online,2477.92,2571.84,210.62,49.56,183.51,294771,0.0,0,1.007,1.0,12,0,1,1,0.1129,New,0.0,1,1,Middle,294771,1000,3,0,Credit Card,6,Agent Referral,5,347707,53540,595,1,6,12,2477.92,206.49333333333334,0.0,0.0,0.08333333333333333,1.0,2477.92,-0.19419986910463183,new,0.0,123.9,0.1,5,0.6805717282801639,2093.84,3089.491108484145,3089.491108484145,2093.84,3089.491108484145,0
501875,CUST001875,2021,2021-12-17,2022-02-28,Home,NY,B,11201,36.21,N,Premium,Frame,Shingle,2240,2,24,1,35,1,D,Online,5612.47,6008.85,392.87,112.25,324.56,1066802,0.0,0,1.05,1.0,12,0,0,1,0.0721,New,0.0,1,1,Low,1066802,500,3,0,Credit Card,6,Email Campaign,2,1091735,44552,604,1,6,12,5612.47,467.7058333333334,0.0,0.0,0.08333333333333333,1.0,5612.47,-0.19419986910463183,new,0.0,280.62,0.1,5,0.8591305148430004,4826.7300000000005,12212.554658395062,12212.554658395062,4826.7300000000005,12212.554658395062,1
501876,CUST001876,2021,2021-03-03,2022-01-31,Home,TX,D,73301,13.9,N,Standard,Mixed,Tile,2780,2,0,0,63,0,A,Independent,931.27,898.38,65.19,111.75,113.91,393810,0.0,0,0.465,0.5,6,0,1,0,0.1031,New,0.0,1,1,High,393810,1000,4,0,Credit Card,1,Online Search,5,457728,194133,744,1,1,6,931.27,155.21166666666667,0.0,0.0,0.16666666666666666,1.0,931.27,0.3726247590928944,new,0.0,46.56,0.1,5,0.8503724035472593,707.77,1745.3446676485225,1745.3446676485225,707.77,1745.3446676485225,0
501877,CUST001877,2021,2021-01-11,2021-10-31,Rental,CA,C,94105,63.93,Y,Premium,Mixed,Tile,1411,1,56,1,53,0,D,Independent,4240.77,3851.35,296.85,508.89,262.83,560748,13658.21,2,0.951,1.0,12,0,0,0,0.0699,New,11818.21,1,1,Low,560748,1000,4,0,Auto Debit,0,Online Search,3,503011,34442,571,1,0,12,4240.77,353.39750000000004,0.16666666666666666,0.0,0.08333333333333333,1.0,4240.77,2.1166737889558784,new,11818.21,212.04,0.1,5,0.35,-8595.22,-3998.021677857479,-3998.021677857479,-8595.22,-3998.021677857479,0
501878,CUST001878,2021,2021-03-25,2021-05-31,Condo,TX,A,77001,39.12,N,Standard,Mixed,Tile,1591,1,31,0,45,0,B,Independent,725.56,683.2,50.79,87.07,104.65,175927,0.0,0,0.919,1.0,12,0,0,0,0.0508,New,0.0,1,1,Upper Middle,175927,1500,4,0,Bank Transfer,3,Online Search,11,200642,121633,728,1,3,12,725.56,60.46333333333333,0.0,0.0,0.08333333333333333,1.0,725.56,0.9612369599256232,new,0.0,36.28,0.1,5,0.7556652072981325,551.4200000000001,1024.9810556726736,1024.9810556726736,551.4200000000001,1024.9810556726736,0
501879,CUST001879,2021,2021-12-01,2022-02-28,Home,NY,B,11201,8.36,N,Basic,Mixed,Metal,1335,3,2,1,40,0,C,Direct,1533.93,1341.79,107.37,46.02,141.03,520919,0.0,0,0.878,1.0,12,0,0,0,0.0681,New,0.0,1,1,Middle,520919,1000,4,0,Auto Debit,2,Agent Referral,1,731826,52976,630,1,2,12,1533.93,127.8275,0.0,0.0,0.08333333333333333,1.0,1533.93,1.3463825696023748,new,0.0,76.7,0.1,5,0.8663250409731145,1303.84,3369.1978651422232,3369.1978651422232,1303.84,3369.1978651422232,0
501880,CUST001880,2021,2021-12-04,2021-12-31,Rental,CA,A,92101,58.72,Y,Standard,Frame,Shingle,2382,1,19,1,61,1,B,Direct,4570.85,4505.57,319.96,137.13,277.69,829036,0.0,0,0.992,1.0,12,0,0,0,0.0658,New,0.0,1,1,Middle,829036,1500,5,0,Debit Card,2,Email Campaign,6,916908,62403,690,1,2,12,4570.85,380.9041666666667,0.0,0.0,0.08333333333333333,1.0,4570.85,1.3463825696023748,new,0.0,228.54,0.1,5,0.8348152760554135,3885.2200000000003,9151.61670194686,9151.61670194686,3885.2200000000003,9151.61670194686,1
501881,CUST001881,2021,2021-12-06,2022-03-31,Home,FL,B,33601,43.19,N,Standard,Masonry,Tile,1747,2,32,1,64,1,D,Broker,3371.28,3209.19,286.56,505.69,223.71,390566,0.0,0,0.946,1.0,12,0,0,1,0.0409,New,0.0,1,1,Low,390566,1000,3,0,Credit Card,6,Agent Referral,8,452645,36542,548,1,6,12,3371.28,280.94,0.0,0.0,0.08333333333333333,1.0,3371.28,-0.19419986910463183,new,0.0,168.56,0.1,5,0.7631607705559349,2410.4700000000003,4583.455372882461,4583.455372882461,2410.4700000000003,4583.455372882461,0
501882,CUST001882,2021,2021-11-03,2022-04-30,Rental,TX,B,77001,44.54,N,Standard,Frame,Shingle,1608,2,30,0,54,0,B,Online,827.47,873.99,57.92,16.55,109.24,194504,4747.11,2,1.048,1.0,12,0,1,0,0.1084,New,2907.11,1,1,Middle,194504,1000,3,1,Credit Card,1,Agent Referral,5,228210,79000,696,1,1,12,827.47,68.95583333333333,0.16666666666666666,0.08333333333333333,0.08333333333333333,1.0,827.47,0.33739571791036516,new,2907.11,41.37,0.1,5,0.7137399203772539,-2195.4800000000005,-3590.2764680780074,-3590.2764680780074,-2195.4800000000005,-3590.2764680780074,0
501883,CUST001883,2021,2021-02-04,2021-12-31,Home,CA,B,92101,45.12,Y,Standard,Mixed,Tile,1579,1,35,1,60,1,D,Direct,4294.88,4100.93,300.64,128.85,265.27,678996,0.0,0,0.965,1.0,12,0,0,1,0.0884,New,0.0,1,1,Middle,678996,500,4,0,Auto Debit,5,Agent Referral,4,687543,55433,614,1,5,12,4294.88,357.9066666666667,0.0,0.0,0.08333333333333333,1.0,4294.88,0.19094574057211977,new,0.0,214.74,0.1,5,0.8093407353347037,3650.6500000000005,7973.384231400769,7973.384231400769,3650.6500000000005,7973.384231400769,1
501884,CUST001884,2021,2021-05-02,2022-03-31,Rental,CA,B,90001,50.29,Y,Basic,Frame,Metal,1404,2,45,1,51,0,B,Broker,2341.71,2529.16,163.92,351.26,177.38,453375,27366.78,2,1.041,1.0,12,0,0,0,0.0678,New,24606.78,1,1,Middle,453375,1500,2,0,Auto Debit,2,Online Search,6,532290,64935,686,1,2,12,2341.71,195.1425,0.16666666666666666,0.0,0.08333333333333333,1.0,2341.71,1.3463825696023748,new,24606.78,117.09,0.1,5,0.4781009493046834,-22897.339999999997,-17329.885565174576,-17329.885565174576,-22897.339999999997,-17329.885565174576,0
501885,CUST001885,2021,2021-01-09,2021-11-30,Rental,FL,A,33101,46.44,N,Standard,Mixed,Shingle,1940,1,0,1,36,1,B,Independent,2378.69,2355.67,202.19,285.44,179.04,376959,6819.19,1,0.983,1.0,12,0,0,0,0.0777,New,4979.19,1,1,Middle,376959,2000,4,1,Credit Card,2,Agent Referral,1,462313,79552,695,1,2,12,2378.69,198.22416666666666,0.08333333333333333,0.08333333333333333,0.08333333333333333,1.0,2378.69,-0.047749891766386554,new,4979.19,118.93,0.1,5,0.6862063151644437,-3207.0599999999995,-4815.91805897224,-4815.91805897224,-3207.0599999999995,-4815.91805897224,0
501886,CUST001886,2021,2021-07-07,2022-05-31,Condo,CA,C,94105,51.92,Y,Basic,Mixed,Shingle,1234,1,0,1,47,0,C,Broker,2667.55,2723.61,186.73,400.13,192.04,444623,11274.61,1,1.026,1.0,12,1,0,1,0.0469,New,10354.61,1,1,Middle,444623,1000,3,3,Debit Card,4,Online Search,9,561058,59167,622,1,4,12,2667.55,222.29583333333335,0.08333333333333333,0.25,0.08333333333333333,1.0,2667.55,-3.606306033857413,new,10354.61,133.38,0.1,5,0.5111187980929354,-8407.3,-7139.056135784202,-7139.056135784202,-8407.3,-7139.056135784202,0
501887,CUST001887,2021,2021-12-21,2021-12-31,Home,TX,A,78701,39.84,N,Premium,Frame,Tile,1281,2,21,1,58,0,B,Online,644.26,594.9,45.1,12.89,100.99,184971,2112.34,1,0.924,1.0,12,0,1,1,0.1454,New,272.34,0,1,Middle,184971,2000,3,0,Credit Card,6,Agent Referral,7,185455,81184,700,1,6,12,644.26,53.68833333333333,0.08333333333333333,0.0,0.0,1.0,644.26,-1.9581014980095888,new,272.34,32.21,0.1,5,0.39664003545094534,281.72,157.8996542903993,157.8996542903993,281.72,157.8996542903993,0
501888,CUST001888,2021,2021-04-19,2022-02-28,Rental,CA,D,90001,38.18,N,Standard,Frame,Tile,1206,1,47,1,45,0,C,Direct,1823.87,1835.32,127.67,54.72,154.07,366234,0.0,0,0.995,1.0,12,0,1,0,0.1155,New,0.0,1,1,Middle,366234,1500,4,0,Auto Debit,0,Online Search,3,452582,55453,667,1,0,12,1823.87,151.98916666666665,0.0,0.0,0.08333333333333333,1.0,1823.87,2.1166737889558784,new,0.0,91.19,0.1,5,0.7488402221600273,1550.2899999999997,2822.5880418302436,2822.5880418302436,1550.2899999999997,2822.5880418302436,0
501889,CUST001889,2021,2021-01-26,2021-08-31,Home,TX,C,73301,27.03,Y,Standard,Mixed,Metal,1588,1,30,1,23,1,D,Independent,1136.78,1255.49,79.57,136.41,123.16,221924,0.0,0,0.52,0.5,6,0,0,1,0.0444,New,0.0,1,1,Middle,221924,1000,4,1,Bank Transfer,5,Agent Referral,4,242133,69686,614,1,5,6,1136.78,189.46333333333334,0.0,0.16666666666666666,0.16666666666666666,1.0,1136.78,-3.956222602351635,new,0.0,56.84,0.1,5,0.7850070286263816,863.96,1754.571686087268,1754.571686087268,863.96,1754.571686087268,0
501890,CUST001890,2021,2021-05-23,2021-05-31,Condo,CA,B,94105,48.08,N,Standard,Frame,Shingle,1320,1,40,1,48,0,D,Broker,2922.68,2843.63,204.59,438.4,203.52,432679,0.0,0,0.967,1.0,12,0,0,1,0.0518,New,0.0,1,1,Middle,432679,500,4,0,Bank Transfer,6,Aggregator,3,504685,74840,605,1,6,12,2922.68,243.55666666666664,0.0,0.0,0.08333333333333333,1.0,2922.68,-0.19419986910463183,new,0.0,146.13,0.1,5,0.8146994194062663,2133.5599999999995,4734.796496798288,4734.796496798288,2133.5599999999995,4734.796496798288,0
501891,CUST001891,2021,2021-08-11,2022-03-31,Rental,TX,D,78701,42.25,N,Basic,Frame,Shingle,1766,2,15,1,32,2,D,Direct,1108.45,1126.41,77.59,33.25,121.88,183234,0.0,0,0.992,1.0,12,1,0,1,0.1006,New,0.0,1,1,Low,183234,2000,3,1,Debit Card,10,Partner Referral,8,260476,34986,613,1,10,12,1108.45,92.37083333333334,0.0,0.08333333333333333,0.08333333333333333,1.0,1108.45,-3.1289147691804002,new,0.0,55.42,0.1,5,0.6668836782388461,942.1900000000002,1331.9064995750405,1331.9064995750405,942.1900000000002,1331.9064995750405,0
501892,CUST001892,2021,2021-10-27,2021-10-31,Condo,NY,A,12207,38.74,Y,Basic,Mixed,Shingle,1589,1,29,1,23,1,C,Broker,2298.57,2318.35,160.9,344.79,175.44,554697,0.0,0,1.0,1.0,12,0,1,1,0.1081,New,0.0,1,1,Middle,554697,1000,5,0,Bank Transfer,8,Social Media,11,681207,64218,656,1,8,12,2298.57,191.5475,0.0,0.0,0.08333333333333333,1.0,2298.57,-0.9644910884581352,new,0.0,114.93,0.1,5,0.870345049555968,1677.95,4387.168874247972,4387.168874247972,1677.95,4387.168874247972,0
501893,CUST001893,2021,2021-08-06,2022-04-30,Home,TX,C,78701,30.72,Y,Premium,Mixed,Metal,1544,1,22,0,62,0,A,Online,721.28,744.73,50.49,14.43,104.46,242586,0.0,0,0.52,0.5,6,1,1,0,0.1215,New,0.0,1,1,Upper Middle,242586,500,4,0,Credit Card,4,Online Search,4,218950,128268,736,1,4,6,721.28,120.21333333333332,0.0,0.0,0.16666666666666666,1.0,721.28,-0.7828120699373606,new,0.0,36.06,0.1,5,0.8133030825869628,620.3,1370.8665715760442,1370.8665715760442,620.3,1370.8665715760442,0
501894,CUST001894,2021,2021-04-20,2021-05-31,Home,WA,B,99201,24.13,N,Premium,Frame,Shingle,1704,2,20,0,47,0,B,Direct,1698.24,1661.16,118.88,50.95,148.42,525435,0.0,0,0.959,1.0,12,0,1,0,0.1,New,0.0,1,1,Upper Middle,525435,500,4,1,Credit Card,3,Agent Referral,7,553685,137410,715,1,3,12,1698.24,141.52,0.0,0.08333333333333333,0.08333333333333333,1.0,1698.24,-0.43289550144313826,new,0.0,84.91,0.1,5,0.8189973629012964,1443.5,3244.5761581528086,3244.5761581528086,1443.5,3244.5761581528086,0
501895,CUST001895,2021,2021-12-24,2022-01-31,Condo,TX,C,79901,25.6,Y,Basic,Masonry,Tile,1300,2,15,1,41,0,C,Online,582.1,538.79,40.75,11.64,98.19,143028,0.0,0,0.946,1.0,12,0,1,1,0.1113,New,0.0,1,1,Middle,143028,1000,4,0,Debit Card,2,Social Media,4,189168,80882,633,1,2,12,582.1,48.50833333333333,0.0,0.0,0.08333333333333333,1.0,582.1,1.3463825696023748,new,0.0,29.11,0.1,5,0.8782162512556234,500.6,1339.275623841954,1339.275623841954,500.6,1339.275623841954,0
501896,CUST001896,2021,2021-02-04,2021-03-31,Home,FL,D,33101,29.8,Y,Standard,Mixed,Metal,2474,2,7,0,51,0,A,Direct,1977.23,1983.26,168.06,59.32,160.98,447758,0.0,0,0.984,1.0,12,0,0,0,0.075,New,0.0,1,1,Upper Middle,447758,1000,4,0,Credit Card,1,Partner Referral,1,471430,129127,756,1,1,12,1977.23,164.76916666666668,0.0,0.0,0.08333333333333333,1.0,1977.23,1.7315281792791266,new,0.0,98.86,0.1,5,0.8402822365166769,1650.9900000000002,3952.148155559179,3952.148155559179,1650.9900000000002,3952.148155559179,0
501897,CUST001897,2021,2021-07-21,2021-11-30,Condo,TX,D,73301,26.78,Y,Basic,Masonry,Tile,1372,1,29,1,41,0,A,Broker,483.81,474.96,33.87,72.57,93.77,157459,0.0,0,0.996,1.0,12,1,0,0,0.0595,New,0.0,1,1,High,157459,1500,4,0,Auto Debit,0,Online Search,10,190691,191123,752,1,0,12,483.81,40.3175,0.0,0.0,0.08333333333333333,1.0,483.81,2.1166737889558784,new,0.0,24.19,0.1,5,0.7999883970607148,353.18,750.1626985651558,750.1626985651558,353.18,750.1626985651558,0
501898,CUST001898,2021,2021-10-12,2022-04-30,Rental,NY,D,12207,32.11,N,Standard,Frame,Metal,1514,1,35,0,69,0,C,Independent,2704.89,2793.9,189.34,324.59,193.72,680976,34577.39,1,1.023,1.0,12,0,1,0,0.0927,New,33657.39,1,1,Middle,680976,1000,3,1,Debit Card,6,Online Search,7,785195,50729,660,1,6,12,2704.89,225.4075,0.08333333333333333,0.08333333333333333,0.08333333333333333,1.0,2704.89,-1.5883323304733934,new,33657.39,135.24,0.1,5,0.5719519279037206,-31601.670000000002,-32928.28962187543,-32928.28962187543,-31601.670000000002,-32928.28962187543,0
501899,CUST001899,2021,2021-03-24,2021-07-31,Rental,WA,C,98101,30.22,N,Standard,Mixed,Metal,1560,1,35,1,23,1,C,Independent,1789.68,1761.53,125.28,214.76,152.54,478198,0.0,0,0.975,1.0,12,0,1,0,0.1322,New,0.0,1,1,Low,478198,5000,5,0,Auto Debit,1,Email Campaign,11,539578,45727,641,1,1,12,1789.68,149.14000000000001,0.0,0.0,0.08333333333333333,1.0,1789.68,1.7315281792791266,new,0.0,89.48,0.1,5,0.8714159072138703,1360.16,3567.4151663117664,3567.4151663117664,1360.16,3567.4151663117664,0
501900,CUST001900,2021,2021-01-12,2021-01-31,Home,WA,D,98004,16.54,N,Premium,Masonry,Shingle,2025,2,33,1,45,0,C,Independent,2154.29,1978.06,150.8,258.52,168.94,608367,0.0,0,0.905,1.0,12,0,1,0,0.1083,New,0.0,1,1,Upper Middle,608367,1000,4,1,Auto Debit,1,Partner Referral,9,603157,93558,658,1,1,12,2154.29,179.52416666666667,0.0,0.08333333333333333,0.08333333333333333,1.0,2154.29,0.33739571791036516,new,0.0,107.71,0.1,5,0.8392102992931938,1637.26,3906.9113643215974,3906.9113643215974,1637.26,3906.9113643215974,0
501901,CUST001901,2021,2021-01-08,2021-08-31,Home,CA,C,94105,43.09,Y,Standard,Mixed,Shingle,1981,2,10,0,73,0,A,Online,3074.94,3029.06,215.25,61.5,210.37,789133,4464.0,1,0.999,1.0,12,0,1,0,0.1078,New,3084.0,0,1,Middle,789133,1500,4,0,Credit Card,0,Agent Referral,1,798688,71343,730,1,0,12,3074.94,256.245,0.08333333333333333,0.0,0.0,1.0,3074.94,0.3527721600509216,new,3084.0,153.75,0.1,5,0.5664046462389071,-439.55999999999995,-449.6983356942748,-449.6983356942748,-439.55999999999995,-449.6983356942748,0
501902,CUST001902,2021,2021-12-01,2022-10-31,Home,TX,C,79901,39.0,N,Standard,Frame,Shingle,2133,2,16,0,65,0,A,Broker,1118.03,1131.68,78.26,167.7,122.31,322788,0.0,0,0.987,1.0,12,0,1,0,0.1158,New,0.0,0,1,Upper Middle,322788,5000,5,0,Auto Debit,1,Online Search,12,378680,145010,754,1,1,12,1118.03,93.16916666666667,0.0,0.0,0.0,1.0,1118.03,-0.03237344962583011,new,0.0,55.9,0.1,5,0.8512245678781337,816.17,2017.7033495099386,2017.7033495099386,816.17,2017.7033495099386,0
501903,CUST001903,2021,2021-05-26,2022-01-31,Condo,NY,B,12207,28.11,N,Basic,Frame,Tile,1549,1,52,1,46,0,B,Independent,1477.67,1361.79,103.44,177.32,138.5,442687,0.0,0,0.93,1.0,12,0,0,0,0.0864,New,0.0,1,1,High,442687,2500,5,0,Bank Transfer,1,Agent Referral,2,614041,156695,687,1,1,12,1477.67,123.13916666666667,0.0,0.0,0.08333333333333333,1.0,1477.67,1.7315281792791266,new,0.0,73.88,0.1,5,0.8799671979432081,1123.0300000000002,3019.8535911336544,3019.8535911336544,1123.0300000000002,3019.8535911336544,0
501904,CUST001904,2021,2021-06-23,2021-09-30,Home,CA,D,92101,43.34,Y,Basic,Mixed,Shingle,1586,3,23,1,44,0,C,Independent,3273.42,3051.83,229.14,392.81,219.3,583760,0.0,0,0.474,0.5,6,1,1,0,0.0954,New,0.0,1,1,Middle,583760,500,5,0,Auto Debit,0,Partner Referral,13,690359,52582,635,1,0,6,3273.42,545.57,0.0,0.0,0.16666666666666666,1.0,3273.42,0.7577703687696461,new,0.0,163.67,0.1,5,0.8161739724792104,2487.8,5545.172861259331,5545.172861259331,2487.8,5545.172861259331,1
501905,CUST001905,2021,2021-08-14,2021-08-31,Rental,FL,D,33601,52.87,Y,Basic,Frame,Metal,1571,2,38,0,78,2,A,Online,1616.14,1471.93,137.37,32.32,144.73,255320,0.0,0,0.903,1.0,12,1,0,0,0.0606,New,0.0,1,1,Upper Middle,255320,1000,3,0,Bank Transfer,3,Agent Referral,1,310948,106040,735,1,3,12,1616.14,134.67833333333334,0.0,0.0,0.08333333333333333,1.0,1616.14,0.9612369599256232,new,0.0,80.81,0.1,5,0.7127643873413816,1365.64,2226.5356673205574,2226.5356673205574,1365.64,2226.5356673205574,0
501906,CUST001906,2021,2021-10-04,2022-01-31,Home,TX,B,73301,43.47,N,Premium,Frame,Tile,2045,1,32,1,36,0,C,Independent,1466.75,1374.89,102.67,176.01,138.0,314204,3551.01,1,0.942,1.0,12,0,0,0,0.0525,New,2631.01,0,1,Middle,314204,1000,2,2,Auto Debit,0,Agent Referral,8,329022,70060,678,1,0,12,1466.75,122.22916666666667,0.08333333333333333,0.16666666666666666,0.0,1.0,1466.75,-2.435492762686601,new,2631.01,73.34,0.1,5,0.4323183100662725,-1516.2800000000002,-972.5726753413161,-972.5726753413161,-1516.2800000000002,-972.5726753413161,0
501907,CUST001907,2021,2021-04-18,2021-11-30,Condo,CA,C,94105,53.03,N,Basic,Frame,Shingle,1473,1,38,1,39,0,B,Independent,1990.8,2039.87,139.36,238.9,161.59,375712,0.0,0,1.043,1.0,12,0,0,0,0.0407,New,0.0,1,1,Low,375712,1000,5,0,Debit Card,1,Online Search,4,538404,43965,707,1,1,12,1990.8,165.9,0.0,0.0,0.08333333333333333,1.0,1990.8,1.7315281792791266,new,0.0,99.54,0.1,5,0.8847368100613247,1513.0,4125.364235060694,4125.364235060694,1513.0,4125.364235060694,0
501908,CUST001908,2021,2021-04-26,2021-11-30,Home,TX,B,77001,29.13,Y,Premium,Mixed,Tile,2757,2,12,0,56,1,B,Independent,1627.84,1677.93,113.95,195.34,145.25,460525,0.0,0,1.024,1.0,12,0,0,0,0.05,New,0.0,1,1,Middle,460525,1000,4,0,Credit Card,3,Partner Referral,5,428779,75785,696,1,3,12,1627.84,135.65333333333334,0.0,0.0,0.08333333333333333,1.0,1627.84,0.9612369599256232,new,0.0,81.39,0.1,5,0.7756258933434024,1237.1599999999999,2442.609997865717,2442.609997865717,1237.1599999999999,2442.609997865717,0
501909,CUST001909,2021,2021-04-20,2021-07-31,Home,WA,C,98101,19.88,N,Standard,Masonry,Metal,990,2,36,0,43,1,C,Independent,883.98,737.16,61.88,106.08,111.78,279060,0.0,0,0.427,0.5,6,0,1,0,0.1391,New,0.0,1,1,Upper Middle,279060,5000,4,0,Auto Debit,0,Online Search,7,328063,133982,676,1,0,6,883.98,147.33,0.0,0.0,0.16666666666666666,1.0,883.98,0.7577703687696461,new,0.0,44.2,0.1,5,0.8394394210400706,671.8199999999999,1604.2140603540292,1604.2140603540292,671.8199999999999,1604.2140603540292,0
501910,CUST001910,2021,2021-07-27,2021-09-30,Home,FL,A,32801,49.43,N,Basic,Masonry,Tile,1653,3,19,1,45,0,D,Broker,2329.8,2239.83,198.03,349.47,176.84,296082,0.0,0,0.494,0.5,6,1,0,1,0.0988,New,0.0,1,1,Middle,296082,2000,4,2,Credit Card,6,Agent Referral,9,438455,76088,575,1,6,6,2329.8,388.3,0.0,0.3333333333333333,0.16666666666666666,1.0,2329.8,-7.12963313476591,new,0.0,116.49,0.1,5,0.8386718412123747,1665.81,3968.730194683887,3968.730194683887,1665.81,3968.730194683887,0
501911,CUST001911,2021,2021-09-04,2022-02-28,Rental,CA,C,95814,46.71,N,Basic,Mixed,Metal,1084,3,40,0,59,0,C,Independent,1450.53,1392.86,101.54,174.06,137.27,268489,0.0,0,0.49,0.5,6,1,1,0,0.1089,New,0.0,1,1,Middle,268489,500,4,0,Auto Debit,1,Email Campaign,3,375695,57867,673,1,1,6,1450.53,241.755,0.0,0.0,0.16666666666666666,1.0,1450.53,0.3726247590928944,new,0.0,72.53,0.1,5,0.762175165062028,1102.4,2089.949148442725,2089.949148442725,1102.4,2089.949148442725,0
501912,CUST001912,2021,2021-06-15,2022-02-28,Home,CA,B,90001,42.61,Y,Premium,Frame,Shingle,1431,2,8,0,71,2,C,Independent,3627.64,3632.36,253.93,435.32,235.24,689219,0.0,0,0.97,1.0,12,1,1,1,0.1094,New,0.0,0,1,Upper Middle,689219,500,4,1,Bank Transfer,8,Online Search,7,626171,91186,674,1,8,12,3627.64,302.30333333333334,0.0,0.08333333333333333,0.0,1.0,3627.64,-4.122525178731854,new,0.0,181.38,0.1,5,0.8145559484877056,2757.0099999999998,6115.747912178528,6115.747912178528,2757.0099999999998,6115.747912178528,1
501913,CUST001913,2021,2021-03-17,2021-07-31,Condo,CA,A,90001,62.71,N,Standard,Mixed,Shingle,1350,1,55,1,41,0,C,Online,2872.46,2377.41,201.07,57.45,201.26,438941,0.0,0,0.857,1.0,12,0,0,0,0.0865,New,0.0,1,1,Low,438941,1000,5,0,Credit Card,1,Partner Referral,4,496312,40598,666,1,1,12,2872.46,239.37166666666667,0.0,0.0,0.08333333333333333,1.0,2872.46,1.7315281792791266,new,0.0,143.62,0.1,5,0.79706921895322,2470.32,5201.445448162652,5201.445448162652,2470.32,5201.445448162652,0
501914,CUST001914,2021,2021-08-02,2021-12-31,Condo,TX,A,79901,24.48,Y,Standard,Masonry,Metal,1666,1,12,0,53,0,C,Online,819.35,835.72,57.35,16.39,108.87,216372,16060.88,1,0.99,1.0,12,1,0,1,0.1124,New,14220.88,0,1,Upper Middle,216372,2000,4,1,Credit Card,8,Agent Referral,6,218883,122258,669,1,8,12,819.35,68.27916666666667,0.08333333333333333,0.08333333333333333,0.0,1.0,819.35,-4.122525178731854,new,14220.88,40.97,0.1,5,0.39557511828353553,-13516.239999999998,-7544.497731571945,-7544.497731571945,-13516.239999999998,-7544.497731571945,0
501915,CUST001915,2021,2021-09-15,2022-03-31,Home,NY,A,11201,35.71,N,Premium,Mixed,Shingle,2316,2,26,1,34,0,C,Direct,4322.88,4257.44,302.6,129.69,266.53,1081875,0.0,0,0.983,1.0,12,1,0,0,0.1089,New,0.0,0,1,Low,1081875,2500,5,0,Credit Card,2,Aggregator,6,1111641,36842,653,1,2,12,4322.88,360.24,0.0,0.0,0.0,1.0,4322.88,-0.4175190593025818,new,0.0,216.14,0.1,5,0.5572936679145853,3674.4500000000003,3647.2736363873423,3647.2736363873423,3674.4500000000003,3647.2736363873423,0
501916,CUST001916,2021,2021-07-15,2022-01-31,Home,TX,D,73301,23.79,N,Basic,Frame,Metal,2607,2,4,1,49,2,C,Broker,1249.77,1183.16,87.48,187.47,128.24,331388,0.0,0,0.933,1.0,12,1,0,1,0.0614,New,0.0,1,1,Low,331388,1500,4,0,Credit Card,8,Online Search,7,451596,29806,657,1,8,12,1249.77,104.1475,0.0,0.0,0.08333333333333333,1.0,1249.77,-0.9644910884581352,new,0.0,62.49,0.1,5,0.7916785213893394,912.3299999999999,1890.2405945995536,1890.2405945995536,912.3299999999999,1890.2405945995536,0
501917,CUST001917,2021,2021-04-20,2021-07-31,Rental,CA,B,92101,44.9,Y,Standard,Frame,Tile,1289,2,23,0,34,0,C,Independent,2910.12,2617.91,203.71,349.21,202.96,544355,0.0,0,0.946,1.0,12,0,1,1,0.1058,New,0.0,0,1,Middle,544355,500,4,1,Credit Card,9,Social Media,10,573643,75650,635,1,9,12,2910.12,242.51,0.0,0.08333333333333333,0.0,1.0,2910.12,-4.507670788408605,new,0.0,145.51,0.1,5,0.8279353758937467,2211.6899999999996,5104.718977557993,5104.718977557993,2211.6899999999996,5104.718977557993,0
501918,CUST001918,2021,2021-11-07,2022-05-31,Home,TX,D,73301,20.76,Y,Standard,Masonry,Metal,2445,3,24,1,59,0,C,Online,1228.57,1142.43,86.0,24.57,127.29,345995,0.0,0,0.942,1.0,12,0,0,0,0.0732,New,0.0,1,1,Low,345995,500,4,1,Auto Debit,1,Agent Referral,2,353071,47820,671,1,1,12,1228.57,102.38083333333333,0.0,0.08333333333333333,0.08333333333333333,1.0,1228.57,0.33739571791036516,new,0.0,61.43,0.1,5,0.7174286854377744,1056.57,1747.538443475347,1747.538443475347,1056.57,1747.538443475347,0
501919,CUST001919,2021,2021-11-26,2022-04-30,Rental,NY,C,10001,37.75,N,Standard,Mixed,Tile,1901,2,48,0,31,0,B,Online,2912.02,2785.02,203.84,58.24,203.04,765215,0.0,0,0.95,1.0,12,0,0,0,0.0655,New,0.0,1,1,Upper Middle,765215,1000,4,0,Credit Card,5,Aggregator,4,894826,93229,686,1,5,12,2912.02,242.66833333333332,0.0,0.0,0.08333333333333333,1.0,2912.02,0.19094574057211977,new,0.0,145.6,0.1,5,0.7780255287306933,2504.34,4980.3347494408645,4980.3347494408645,2504.34,4980.3347494408645,0
501920,CUST001920,2021,2021-03-19,2021-05-31,Home,NY,D,14604,28.78,N,Standard,Mixed,Shingle,1631,2,13,1,37,0,B,Online,1987.73,2098.65,139.14,39.75,161.45,644638,0.0,0,1.05,1.0,12,0,0,0,0.1055,New,0.0,1,1,Middle,644638,2000,4,0,Debit Card,2,Online Search,4,770697,71737,722,1,2,12,1987.73,165.64416666666668,0.0,0.0,0.08333333333333333,1.0,1987.73,1.3463825696023748,new,0.0,99.39,0.1,5,0.8318104527204759,1709.45,3991.006363084634,3991.006363084634,1709.45,3991.006363084634,0
501921,CUST001921,2021,2021-04-08,2021-07-31,Home,WA,C,99201,35.25,Y,Premium,Mixed,Tile,850,1,11,1,44,0,B,Direct,1000.45,987.2,70.03,30.01,117.02,310456,0.0,0,0.976,1.0,12,0,1,0,0.1048,New,0.0,1,1,Upper Middle,310456,1000,4,0,Bank Transfer,5,Agent Referral,8,293660,123518,694,1,5,12,1000.45,83.37083333333334,0.0,0.0,0.08333333333333333,1.0,1000.45,0.19094574057211977,new,0.0,50.02,0.1,5,0.7638839775651124,850.3900000000001,1620.537906672727,1620.537906672727,850.3900000000001,1620.537906672727,0
501922,CUST001922,2021,2021-02-10,2021-10-31,Home,FL,D,33601,49.89,N,Basic,Mixed,Tile,2679,2,14,0,55,0,B,Online,2505.6,2582.2,212.98,50.11,184.75,425000,0.0,0,1.007,1.0,12,0,0,0,0.113,New,0.0,1,1,Upper Middle,425000,2000,5,0,Auto Debit,0,Online Search,1,629398,90625,706,1,0,12,2505.6,208.79999999999998,0.0,0.0,0.08333333333333333,1.0,2505.6,2.1166737889558784,new,0.0,125.28,0.1,5,0.8662018604810796,2117.2299999999996,5469.073840421761,5469.073840421761,2117.2299999999996,5469.073840421761,1
501923,CUST001923,2021,2021-07-03,2021-09-30,Home,FL,C,33601,52.08,N,Basic,Mixed,Tile,2486,2,20,1,49,1,C,Direct,2839.36,2512.11,241.35,85.18,199.77,389207,0.0,0,0.916,1.0,12,1,0,0,0.0813,New,0.0,1,1,Middle,389207,500,5,0,Credit Card,0,Email Campaign,9,543241,61916,620,1,0,12,2839.36,236.61333333333334,0.0,0.0,0.08333333333333333,1.0,2839.36,2.1166737889558784,new,0.0,141.97,0.1,5,0.8709885412198541,2370.8600000000006,6210.513785585394,6210.513785585394,2370.8600000000006,6210.513785585394,1
501924,CUST001924,2021,2021-07-27,2021-10-31,Home,FL,A,33301,56.13,Y,Standard,Mixed,Tile,2550,3,35,1,32,2,C,Direct,4178.72,4051.96,355.19,125.36,260.04,555646,0.0,0,0.936,1.0,12,1,1,1,0.1118,New,0.0,1,1,Low,555646,1000,4,1,Bank Transfer,9,Online Search,8,555579,32771,630,1,9,12,4178.72,348.2266666666667,0.0,0.08333333333333333,0.08333333333333333,1.0,4178.72,-2.7437691595036484,new,0.0,208.94,0.1,5,0.8500536799722347,3489.23,8596.304357102035,8596.304357102035,3489.23,8596.304357102035,1
501925,CUST001925,2021,2021-01-03,2021-01-31,Home,TX,C,77001,38.39,N,Basic,Mixed,Shingle,1660,1,17,1,36,0,B,Online,671.46,668.84,47.0,13.43,102.22,163424,0.0,0,0.969,1.0,12,0,1,0,0.1033,New,0.0,1,1,Middle,163424,500,5,0,Credit Card,1,Social Media,3,240594,54041,698,1,1,12,671.46,55.955000000000005,0.0,0.0,0.08333333333333333,1.0,671.46,1.7315281792791266,new,0.0,33.57,0.1,5,0.8142755559449611,577.46,1279.8855211511036,1279.8855211511036,577.46,1279.8855211511036,0
501926,CUST001926,2021,2021-02-05,2021-07-31,Home,WA,B,99201,23.99,Y,Basic,Masonry,Shingle,2046,2,39,1,28,1,C,Independent,2380.52,2348.13,166.64,285.66,179.12,563361,0.0,0,0.994,1.0,12,0,0,1,0.0487,New,0.0,0,1,Low,563361,500,4,0,Credit Card,10,Partner Referral,9,703002,38007,625,1,10,12,2380.52,198.37666666666667,0.0,0.0,0.0,1.0,2380.52,-3.4986839367165956,new,0.0,119.03,0.1,5,0.8367226335272119,1809.19,4285.60621115448,4285.60621115448,1809.19,4285.60621115448,0
501927,CUST001927,2021,2021-06-27,2021-12-31,Home,WA,B,98004,29.16,N,Standard,Mixed,Tile,1831,1,36,0,55,2,A,Direct,1293.34,1167.07,90.53,38.8,130.2,425815,0.0,0,0.449,0.5,6,1,0,0,0.0664,New,0.0,1,1,Upper Middle,425815,500,4,0,Credit Card,4,Agent Referral,7,507069,112223,765,1,4,6,1293.34,215.55666666666664,0.0,0.0,0.16666666666666666,1.0,1293.34,-0.7828120699373606,new,0.0,64.67,0.1,5,0.7668222765724956,1099.34,2113.6322796767054,2113.6322796767054,1099.34,2113.6322796767054,0
501928,CUST001928,2021,2021-09-24,2021-12-31,Rental,FL,D,33601,66.85,Y,Premium,Mixed,Shingle,2279,1,47,1,27,1,C,Independent,4370.12,4238.71,371.46,524.41,268.66,470025,0.0,0,0.503,0.5,6,1,1,0,0.0985,New,0.0,1,1,Middle,470025,500,4,0,Credit Card,1,Agent Referral,6,415296,54256,645,1,1,6,4370.12,728.3533333333334,0.0,0.0,0.16666666666666666,1.0,4370.12,0.3726247590928944,new,0.0,218.51,0.1,5,0.7246435106543377,3255.74,5505.550522614731,5505.550522614731,3255.74,5505.550522614731,1
501929,CUST001929,2021,2021-06-10,2021-12-31,Home,FL,D,33101,46.74,Y,Premium,Masonry,Metal,1702,2,30,0,63,0,C,Online,2428.32,2591.59,206.41,48.57,181.27,388577,0.0,0,1.048,1.0,12,1,1,0,0.1154,New,0.0,1,1,Middle,388577,1500,4,0,Auto Debit,1,Online Search,3,346497,54325,679,1,1,12,2428.32,202.36,0.0,0.0,0.08333333333333333,1.0,2428.32,1.7315281792791266,new,0.0,121.42,0.1,5,0.7797733239566097,2051.92,4102.125163045759,4102.125163045759,2051.92,4102.125163045759,0
501930,CUST001930,2021,2021-05-23,2021-12-31,Condo,FL,D,33101,51.15,N,Standard,Frame,Tile,1492,1,44,1,44,0,C,Direct,2037.57,2008.47,173.19,61.13,163.69,264644,16568.43,1,0.944,1.0,12,0,0,0,0.0765,New,16108.43,1,1,Middle,264644,500,3,0,Auto Debit,0,Social Media,2,320461,74012,649,1,0,12,2037.57,169.79749999999999,0.08333333333333333,0.0,0.08333333333333333,1.0,2037.57,2.1166737889558784,new,16108.43,101.88,0.1,5,0.6371083889115137,-14407.06,-18536.944597376623,-18536.944597376623,-14407.06,-18536.944597376623,0
501931,CUST001931,2021,2021-11-06,2022-03-31,Home,FL,B,33301,57.72,Y,Basic,Mixed,Tile,1011,2,35,1,69,1,B,Broker,1304.91,1261.63,110.92,195.74,130.72,192505,0.0,0,0.94,1.0,12,0,0,0,0.0431,New,0.0,1,1,Middle,192505,500,5,0,Bank Transfer,2,Agent Referral,9,236706,68541,692,1,2,12,1304.91,108.7425,0.0,0.0,0.08333333333333333,1.0,1304.91,1.3463825696023748,new,0.0,65.25,0.1,5,0.8842603890733869,933.0,2540.4064470468634,2540.4064470468634,933.0,2540.4064470468634,0
501932,CUST001932,2021,2021-03-07,2021-03-31,Home,TX,C,78701,36.69,Y,Standard,Mixed,Shingle,1555,2,4,1,48,0,C,Independent,1139.73,1109.2,79.78,136.77,123.29,239132,0.0,0,0.962,1.0,12,0,0,0,0.0598,New,0.0,1,1,Middle,239132,1000,4,0,Auto Debit,1,Agent Referral,7,239378,74517,620,1,1,12,1139.73,94.9775,0.0,0.0,0.08333333333333333,1.0,1139.73,1.7315281792791266,new,0.0,56.99,0.1,5,0.7425731576690615,866.19,1547.2666616153,1547.2666616153,866.19,1547.2666616153,0
501933,CUST001933,2021,2021-10-08,2022-01-31,Home,CA,A,90001,59.12,N,Basic,Frame,Tile,2353,3,37,0,40,0,C,Independent,4030.44,4107.43,282.13,483.65,253.37,694179,21722.33,1,1.043,1.0,12,0,0,0,0.0474,New,20802.33,0,1,Low,694179,1000,3,0,Credit Card,0,Online Search,8,956460,49542,667,1,0,12,4030.44,335.87,0.08333333333333333,0.0,0.0,1.0,4030.44,0.3527721600509216,new,20802.33,201.52,0.1,5,0.4769151075244223,-17739.190000000006,-13369.741866713593,-13369.741866713593,-17739.190000000006,-13369.741866713593,0
501934,CUST001934,2021,2021-09-05,2021-09-30,Condo,TX,C,77001,45.82,Y,Basic,Masonry,Shingle,1326,1,37,1,43,1,A,Independent,691.36,615.59,48.4,82.96,103.11,152141,0.0,0,0.443,0.5,6,1,0,0,0.0433,New,0.0,1,1,Middle,152141,500,5,0,Debit Card,1,Social Media,14,190339,80061,736,1,1,6,691.36,115.22666666666667,0.0,0.0,0.16666666666666666,1.0,691.36,0.3726247590928944,new,0.0,34.57,0.1,5,0.8198873546635829,525.43,1184.1405704909334,1184.1405704909334,525.43,1184.1405704909334,0
501935,CUST001935,2021,2021-09-16,2022-03-31,Condo,CA,B,90001,47.74,Y,Standard,Mixed,Shingle,1500,1,28,0,55,0,B,Online,2581.3,2492.66,180.69,51.63,188.16,527317,0.0,0,0.945,1.0,12,1,0,0,0.0972,New,0.0,1,1,Upper Middle,527317,5000,4,1,Debit Card,1,Agent Referral,5,564157,129611,719,1,1,12,2581.3,215.10833333333335,0.0,0.08333333333333333,0.08333333333333333,1.0,2581.3,0.33739571791036516,new,0.0,129.07,0.1,5,0.8503086881580335,2219.91,5473.222300718426,5473.222300718426,2219.91,5473.222300718426,1
501936,CUST001936,2021,2021-10-09,2022-03-31,Home,CA,B,95814,36.27,N,Basic,Frame,Tile,2264,3,16,1,55,0,C,Independent,3290.88,3129.65,230.36,394.91,220.09,702436,0.0,0,0.956,1.0,12,0,1,1,0.0898,New,0.0,1,1,Middle,702436,1000,4,1,Auto Debit,8,Email Campaign,11,1011638,65260,678,1,8,12,3290.88,274.24,0.0,0.08333333333333333,0.08333333333333333,1.0,3290.88,-2.3586235498268966,new,0.0,164.54,0.1,5,0.8078068369059218,2501.07,5437.686604178755,5437.686604178755,2501.07,5437.686604178755,1
501937,CUST001937,2021,2021-04-08,2021-05-31,Home,FL,C,33301,57.03,N,Premium,Masonry,Tile,2209,2,44,1,42,0,B,Independent,3084.91,2942.94,262.22,370.19,210.82,452859,0.0,0,0.962,1.0,12,0,0,0,0.062,New,0.0,1,1,Middle,452859,1000,3,1,Auto Debit,3,Social Media,12,489817,55930,727,1,3,12,3084.91,257.0758333333333,0.0,0.08333333333333333,0.08333333333333333,1.0,3084.91,-0.43289550144313826,new,0.0,154.25,0.1,5,0.6143702284777348,2298.2499999999995,2749.4970221955155,2749.4970221955155,2298.2499999999995,2749.4970221955155,0
501938,CUST001938,2021,2021-10-20,2022-08-31,Home,NY,B,11201,24.92,N,Standard,Frame,Tile,2282,1,31,1,35,1,A,Independent,3202.41,3235.66,224.17,384.29,216.11,994889,0.0,0,0.995,1.0,12,0,0,0,0.0419,New,0.0,1,1,High,994889,1000,5,0,Auto Debit,0,Partner Referral,9,1140835,157900,767,1,0,12,3202.41,266.8675,0.0,0.0,0.08333333333333333,1.0,3202.41,2.1166737889558784,new,0.0,160.12,0.1,5,0.8994591728043511,2433.83,6925.768772194085,6925.768772194085,2433.83,6925.768772194085,1
501939,CUST001939,2021,2021-05-18,2021-12-31,Home,TX,B,79901,23.27,Y,Premium,Mixed,Metal,2710,1,22,0,48,0,B,Broker,1213.69,1184.13,84.96,182.05,126.62,415313,0.0,0,0.937,1.0,12,0,1,0,0.129,New,0.0,1,1,Middle,415313,2000,5,0,Credit Card,3,Agent Referral,8,378394,74880,697,1,3,12,1213.69,101.14083333333333,0.0,0.0,0.08333333333333333,1.0,1213.69,0.9612369599256232,new,0.0,60.68,0.1,5,0.868954202895581,886.0000000000001,2307.141266550501,2307.141266550501,886.0000000000001,2307.141266550501,0
501940,CUST001940,2021,2021-11-26,2022-06-30,Home,NY,A,12207,44.55,Y,Standard,Mixed,Shingle,2517,3,30,0,40,1,A,Online,4151.99,4009.01,290.64,83.04,258.84,1231617,21504.89,1,0.994,1.0,12,0,1,0,0.1567,New,19664.89,1,1,Upper Middle,1231617,2000,4,1,Auto Debit,1,Aggregator,5,1269555,128486,819,1,1,12,4151.99,345.99916666666667,0.08333333333333333,0.08333333333333333,0.08333333333333333,1.0,4151.99,0.33739571791036516,new,19664.89,207.6,0.1,5,0.8716490171004196,-16094.18,-42240.411142748366,-42240.411142748366,-16094.18,-42240.411142748366,0
501941,CUST001941,2021,2021-02-05,2021-10-31,Home,NY,D,11201,23.79,N,Standard,Masonry,Metal,3093,1,49,1,40,0,B,Direct,4045.04,3800.13,283.15,121.35,254.03,1297315,0.0,0,0.94,1.0,12,0,1,0,0.1168,New,0.0,1,1,Upper Middle,1297315,1000,4,1,Auto Debit,0,Agent Referral,3,1523947,118035,721,1,0,12,4045.04,337.08666666666664,0.0,0.08333333333333333,0.08333333333333333,1.0,4045.04,0.722541327587117,new,0.0,202.25,0.1,5,0.8307268612290705,3438.29,8001.603250868266,8001.603250868266,3438.29,8001.603250868266,1
501942,CUST001942,2021,2021-09-13,2022-07-31,Home,NY,A,10001,39.51,N,Basic,Frame,Metal,2365,2,30,0,40,0,A,Broker,2125.38,1970.98,148.78,318.81,167.64,814355,0.0,0,0.957,1.0,12,1,1,0,0.1209,New,0.0,1,1,High,814355,5000,4,0,Auto Debit,0,Email Campaign,4,1201936,182703,747,1,0,12,2125.38,177.115,0.0,0.0,0.08333333333333333,1.0,2125.38,2.1166737889558784,new,0.0,106.27,0.1,5,0.7104839530633086,1551.5200000000002,2511.876709730854,2511.876709730854,1551.5200000000002,2511.876709730854,0
501943,CUST001943,2021,2021-04-27,2021-08-31,Home,CA,C,92101,57.36,N,Basic,Mixed,Shingle,2677,3,50,1,37,0,B,Direct,3661.35,3738.22,256.29,109.84,236.76,625682,0.0,0,1.027,1.0,12,0,0,0,0.0723,New,0.0,1,1,Middle,625682,500,4,1,Credit Card,2,Online Search,6,955121,68546,702,1,2,12,3661.35,305.1125,0.0,0.08333333333333333,0.08333333333333333,1.0,3661.35,-0.047749891766386554,new,0.0,183.07,0.1,5,0.834861592069258,3112.1499999999996,7331.656980018275,7331.656980018275,3112.1499999999996,7331.656980018275,1
501944,CUST001944,2021,2021-08-14,2022-01-31,Condo,CA,C,90001,51.85,Y,Standard,Frame,Shingle,1573,2,22,1,55,0,D,Online,3341.52,3064.5,233.91,66.83,222.37,512134,0.0,0,0.909,1.0,12,1,1,0,0.1246,New,0.0,1,1,Upper Middle,512134,1500,4,0,Credit Card,2,Social Media,1,511777,101711,607,1,2,12,3341.52,278.46,0.0,0.0,0.08333333333333333,1.0,3341.52,1.3463825696023748,new,0.0,167.08,0.1,5,0.8345236158264021,2873.7000000000003,6763.157443036756,6763.157443036756,2873.7000000000003,6763.157443036756,1
501945,CUST001945,2021,2021-09-21,2022-04-30,Home,CA,D,94105,32.8,Y,Basic,Masonry,Metal,2571,1,20,1,29,0,A,Independent,2902.35,2884.16,203.16,348.28,202.61,845684,0.0,0,0.974,1.0,12,1,0,0,0.095,New,0.0,1,1,Middle,845684,2000,4,0,Auto Debit,1,Online Search,1,1072691,78000,738,1,1,12,2902.35,241.86249999999998,0.0,0.0,0.08333333333333333,1.0,2902.35,1.7315281792791266,new,0.0,145.12,0.1,5,0.795868812368421,2205.79,4627.815558373142,4627.815558373142,2205.79,4627.815558373142,0
501946,CUST001946,2021,2021-12-11,2022-05-31,Home,FL,C,33101,56.7,N,Basic,Masonry,Tile,2482,2,25,1,43,0,C,Independent,3058.91,3024.03,260.01,367.07,209.65,418088,8117.36,1,0.975,1.0,12,0,0,0,0.0688,New,7197.36,0,1,Low,418088,1000,3,2,Debit Card,3,Agent Referral,12,557387,48611,661,1,3,12,3058.91,254.90916666666666,0.08333333333333333,0.16666666666666666,0.0,1.0,3058.91,-3.590929591716856,new,7197.36,152.95,0.1,5,0.37253970385248747,-4918.48,-2507.580268724879,-2507.580268724879,-4918.48,-2507.580268724879,0
501947,CUST001947,2021,2021-02-25,2021-04-30,Home,CA,A,90001,50.63,Y,Standard,Frame,Shingle,1469,2,44,1,32,2,D,Online,4860.42,4599.42,340.23,97.21,290.72,640186,0.0,0,0.95,1.0,12,0,0,0,0.0858,New,0.0,1,1,Middle,640186,1000,4,0,Bank Transfer,1,Agent Referral,5,633618,85614,611,1,1,12,4860.42,405.035,0.0,0.0,0.08333333333333333,1.0,4860.42,1.7315281792791266,new,0.0,243.02,0.1,5,0.8496638798545348,4179.96,10286.240076909617,10286.240076909617,4179.96,10286.240076909617,1
501948,CUST001948,2021,2021-03-27,2021-05-31,Home,NY,C,10001,23.13,Y,Standard,Masonry,Shingle,2640,1,16,0,50,0,C,Independent,5416.88,5364.44,379.18,650.03,315.76,1369435,0.0,0,1.005,1.0,12,0,0,0,0.0458,New,0.0,1,1,Middle,1369435,1000,4,0,Credit Card,1,Online Search,3,1430869,51016,656,1,1,12,5416.88,451.4066666666667,0.0,0.0,0.08333333333333333,1.0,5416.88,1.7315281792791266,new,0.0,270.84,0.1,5,0.9126642181272019,4116.83,12170.626309737636,12170.626309737636,4116.83,12170.626309737636,1
501949,CUST001949,2021,2021-08-10,2022-01-31,Condo,CA,C,90001,42.77,Y,Standard,Masonry,Tile,1541,2,35,0,46,0,C,Direct,2331.35,2223.03,163.19,69.94,176.91,492602,0.0,0,0.937,1.0,12,1,1,0,0.1094,New,0.0,1,1,Middle,492602,500,4,0,Credit Card,2,Agent Referral,9,498748,83048,678,1,2,12,2331.35,194.27916666666667,0.0,0.0,0.08333333333333333,1.0,2331.35,1.3463825696023748,new,0.0,116.57,0.1,5,0.8440085531531404,1981.6499999999999,4796.059469659291,4796.059469659291,1981.6499999999999,4796.059469659291,0
501950,CUST001950,2021,2021-11-15,2022-07-31,Home,TX,C,73301,29.52,N,Standard,Masonry,Shingle,2084,1,19,0,51,0,B,Online,1026.59,1021.75,71.86,20.53,118.2,283904,0.0,0,0.971,1.0,12,0,1,0,0.119,New,0.0,1,1,Upper Middle,283904,1500,4,0,Bank Transfer,1,Online Search,7,329261,103972,708,1,1,12,1026.59,85.54916666666666,0.0,0.0,0.08333333333333333,1.0,1026.59,1.7315281792791266,new,0.0,51.33,0.1,5,0.7407338736161877,882.8699999999999,1568.2467602542638,1568.2467602542638,882.8699999999999,1568.2467602542638,0
501951,CUST001951,2021,2021-09-06,2022-03-31,Condo,FL,C,33101,44.07,N,Premium,Masonry,Tile,1343,1,6,1,39,1,B,Direct,1939.15,1973.8,164.83,58.17,159.26,308412,0.0,0,0.493,0.5,6,1,0,0,0.0656,New,0.0,0,1,Middle,308412,1500,4,0,Auto Debit,0,Email Campaign,2,335818,63253,701,1,0,6,1939.15,323.19166666666666,0.0,0.0,0.0,1.0,1939.15,-2.7700328890402672,new,0.0,96.96,0.1,5,0.7591018170690624,1619.19,3041.263787367893,3041.263787367893,1619.19,3041.263787367893,0
501952,CUST001952,2021,2021-12-04,2022-02-28,Home,CA,A,94105,62.84,N,Standard,Frame,Shingle,1896,2,29,1,41,1,D,Independent,4678.67,4455.9,327.51,561.44,282.54,630126,0.0,0,0.946,1.0,12,0,0,1,0.0739,New,0.0,1,1,Middle,630126,2000,3,2,Auto Debit,5,Agent Referral,8,732408,57870,567,1,5,12,4678.67,389.88916666666665,0.0,0.16666666666666666,0.08333333333333333,1.0,4678.67,-2.597319182165403,new,0.0,233.93,0.1,5,0.607524518396129,3555.79,4161.062554279998,4161.062554279998,3555.79,4161.062554279998,0
501953,CUST001953,2021,2021-06-03,2021-11-30,Home,WA,C,99201,25.06,Y,Premium,Masonry,Shingle,2168,1,40,1,59,0,B,Broker,2276.67,2099.18,159.37,341.5,174.45,622693,39697.34,1,0.922,1.0,12,1,0,0,0.0468,New,38777.34,1,1,Middle,622693,1000,4,0,Auto Debit,0,Aggregator,7,578797,83359,712,1,0,12,2276.67,189.7225,0.08333333333333333,0.0,0.08333333333333333,1.0,2276.67,2.1166737889558784,new,38777.34,113.83,0.1,5,0.7253556625885198,-37115.37,-62900.372639344285,-62900.372639344285,-37115.37,-62900.372639344285,0
501954,CUST001954,2021,2021-09-26,2021-12-31,Rental,TX,A,78701,37.54,Y,Standard,Frame,Tile,2126,2,0,1,43,0,C,Independent,1210.08,1204.07,84.71,145.21,126.45,294425,0.0,0,0.478,0.5,6,1,1,0,0.0868,New,0.0,1,1,Middle,294425,500,5,0,Auto Debit,1,Online Search,12,310680,86074,673,1,1,6,1210.08,201.67999999999998,0.0,0.0,0.16666666666666666,1.0,1210.08,0.3726247590928944,new,0.0,60.5,0.1,5,0.8764229502868577,919.6599999999999,2447.576027403934,2447.576027403934,919.6599999999999,2447.576027403934,0
501955,CUST001955,2021,2021-02-20,2021-07-31,Home,FL,C,32801,57.95,N,Basic,Masonry,Tile,2063,2,44,1,49,0,C,Broker,2513.01,2573.86,213.61,376.95,185.09,303669,5624.06,1,0.999,1.0,12,0,0,0,0.0488,New,4704.06,1,1,Middle,303669,1000,4,0,Bank Transfer,3,Agent Referral,3,434624,61034,666,1,3,12,2513.01,209.41750000000002,0.08333333333333333,0.0,0.08333333333333333,1.0,2513.01,0.9612369599256232,new,4704.06,125.65,0.1,5,0.6268246609742669,-2907.26,-3619.898303150909,-3619.898303150909,-2907.26,-3619.898303150909,0
501956,CUST001956,2021,2021-09-25,2021-11-30,Rental,FL,C,33301,55.94,N,Standard,Frame,Metal,1734,2,30,0,61,0,C,Independent,2570.48,2379.6,218.49,308.46,187.67,386658,0.0,0,0.931,1.0,12,1,1,0,0.1366,New,0.0,1,1,Low,386658,2000,4,0,Credit Card,0,Email Campaign,12,438534,41173,674,1,0,12,2570.48,214.20666666666668,0.0,0.0,0.08333333333333333,1.0,2570.48,2.1166737889558784,new,0.0,128.52,0.1,5,0.8110701384115729,1915.0099999999998,4204.161769303274,4204.161769303274,1915.0099999999998,4204.161769303274,0
501957,CUST001957,2021,2021-02-02,2021-02-28,Home,CA,C,95814,56.97,Y,Basic,Frame,Tile,2440,1,45,1,61,0,C,Broker,4815.66,4777.54,337.1,722.35,288.7,805278,0.0,0,0.99,1.0,12,0,0,0,0.0475,New,0.0,1,1,Low,805278,1000,4,0,Auto Debit,0,Agent Referral,6,986573,45238,637,1,0,12,4815.66,401.305,0.0,0.0,0.08333333333333333,1.0,4815.66,2.1166737889558784,new,0.0,240.78,0.1,5,0.8766360481718138,3515.4299999999994,9361.753112222856,9361.753112222856,3515.4299999999994,9361.753112222856,1
501958,CUST001958,2021,2021-07-10,2021-07-31,Rental,NY,A,14604,23.35,Y,Standard,Masonry,Shingle,1333,1,15,0,58,0,A,Broker,2075.67,1941.45,145.3,311.35,165.4,613308,0.0,0,0.94,1.0,12,1,0,0,0.0679,New,0.0,1,1,Upper Middle,613308,1000,4,1,Debit Card,2,Partner Referral,9,665862,110732,742,1,2,12,2075.67,172.9725,0.0,0.08333333333333333,0.08333333333333333,1.0,2075.67,-0.047749891766386554,new,0.0,103.78,0.1,5,0.8321891154587708,1515.24,3541.5517834532884,3541.5517834532884,1515.24,3541.5517834532884,0
501959,CUST001959,2021,2021-10-08,2022-06-30,Home,FL,A,33601,63.72,Y,Standard,Masonry,Shingle,2723,3,23,0,61,0,A,Direct,4054.08,4104.48,344.6,121.62,254.43,610261,0.0,0,0.99,1.0,12,0,0,0,0.072,New,0.0,1,1,Middle,610261,500,4,0,Auto Debit,0,Social Media,3,656146,77083,791,1,0,12,4054.08,337.84,0.0,0.0,0.08333333333333333,1.0,4054.08,2.1166737889558784,new,0.0,202.7,0.1,5,0.8588059430121724,3385.1600000000003,8556.960058686918,8556.960058686918,3385.1600000000003,8556.960058686918,1
501960,CUST001960,2021,2021-10-02,2022-08-31,Condo,NY,D,10001,28.64,Y,Basic,Mixed,Metal,1536,1,47,0,64,1,C,Independent,1966.63,1941.21,137.66,236.0,160.5,532316,0.0,0,0.973,1.0,12,0,0,1,0.0979,New,0.0,1,1,Upper Middle,532316,2000,4,0,Credit Card,3,Online Search,5,667547,125928,663,1,3,12,1966.63,163.88583333333335,0.0,0.0,0.08333333333333333,1.0,1966.63,0.9612369599256232,new,0.0,98.33,0.1,5,0.8329762952619867,1494.64,3501.541012355636,3501.541012355636,1494.64,3501.541012355636,0
501961,CUST001961,2021,2021-09-18,2022-02-28,Condo,TX,D,77001,39.36,Y,Standard,Frame,Shingle,1704,1,30,1,64,1,D,Broker,1388.94,1377.42,97.23,208.34,134.5,246999,0.0,0,0.97,1.0,12,1,1,0,0.1291,New,0.0,1,1,Middle,246999,5000,4,0,Credit Card,3,Agent Referral,4,253519,51365,607,1,3,12,1388.94,115.745,0.0,0.0,0.08333333333333333,1.0,1388.94,0.9612369599256232,new,0.0,69.45,0.1,5,0.7112647360868024,1013.9200000000001,1645.4703327274344,1645.4703327274344,1013.9200000000001,1645.4703327274344,0
501962,CUST001962,2021,2021-07-20,2021-08-31,Home,TX,D,73301,13.11,N,Basic,Masonry,Metal,1780,1,20,1,41,0,C,Broker,625.41,586.05,43.78,93.81,100.14,184645,0.0,0,0.953,1.0,12,1,0,0,0.0664,New,0.0,0,1,Middle,184645,500,4,0,Auto Debit,0,Agent Referral,5,250844,86215,662,1,0,12,625.41,52.1175,0.0,0.0,0.0,1.0,625.41,0.3527721600509216,new,0.0,31.27,0.1,5,0.35,456.55,212.36184728556475,212.36184728556475,456.55,212.36184728556475,0
501963,CUST001963,2021,2021-11-12,2022-09-30,Home,FL,B,33101,47.79,Y,Standard,Mixed,Tile,2805,3,17,0,50,0,A,Broker,3762.39,3675.15,319.8,564.36,241.31,737421,0.0,0,0.969,1.0,12,0,0,0,0.089,New,0.0,1,1,High,737421,2500,4,0,Debit Card,3,Agent Referral,13,739669,182643,818,1,3,12,3762.39,313.53249999999997,0.0,0.0,0.08333333333333333,1.0,3762.39,0.9612369599256232,new,0.0,188.12,0.1,5,0.8593707342901413,2690.1099999999997,6811.289647055195,6811.289647055195,2690.1099999999997,6811.289647055195,1
501964,CUST001964,2021,2021-04-01,2021-11-30,Home,TX,B,77001,38.83,N,Basic,Mixed,Shingle,1892,1,11,1,33,1,D,Direct,1197.84,1092.7,83.85,35.94,125.9,213574,0.0,0,0.899,1.0,12,0,0,1,0.092,New,0.0,0,1,Upper Middle,213574,2000,3,0,Auto Debit,1,Agent Referral,4,298249,103964,609,1,1,12,1197.84,99.82,0.0,0.0,0.0,1.0,1197.84,-0.03237344962583011,new,0.0,59.89,0.1,5,0.6888693564996557,1018.16,1541.6551841035373,1541.6551841035373,1018.16,1541.6551841035373,0
501965,CUST001965,2021,2021-12-05,2022-03-31,Home,NY,C,10001,24.83,Y,Standard,Frame,Tile,2855,1,16,1,39,0,C,Online,5573.28,5596.14,390.13,111.47,322.8,1497227,0.0,0,1.001,1.0,12,0,0,0,0.0859,New,0.0,0,1,Middle,1497227,500,4,0,Auto Debit,0,Agent Referral,6,1548764,67869,660,1,0,12,5573.28,464.44,0.0,0.0,0.0,1.0,5573.28,0.3527721600509216,new,0.0,278.66,0.1,5,0.7340039863436817,4793.0199999999995,8340.760588412259,8340.760588412259,4793.0199999999995,8340.760588412259,1
501966,CUST001966,2021,2021-10-05,2022-04-30,Rental,FL,A,32801,64.52,Y,Standard,Frame,Metal,1334,1,20,1,25,0,C,Broker,2376.28,2187.27,201.98,356.44,178.93,292411,0.0,0,0.914,1.0,12,0,0,0,0.0528,New,0.0,1,1,Low,292411,1500,4,0,Bank Transfer,0,Agent Referral,12,319817,42177,654,1,0,12,2376.28,198.02333333333334,0.0,0.0,0.08333333333333333,1.0,2376.28,2.1166737889558784,new,0.0,118.81,0.1,5,0.6983436317074552,1699.0500000000002,2649.4179291247347,2649.4179291247347,1699.0500000000002,2649.4179291247347,0
501967,CUST001967,2021,2021-12-16,2022-10-31,Home,NY,B,10001,19.44,N,Standard,Frame,Tile,2492,3,8,1,47,2,D,Broker,4441.36,4309.94,310.9,666.2,271.86,1027639,0.0,0,0.49,0.5,6,0,0,0,0.0895,New,0.0,1,1,Middle,1027639,2000,4,0,Auto Debit,1,Online Search,6,1162319,51629,616,1,1,6,4441.36,740.2266666666666,0.0,0.0,0.16666666666666666,1.0,4441.36,0.3726247590928944,new,0.0,222.07,0.1,5,0.6794229190230607,3242.19,4766.771729184566,4766.771729184566,3242.19,4766.771729184566,0
501968,CUST001968,2021,2021-01-22,2021-10-31,Condo,CA,B,92101,39.34,N,Basic,Masonry,Shingle,1346,1,13,1,36,0,B,Online,1921.44,1966.51,134.5,38.43,158.46,412285,0.0,0,1.038,1.0,12,0,0,0,0.0763,New,0.0,1,1,Low,412285,500,5,0,Credit Card,3,Social Media,5,561255,49518,692,1,3,12,1921.44,160.12,0.0,0.0,0.08333333333333333,1.0,1921.44,0.9612369599256232,new,0.0,96.07,0.1,5,0.8593064325461096,1652.44,4183.147289075173,4183.147289075173,1652.44,4183.147289075173,0
501969,CUST001969,2021,2021-04-27,2022-02-28,Home,WA,C,98101,27.73,Y,Basic,Mixed,Tile,1934,2,43,0,23,0,A,Independent,1381.01,1144.86,96.67,165.72,134.15,462090,0.0,0,0.807,1.0,12,0,0,0,0.0585,New,0.0,0,1,High,462090,1000,4,0,Debit Card,2,Partner Referral,9,564263,156183,820,1,2,12,1381.01,115.08416666666666,0.0,0.0,0.0,1.0,1381.01,-0.4175190593025818,new,0.0,69.05,0.1,5,0.6952943296237325,1049.57,1621.250250914774,1621.250250914774,1049.57,1621.250250914774,0
501970,CUST001970,2021,2021-05-20,2022-02-28,Home,FL,C,33601,51.98,Y,Basic,Frame,Shingle,2377,2,6,0,42,0,C,Broker,3283.73,3404.84,279.12,492.56,219.77,459105,0.0,0,0.51,0.5,6,0,1,0,0.1038,New,0.0,1,1,Middle,459105,1500,5,0,Credit Card,2,Online Search,8,575818,50853,671,1,2,6,3283.73,547.2883333333333,0.0,0.0,0.16666666666666666,1.0,3283.73,-0.012520850583857324,new,0.0,164.19,0.1,5,0.8816956632963533,2347.86,6345.305487385184,6345.305487385184,2347.86,6345.305487385184,1
501971,CUST001971,2021,2021-04-22,2021-11-30,Rental,TX,A,78701,35.1,N,Basic,Masonry,Shingle,1925,2,19,0,48,2,D,Direct,1085.67,1130.27,76.0,32.57,120.86,189817,0.0,0,1.024,1.0,12,0,0,1,0.0722,New,0.0,1,1,Middle,189817,1000,2,1,Bank Transfer,11,Online Search,1,272766,57939,520,1,11,12,1085.67,90.47250000000001,0.0,0.08333333333333333,0.08333333333333333,1.0,1085.67,-3.5140603788571516,new,0.0,54.28,0.1,5,0.7893790700650372,922.82,1898.8469449554423,1898.8469449554423,922.82,1898.8469449554423,0
501972,CUST001972,2021,2021-07-24,2022-01-31,Home,CA,A,95814,54.72,Y,Standard,Mixed,Tile,1969,2,34,1,43,0,A,Online,3658.52,3579.3,256.1,73.17,236.63,806625,0.0,0,0.989,1.0,12,1,0,0,0.0694,New,0.0,1,1,Middle,806625,500,4,1,Auto Debit,1,Online Search,6,811964,73903,788,1,1,12,3658.52,304.87666666666667,0.0,0.08333333333333333,0.08333333333333333,1.0,3658.52,0.33739571791036516,new,0.0,182.93,0.1,5,0.8241086337073433,3146.32,7180.06073386177,7180.06073386177,3146.32,7180.06073386177,1
501973,CUST001973,2021,2021-02-17,2021-08-31,Home,FL,A,33601,42.6,Y,Standard,Mixed,Metal,1294,1,20,1,62,2,D,Independent,2635.02,2568.97,223.98,316.2,190.58,332135,0.0,0,0.496,0.5,6,0,1,1,0.1311,New,0.0,1,1,Low,332135,2000,4,1,Bank Transfer,9,Online Search,9,343163,28274,592,1,9,6,2635.02,439.17,0.0,0.16666666666666666,0.16666666666666666,1.0,2635.02,-5.496805041058642,new,0.0,131.75,0.1,5,0.8417693088574307,1963.0900000000001,4719.899651166722,4719.899651166722,1963.0900000000001,4719.899651166722,0
501974,CUST001974,2021,2021-12-14,2022-06-30,Home,FL,B,33301,41.75,N,Standard,Masonry,Shingle,1649,2,13,1,36,1,C,Broker,2554.87,2380.23,217.16,383.23,186.97,352065,0.0,0,0.941,1.0,12,0,0,1,0.0455,New,0.0,1,1,Middle,352065,1000,4,0,Auto Debit,3,Partner Referral,5,424809,56956,635,1,3,12,2554.87,212.90583333333333,0.0,0.0,0.08333333333333333,1.0,2554.87,0.9612369599256232,new,0.0,127.74,0.1,5,0.7941941366853663,1826.74,3813.4029533266576,3813.4029533266576,1826.74,3813.4029533266576,0
501975,CUST001975,2021,2021-02-22,2021-03-31,Rental,TX,D,77001,19.4,N,Standard,Masonry,Tile,1661,3,0,1,24,0,C,Direct,764.85,718.1,53.54,22.95,106.42,199885,0.0,0,0.941,1.0,12,0,0,1,0.0781,New,0.0,0,1,Middle,199885,500,4,0,Bank Transfer,11,Agent Referral,1,236545,67274,633,1,11,12,764.85,63.737500000000004,0.0,0.0,0.0,1.0,764.85,-3.8838295463933474,new,0.0,38.24,0.1,5,0.6589565277908873,650.12,896.3988853112111,896.3988853112111,650.12,896.3988853112111,0
501976,CUST001976,2021,2021-05-27,2021-08-31,Rental,WA,D,98004,34.94,N,Basic,Frame,Shingle,1571,1,26,1,45,0,C,Direct,1098.51,899.03,76.9,32.96,121.43,278850,0.0,0,0.869,1.0,12,0,0,0,0.0875,New,0.0,1,1,Middle,278850,1000,4,0,Auto Debit,3,Email Campaign,5,410205,79554,636,1,3,12,1098.51,91.5425,0.0,0.0,0.08333333333333333,1.0,1098.51,0.9612369599256232,new,0.0,54.93,0.1,5,0.7376523262632783,933.72,1643.0549739801945,1643.0549739801945,933.72,1643.0549739801945,0
501977,CUST001977,2021,2021-06-11,2021-06-30,Home,CA,B,90001,41.57,N,Basic,Masonry,Tile,1729,2,39,1,41,0,D,Independent,3420.52,3296.95,239.44,410.46,225.92,548749,0.0,0,0.946,1.0,12,1,1,1,0.0861,New,0.0,0,1,Low,548749,1000,4,0,Credit Card,11,Agent Referral,8,729472,27856,603,1,11,12,3420.52,285.04333333333335,0.0,0.0,0.0,1.0,3420.52,-3.8838295463933474,new,0.0,171.03,0.1,5,0.8467295933642042,2599.5899999999997,6342.219448724839,6342.219448724839,2599.5899999999997,6342.219448724839,1
501978,CUST001978,2021,2021-08-04,2021-09-30,Condo,TX,D,78701,20.07,Y,Standard,Masonry,Shingle,1581,1,3,1,49,0,B,Independent,810.47,821.83,56.73,97.26,108.47,224361,0.0,0,1.018,1.0,12,1,0,0,0.0691,New,0.0,1,1,Middle,224361,1000,3,0,Credit Card,0,Agent Referral,4,226256,72044,694,1,0,12,810.47,67.53916666666667,0.0,0.0,0.08333333333333333,1.0,810.47,2.1166737889558784,new,0.0,40.52,0.1,5,0.6204930490544065,615.96,751.5450306899824,751.5450306899824,615.96,751.5450306899824,0
501979,CUST001979,2021,2021-02-18,2021-02-28,Home,WA,A,98004,44.32,N,Basic,Masonry,Shingle,2151,3,49,1,47,1,B,Online,1899.48,1848.42,132.96,37.99,157.48,504879,90989.65,3,0.498,0.5,6,0,1,0,0.105,New,88229.65,0,1,Middle,504879,1000,3,1,Auto Debit,1,Online Search,3,712031,65116,692,1,1,6,1899.48,316.58,0.5,0.16666666666666666,0.0,1.0,1899.48,-5.943443421454542,new,88229.65,94.97,0.1,5,0.35,-86596.09000000001,-40279.71884811526,-40279.71884811526,-86596.09000000001,-40279.71884811526,0
501980,CUST001980,2021,2021-10-27,2022-07-31,Condo,NY,A,12207,33.79,N,Standard,Frame,Metal,1373,1,32,1,66,2,D,Direct,2248.13,2253.18,157.37,67.44,173.17,462878,0.0,0,0.997,1.0,12,0,0,1,0.0699,New,0.0,0,1,Low,462878,500,4,1,Credit Card,5,Agent Referral,2,532881,34232,596,1,5,12,2248.13,187.34416666666667,0.0,0.08333333333333333,0.0,1.0,2248.13,-2.9670883497015983,new,0.0,112.41,0.1,5,0.8282336577931367,1910.91,4414.395567380987,4414.395567380987,1910.91,4414.395567380987,0
501981,CUST001981,2021,2021-08-22,2022-03-31,Rental,WA,A,99201,45.22,Y,Basic,Frame,Shingle,1598,2,46,1,64,0,D,Online,2123.34,2194.34,148.63,42.47,167.55,396082,0.0,0,0.993,1.0,12,1,0,1,0.0875,New,0.0,1,1,Low,396082,500,4,0,Credit Card,7,Agent Referral,5,473739,32690,590,1,7,12,2123.34,176.94500000000002,0.0,0.0,0.08333333333333333,1.0,2123.34,-0.5793454787813836,new,0.0,106.17,0.1,5,0.8351524671745449,1826.07,4305.584612473242,4305.584612473242,1826.07,4305.584612473242,0
501982,CUST001982,2021,2021-10-26,2021-12-31,Home,CA,C,92101,48.43,Y,Premium,Frame,Tile,2279,2,29,1,50,0,B,Online,4948.07,5068.5,346.37,98.96,294.66,1047851,0.0,0,1.013,1.0,12,0,1,1,0.1179,New,0.0,1,1,Upper Middle,1047851,500,4,0,Debit Card,8,Agent Referral,3,990001,108943,707,1,8,12,4948.07,412.33916666666664,0.0,0.0,0.08333333333333333,1.0,4948.07,-0.9644910884581352,new,0.0,247.4,0.1,5,0.8966726457819882,4255.34,12011.756574676876,12011.756574676876,4255.34,12011.756574676876,1
501983,CUST001983,2021,2021-07-27,2022-03-31,Home,CA,D,94105,61.92,Y,Basic,Frame,Shingle,2204,2,24,0,80,0,A,Online,3409.62,3438.64,238.67,68.19,225.43,670429,0.0,0,1.016,1.0,12,1,0,0,0.0856,New,0.0,1,1,Upper Middle,670429,500,4,0,Credit Card,2,Partner Referral,8,803117,94234,776,1,2,12,3409.62,284.135,0.0,0.0,0.08333333333333333,1.0,3409.62,1.3463825696023748,new,0.0,170.48,0.1,5,0.8423312645939391,2932.2799999999997,7061.8288686907745,7061.8288686907745,2932.2799999999997,7061.8288686907745,1
501984,CUST001984,2021,2021-11-21,2022-04-30,Home,TX,C,78701,25.8,Y,Basic,Mixed,Metal,1515,1,13,0,45,0,A,Independent,510.71,510.22,35.75,61.29,94.98,202131,0.0,0,1.004,1.0,12,0,1,0,0.1081,New,0.0,1,1,Upper Middle,202131,1000,5,0,Credit Card,1,Agent Referral,4,254567,113209,778,1,1,12,510.71,42.55916666666666,0.0,0.0,0.08333333333333333,1.0,510.71,1.7315281792791266,new,0.0,25.54,0.1,5,0.97,388.12999999999994,1351.8565530264764,1351.8565530264764,388.12999999999994,1351.8565530264764,0
501985,CUST001985,2021,2021-07-18,2021-08-31,Condo,WA,A,98101,20.36,N,Basic,Masonry,Shingle,1286,1,13,0,64,0,D,Online,1444.38,1319.54,101.11,28.89,137.0,319107,0.0,0,0.954,1.0,12,1,0,0,0.0632,New,0.0,1,1,Middle,319107,1000,4,1,Credit Card,2,Agent Referral,1,444161,78118,613,1,2,12,1444.38,120.36500000000001,0.0,0.08333333333333333,0.08333333333333333,1.0,1444.38,-0.047749891766386554,new,0.0,72.22,0.1,5,0.7742229430285144,1242.16,2442.1400644220666,2442.1400644220666,1242.16,2442.1400644220666,0
501986,CUST001986,2021,2021-08-21,2021-08-31,Rental,WA,B,98004,23.78,N,Basic,Mixed,Metal,2215,2,21,1,59,0,A,Online,1469.85,1466.03,102.89,29.4,138.14,544002,0.0,0,0.987,1.0,12,1,0,0,0.0797,New,0.0,1,1,Low,544002,500,5,0,Debit Card,3,Email Campaign,3,741027,34827,766,1,3,12,1469.85,122.4875,0.0,0.0,0.08333333333333333,1.0,1469.85,0.9612369599256232,new,0.0,73.49,0.1,5,0.6843155740508794,1264.0699999999997,1887.0582103131492,1887.0582103131492,1264.0699999999997,1887.0582103131492,0
501987,CUST001987,2021,2021-01-22,2021-03-31,Home,WA,C,99201,34.57,Y,Basic,Mixed,Metal,1875,1,43,1,37,0,B,Independent,1554.96,1431.56,108.85,186.6,141.97,448630,0.0,0,0.958,1.0,12,0,0,0,0.0424,New,0.0,1,1,Middle,448630,1000,4,0,Bank Transfer,3,Email Campaign,5,572399,52400,710,1,3,12,1554.96,129.58,0.0,0.0,0.08333333333333333,1.0,1554.96,0.9612369599256232,new,0.0,77.75,0.1,5,0.7040303328677218,1181.7600000000002,1875.4993876959074,1875.4993876959074,1181.7600000000002,1875.4993876959074,0
501988,CUST001988,2021,2021-09-18,2022-01-31,Home,NY,A,12207,44.49,Y,Basic,Masonry,Shingle,1895,1,36,1,48,0,C,Independent,3330.25,3273.82,233.12,399.63,221.86,715383,0.0,0,1.05,1.0,12,1,1,0,0.1384,New,0.0,1,1,Middle,715383,2000,4,0,Bank Transfer,1,Online Search,8,912090,55731,641,1,1,12,3330.25,277.5208333333333,0.0,0.0,0.08333333333333333,1.0,3330.25,1.7315281792791266,new,0.0,166.51,0.1,5,0.7813372133304695,2530.99,5083.709877727657,5083.709877727657,2530.99,5083.709877727657,0
501989,CUST001989,2021,2021-05-05,2021-08-31,Condo,TX,C,77001,41.91,Y,Standard,Frame,Metal,1453,1,31,0,75,0,B,Independent,801.08,793.12,56.08,96.13,108.05,213210,3107.45,1,0.993,1.0,12,0,0,0,0.0848,New,1267.45,1,1,Upper Middle,213210,2000,4,1,Credit Card,2,Online Search,4,213312,105505,696,1,2,12,801.08,66.75666666666667,0.08333333333333333,0.08333333333333333,0.08333333333333333,1.0,801.08,-0.047749891766386554,new,1267.45,40.05,0.1,5,0.6899166132246879,-658.63,-1000.5229462563113,-1000.5229462563113,-658.63,-1000.5229462563113,0
501990,CUST001990,2021,2021-02-12,2021-09-30,Home,WA,A,99201,28.85,Y,Premium,Mixed,Metal,2494,2,33,0,62,0,C,Direct,2953.85,2852.18,206.77,88.62,204.92,820344,0.0,0,0.952,1.0,12,0,1,1,0.1202,New,0.0,0,1,Upper Middle,820344,1000,5,1,Bank Transfer,9,Agent Referral,1,780034,91468,634,1,9,12,2953.85,246.15416666666667,0.0,0.08333333333333333,0.0,1.0,2953.85,-4.507670788408605,new,0.0,147.69,0.1,5,0.8383752704108896,2510.77,5976.5845375403815,5976.5845375403815,2510.77,5976.5845375403815,1
501991,CUST001991,2021,2021-08-21,2022-06-30,Rental,FL,D,32801,43.18,N,Basic,Mixed,Tile,1939,1,28,1,53,1,D,Independent,2440.75,2316.38,207.46,292.89,181.83,299496,0.0,0,0.922,1.0,12,1,0,0,0.0956,New,0.0,0,1,Middle,299496,2000,5,0,Debit Card,1,Agent Referral,10,419695,53825,600,1,1,12,2440.75,203.39583333333334,0.0,0.0,0.0,1.0,2440.75,-0.03237344962583011,new,0.0,122.04,0.1,5,0.8130482137970777,1818.3600000000001,4015.5411566686657,4015.5411566686657,1818.3600000000001,4015.5411566686657,0
501992,CUST001992,2021,2021-06-01,2022-02-28,Home,WA,D,99201,23.86,Y,Standard,Mixed,Shingle,1750,1,15,0,76,0,B,Independent,1813.6,1535.76,126.95,217.63,153.61,553519,0.0,0,0.848,1.0,12,1,0,0,0.0588,New,0.0,1,1,Middle,553519,1000,4,0,Auto Debit,0,Partner Referral,1,570769,89061,720,1,0,12,1813.6,151.13333333333333,0.0,0.0,0.08333333333333333,1.0,1813.6,2.1166737889558784,new,0.0,90.68,0.1,5,0.7739005519961164,1378.34,2707.2448523293874,2707.2448523293874,1378.34,2707.2448523293874,0
501993,CUST001993,2021,2021-08-22,2021-08-31,Rental,CA,D,94105,39.43,N,Premium,Frame,Metal,2006,2,26,0,61,0,A,Online,3490.48,3259.52,244.33,69.81,229.07,892670,0.0,0,0.935,1.0,12,1,1,0,0.1157,New,0.0,1,1,Middle,892670,1000,4,1,Credit Card,5,Partner Referral,2,930327,62442,754,1,5,12,3490.48,290.87333333333333,0.0,0.08333333333333333,0.08333333333333333,1.0,3490.48,-1.2031867207966416,new,0.0,174.52,0.1,5,0.7663969985785283,3001.82,5764.0022193943505,5764.0022193943505,3001.82,5764.0022193943505,1
501994,CUST001994,2021,2021-04-11,2021-11-30,Rental,CA,A,95814,57.36,N,Standard,Frame,Metal,1156,1,26,1,71,0,C,Online,2182.42,2069.27,152.77,43.65,170.21,415265,0.0,0,0.983,1.0,12,0,1,0,0.1249,New,0.0,1,1,Low,415265,1000,4,1,Auto Debit,0,Aggregator,1,497187,47263,668,1,0,12,2182.42,181.86833333333334,0.0,0.08333333333333333,0.08333333333333333,1.0,2182.42,0.722541327587117,new,0.0,109.12,0.1,5,0.8201833452771847,1876.88,4233.566295311723,4233.566295311723,1876.88,4233.566295311723,0
501995,CUST001995,2021,2021-07-03,2022-04-30,Home,TX,D,78701,28.48,N,Basic,Frame,Metal,1610,1,22,1,49,1,C,Independent,592.81,574.16,41.5,71.14,98.68,141940,0.0,0,0.93,1.0,12,1,0,0,0.0568,New,0.0,1,1,Low,141940,1000,4,0,Debit Card,0,Agent Referral,11,210255,46526,671,1,0,12,592.81,49.40083333333333,0.0,0.0,0.08333333333333333,1.0,592.81,2.1166737889558784,new,0.0,29.64,0.1,5,0.9037712445793766,450.53,1298.1363668618972,1298.1363668618972,450.53,1298.1363668618972,0
501996,CUST001996,2021,2021-06-21,2021-06-30,Home,CA,C,92101,43.64,Y,Basic,Masonry,Shingle,1679,2,34,0,65,3,C,Online,3733.52,3772.38,261.35,74.67,240.01,592098,0.0,0,1.05,1.0,12,1,0,0,0.0636,New,0.0,1,1,Middle,592098,500,4,0,Credit Card,1,Agent Referral,4,737466,62524,675,1,1,12,3733.52,311.12666666666667,0.0,0.0,0.08333333333333333,1.0,3733.52,1.7315281792791266,new,0.0,186.68,0.1,5,0.8124796453141891,3210.82,7078.572768509928,7078.572768509928,3210.82,7078.572768509928,1
501997,CUST001997,2021,2021-02-07,2021-10-31,Home,FL,A,33301,58.0,N,Basic,Frame,Tile,2684,2,41,1,66,0,D,Independent,3623.19,3206.69,307.97,434.78,235.04,390263,0.0,0,0.896,1.0,12,0,0,1,0.0412,New,0.0,0,1,Middle,390263,500,5,0,Auto Debit,8,Social Media,7,591737,55552,574,1,8,12,3623.19,301.9325,0.0,0.0,0.0,1.0,3623.19,-2.728392717363092,new,0.0,181.16,0.1,5,0.8362734148325814,2699.2800000000007,6385.576366041619,6385.576366041619,2699.2800000000007,6385.576366041619,1
501998,CUST001998,2021,2021-03-21,2022-01-31,Home,FL,A,32801,57.58,N,Basic,Mixed,Metal,1406,2,41,1,35,0,A,Broker,1299.73,1187.97,110.48,194.96,130.49,233467,0.0,0,0.92,1.0,12,0,0,0,0.0677,New,0.0,1,1,Low,233467,1500,4,0,Auto Debit,0,Email Campaign,7,321143,45028,732,1,0,12,1299.73,108.31083333333333,0.0,0.0,0.08333333333333333,1.0,1299.73,2.1166737889558784,new,0.0,64.99,0.1,5,0.7816831412277896,929.3,1868.5200841856924,1868.5200841856924,929.3,1868.5200841856924,0
501999,CUST001999,2021,2021-04-21,2021-05-31,Condo,FL,C,33601,52.38,N,Premium,Mixed,Metal,1363,2,32,1,41,0,A,Independent,1582.08,1525.63,134.48,189.85,143.19,280230,0.0,0,0.957,1.0,12,0,0,0,0.0673,New,0.0,1,1,High,280230,1000,4,0,Auto Debit,1,Agent Referral,6,287904,155130,761,1,1,12,1582.08,131.84,0.0,0.0,0.08333333333333333,1.0,1582.08,1.7315281792791266,new,0.0,79.1,0.1,5,0.7955355897114906,1178.65,2470.3806468703415,2470.3806468703415,1178.65,2470.3806468703415,0
502000,CUST002000,2021,2021-10-11,2022-07-31,Rental,FL,C,33601,39.13,Y,Standard,Masonry,Metal,1279,1,32,1,47,0,C,Independent,1826.81,1746.7,155.28,219.22,154.21,288607,0.0,0,0.982,1.0,12,0,0,0,0.0877,New,0.0,1,1,Middle,288607,5000,4,1,Credit Card,3,Online Search,11,305344,54485,654,1,3,12,1826.81,152.23416666666665,0.0,0.08333333333333333,0.08333333333333333,1.0,1826.81,-0.43289550144313826,new,0.0,91.34,0.1,5,0.7488402221600273,1360.97,2477.896166065514,2477.896166065514,1360.97,2477.896166065514,0
