customer_id,age,annual_income,tenure_months,days_since_last_purchase,transactions,total_spend,premium_amount,claims_count,complaints_count,renewals_count,policies_count,channel,region,product_type,clv
CUST-000001,42.0,60503.86,38.2,38.3,8,1584.27,819.79,2,1,4,6,online,west,basic,4910.47
CUST-000002,36.0,111825.03,19.7,83.4,7,951.05,653.52,1,1,1,3,agent,north,premium,3868.28
CUST-000003,43.0,102696.16,44.3,23.1,3,404.81,218.72,0,0,3,4,branch,south,plus,3676.53
CUST-000004,29.0,70510.77,47.0,133.9,4,603.57,395.42,1,1,3,4,agent,south,enterprise,3342.02
CUST-000005,58.0,97063.72,7.1,56.8,5,867.89,713.01,0,0,1,2,online,east,plus,3601.73
CUST-000006,21.0,66348.86,16.1,29.8,8,1757.67,1369.72,2,0,2,4,online,east,premium,5050.83
CUST-000007,40.0,73017.69,35.8,35.3,6,949.51,739.85,0,0,2,3,agent,east,plus,3963.51
CUST-000008,39.0,56739.51,29.6,30.7,8,1181.16,650.92,0,4,2,5,partner,west,basic,4162.21
CUST-000009,40.0,42642.6,33.8,30.7,9,1517.07,698.98,0,0,1,3,partner,east,plus,3732.99
CUST-000010,32.0,65375.46,22.2,78.7,7,1084.57,855.11,1,0,0,1,agent,north,premium,3452.58
CUST-000011,24.0,68168.35,46.1,81.8,4,515.7,257.78,1,1,4,6,agent,north,basic,3298.82
CUST-000012,44.0,83497.1,44.7,57.6,5,972.75,616.13,1,1,4,6,agent,south,basic,5314.5
CUST-000013,39.0,87607.56,34.9,19.6,6,1461.19,1237.11,3,0,3,4,branch,north,basic,4569.44
CUST-000014,45.0,73610.09,49.5,42.8,2,147.92,95.03,1,2,5,7,agent,west,plus,1919.64
CUST-000015,23.0,57978.18,40.4,148.1,4,522.84,349.65,1,0,2,5,branch,west,plus,2948.99
CUST-000016,60.0,63975.68,22.2,194.2,2,184.84,166.4,0,1,0,3,online,east,premium,1262.87
CUST-000017,40.0,104458.49,39.1,88.8,9,981.58,861.1,0,1,2,5,partner,east,plus,4598.25
CUST-000018,18.0,87143.29,20.8,20.3,6,861.62,424.53,0,1,0,3,agent,east,enterprise,3681.26
CUST-000019,43.0,101429.83,46.1,43.1,5,657.18,563.48,1,1,3,5,agent,south,enterprise,4235.61
CUST-000020,36.0,107804.04,33.3,55.0,13,3356.36,2290.58,0,0,3,6,online,north,basic,6535.59
CUST-000021,29.0,63984.26,31.5,49.3,4,843.13,695.62,1,0,3,5,online,north,basic,3921.64
CUST-000022,55.0,90581.83,24.6,95.0,8,817.85,503.38,0,1,3,6,agent,south,basic,3877.6
CUST-000023,51.0,59579.23,50.8,76.4,6,493.78,444.35,0,1,4,6,partner,south,premium,3448.51
CUST-000024,45.0,94418.12,31.9,19.3,9,1720.18,1418.08,1,0,2,5,agent,west,basic,4933.94
CUST-000025,42.0,90719.6,28.1,28.5,12,2260.48,1494.68,0,0,2,3,agent,west,plus,6455.14
CUST-000026,47.0,37765.34,29.1,88.6,4,786.11,487.03,0,0,3,6,online,east,basic,3448.24
CUST-000027,24.0,83068.57,41.3,114.6,12,1144.82,628.72,1,0,2,3,online,south,plus,3917.04
CUST-000028,43.0,60400.37,39.0,55.5,13,2253.16,1305.56,3,1,1,4,agent,west,basic,4732.91
CUST-000029,55.0,69691.34,39.7,123.8,5,672.52,442.36,0,0,4,6,partner,south,premium,3238.83
CUST-000030,52.0,63944.17,39.9,51.1,5,827.11,509.9,1,1,3,5,agent,east,plus,3226.05
CUST-000031,29.0,92161.66,63.5,22.4,10,1387.43,1044.36,0,1,6,8,online,east,enterprise,4073.67
CUST-000032,43.0,63515.58,28.4,71.8,7,1825.03,1366.4,0,0,3,6,agent,south,enterprise,4218.75
CUST-000033,29.0,52796.09,26.9,248.6,5,1108.47,599.62,0,0,2,5,agent,east,premium,2551.87
CUST-000034,43.0,61282.5,22.8,15.5,6,890.75,510.01,0,0,2,3,branch,south,basic,4530.96
CUST-000035,33.0,71957.29,42.5,120.8,8,1397.69,658.65,0,0,3,4,agent,north,basic,4828.47
CUST-000036,31.0,83202.93,49.6,69.1,5,833.0,524.59,0,0,4,7,partner,west,basic,4396.73
CUST-000037,45.0,97344.28,32.4,27.1,7,510.11,343.06,1,0,3,6,agent,west,premium,4621.9
CUST-000038,33.0,85063.45,22.4,7.3,7,1864.32,931.03,1,1,2,3,online,south,basic,5510.13
CUST-000039,32.0,86326.93,22.6,4.3,8,2040.14,999.69,3,0,3,4,online,north,basic,5706.96
CUST-000040,45.0,89111.48,43.0,30.6,7,1316.22,757.97,0,1,4,5,agent,south,basic,5599.6
CUST-000041,25.0,90530.9,44.2,61.6,9,1711.23,1165.3,2,0,3,4,branch,west,basic,4768.44
CUST-000042,37.0,94419.67,41.5,84.3,7,1661.33,1515.48,3,0,4,5,agent,east,plus,4981.89
CUST-000043,24.0,120910.18,24.8,97.5,5,1263.71,1112.18,0,1,3,6,branch,south,plus,4525.34
CUST-000044,26.0,90234.25,37.2,57.8,8,1265.03,806.15,0,0,3,6,online,west,basic,4424.48
CUST-000045,54.0,80975.81,35.6,51.7,3,586.52,417.22,0,1,3,5,online,north,enterprise,3676.48
CUST-000046,36.0,67444.82,37.0,36.2,7,532.67,379.81,0,0,3,5,online,south,plus,4506.39
CUST-000047,33.0,81397.63,46.0,62.6,7,1427.98,872.85,0,0,4,7,agent,south,basic,5044.34
CUST-000048,50.0,96588.44,37.1,27.5,10,2077.64,1771.66,1,0,3,6,agent,north,premium,6098.57
CUST-000049,59.0,53889.8,43.4,16.3,5,1102.94,647.49,1,0,3,4,partner,north,plus,4122.49
CUST-000050,44.0,98473.17,34.9,49.4,10,1918.49,1248.44,3,0,3,5,agent,east,plus,5439.64
CUST-000051,52.0,68137.3,38.0,80.1,2,641.89,562.45,0,0,4,5,agent,north,premium,3952.31
CUST-000052,35.0,71643.97,42.7,13.2,9,1142.02,699.58,1,1,4,6,branch,south,plus,4768.87
CUST-000053,42.0,85210.82,13.9,30.6,11,1709.26,1179.75,1,0,2,4,branch,east,premium,5127.77
CUST-000054,41.0,66337.96,29.6,48.1,8,1088.23,934.98,0,0,3,6,online,east,basic,5010.39
CUST-000055,45.0,84077.29,27.5,47.4,3,608.51,367.5,0,1,2,5,branch,south,basic,3830.43
CUST-000056,52.0,55079.75,25.2,67.8,5,593.64,535.46,0,1,1,3,agent,west,plus,2633.01
CUST-000057,25.0,91585.95,30.2,145.4,10,1745.91,952.69,1,0,2,5,agent,south,premium,4283.87
CUST-000058,31.0,79346.19,54.6,4.4,11,2543.46,1962.43,1,0,4,6,partner,south,premium,6363.99
CUST-000059,36.0,75752.53,22.1,149.6,7,1154.78,552.23,0,1,2,4,branch,east,enterprise,3987.2
CUST-000060,30.0,80763.2,47.3,141.3,5,965.34,678.09,0,0,4,7,branch,south,basic,4313.29
CUST-000061,44.0,75455.99,10.8,85.3,7,1313.44,689.44,3,0,2,4,branch,south,enterprise,4253.46
CUST-000062,43.0,83766.68,29.4,54.8,8,1889.07,1408.08,0,0,1,2,agent,west,basic,4494.1
CUST-000063,42.0,72087.84,36.2,27.9,11,1870.88,1384.28,2,0,2,4,online,north,basic,5625.11
CUST-000064,37.0,70583.24,42.1,84.6,12,2313.78,1494.09,0,0,3,5,agent,east,plus,5765.04
CUST-000065,56.0,43995.3,43.8,56.8,7,1631.15,1443.03,0,2,4,7,branch,west,basic,3790.78
CUST-000066,43.0,100386.31,44.9,36.8,8,1553.17,1349.65,1,0,5,6,online,south,basic,5690.96
CUST-000067,39.0,54884.28,29.2,83.1,5,382.72,304.43,0,0,2,4,partner,south,plus,3094.51
CUST-000068,42.0,104896.87,27.6,92.8,8,963.21,759.24,0,1,2,4,online,south,plus,4296.34
CUST-000069,49.0,71456.65,45.8,114.0,8,1404.19,676.91,1,0,4,7,agent,south,enterprise,3779.87
CUST-000070,43.0,97734.07,31.4,25.4,4,654.18,393.86,0,0,2,5,online,east,enterprise,4442.29
CUST-000071,31.0,94578.74,16.4,104.6,7,1788.66,975.69,1,0,1,2,branch,west,enterprise,4089.74
CUST-000072,60.0,93138.78,18.4,37.3,11,2801.43,1772.23,0,0,2,3,agent,south,plus,5805.3
CUST-000073,46.0,76654.52,21.3,54.9,5,720.08,360.98,0,1,2,3,agent,south,basic,4553.09
CUST-000074,28.0,54314.89,40.9,62.6,5,445.05,266.84,0,0,3,4,online,west,enterprise,3642.38
CUST-000075,21.0,72542.22,36.0,99.1,8,1291.05,927.41,0,0,2,4,agent,north,plus,4291.09
CUST-000076,49.0,70158.02,43.5,77.5,5,785.9,415.04,0,0,3,6,online,north,plus,3620.71
CUST-000077,55.0,73979.63,28.1,36.3,9,2193.63,1096.17,0,0,2,4,online,north,plus,4412.21
CUST-000078,46.0,53720.12,36.2,5.2,6,831.39,650.26,2,0,4,7,online,north,plus,3996.14
CUST-000079,48.0,70665.51,42.6,67.3,6,1377.64,779.82,1,1,5,7,branch,west,basic,4604.49
CUST-000080,48.0,23210.81,29.7,53.3,10,2135.53,1440.97,1,0,1,3,online,north,basic,4164.08
CUST-000081,41.0,70413.16,40.3,15.4,9,1657.4,1398.96,0,0,4,7,online,west,basic,4697.91
CUST-000082,23.0,78083.01,24.9,57.9,10,1858.95,1167.27,0,1,2,4,online,west,basic,4617.49
CUST-000083,33.0,61744.23,29.0,47.6,8,1146.72,569.15,0,0,2,4,branch,south,plus,4222.98
CUST-000084,50.0,70956.01,28.7,113.3,5,1106.92,906.69,0,1,2,3,agent,north,enterprise,3268.88
CUST-000085,47.0,78744.99,17.5,156.1,5,913.61,728.24,0,1,1,3,online,north,premium,3562.67
CUST-000086,39.0,94049.22,40.7,91.3,7,1328.96,979.18,1,1,4,5,online,east,basic,4774.6
CUST-000087,35.0,94802.02,27.5,45.6,9,1414.68,994.27,0,1,2,4,online,south,basic,4953.65
CUST-000088,43.0,81315.58,34.2,50.9,7,375.43,301.67,1,0,3,5,branch,west,enterprise,4868.39
CUST-000089,37.0,75289.67,40.6,24.7,5,769.28,473.9,0,0,3,4,partner,south,premium,4171.57
CUST-000090,40.0,82211.8,40.2,28.8,8,1401.49,847.84,0,1,3,5,branch,north,plus,4844.61
CUST-000091,42.0,108217.8,43.2,43.7,3,619.64,461.56,0,0,3,4,agent,east,enterprise,4700.71
CUST-000092,32.0,84845.36,32.6,40.3,7,1068.74,564.53,1,0,1,4,agent,west,enterprise,3336.79
CUST-000093,50.0,80509.95,28.2,14.5,9,1724.33,1289.13,0,0,1,2,online,east,basic,5213.89
CUST-000094,39.0,95130.64,32.9,114.1,11,2307.49,1978.72,2,0,2,4,branch,east,plus,4369.04
CUST-000095,46.0,76683.45,10.7,124.5,8,1257.33,870.21,0,0,1,2,branch,east,premium,4205.88
CUST-000096,42.0,60458.02,14.1,111.7,8,1150.03,562.34,0,1,0,1,partner,north,premium,2743.0
CUST-000097,58.0,84083.56,15.8,127.2,14,1686.55,1284.39,1,0,1,2,partner,east,plus,4312.35
CUST-000098,47.0,78884.8,20.3,185.2,7,1337.74,1148.56,2,0,1,2,branch,west,premium,3735.9
CUST-000099,45.0,71883.89,39.5,25.1,8,1652.54,896.53,0,0,3,5,online,west,plus,4268.64
CUST-000100,45.0,85605.89,21.5,180.2,9,1911.38,1410.08,4,0,2,5,partner,west,plus,4272.02
CUST-000101,64.0,43192.75,28.8,36.2,11,1495.44,811.49,1,1,4,7,online,east,plus,3608.6
CUST-000102,41.0,66086.82,51.9,74.3,9,2140.12,1787.57,2,0,5,7,online,north,basic,4547.09
CUST-000103,43.0,60002.26,29.1,11.2,7,888.93,505.65,1,0,2,4,branch,south,premium,3791.01
CUST-000104,42.0,61871.31,44.2,32.6,6,662.09,493.81,0,0,4,7,agent,west,plus,4316.43
CUST-000105,19.0,73047.01,21.1,93.1,3,428.62,311.6,1,1,3,6,online,west,premium,3384.6
CUST-000106,42.0,59438.35,31.2,76.8,10,1277.23,799.73,1,1,2,4,agent,east,premium,3733.0
CUST-000107,52.0,106004.04,20.9,35.6,11,2012.98,1757.78,0,0,1,3,branch,north,plus,5382.8
CUST-000108,47.0,83948.66,29.3,50.8,5,786.09,686.74,0,0,1,2,online,west,premium,3803.18
CUST-000109,58.0,61519.98,45.6,29.9,7,1202.75,733.49,1,0,3,4,agent,west,premium,3919.25
CUST-000110,50.0,44490.83,10.2,92.9,9,1072.38,658.01,1,0,1,4,online,east,plus,2607.87
CUST-000111,47.0,65316.69,40.0,119.0,4,491.34,372.32,0,2,4,7,agent,south,premium,3149.06
CUST-000112,51.0,69883.88,37.3,25.2,9,1049.22,612.2,2,0,4,6,online,west,enterprise,4133.19
CUST-000113,45.0,64389.56,25.8,47.1,9,1737.04,1029.71,0,1,2,5,branch,south,basic,4313.48
CUST-000114,38.0,121583.41,14.1,13.9,7,1861.58,855.71,0,1,1,2,online,west,plus,5200.07
CUST-000115,40.0,46043.09,35.0,56.6,2,460.19,227.41,1,1,3,6,agent,south,basic,3047.05
CUST-000116,18.0,76737.27,26.7,69.1,6,1255.75,953.47,1,0,3,5,branch,west,plus,4531.72
CUST-000117,59.0,73479.87,37.2,60.0,7,966.74,580.79,1,0,4,6,online,east,premium,4868.66
CUST-000118,39.0,71334.29,34.3,65.3,6,956.15,466.78,0,0,3,6,branch,north,basic,4488.72
CUST-000119,30.0,40909.65,56.1,43.5,3,475.84,422.17,1,0,5,6,online,north,basic,3028.99
CUST-000120,37.0,75048.73,30.7,44.3,9,1520.19,895.36,0,0,2,4,agent,east,basic,4227.89
CUST-000121,60.0,79065.94,19.9,42.7,9,1754.43,961.92,0,0,2,3,branch,south,premium,5071.34
CUST-000122,42.0,88593.14,36.5,31.8,11,2549.46,1773.14,1,1,3,5,partner,west,basic,5467.77
CUST-000123,44.0,84516.43,37.0,35.0,2,286.45,240.74,0,0,2,4,partner,west,plus,3782.95
CUST-000124,64.0,97747.17,52.7,66.9,9,2525.32,2172.11,1,0,5,7,partner,west,premium,5892.59
CUST-000125,50.0,38986.81,45.5,114.1,8,1106.62,656.66,0,2,5,8,online,north,plus,3729.11
CUST-000126,38.0,71589.15,38.9,21.5,7,1378.14,1100.88,0,1,3,6,agent,west,enterprise,4831.01
CUST-000127,22.0,120899.77,54.2,44.1,9,1559.77,1085.43,0,0,5,8,branch,south,premium,5702.42
CUST-000128,48.0,94900.32,17.6,17.6,8,845.35,616.93,0,0,2,5,branch,south,basic,3613.06
CUST-000129,34.0,49656.85,25.2,32.3,12,2474.62,1625.35,0,2,2,3,agent,south,premium,5418.48
CUST-000130,48.0,77405.12,21.2,36.7,7,1582.42,843.92,0,0,2,5,online,west,plus,4206.59
CUST-000131,40.0,56965.29,28.6,53.8,1,217.57,181.8,1,0,2,5,agent,east,enterprise,2790.05
CUST-000132,45.0,68050.98,15.0,52.7,6,1071.01,755.85,3,0,1,2,branch,north,enterprise,3787.41
CUST-000133,51.0,111812.54,42.8,46.8,5,500.67,319.87,0,0,4,5,branch,south,basic,4950.75
CUST-000134,22.0,93071.56,30.9,63.2,4,960.54,737.12,1,2,3,5,online,west,basic,3874.71
CUST-000135,42.0,48459.62,13.7,23.3,10,2101.88,1366.34,1,0,2,3,online,west,premium,4173.01
CUST-000136,41.0,62044.67,20.0,54.1,4,616.72,523.65,0,0,2,5,partner,south,basic,3312.46
CUST-000137,44.0,75833.32,38.3,78.3,10,1633.67,839.34,0,2,2,5,agent,west,plus,4801.13
CUST-000138,47.0,71060.7,45.5,23.1,5,793.73,368.34,1,1,5,6,branch,west,enterprise,4205.0
CUST-000139,43.0,81456.77,61.5,9.1,12,2101.38,1507.98,1,0,5,6,partner,north,plus,5914.59
CUST-000140,34.0,61880.13,74.2,92.4,7,1592.27,908.74,0,1,6,7,partner,east,plus,4190.72
CUST-000141,29.0,69226.65,39.7,18.1,3,705.88,356.86,0,1,3,6,agent,west,basic,3889.46
CUST-000142,24.0,61670.62,20.4,31.0,7,692.39,321.44,1,0,0,3,branch,south,premium,3388.53
CUST-000143,42.0,69201.44,4.6,76.7,7,1031.69,837.82,1,0,0,2,agent,west,enterprise,3172.77
CUST-000144,47.0,88488.91,37.7,22.1,8,882.52,795.25,2,1,4,7,online,west,enterprise,4112.34
CUST-000145,37.0,81160.03,22.8,88.2,5,1263.89,934.52,2,0,2,4,agent,north,basic,4140.35
CUST-000146,50.0,63195.22,28.3,27.4,3,598.57,486.72,0,0,3,6,agent,south,basic,3561.9
CUST-000147,40.0,96200.06,25.6,24.7,3,140.83,118.87,0,0,3,4,online,south,enterprise,4037.33
CUST-000148,40.0,94965.9,32.1,17.7,8,1603.32,1328.43,1,0,3,5,agent,south,enterprise,4773.51
CUST-000149,25.0,75798.57,48.7,27.6,5,651.7,393.35,1,0,3,4,agent,east,basic,4365.27
CUST-000150,36.0,71173.46,36.2,69.9,1,60.0,50.0,2,0,4,5,branch,west,basic,3408.58
CUST-000151,51.0,107544.36,31.8,31.0,9,1919.68,1430.58,0,1,2,3,partner,east,plus,5881.34
CUST-000152,56.0,104743.2,19.7,92.6,7,1446.33,1294.99,0,2,3,4,branch,north,basic,4810.45
CUST-000153,39.0,48549.35,10.9,48.2,8,1535.62,1331.59,1,1,0,3,branch,west,premium,3867.78
CUST-000154,51.0,97315.94,27.3,51.3,5,804.87,363.99,2,0,2,5,online,south,basic,4197.98
CUST-000155,57.0,106846.86,33.3,24.0,4,398.21,348.42,1,0,3,5,agent,south,premium,4997.21
CUST-000156,31.0,87638.18,58.4,101.7,6,908.06,413.26,0,1,4,7,online,west,basic,4319.25
CUST-000157,44.0,67414.08,35.8,78.7,3,326.67,228.59,1,0,2,4,agent,west,basic,2725.27
CUST-000158,43.0,69596.32,47.5,77.2,6,1079.43,918.33,0,2,2,4,branch,west,plus,4225.71
CUST-000159,53.0,106609.76,27.1,41.6,6,1188.95,767.51,1,0,4,6,partner,west,basic,4847.52
CUST-000160,32.0,90856.33,17.7,15.7,7,623.7,481.13,1,2,0,2,agent,north,plus,3414.32
CUST-000161,44.0,85669.21,20.7,53.3,7,938.48,524.86,1,0,1,3,agent,north,basic,4459.85
CUST-000162,38.0,117808.72,24.0,67.9,11,1657.42,1501.56,0,1,2,5,online,south,basic,4812.89
CUST-000163,46.0,57679.92,63.3,68.4,7,1555.32,732.12,0,1,4,7,branch,west,premium,3592.93
CUST-000164,54.0,74185.18,22.7,62.2,6,1059.1,791.33,1,0,1,2,online,south,plus,3882.49
CUST-000165,57.0,79238.62,45.6,60.5,6,1003.35,467.91,0,0,2,5,agent,south,plus,4245.39
CUST-000166,55.0,72010.1,21.6,27.3,8,1477.65,693.98,0,1,2,3,online,west,basic,4932.18
CUST-000167,30.0,42692.1,46.8,28.4,7,1001.24,577.77,1,1,3,6,online,west,enterprise,3674.27
CUST-000168,36.0,93888.33,39.3,17.8,5,1115.31,509.85,0,1,4,7,branch,east,enterprise,3724.43
CUST-000169,52.0,62296.84,31.8,93.4,8,1598.82,875.27,1,0,3,6,agent,east,plus,3733.34
CUST-000170,48.0,61974.28,33.4,151.6,2,320.39,167.36,0,1,3,5,branch,south,premium,2069.67
CUST-000171,38.0,69355.77,25.0,245.7,7,685.25,602.06,1,0,2,5,partner,west,premium,1972.95
CUST-000172,31.0,71674.53,40.1,55.9,5,702.63,329.87,2,0,3,6,agent,west,enterprise,3712.89
CUST-000173,18.0,73631.56,27.7,60.6,7,1237.07,912.4,1,1,2,5,branch,south,premium,4235.92
CUST-000174,23.0,93165.46,17.1,42.9,5,768.78,588.24,2,1,1,4,online,east,plus,4228.39
CUST-000175,38.0,96857.89,16.4,55.3,7,1854.55,1550.19,1,0,1,3,agent,east,plus,5074.44
CUST-000176,38.0,71150.51,36.4,22.0,3,192.51,119.87,1,0,4,7,branch,east,enterprise,3277.85
CUST-000177,46.0,65052.09,55.8,42.2,6,957.48,512.6,1,1,4,7,partner,south,plus,4506.28
CUST-000178,48.0,73507.27,36.2,24.9,7,1111.45,563.78,1,0,1,3,agent,east,plus,4058.22
CUST-000179,66.0,59732.73,32.4,38.2,6,1239.0,640.55,0,0,3,6,branch,east,basic,4018.64
CUST-000180,33.0,75308.14,37.9,26.6,12,2884.67,2008.56,0,0,3,5,branch,south,basic,5652.25
CUST-000181,20.0,58788.39,52.0,67.9,9,1629.02,1189.99,2,1,4,7,online,north,basic,4315.57
CUST-000182,31.0,114108.65,37.0,73.8,5,472.42,387.65,1,0,3,5,agent,north,basic,4284.36
CUST-000183,59.0,78121.16,28.3,59.3,11,2778.19,2300.61,0,0,3,6,agent,west,plus,4976.15
CUST-000184,41.0,66137.74,49.2,28.5,8,1837.87,1555.04,0,0,4,7,online,east,plus,5141.9
CUST-000185,52.0,88524.17,39.9,16.7,10,1710.58,898.14,0,1,4,5,agent,south,premium,5543.33
CUST-000186,35.0,53641.63,55.2,74.4,7,605.13,484.28,0,0,5,6,partner,south,plus,4122.91
CUST-000187,35.0,63010.57,36.5,48.0,12,1961.95,949.94,0,0,2,3,branch,south,premium,4683.79
CUST-000188,22.0,83446.9,17.1,8.7,4,705.15,609.16,0,1,2,5,online,south,basic,4107.82
CUST-000189,37.0,78255.47,15.1,53.0,6,1074.06,748.53,0,0,1,3,online,south,premium,3232.03
CUST-000190,41.0,94696.33,56.7,60.9,3,173.81,130.62,0,1,4,7,online,west,basic,4035.42
CUST-000191,51.0,26686.08,57.8,11.9,3,381.84,283.06,1,0,4,5,online,south,basic,3467.16
CUST-000192,47.0,90544.94,31.5,68.7,8,1775.38,1264.51,0,0,3,5,online,east,plus,4598.98
CUST-000193,63.0,66038.1,28.7,13.8,1,162.13,112.84,0,0,4,5,branch,south,enterprise,3971.2
CUST-000194,39.0,54754.07,54.1,26.1,5,883.71,780.66,1,1,4,7,agent,west,basic,4449.83
CUST-000195,44.0,44802.04,18.7,13.9,5,1086.19,666.63,0,0,2,3,branch,north,basic,3466.14
CUST-000196,41.0,65816.54,21.7,23.8,7,1201.46,980.43,2,2,2,3,branch,west,basic,4758.88
CUST-000197,33.0,104438.27,42.9,16.8,9,1859.33,1153.01,0,0,3,5,online,north,plus,5014.15
CUST-000198,46.0,93262.64,28.6,93.0,5,911.1,429.65,1,0,3,4,partner,south,plus,4299.19
CUST-000199,38.0,105237.27,33.9,40.0,6,974.07,611.39,0,1,4,7,partner,east,basic,3615.68
CUST-000200,59.0,73769.76,31.7,33.8,3,365.27,190.27,1,2,2,3,online,east,plus,3797.61
CUST-000201,32.0,77740.78,38.7,98.8,6,1051.0,690.59,1,1,4,6,online,north,plus,3444.49
CUST-000202,37.0,47391.63,53.4,95.5,11,1060.9,518.29,0,0,4,6,branch,east,plus,3074.56
CUST-000203,27.0,47388.34,35.2,35.9,3,511.23,418.78,0,0,2,3,agent,north,premium,3398.4
CUST-000204,45.0,73180.75,42.9,58.5,2,453.3,329.86,1,1,3,4,partner,north,enterprise,3978.42
CUST-000205,26.0,51047.37,5.7,30.3,3,337.56,157.91,0,0,1,4,online,south,basic,2469.77
CUST-000206,41.0,60388.87,33.3,44.6,9,1038.74,782.58,1,1,3,5,branch,east,plus,4072.88
CUST-000207,28.0,76597.5,22.4,19.7,6,847.71,761.82,0,0,2,3,agent,east,enterprise,4955.57
CUST-000208,30.0,98720.79,17.2,64.5,6,1226.28,588.3,1,0,2,4,agent,south,plus,4135.39
CUST-000209,33.0,75995.84,21.9,101.3,5,1225.86,757.16,0,0,3,4,online,north,plus,3738.87
CUST-000210,49.0,51332.93,29.4,89.9,9,1872.64,1630.2,0,0,3,4,agent,north,plus,4853.69
CUST-000211,40.0,43026.22,46.6,49.6,7,853.79,397.62,0,1,5,7,agent,south,premium,3718.98
CUST-000212,40.0,77977.02,15.7,7.8,8,764.06,673.7,0,0,1,2,online,west,premium,4707.84
CUST-000213,47.0,64495.16,34.4,29.2,7,832.0,761.04,1,1,3,5,branch,west,basic,3382.87
CUST-000214,34.0,77909.47,27.3,44.6,7,848.47,537.32,0,0,2,5,online,south,basic,3204.67
CUST-000215,19.0,72143.55,29.5,14.9,9,1924.6,1286.69,0,0,2,4,online,north,premium,4339.88
CUST-000216,29.0,74550.67,47.8,12.6,8,1792.55,1639.18,2,2,3,5,online,south,basic,5286.36
CUST-000217,38.0,97447.07,41.4,119.6,7,891.5,426.27,1,1,4,6,branch,south,premium,4852.14
CUST-000218,40.0,94784.02,52.4,83.1,7,1586.92,951.4,0,0,5,8,online,east,basic,5509.42
CUST-000219,47.0,82457.88,31.9,67.9,7,1609.59,772.33,0,0,3,5,partner,east,plus,4951.59
CUST-000220,39.0,59705.22,24.4,76.8,8,521.75,417.8,1,2,3,6,branch,south,premium,3749.42
CUST-000221,52.0,65896.21,30.9,17.3,11,1310.51,990.83,0,0,2,3,partner,east,enterprise,4363.92
CUST-000222,45.0,89557.13,37.3,23.2,9,969.36,829.6,3,0,3,6,online,west,plus,3791.09
CUST-000223,26.0,99243.85,36.4,56.1,6,937.26,505.57,1,0,2,4,agent,south,plus,3839.22
CUST-000224,18.0,52891.67,19.1,59.1,7,1039.44,734.05,0,0,2,5,partner,north,premium,2856.56
CUST-000225,30.0,103314.15,35.2,14.1,7,985.22,773.51,1,3,3,6,partner,west,premium,3855.01
CUST-000226,43.0,61783.24,37.1,53.3,8,633.06,368.74,1,0,4,7,branch,west,basic,3148.66
CUST-000227,45.0,87856.85,68.7,45.2,8,913.37,792.94,0,0,5,6,partner,east,plus,4578.56
CUST-000228,40.0,126237.71,59.9,88.1,6,1050.37,570.36,0,1,5,7,online,north,premium,5563.44
CUST-000229,42.0,47203.94,22.2,59.4,5,906.74,458.41,1,0,3,4,online,west,enterprise,3656.22
CUST-000230,56.0,84912.33,30.0,128.4,6,209.8,122.12,1,0,2,4,agent,north,plus,3975.32
CUST-000231,41.0,70167.55,13.8,36.1,4,442.19,364.76,1,1,0,2,online,west,enterprise,2306.66
CUST-000232,45.0,83869.03,25.9,18.4,9,1811.66,1423.35,1,1,1,2,partner,north,plus,5161.62
CUST-000233,59.0,64677.14,38.3,126.2,6,580.48,504.34,0,0,4,6,online,north,plus,3988.51
CUST-000234,21.0,31188.3,50.6,61.5,6,1176.86,870.75,0,2,4,7,online,south,enterprise,3122.77
CUST-000235,60.0,62250.0,24.0,45.3,7,519.49,457.95,0,0,2,5,online,south,basic,3190.16
CUST-000236,18.0,82064.72,25.0,23.9,7,1213.13,855.62,1,0,2,5,branch,west,premium,4955.22
CUST-000237,32.0,100104.53,4.4,36.4,7,543.75,479.38,1,0,2,5,online,north,plus,3895.1
CUST-000238,35.0,83118.36,31.8,34.9,7,1009.2,866.89,2,0,3,6,branch,north,plus,4949.43
CUST-000239,23.0,102328.29,19.4,17.7,9,1798.86,1209.77,0,1,1,3,partner,east,premium,4537.08
CUST-000240,39.0,66936.79,26.7,5.3,6,1184.29,536.53,1,0,2,4,agent,east,enterprise,4880.29
CUST-000241,40.0,65472.54,21.9,34.3,4,605.08,552.62,0,0,2,3,online,west,enterprise,4194.67
CUST-000242,49.0,81994.05,32.7,78.2,7,814.42,556.76,1,0,2,4,online,south,plus,3599.98
CUST-000243,49.0,69068.55,9.8,106.9,10,1468.96,1172.59,1,0,2,4,online,east,premium,3912.51
CUST-000244,43.0,96023.74,13.8,90.3,5,538.23,356.62,0,0,1,2,online,north,premium,3282.74
CUST-000245,53.0,50518.07,63.3,93.8,9,1459.84,905.36,1,1,6,7,agent,south,plus,4169.72
CUST-000246,48.0,91347.24,16.3,19.6,9,1504.72,930.47,2,0,1,2,agent,south,basic,4247.18
CUST-000247,37.0,97563.15,18.9,56.8,9,1241.05,765.72,0,1,1,4,online,east,premium,3659.14
CUST-000248,42.0,82390.24,59.3,68.3,9,1927.08,1392.0,0,0,4,6,branch,west,plus,4771.16
CUST-000249,34.0,92247.7,74.0,71.2,8,1044.48,866.56,0,1,7,8,agent,south,basic,5496.55
CUST-000250,28.0,64133.21,17.9,44.6,7,620.08,444.88,2,1,1,4,agent,east,premium,2458.05
CUST-000251,46.0,60853.18,28.9,52.0,7,973.53,678.76,0,1,5,7,branch,north,plus,4500.83
CUST-000252,25.0,82158.25,38.7,88.6,12,2012.42,1195.62,0,0,3,5,partner,south,premium,5556.8
CUST-000253,39.0,62818.62,57.8,66.6,11,1682.33,1123.0,0,0,4,6,branch,north,basic,5363.57
CUST-000254,18.0,81227.86,20.4,75.1,6,833.49,445.5,0,1,1,3,online,south,enterprise,3792.45
CUST-000255,42.0,81247.43,30.6,33.1,10,1102.13,881.7,1,0,3,5,agent,west,plus,5291.19
CUST-000256,33.0,74605.33,44.7,72.5,11,1376.99,1126.5,1,1,4,5,agent,east,basic,4188.53
CUST-000257,47.0,80900.03,40.0,51.5,9,1175.82,660.92,3,0,4,7,online,west,plus,5138.98
CUST-000258,39.0,87243.16,28.8,82.8,4,546.77,391.75,0,0,4,7,partner,north,plus,5084.35
CUST-000259,40.0,74018.18,32.2,27.3,8,1688.16,985.64,0,2,3,6,online,south,basic,4514.63
CUST-000260,42.0,67235.05,15.1,78.4,13,2505.93,2278.84,0,0,1,4,branch,north,plus,4779.65
CUST-000261,34.0,90626.54,30.7,36.8,4,648.78,383.07,2,0,3,4,partner,south,plus,3949.27
CUST-000262,35.0,80737.61,30.3,78.6,10,2222.32,1902.53,0,0,3,6,online,north,premium,5124.14
CUST-000263,35.0,83938.02,37.2,57.1,10,1956.0,1524.02,0,2,2,3,agent,north,plus,5267.23
CUST-000264,40.0,86305.08,26.3,48.9,4,348.07,314.59,1,0,3,5,online,north,basic,2810.73
CUST-000265,35.0,78492.55,40.5,38.3,11,495.21,390.3,0,0,3,5,branch,east,premium,4456.67
CUST-000266,46.0,69623.1,48.0,45.5,6,647.88,477.04,0,1,5,7,branch,west,plus,4450.51
CUST-000267,22.0,64715.56,36.1,34.4,8,1524.63,1016.03,1,0,3,6,partner,north,basic,4057.82
CUST-000268,25.0,74226.57,38.8,37.7,10,1900.17,1275.84,1,1,4,6,online,south,premium,4916.87
CUST-000269,62.0,84490.19,34.7,65.4,7,580.17,261.42,2,1,3,5,branch,west,basic,4345.09
CUST-000270,36.0,85330.06,34.0,10.2,8,1341.02,1231.79,0,0,2,3,agent,north,plus,4567.9
CUST-000271,30.0,78408.91,24.1,77.9,8,1509.5,1081.99,0,1,2,5,agent,east,premium,4570.96
CUST-000272,41.0,82158.11,38.4,78.8,8,1748.88,1269.46,0,0,4,6,partner,east,basic,5039.48
CUST-000273,49.0,55935.16,32.7,39.2,5,988.42,528.62,0,2,2,5,partner,west,plus,4405.61
CUST-000274,48.0,67459.21,62.8,53.0,8,1636.18,1068.49,0,1,5,7,branch,south,basic,4779.49
CUST-000275,33.0,87894.94,55.7,21.8,5,1016.7,562.2,1,1,3,5,online,north,plus,4387.28
CUST-000276,35.0,60816.57,39.3,62.5,5,995.85,550.55,3,0,3,6,online,east,enterprise,3846.81
CUST-000277,37.0,78361.65,23.5,24.2,7,1247.87,882.67,0,0,1,3,online,west,plus,4297.93
CUST-000278,44.0,76746.84,18.7,1.8,5,1206.32,679.42,0,2,2,4,online,east,premium,4838.85
CUST-000279,42.0,73769.05,50.4,104.3,8,854.9,652.54,0,0,4,7,branch,north,plus,4658.12
CUST-000280,31.0,88036.93,37.6,19.8,12,2021.65,1267.61,1,0,3,4,online,north,basic,5429.0
CUST-000281,35.0,79908.06,40.6,44.8,5,975.22,611.51,0,0,4,7,online,south,plus,4185.74
CUST-000282,38.0,54264.24,10.0,54.4,6,1315.8,1026.37,1,0,1,3,online,east,basic,3248.17
CUST-000283,57.0,85109.48,46.8,65.3,11,1539.29,1177.93,2,1,4,7,online,north,plus,4579.36
CUST-000284,39.0,66690.69,40.3,47.7,5,1116.54,714.28,1,0,4,6,online,south,basic,2810.3
CUST-000285,77.0,51268.81,18.7,57.8,7,1579.78,1401.49,0,1,1,2,online,west,basic,4570.6
CUST-000286,38.0,89179.25,27.5,38.5,5,1184.5,715.77,1,0,3,5,agent,west,basic,4277.83
CUST-000287,22.0,54473.53,37.6,12.2,11,1442.15,1135.88,3,2,2,4,online,west,plus,4132.8
CUST-000288,45.0,69434.42,34.7,46.4,2,452.35,372.3,0,0,3,6,online,east,premium,4598.17
CUST-000289,53.0,81101.69,30.0,71.4,9,1498.67,828.14,0,1,3,6,agent,west,premium,4252.86
CUST-000290,46.0,74499.2,32.6,20.9,11,1211.79,815.38,0,0,2,3,agent,south,basic,4640.12
CUST-000291,43.0,64581.54,30.5,54.8,15,2454.46,1128.69,0,0,2,5,online,west,premium,5272.82
CUST-000292,37.0,57931.66,36.1,144.7,9,1996.93,1208.43,0,1,2,4,partner,south,basic,4282.64
CUST-000293,38.0,62137.18,54.3,44.2,9,946.13,545.81,1,0,6,8,online,west,basic,4074.71
CUST-000294,18.0,56424.74,1.0,45.9,5,546.21,443.85,0,1,0,2,partner,east,premium,3023.21
CUST-000295,50.0,73541.87,30.7,11.2,8,1533.2,849.0,1,0,2,5,partner,west,plus,4643.3
CUST-000296,37.0,66002.05,36.4,18.8,11,961.24,444.05,0,1,3,6,partner,south,plus,4252.92
CUST-000297,54.0,51001.02,38.1,24.4,12,2855.12,1316.54,0,0,1,4,partner,west,plus,4814.86
CUST-000298,35.0,70612.73,28.9,69.6,7,1751.17,1416.6,0,1,2,5,branch,east,plus,4245.22
CUST-000299,40.0,64240.72,9.8,22.1,14,2950.58,1526.58,0,0,2,3,online,west,plus,6122.81
CUST-000300,55.0,80644.57,38.5,7.6,8,1258.13,947.0,0,0,3,5,online,west,premium,5196.87
CUST-000301,56.0,82336.7,57.8,61.7,8,1829.98,996.85,0,1,5,8,agent,north,basic,4928.54
CUST-000302,50.0,99974.06,12.9,26.3,7,1544.7,856.02,0,0,1,4,agent,south,basic,4401.33
CUST-000303,20.0,87478.72,45.9,11.7,8,1308.23,1084.55,0,0,4,6,branch,north,plus,5429.36
CUST-000304,27.0,56230.16,29.5,75.3,10,2268.44,1747.97,1,0,2,3,online,south,premium,4933.96
CUST-000305,49.0,36703.45,33.2,35.2,6,783.85,593.86,0,1,3,4,online,north,premium,3760.7
CUST-000306,33.0,48481.24,19.5,65.6,6,894.73,793.15,2,0,3,6,branch,south,basic,2896.29
CUST-000307,42.0,66773.07,29.4,11.3,9,704.71,605.35,0,0,2,5,agent,south,basic,3866.65
CUST-000308,43.0,46875.25,51.9,4.7,6,920.75,780.8,0,1,4,7,online,north,plus,4167.45
CUST-000309,44.0,64728.51,42.0,51.2,8,1221.83,628.0,0,0,3,6,online,south,premium,3881.01
CUST-000310,29.0,76399.31,57.9,18.2,5,658.59,347.74,0,0,5,6,partner,south,enterprise,5258.91
CUST-000311,52.0,65681.46,50.2,50.7,9,1566.04,1427.58,2,1,4,6,branch,north,basic,5349.66
CUST-000312,35.0,80836.11,40.1,51.5,3,402.29,290.04,2,0,3,6,online,west,plus,3600.58
CUST-000313,47.0,64865.6,58.0,46.9,4,660.07,467.47,1,0,4,5,branch,south,plus,3954.63
CUST-000314,39.0,62103.43,40.0,93.3,5,1089.57,749.27,0,0,3,5,online,north,plus,3937.4
CUST-000315,62.0,106562.8,45.4,223.9,7,861.38,685.51,1,0,4,5,agent,north,plus,4340.18
CUST-000316,57.0,75224.05,29.9,60.9,13,2821.69,2058.39,2,0,2,5,agent,north,premium,6032.53
CUST-000317,64.0,77834.96,34.9,144.6,3,397.72,206.99,0,0,3,4,agent,east,plus,3044.61
CUST-000318,59.0,91015.03,24.4,36.0,6,1121.21,558.54,1,0,2,3,online,north,plus,4278.76
CUST-000319,40.0,91605.57,47.6,15.2,5,627.22,371.52,1,1,6,9,agent,north,premium,4551.96
CUST-000320,35.0,69229.32,17.8,27.8,5,807.76,693.8,1,0,1,3,branch,east,plus,3815.1
CUST-000321,29.0,94645.94,44.8,37.6,5,909.5,581.22,0,0,5,8,online,south,premium,4613.02
CUST-000322,44.0,67738.98,31.4,152.4,5,759.74,653.35,0,2,4,6,agent,west,basic,3620.65
CUST-000323,41.0,94111.07,50.1,48.9,8,874.56,628.98,0,1,5,6,agent,east,plus,5429.39
CUST-000324,41.0,53610.03,44.3,95.6,7,827.37,733.78,1,0,3,4,partner,east,plus,4007.87
CUST-000325,32.0,70297.34,59.1,33.7,8,1146.77,992.74,1,0,5,6,branch,north,enterprise,4918.4
CUST-000326,45.0,79825.44,44.1,30.6,9,1819.35,1140.19,0,0,3,6,partner,east,basic,4969.42
CUST-000327,37.0,82312.93,12.3,10.8,4,787.4,558.3,0,1,2,3,agent,west,premium,4090.15
CUST-000328,36.0,60633.76,33.1,149.3,7,1507.02,1180.85,0,0,3,6,online,west,plus,3189.03
CUST-000329,43.0,46140.98,17.9,116.5,4,643.9,303.57,1,0,1,3,online,west,premium,2095.99
CUST-000330,40.0,84104.2,26.9,55.2,5,648.82,340.73,0,1,3,5,branch,west,basic,4436.4
CUST-000331,25.0,72098.08,54.8,39.3,4,599.03,475.1,1,1,4,7,branch,west,plus,4557.06
CUST-000332,32.0,68785.16,42.8,50.2,8,936.91,824.33,1,2,4,7,branch,south,plus,3453.41
CUST-000333,47.0,105597.9,24.4,14.6,15,1971.26,1168.4,0,0,3,4,branch,south,basic,6329.24
CUST-000334,40.0,70544.46,20.0,65.5,3,536.79,340.96,0,0,2,5,online,east,basic,2628.89
CUST-000335,20.0,66513.94,34.5,110.4,5,733.32,631.38,0,2,3,6,agent,north,plus,3941.11
CUST-000336,49.0,43416.3,17.2,114.0,4,747.82,430.08,1,0,2,5,online,east,plus,2679.51
CUST-000337,40.0,56328.24,24.8,11.3,6,665.45,589.1,0,0,2,3,agent,west,enterprise,4791.78
CUST-000338,29.0,91583.4,38.3,95.0,7,723.74,373.68,1,1,4,5,branch,south,premium,4055.29
CUST-000339,34.0,62761.01,49.9,14.7,6,1081.83,615.0,1,1,4,5,agent,south,basic,4178.04
CUST-000340,43.0,87131.82,42.4,5.1,7,1003.51,468.3,1,0,4,7,agent,east,basic,4870.98
CUST-000341,18.0,52553.62,2.4,97.3,4,438.59,216.64,1,0,1,4,online,east,basic,2844.38
CUST-000342,46.0,60173.12,38.2,31.6,8,1410.12,803.63,0,0,4,5,agent,east,premium,4910.82
CUST-000343,52.0,59713.85,35.0,88.5,7,861.75,653.13,0,0,3,5,online,south,plus,4066.83
CUST-000344,51.0,84400.4,39.7,83.4,5,1015.74,552.98,1,0,4,6,agent,north,plus,4205.43
CUST-000345,54.0,72004.3,56.3,76.4,6,699.05,623.19,1,0,5,7,online,north,basic,4480.72
CUST-000346,32.0,55827.23,5.6,49.8,5,986.87,605.81,0,0,0,3,online,north,plus,3893.67
CUST-000347,52.0,88679.35,25.9,16.3,11,1513.76,1050.2,0,0,2,5,partner,north,basic,5268.21
CUST-000348,44.0,84716.03,42.1,37.7,7,1216.05,927.28,1,1,4,5,online,east,basic,4477.16
CUST-000349,32.0,81946.42,12.2,115.2,11,1757.58,903.55,1,1,1,3,agent,north,premium,4511.26
CUST-000350,46.0,81133.04,54.3,90.0,4,452.74,350.07,1,0,5,6,agent,north,enterprise,3205.85
CUST-000351,46.0,60447.28,39.1,39.2,6,1183.14,599.46,2,0,4,5,agent,north,premium,4596.39
CUST-000352,58.0,98473.09,45.7,38.8,7,879.06,736.96,0,0,4,7,branch,east,basic,4016.26
CUST-000353,54.0,73999.97,26.1,71.9,5,836.16,568.08,2,1,1,4,agent,north,enterprise,3727.22
CUST-000354,33.0,80642.81,45.2,52.4,5,864.45,425.32,1,0,4,5,branch,north,plus,4404.84
CUST-000355,45.0,82711.19,48.7,40.7,3,486.47,380.71,0,0,5,7,online,west,basic,4524.35
CUST-000356,45.0,58810.45,37.2,67.9,11,1712.46,832.24,2,2,3,4,online,west,premium,4613.66
CUST-000357,44.0,109953.7,37.2,66.4,2,281.17,255.31,0,0,3,5,agent,north,basic,4742.28
CUST-000358,38.0,75331.47,37.7,28.4,7,1090.76,723.39,0,0,3,4,agent,east,basic,4804.43
CUST-000359,60.0,76419.79,22.1,59.9,8,1852.31,1166.9,3,1,3,5,online,west,premium,5185.01
CUST-000360,34.0,68393.33,32.0,63.6,4,848.32,507.17,0,0,2,5,agent,north,basic,3429.08
CUST-000361,59.0,96518.16,31.9,47.1,10,1926.49,1274.3,1,1,3,4,agent,east,plus,5363.01
CUST-000362,25.0,97277.74,39.3,26.0,7,648.07,529.57,0,0,4,6,partner,west,plus,4041.11
CUST-000363,37.0,78667.94,47.8,36.8,7,640.89,445.08,0,0,4,6,online,north,enterprise,3787.46
CUST-000364,49.0,49433.79,19.4,21.8,7,1570.45,1181.54,1,2,2,4,online,north,plus,3961.12
CUST-000365,29.0,72858.33,32.3,61.1,4,1129.98,538.97,1,1,3,6,online,west,basic,3912.1
CUST-000366,33.0,74648.83,54.4,11.3,7,1771.89,1506.62,1,0,5,8,partner,west,plus,5289.76
CUST-000367,47.0,67689.04,23.8,122.9,8,971.54,678.47,0,0,2,4,online,east,plus,3317.37
CUST-000368,22.0,58118.71,22.7,107.1,10,1892.67,1317.73,1,1,3,6,online,west,plus,4252.55
CUST-000369,53.0,47842.37,36.8,64.7,10,1282.48,729.23,0,0,3,5,agent,east,premium,4533.1
CUST-000370,57.0,102299.23,45.6,86.6,11,1464.87,712.4,1,1,3,5,online,east,premium,5343.15
CUST-000371,58.0,89167.4,34.2,82.8,6,1019.76,619.96,1,0,3,5,branch,north,premium,4354.31
CUST-000372,45.0,76438.77,52.3,53.0,6,1129.66,942.92,1,1,5,7,online,west,plus,4587.58
CUST-000373,36.0,64122.74,45.8,41.6,6,729.72,515.99,0,1,4,7,agent,south,premium,4319.74
CUST-000374,37.0,82300.64,45.6,38.1,1,220.01,126.26,0,0,3,6,online,west,enterprise,3673.69
CUST-000375,44.0,79493.01,41.6,125.8,6,1346.73,981.43,3,1,4,6,agent,north,basic,4020.52
CUST-000376,42.0,68597.95,66.1,25.2,8,1721.91,1059.17,1,0,5,6,online,south,plus,5018.46
CUST-000377,37.0,82833.04,31.2,25.6,8,1316.26,730.7,0,0,3,5,online,east,plus,4508.91
CUST-000378,58.0,85041.58,6.4,91.6,9,1649.51,1315.89,0,0,1,4,branch,north,plus,4012.17
CUST-000379,38.0,88191.07,56.1,86.0,9,1434.7,758.39,1,0,5,8,partner,south,plus,5248.77
CUST-000380,57.0,59832.2,27.7,39.8,9,1244.49,902.12,2,0,2,3,agent,north,premium,4957.46
CUST-000381,42.0,83581.32,35.5,69.5,8,1450.4,1152.82,2,0,3,5,agent,south,basic,4516.81
CUST-000382,41.0,97014.91,52.0,75.7,11,1447.81,693.46,1,1,4,7,branch,north,enterprise,4732.44
CUST-000383,47.0,81153.29,11.9,15.6,7,904.11,702.48,1,0,0,2,branch,north,premium,3155.4
CUST-000384,47.0,115566.43,16.8,111.5,10,1171.99,533.71,1,0,2,5,agent,east,basic,5419.17
CUST-000385,39.0,72571.57,11.9,75.7,5,826.06,686.91,0,0,2,5,agent,south,basic,3902.51
CUST-000386,47.0,44899.65,23.1,65.5,8,1187.86,689.81,0,1,3,4,branch,north,premium,3454.16
CUST-000387,49.0,60538.55,40.1,76.1,4,584.07,305.02,2,1,4,6,agent,west,basic,3456.31
CUST-000388,59.0,63771.21,41.2,60.2,11,1528.13,781.28,0,2,3,4,agent,south,plus,5213.01
CUST-000389,42.0,85873.1,37.8,45.1,9,1172.69,767.85,1,1,3,6,online,south,plus,4530.18
CUST-000390,32.0,90791.63,14.5,53.3,10,1616.79,946.51,2,1,1,2,branch,south,enterprise,5173.64
CUST-000391,34.0,78268.53,2.2,14.3,6,543.99,364.65,0,0,0,2,agent,north,basic,3196.95
CUST-000392,67.0,81085.37,34.7,157.9,4,200.06,169.54,2,0,4,6,agent,west,premium,3115.54
CUST-000393,20.0,110290.01,27.5,44.6,4,722.51,360.78,1,0,2,4,agent,west,enterprise,3371.54
CUST-000394,28.0,60859.07,40.3,156.2,1,261.61,149.76,1,2,2,4,agent,north,plus,1612.85
CUST-000395,41.0,74506.93,43.7,54.0,7,954.3,480.26,0,0,4,7,agent,west,basic,3984.77
CUST-000396,34.0,67675.07,35.9,30.4,9,1840.74,1379.51,0,2,3,4,agent,east,basic,5135.53
CUST-000397,50.0,54689.0,44.5,109.5,9,1212.96,901.03,1,0,4,6,online,east,plus,4041.89
CUST-000398,49.0,39370.05,37.2,63.7,12,1770.36,1502.67,0,0,2,3,branch,north,plus,4387.5
CUST-000399,35.0,99155.9,41.3,194.1,9,1221.23,968.29,0,0,3,5,online,south,basic,4772.25
CUST-000400,58.0,62063.07,24.3,29.8,4,915.54,712.98,1,1,2,4,partner,east,plus,2610.5
CUST-000401,29.0,71311.57,31.5,112.4,8,1428.99,750.85,1,0,2,3,partner,east,plus,4252.02
CUST-000402,33.0,83569.3,36.7,116.3,6,1033.73,863.18,1,0,3,4,partner,south,basic,3760.01
CUST-000403,58.0,54398.78,45.3,80.0,5,983.78,446.08,1,0,3,4,online,west,plus,3288.57
CUST-000404,27.0,60799.2,28.6,116.9,12,934.73,734.72,0,0,4,7,online,east,premium,3619.4
CUST-000405,45.0,75427.24,41.2,45.4,4,405.99,338.13,0,2,4,7,agent,west,plus,3520.84
CUST-000406,58.0,67929.6,30.3,25.1,4,820.49,456.6,0,0,3,4,online,north,premium,4265.42
CUST-000407,18.0,52852.53,32.4,32.6,10,1708.76,1019.34,1,0,3,5,partner,south,basic,4666.07
CUST-000408,37.0,86748.01,45.4,51.4,5,1488.44,839.16,2,2,5,6,branch,east,plus,4512.29
CUST-000409,51.0,67462.42,6.5,82.7,6,684.41,571.61,1,0,2,3,partner,west,plus,3436.31
CUST-000410,38.0,78280.16,16.1,26.6,14,2888.44,1871.16,1,1,1,2,partner,east,enterprise,6390.21
CUST-000411,42.0,76843.45,13.6,38.2,13,2582.07,1603.02,1,0,1,4,partner,south,plus,5893.66
CUST-000412,43.0,93271.7,1.8,28.3,10,1661.5,1139.89,0,0,0,1,online,west,basic,4341.92
CUST-000413,44.0,82173.89,24.7,92.6,6,889.53,705.71,1,0,2,5,partner,north,basic,3836.33
CUST-000414,32.0,60291.9,44.3,155.4,9,1234.81,938.98,0,0,4,5,online,north,plus,3613.1
CUST-000415,49.0,96738.37,30.1,21.6,5,410.89,321.58,1,1,2,3,branch,south,enterprise,4656.39
CUST-000416,44.0,67299.61,36.7,71.7,8,1381.55,1236.91,0,0,3,4,branch,north,premium,5429.4
CUST-000417,28.0,61169.22,49.0,100.3,6,1003.37,571.83,1,0,4,5,online,south,plus,3767.33
CUST-000418,36.0,58502.23,52.3,42.5,4,934.97,511.66,2,0,5,6,agent,west,basic,4610.65
CUST-000419,25.0,33635.57,33.0,15.0,9,1790.69,1352.76,0,0,2,3,agent,south,basic,4571.22
CUST-000420,43.0,64866.07,52.7,108.8,7,1450.24,752.16,0,0,5,7,agent,south,premium,4266.85
CUST-000421,46.0,82958.51,35.3,14.1,8,823.8,619.85,0,0,2,3,branch,south,basic,4238.27
CUST-000422,43.0,51305.04,22.5,129.8,6,1430.9,1286.85,0,1,2,4,online,east,basic,4455.15
CUST-000423,47.0,106573.48,25.8,27.9,6,469.88,312.69,1,0,3,5,agent,south,basic,4790.54
CUST-000424,42.0,35486.5,13.6,12.2,6,795.73,438.38,0,1,2,4,branch,south,enterprise,3493.87
CUST-000425,49.0,61721.16,21.8,34.5,8,1610.57,1477.84,2,0,2,4,online,north,basic,4232.64
CUST-000426,40.0,49042.92,29.1,48.5,7,823.08,518.52,0,0,3,6,branch,east,basic,3477.9
CUST-000427,49.0,92343.97,45.1,56.0,8,1549.93,780.42,0,0,5,7,agent,west,plus,4665.17
CUST-000428,27.0,87563.58,57.7,75.8,7,865.33,558.63,1,0,4,7,partner,south,premium,4735.81
CUST-000429,26.0,71029.96,15.0,59.6,5,855.72,420.33,0,1,2,5,partner,south,plus,3337.38
CUST-000430,42.0,50226.69,39.4,147.4,12,2010.71,983.44,1,0,4,5,branch,west,premium,4040.02
CUST-000431,49.0,54246.32,19.7,46.8,5,619.06,292.4,0,1,1,4,agent,west,premium,2577.06
CUST-000432,38.0,80318.44,40.5,61.8,6,1592.32,1056.47,0,0,5,7,agent,south,plus,5835.12
CUST-000433,48.0,63648.15,32.2,58.3,8,915.61,609.55,1,0,4,6,agent,north,premium,3868.35
CUST-000434,44.0,65701.9,8.8,10.8,8,403.32,320.52,0,0,1,4,branch,east,basic,3453.32
CUST-000435,18.0,74491.06,46.8,18.3,9,1055.06,744.61,1,0,5,6,online,east,premium,4296.14
CUST-000436,67.0,68392.28,25.7,51.5,12,2138.94,1827.24,1,0,1,3,online,south,plus,4718.34
CUST-000437,27.0,44324.82,26.6,67.1,6,715.49,615.51,1,0,1,2,agent,west,plus,2562.76
CUST-000438,31.0,51862.56,19.3,6.9,6,1222.06,648.1,0,0,2,3,online,north,plus,4179.44
CUST-000439,54.0,52298.48,25.0,151.7,6,1301.23,610.79,0,1,2,5,branch,north,plus,2784.49
CUST-000440,41.0,62722.93,39.9,70.8,5,859.92,672.44,1,0,4,7,online,north,basic,4055.12
CUST-000441,33.0,77440.36,31.4,49.4,10,940.64,427.7,1,0,1,2,agent,east,plus,3492.29
CUST-000442,36.0,76698.99,38.5,68.6,6,631.7,401.2,1,0,4,5,online,east,plus,3830.48
CUST-000443,31.0,97177.38,39.0,33.0,4,583.85,277.55,0,0,3,4,agent,east,premium,4993.49
CUST-000444,32.0,50492.18,52.2,56.4,4,487.33,324.4,1,0,4,6,online,south,basic,4055.84
CUST-000445,50.0,81334.14,29.3,62.8,11,1523.13,1007.32,2,0,4,5,agent,north,plus,4998.91
CUST-000446,36.0,61659.73,13.6,109.6,6,1268.35,1074.93,1,2,1,4,branch,east,plus,3051.91
CUST-000447,29.0,111378.0,48.7,43.8,9,1781.44,1342.19,2,1,3,5,branch,east,premium,5737.91
CUST-000448,33.0,73912.38,29.4,14.5,6,1042.42,666.29,0,1,3,6,online,west,plus,5007.88
CUST-000449,39.0,65709.84,49.4,24.6,9,1106.25,762.65,1,1,4,6,agent,north,basic,4330.32
CUST-000450,33.0,80756.08,39.3,41.2,8,1453.07,1028.91,0,1,3,6,agent,north,enterprise,4638.22
CUST-000451,38.0,79365.81,32.2,16.1,4,599.99,333.77,1,0,4,5,branch,south,basic,3783.9
CUST-000452,45.0,68979.65,38.8,22.4,3,353.12,287.6,0,0,3,6,partner,west,premium,3247.89
CUST-000453,36.0,86509.47,60.9,24.7,6,1213.32,812.42,2,0,6,7,branch,north,premium,5311.44
CUST-000454,32.0,103005.51,62.6,39.2,4,817.38,612.86,0,0,5,7,partner,west,basic,5274.71
CUST-000455,33.0,92345.75,35.0,70.2,7,1088.85,506.28,1,0,4,6,agent,west,plus,4745.32
CUST-000456,56.0,73138.53,36.2,37.8,11,1931.96,970.07,0,0,3,5,branch,east,plus,5445.94
CUST-000457,65.0,107798.6,48.8,73.4,6,843.04,612.97,0,0,3,4,agent,west,premium,4457.96
CUST-000458,42.0,84496.59,22.3,49.5,9,1776.05,1420.47,1,0,2,3,online,east,premium,4574.76
CUST-000459,49.0,56059.69,38.6,23.0,11,1352.91,812.8,0,0,3,5,agent,north,plus,4755.12
CUST-000460,31.0,76807.05,33.6,63.6,5,744.02,665.52,0,0,3,5,agent,west,plus,3730.45
CUST-000461,35.0,71917.09,38.3,56.9,6,1306.45,1109.4,1,0,3,4,branch,west,plus,3994.63
CUST-000462,46.0,66073.56,22.5,74.7,7,1047.94,729.9,1,1,2,5,branch,west,basic,3717.83
CUST-000463,18.0,81477.33,12.1,85.2,8,907.77,681.51,0,1,0,1,partner,north,basic,3417.19
CUST-000464,49.0,41996.46,5.4,111.9,8,1082.57,788.96,0,0,0,1,branch,south,premium,2524.13
CUST-000465,35.0,104674.84,18.6,71.8,10,2375.43,1410.2,2,0,1,2,agent,north,basic,6294.08
CUST-000466,29.0,86833.53,27.7,55.6,2,98.26,50.0,0,0,3,4,online,east,basic,4461.64
CUST-000467,45.0,42673.57,30.0,75.0,7,1393.99,1154.43,0,1,2,3,online,east,basic,4127.72
CUST-000468,57.0,86620.17,60.7,35.0,8,1017.33,678.01,0,0,4,7,online,east,enterprise,4931.05
CUST-000469,38.0,83797.47,49.2,33.0,4,434.37,367.34,1,1,4,6,online,north,basic,4592.83
CUST-000470,44.0,102194.04,20.7,121.8,10,1587.96,994.12,1,0,2,3,partner,north,premium,5033.16
CUST-000471,46.0,106851.4,38.8,32.3,9,1920.36,877.06,0,0,3,5,branch,west,premium,5641.24
CUST-000472,44.0,109884.27,28.4,25.3,5,978.69,498.79,0,1,2,3,agent,north,premium,4622.93
CUST-000473,30.0,70818.45,30.1,71.7,6,1296.86,679.43,0,0,3,6,online,west,plus,3763.51
CUST-000474,43.0,85553.34,36.6,35.2,6,1614.38,1281.1,1,3,4,7,branch,east,plus,5067.91
CUST-000475,43.0,67171.79,42.5,84.7,8,1303.91,606.41,1,1,4,6,branch,north,basic,3620.25
CUST-000476,18.0,93430.38,29.3,106.6,12,1905.15,1590.96,0,2,1,3,online,south,plus,4593.93
CUST-000477,50.0,36912.6,48.7,28.2,6,1025.65,794.49,0,0,4,5,online,west,premium,3688.85
CUST-000478,24.0,52861.42,18.3,77.6,5,1009.69,607.8,0,1,1,4,branch,east,plus,2452.51
CUST-000479,42.0,68008.95,34.1,31.7,9,1094.57,761.09,0,2,1,2,online,west,plus,3962.62
CUST-000480,58.0,74734.83,69.8,41.9,7,1325.61,1177.3,0,0,5,6,agent,west,premium,5021.64
CUST-000481,38.0,78761.21,37.1,61.6,8,1317.69,636.16,2,1,4,6,partner,west,premium,4984.75
CUST-000482,29.0,98757.02,53.7,33.1,5,339.4,210.69,1,0,5,6,online,west,enterprise,4374.54
CUST-000483,47.0,64117.31,35.3,57.8,5,658.68,417.45,2,0,3,6,online,east,premium,3599.02
CUST-000484,56.0,52559.95,42.0,44.5,7,885.23,799.08,1,1,3,4,agent,south,plus,3232.86
CUST-000485,29.0,68842.84,33.2,85.9,7,1501.52,1363.92,0,0,4,7,online,east,basic,3760.71
CUST-000486,18.0,64909.62,31.7,86.1,6,854.58,722.49,1,0,2,3,branch,south,plus,2964.7
CUST-000487,54.0,85776.44,23.3,33.2,8,1844.87,1161.41,0,0,1,3,online,east,plus,5239.29
CUST-000488,50.0,103268.69,39.9,62.5,7,1216.92,1056.31,0,0,3,5,online,east,plus,4798.12
CUST-000489,45.0,101648.79,22.3,94.7,7,733.63,497.04,0,0,1,4,agent,west,plus,4038.3
CUST-000490,21.0,95428.63,43.2,22.0,7,1035.24,779.23,0,0,3,6,branch,south,basic,4974.59
CUST-000491,48.0,65566.71,49.0,44.3,11,1405.2,1245.16,0,1,5,8,agent,south,premium,4957.88
CUST-000492,52.0,72907.31,39.1,60.7,6,1073.11,608.02,0,0,3,5,online,west,plus,5026.89
CUST-000493,65.0,83461.66,30.1,21.3,16,2466.35,2107.66,3,0,3,6,online,south,premium,5811.55
CUST-000494,38.0,61947.42,40.3,36.3,8,1880.35,1198.99,0,0,4,6,online,east,basic,4512.17
CUST-000495,43.0,63624.25,29.7,137.8,13,2902.41,2494.57,0,0,2,3,online,west,premium,5558.41
CUST-000496,18.0,82559.16,46.9,32.2,7,571.62,404.57,1,2,3,4,agent,south,plus,5256.32
CUST-000497,52.0,51258.88,8.8,35.0,5,746.49,422.69,0,0,1,3,partner,south,plus,2877.92
CUST-000498,51.0,95485.54,29.4,71.2,6,467.6,378.66,1,2,1,4,partner,north,basic,3268.14
CUST-000499,45.0,68591.24,6.6,19.1,5,1101.38,555.23,0,1,0,1,branch,north,premium,2280.93
CUST-000500,54.0,85548.62,13.4,45.0,8,1099.51,568.87,0,1,1,2,branch,east,basic,3399.25
CUST-000501,32.0,79541.32,52.8,25.5,7,683.44,355.14,0,0,5,7,agent,north,basic,5042.6
CUST-000502,39.0,98394.07,46.3,57.7,5,1342.57,1134.41,0,1,4,5,partner,south,premium,4947.17
CUST-000503,39.0,37511.38,24.1,2.2,6,673.46,578.83,2,0,2,5,branch,north,premium,2664.36
CUST-000504,53.0,98506.6,13.3,52.3,6,601.04,432.22,0,0,1,4,branch,north,premium,3865.69
CUST-000505,53.0,98104.61,1.0,61.8,14,1314.08,763.88,0,0,0,3,online,west,enterprise,5424.16
CUST-000506,44.0,80880.75,26.5,37.0,5,846.17,537.55,2,0,3,6,branch,south,plus,4054.61
CUST-000507,44.0,85202.21,67.4,38.8,7,1208.97,648.36,1,0,6,7,partner,south,premium,5930.07
CUST-000508,47.0,86553.44,40.0,33.6,2,293.13,132.43,1,0,3,4,agent,east,basic,3604.56
CUST-000509,37.0,59599.01,26.3,44.6,8,1121.67,947.39,2,0,3,6,agent,west,enterprise,4530.04
CUST-000510,56.0,76793.19,40.4,122.8,10,1589.42,860.63,0,0,3,4,agent,east,plus,4447.22
CUST-000511,36.0,91838.96,12.5,87.7,8,1769.4,862.01,0,0,0,3,branch,south,enterprise,3931.42
CUST-000512,46.0,43641.52,29.9,44.5,7,1404.4,718.98,0,1,2,4,partner,north,plus,3330.32
CUST-000513,34.0,84297.21,35.4,36.3,7,902.01,798.5,0,3,3,4,agent,south,plus,4234.59
CUST-000514,51.0,77385.83,32.8,82.3,5,888.36,551.42,0,1,2,4,online,east,enterprise,4184.99
CUST-000515,40.0,87110.95,44.9,55.2,3,733.81,553.74,0,1,3,5,online,north,basic,3820.88
CUST-000516,64.0,52924.16,38.7,20.8,10,2192.49,1018.86,0,0,3,6,branch,east,plus,5285.4
CUST-000517,40.0,62432.85,43.2,40.9,4,443.7,310.01,1,0,3,5,online,north,premium,3255.15
CUST-000518,51.0,50688.18,24.5,114.6,8,1599.57,1281.15,0,1,1,3,branch,west,enterprise,3512.85
CUST-000519,34.0,50494.74,46.4,69.3,9,1173.4,564.2,0,0,3,6,online,west,premium,3632.56
CUST-000520,38.0,90774.96,56.4,36.6,7,734.75,433.87,1,0,3,4,online,north,plus,5481.81
CUST-000521,41.0,65218.78,20.6,13.6,7,634.13,381.34,0,2,2,3,online,west,basic,3984.45
CUST-000522,45.0,63895.96,21.8,57.5,4,929.68,806.05,0,1,2,4,online,south,plus,3617.3
CUST-000523,33.0,95449.79,52.4,49.7,9,1938.64,1478.46,0,0,4,6,partner,north,premium,5480.21
CUST-000524,35.0,69635.88,31.4,43.5,6,858.47,735.47,1,0,2,3,online,west,basic,3801.7
CUST-000525,42.0,93165.72,53.3,83.0,5,617.4,386.8,0,1,5,6,branch,south,basic,3944.16
CUST-000526,45.0,56929.81,27.9,69.9,6,514.9,374.76,0,1,3,5,partner,south,basic,3822.56
CUST-000527,41.0,69585.91,54.1,14.0,7,1312.0,909.66,0,0,4,5,branch,west,plus,4163.96
CUST-000528,39.0,59516.53,35.8,49.9,5,942.1,546.2,0,0,4,6,partner,west,plus,3715.65
CUST-000529,26.0,85680.72,37.6,17.4,9,808.04,524.05,0,1,3,6,online,east,basic,4781.47
CUST-000530,47.0,72094.13,55.6,34.1,8,1417.27,800.95,1,0,5,8,branch,east,plus,4061.49
CUST-000531,50.0,88978.87,29.0,16.3,11,1149.48,526.02,0,0,2,4,agent,south,basic,4870.15
CUST-000532,52.0,78570.08,21.0,16.8,5,938.73,849.58,1,0,1,2,partner,north,premium,3755.51
CUST-000533,43.0,40791.23,27.8,62.4,10,1170.15,1053.48,0,0,1,4,branch,east,premium,3363.5
CUST-000534,34.0,71065.34,40.2,58.3,5,934.68,782.68,3,0,5,7,branch,south,plus,4064.53
CUST-000535,37.0,48180.96,12.4,47.3,9,1108.25,589.64,2,0,0,1,agent,west,premium,2177.71
CUST-000536,43.0,82055.73,42.8,31.8,9,570.54,262.15,1,0,4,5,branch,south,basic,4746.61
CUST-000537,41.0,85811.93,26.6,15.2,8,1778.1,963.9,1,0,3,6,partner,north,enterprise,4630.03
CUST-000538,32.0,87679.0,49.8,34.2,8,1741.84,1497.34,1,0,4,7,online,west,basic,4985.01
CUST-000539,22.0,73607.21,1.0,58.5,4,521.49,272.22,1,0,0,2,online,east,plus,2887.26
CUST-000540,35.0,46440.79,23.2,57.5,5,905.06,506.61,2,0,2,3,online,north,basic,3608.79
CUST-000541,38.0,79591.14,10.8,113.1,6,1061.52,822.56,2,0,1,2,partner,east,enterprise,3959.15
CUST-000542,44.0,83147.26,22.6,102.9,7,1285.3,866.79,0,0,1,2,agent,west,plus,4511.45
CUST-000543,36.0,72532.85,37.4,48.6,12,2763.03,2092.67,1,1,3,4,online,east,basic,4758.51
CUST-000544,38.0,77357.42,31.5,33.9,7,1448.24,1034.97,1,0,1,2,partner,east,plus,4753.89
CUST-000545,42.0,41835.98,30.5,26.0,7,1270.94,913.88,2,0,1,4,online,north,enterprise,3504.79
CUST-000546,58.0,77010.84,31.8,13.1,5,834.2,717.56,1,0,2,5,branch,east,basic,3783.23
CUST-000547,39.0,73867.7,36.8,19.1,3,529.73,292.59,1,0,4,7,branch,east,plus,3935.66
CUST-000548,24.0,53989.54,20.1,58.5,11,1456.74,750.85,0,0,1,2,agent,east,basic,4450.59
CUST-000549,33.0,85327.53,43.7,73.2,5,981.91,628.72,1,1,4,6,online,west,basic,3915.57
CUST-000550,61.0,66921.86,43.1,39.2,3,306.53,214.96,1,1,4,6,agent,west,premium,4021.6
CUST-000551,57.0,79942.79,39.3,190.0,8,827.65,563.22,2,0,3,5,agent,east,plus,4146.94
CUST-000552,51.0,84603.39,41.7,19.2,7,934.75,657.81,3,0,3,4,online,west,basic,4862.38
CUST-000553,49.0,81737.07,38.1,11.9,7,1327.66,900.82,0,0,3,5,agent,north,premium,4280.05
CUST-000554,49.0,51684.55,62.0,187.9,8,758.52,525.96,2,0,5,8,online,west,premium,4159.28
CUST-000555,38.0,68904.78,32.8,14.5,6,739.28,656.48,0,1,4,7,partner,north,enterprise,4040.79
CUST-000556,51.0,114148.96,29.8,38.8,4,1492.12,706.43,0,2,2,5,agent,west,basic,4909.07
CUST-000557,51.0,100938.28,23.6,27.8,8,1132.94,1011.24,2,1,2,5,online,south,plus,4703.4
CUST-000558,50.0,90840.02,19.8,61.5,2,465.68,338.08,0,1,2,3,agent,south,premium,3870.85
CUST-000559,34.0,80756.51,16.9,36.7,11,2707.05,1279.03,1,0,1,4,agent,west,basic,5720.51
CUST-000560,37.0,58033.68,21.8,73.3,7,1019.65,484.46,1,0,2,4,online,north,plus,3598.88
CUST-000561,34.0,72897.51,33.0,84.1,6,1190.3,855.37,0,2,4,7,online,east,enterprise,3428.06
CUST-000562,52.0,68214.75,38.6,13.0,5,1234.54,955.37,0,0,3,5,online,south,basic,4806.18
CUST-000563,44.0,74294.18,34.7,25.3,11,2018.46,1401.89,0,0,2,4,agent,south,premium,4787.6
CUST-000564,45.0,49782.0,23.5,77.5,3,551.84,364.75,1,1,2,4,online,west,enterprise,2368.47
CUST-000565,47.0,92999.63,46.4,95.2,7,941.78,546.44,3,0,4,7,online,north,plus,4383.14
CUST-000566,25.0,27462.05,44.2,54.2,6,1476.02,1085.01,0,0,5,6,branch,west,premium,3665.64
CUST-000567,51.0,91246.63,31.8,64.6,7,1245.6,1086.0,0,2,3,5,online,north,premium,4682.69
CUST-000568,35.0,91590.77,25.0,117.7,5,964.16,625.29,1,0,1,2,online,north,premium,4225.11
CUST-000569,36.0,117701.74,41.6,37.0,5,1051.75,817.19,2,1,4,5,agent,south,plus,5054.64
CUST-000570,32.0,71322.44,36.6,53.8,2,447.4,204.98,0,0,4,7,branch,north,basic,3570.0
CUST-000571,42.0,66458.88,14.0,103.0,10,1604.62,1061.41,2,1,2,4,agent,south,plus,3890.0
CUST-000572,40.0,77984.89,33.1,107.1,10,2017.22,1629.93,1,1,3,5,online,east,premium,5163.84
CUST-000573,26.0,85895.39,37.6,44.8,10,832.63,704.15,1,0,4,7,agent,north,basic,4676.85
CUST-000574,21.0,74194.51,21.6,26.0,4,651.02,457.29,1,2,2,3,branch,east,basic,3994.68
CUST-000575,39.0,54523.76,36.6,44.4,7,1475.51,1056.85,2,1,3,6,online,south,plus,3925.13
CUST-000576,50.0,85872.24,14.0,47.6,4,883.51,455.07,1,0,1,2,online,east,plus,4105.46
CUST-000577,49.0,75806.83,52.4,25.2,5,717.87,422.74,2,1,4,5,branch,south,premium,4521.32
CUST-000578,52.0,57671.34,51.2,28.3,5,1015.66,775.63,0,1,5,8,agent,west,enterprise,4282.62
CUST-000579,39.0,46571.55,30.5,107.2,11,2053.78,1664.44,2,0,3,6,online,south,basic,4487.74
CUST-000580,37.0,120259.16,39.0,66.6,4,914.62,446.79,1,0,3,6,branch,east,basic,4759.44
CUST-000581,40.0,90795.44,1.0,39.0,12,1241.19,1119.11,0,0,0,3,online,south,premium,3666.78
CUST-000582,50.0,85887.56,18.1,20.3,10,1473.82,1323.75,2,0,2,5,agent,east,basic,4939.9
CUST-000583,59.0,73749.08,30.0,28.6,6,1122.85,604.28,0,1,1,2,branch,south,basic,4332.5
CUST-000584,36.0,88238.43,19.2,11.0,6,982.86,463.17,0,0,2,5,online,east,plus,3842.1
CUST-000585,38.0,56877.53,43.8,55.1,7,542.92,331.34,0,0,4,5,agent,north,basic,4132.25
CUST-000586,41.0,79407.82,61.5,27.4,5,446.18,401.82,1,0,5,8,agent,east,plus,4226.05
CUST-000587,38.0,80192.57,17.8,58.2,5,887.84,584.39,0,1,2,5,partner,west,basic,3674.35
CUST-000588,35.0,57322.99,22.5,77.0,2,450.29,269.02,1,1,2,4,agent,east,plus,2839.03
CUST-000589,40.0,73938.64,37.2,58.8,10,1380.49,1201.72,0,1,3,6,agent,north,premium,4841.53
CUST-000590,32.0,68388.91,56.2,35.5,5,683.58,350.75,1,0,5,7,agent,east,basic,4775.6
CUST-000591,49.0,62067.53,17.2,24.2,4,684.82,611.08,0,0,2,3,agent,south,plus,3642.1
CUST-000592,57.0,66119.34,37.4,17.8,5,703.21,583.83,1,0,3,5,partner,west,basic,3820.17
CUST-000593,38.0,45095.29,59.1,100.6,9,1879.64,1184.7,1,0,4,5,branch,west,premium,4756.95
CUST-000594,59.0,94949.17,11.2,57.0,4,650.28,533.27,1,1,1,4,branch,west,basic,3038.21
CUST-000595,40.0,103940.46,16.3,37.0,8,683.88,550.78,0,0,2,4,partner,west,premium,4809.15
CUST-000596,33.0,59144.78,28.2,70.4,6,1414.88,1022.3,0,0,3,4,online,east,premium,3606.11
CUST-000597,49.0,95798.51,26.8,90.5,6,1284.52,1049.82,1,1,3,5,agent,east,plus,3923.14
CUST-000598,31.0,75242.44,45.2,27.8,6,679.17,465.26,1,1,4,6,partner,south,enterprise,4783.19
CUST-000599,48.0,75635.06,37.3,55.9,11,1869.86,1581.78,0,0,4,7,partner,south,plus,4129.03
CUST-000600,44.0,52503.36,9.5,56.6,9,1342.55,1104.71,2,0,2,5,online,west,basic,4250.09
CUST-000601,37.0,65779.43,41.1,114.5,6,1091.25,955.91,2,0,2,3,agent,east,basic,4552.75
CUST-000602,35.0,85409.25,26.0,36.6,5,778.18,641.87,1,0,4,5,online,east,premium,4523.25
CUST-000603,31.0,58262.54,51.6,23.5,8,1419.75,1253.42,0,0,5,7,branch,north,plus,4846.92
CUST-000604,52.0,62468.24,25.4,60.1,5,975.58,520.71,2,0,4,7,agent,south,enterprise,3074.76
CUST-000605,39.0,66672.64,25.2,74.3,6,607.28,352.43,0,0,1,4,agent,south,premium,3018.24
CUST-000606,44.0,18000.0,41.5,52.8,8,1371.23,908.66,1,0,4,7,partner,east,plus,3561.22
CUST-000607,41.0,81727.62,44.5,119.5,5,1236.75,697.68,0,0,4,7,online,east,plus,4329.97
CUST-000608,39.0,87284.08,40.2,36.5,9,1135.12,989.2,1,1,4,6,partner,south,basic,4960.35
CUST-000609,45.0,82381.28,10.8,53.7,6,674.92,360.74,0,0,1,4,agent,west,basic,3708.34
CUST-000610,47.0,92789.68,41.4,14.0,8,1502.54,1000.2,0,1,4,7,online,west,basic,5126.38
CUST-000611,43.0,67826.12,19.7,22.4,7,1003.62,697.69,2,0,2,3,partner,west,plus,3649.32
CUST-000612,39.0,108420.03,37.2,27.9,5,528.88,455.01,0,0,3,4,partner,south,basic,4883.38
CUST-000613,29.0,60612.46,14.4,41.1,8,1146.59,655.62,0,2,1,2,partner,south,premium,3295.7
CUST-000614,34.0,71778.12,40.2,16.1,7,1531.93,1387.49,0,0,4,7,branch,south,enterprise,4558.22
CUST-000615,38.0,70000.62,22.9,69.7,7,1871.31,1098.87,0,0,2,5,online,west,basic,4974.86
CUST-000616,41.0,79171.95,16.3,26.0,7,1102.25,580.45,1,0,1,2,online,west,plus,3601.92
CUST-000617,22.0,71506.36,43.8,169.3,6,718.83,409.15,2,1,3,6,online,west,plus,3239.81
CUST-000618,48.0,73965.84,37.3,26.8,10,1453.11,1255.65,0,0,3,4,online,north,plus,5292.41
CUST-000619,45.0,63606.15,25.5,49.9,10,2274.87,1186.65,1,0,1,4,partner,east,premium,4910.34
CUST-000620,35.0,67925.79,54.0,45.6,6,967.12,449.71,0,1,4,6,agent,east,plus,4307.86
CUST-000621,31.0,35601.7,27.9,20.9,6,1160.28,681.14,2,0,2,4,online,south,premium,3212.46
CUST-000622,33.0,90262.47,34.4,41.2,4,832.3,587.56,0,0,3,6,branch,south,basic,4779.89
CUST-000623,26.0,57422.97,37.7,40.9,7,698.79,431.59,1,0,4,7,agent,west,basic,3183.01
CUST-000624,37.0,66986.83,25.5,84.1,7,918.0,482.44,1,0,2,5,agent,south,premium,3890.58
CUST-000625,39.0,56743.02,40.5,61.7,8,1041.48,646.93,2,1,3,5,partner,south,enterprise,3939.59
CUST-000626,51.0,86072.93,26.6,69.1,3,541.5,419.93,2,0,3,5,agent,north,plus,3478.92
CUST-000627,46.0,66038.0,28.3,82.9,5,774.44,507.23,0,0,3,6,agent,east,basic,3352.51
CUST-000628,55.0,31840.56,52.8,69.8,8,1074.81,772.99,0,0,5,8,online,north,plus,4296.05
CUST-000629,42.0,80872.21,19.7,55.5,6,1039.38,930.37,0,1,1,3,agent,east,plus,3381.11
CUST-000630,31.0,62368.33,1.0,27.7,13,1987.7,1593.49,0,0,0,2,agent,east,premium,3470.76
CUST-000631,60.0,75398.01,56.2,53.1,6,1488.23,1231.96,1,0,4,5,branch,west,plus,4619.21
CUST-000632,37.0,90797.99,69.1,23.8,4,590.14,345.45,0,0,6,9,online,east,premium,4736.05
CUST-000633,24.0,58042.69,28.4,43.5,4,356.61,246.18,2,0,1,4,agent,east,enterprise,3545.2
CUST-000634,43.0,74902.83,7.3,39.6,5,880.37,538.75,1,2,0,1,online,west,enterprise,3161.31
CUST-000635,24.0,61928.75,29.7,41.4,5,303.84,205.92,1,0,3,6,partner,north,enterprise,2604.09
CUST-000636,40.0,93578.78,30.1,16.2,6,378.13,190.04,0,0,3,6,agent,south,basic,4169.94
CUST-000637,36.0,77239.89,31.4,2.2,7,1313.59,911.22,1,1,3,6,online,east,basic,4888.23
CUST-000638,47.0,75403.06,18.7,34.4,10,2213.85,1543.35,0,2,2,5,branch,north,premium,5043.16
CUST-000639,51.0,53482.32,42.0,95.6,15,2616.25,1884.32,0,0,3,6,partner,north,plus,5264.78
CUST-000640,37.0,89322.18,41.2,49.4,9,1454.21,814.75,0,0,3,6,branch,south,enterprise,4097.19
CUST-000641,37.0,91606.26,13.4,91.2,8,857.5,475.12,1,1,2,4,partner,north,basic,3447.24
CUST-000642,49.0,62028.06,43.6,23.9,11,2283.88,1422.47,0,2,4,6,branch,north,basic,5174.51
CUST-000643,33.0,78588.55,62.3,33.2,7,1182.06,830.66,1,0,6,8,partner,east,plus,5334.17
CUST-000644,42.0,86402.65,36.4,175.6,8,1356.96,825.42,0,0,3,6,agent,south,plus,3789.59
CUST-000645,47.0,115742.17,29.4,25.1,5,1060.61,829.28,0,1,3,6,online,north,plus,4978.16
CUST-000646,32.0,82858.98,32.0,68.2,6,830.18,601.88,1,1,2,3,online,east,plus,4185.43
CUST-000647,38.0,75811.28,42.5,68.1,4,476.84,239.87,1,0,4,6,partner,north,premium,3348.55
CUST-000648,42.0,73016.87,10.2,63.2,13,2468.27,1370.46,0,0,0,1,partner,south,plus,4372.28
CUST-000649,56.0,74087.18,36.3,68.7,4,591.53,434.28,2,0,3,6,online,west,basic,3614.57
CUST-000650,28.0,89630.03,28.6,24.8,7,927.95,649.58,1,0,2,4,agent,south,premium,4286.63
CUST-000651,39.0,59942.03,59.5,35.7,7,1780.08,1084.82,0,1,5,6,online,east,premium,5246.8
CUST-000652,56.0,92606.98,31.6,3.2,7,1084.78,575.78,1,0,3,6,partner,west,plus,4553.31
CUST-000653,52.0,48076.19,57.0,117.0,10,575.64,508.06,0,1,4,7,online,east,plus,3686.88
CUST-000654,38.0,87812.72,18.8,68.5,9,1324.89,876.07,0,1,2,5,branch,south,plus,4212.11
CUST-000655,40.0,92825.16,42.1,28.0,6,657.15,361.37,0,0,3,5,agent,south,basic,4460.31
CUST-000656,46.0,90329.82,38.4,24.1,12,1920.91,1515.26,1,0,3,5,online,north,premium,5887.42
CUST-000657,46.0,80685.63,22.0,96.7,9,1095.4,624.69,1,2,1,3,partner,north,plus,3799.48
CUST-000658,56.0,82926.71,36.4,26.5,6,1028.76,591.38,1,0,3,6,agent,south,enterprise,4209.19
CUST-000659,53.0,68615.03,50.7,27.9,6,1064.95,893.19,0,1,3,6,agent,west,enterprise,4127.86
CUST-000660,26.0,55569.49,29.5,20.2,13,1789.05,1568.44,0,0,3,5,online,west,basic,5129.49
CUST-000661,23.0,80313.56,10.7,77.1,11,2099.56,1406.7,0,0,1,3,agent,west,basic,4880.12
CUST-000662,35.0,77060.34,33.8,90.4,11,1668.65,1246.77,0,1,2,3,online,south,premium,3860.37
CUST-000663,21.0,92444.99,21.6,39.7,11,1695.3,1050.53,2,0,2,3,agent,east,premium,4955.13
CUST-000664,55.0,73275.63,29.3,90.7,5,952.93,712.61,0,1,2,4,agent,south,basic,3376.3
CUST-000665,25.0,78679.76,32.9,59.7,11,1985.46,1572.82,1,0,3,5,online,south,plus,5370.26
CUST-000666,38.0,80992.27,10.5,19.2,4,817.89,645.21,1,0,0,1,partner,north,basic,2666.35
CUST-000667,31.0,86121.73,11.7,111.6,6,915.89,429.67,0,1,2,3,online,west,basic,4016.56
CUST-000668,24.0,92893.39,40.6,20.0,10,2161.76,1072.98,1,0,4,6,branch,east,plus,6058.34
CUST-000669,54.0,58651.43,26.8,41.9,11,1538.79,1204.47,0,1,2,5,partner,east,basic,4471.88
CUST-000670,35.0,88449.33,1.0,39.8,10,1649.23,1154.4,1,0,0,1,branch,south,basic,4273.15
CUST-000671,62.0,72568.42,44.8,34.8,15,4201.9,3753.83,1,0,4,6,branch,west,plus,6350.89
CUST-000672,56.0,87385.72,37.8,7.8,6,882.6,440.13,2,0,3,4,online,north,basic,4595.99
CUST-000673,41.0,102431.16,24.2,153.3,4,502.65,459.99,0,0,2,5,agent,north,plus,4188.17
CUST-000674,18.0,37867.85,15.9,9.0,12,1096.99,562.49,0,0,2,5,branch,east,premium,3364.37
CUST-000675,37.0,97678.78,45.5,116.1,7,1132.15,526.2,1,1,4,6,branch,west,premium,5487.95
CUST-000676,66.0,73687.78,38.8,23.5,4,577.5,503.89,1,0,3,5,agent,west,plus,4262.04
CUST-000677,46.0,60420.4,66.8,30.0,7,1260.64,865.93,0,0,5,7,partner,west,plus,4504.77
CUST-000678,39.0,67943.33,39.8,108.9,7,1232.15,720.49,0,1,4,7,agent,east,plus,4041.13
CUST-000679,34.0,57253.02,39.3,64.0,10,1955.75,1405.69,0,1,3,5,branch,north,premium,4776.73
CUST-000680,51.0,84953.6,31.7,14.4,3,436.35,273.79,1,0,2,5,partner,south,basic,3555.15
CUST-000681,45.0,57192.08,45.3,14.1,9,931.06,851.6,0,1,5,7,branch,south,basic,4033.5
CUST-000682,44.0,97496.52,42.6,57.8,13,2385.6,1941.34,1,1,4,5,online,west,basic,6951.31
CUST-000683,53.0,88273.16,51.2,19.7,11,1813.27,1374.99,1,0,6,8,branch,south,basic,6277.24
CUST-000684,53.0,79907.46,26.8,66.1,12,2120.21,1275.06,1,1,2,5,branch,south,plus,4828.61
CUST-000685,46.0,39168.01,28.0,70.6,11,1548.83,715.79,0,0,4,7,branch,south,enterprise,3581.23
CUST-000686,24.0,52012.7,27.4,25.5,7,1036.46,854.83,1,0,2,3,agent,south,plus,3244.49
CUST-000687,30.0,74375.93,44.9,31.3,10,1017.7,480.83,0,0,5,8,online,east,basic,5445.02
CUST-000688,34.0,75356.49,54.6,59.1,10,1668.04,839.32,0,0,5,8,branch,north,premium,5407.99
CUST-000689,41.0,92735.21,27.7,24.6,5,801.95,582.88,0,0,2,3,branch,west,plus,5004.75
CUST-000690,57.0,23392.86,28.1,49.4,5,700.37,564.32,1,1,2,4,partner,east,plus,2441.53
CUST-000691,64.0,62153.58,38.3,182.2,6,842.64,541.15,1,1,3,6,online,south,plus,2839.82
CUST-000692,45.0,90886.17,30.6,61.1,7,1014.58,737.45,1,1,3,4,online,south,plus,4174.69
CUST-000693,47.0,69748.66,47.1,35.2,4,628.36,570.31,0,0,4,6,branch,west,basic,2626.69
CUST-000694,24.0,67406.93,3.0,163.1,6,987.29,574.81,1,0,1,3,partner,west,enterprise,2668.23
CUST-000695,36.0,46798.41,22.6,80.7,3,320.53,150.86,1,0,3,6,online,east,basic,2821.25
CUST-000696,35.0,94872.09,23.2,20.1,4,672.87,372.96,3,0,3,6,online,south,plus,4319.93
CUST-000697,34.0,67089.23,2.0,23.4,7,1487.31,981.39,0,0,0,3,partner,north,basic,3460.16
CUST-000698,47.0,95505.19,20.7,10.1,15,1622.78,1323.15,1,0,1,2,online,north,plus,5674.51
CUST-000699,36.0,102202.27,21.4,58.4,6,1152.41,745.67,1,1,2,3,agent,west,premium,4414.41
CUST-000700,20.0,99527.03,31.2,6.4,9,915.65,665.48,1,0,3,6,partner,west,plus,5136.47
CUST-000701,50.0,75235.15,49.3,163.0,8,1206.13,863.51,2,0,4,7,branch,south,basic,4327.57
CUST-000702,54.0,67103.47,30.6,38.4,5,387.41,263.16,0,1,3,5,online,south,premium,3825.69
CUST-000703,44.0,65877.37,19.8,84.0,10,1702.97,893.61,0,0,2,5,partner,west,premium,4257.44
CUST-000704,39.0,111248.81,33.2,35.9,6,1014.12,488.78,1,1,3,4,branch,north,basic,4703.89
CUST-000705,31.0,72004.47,48.5,57.7,3,608.34,331.79,1,1,6,8,partner,east,basic,3289.51
CUST-000706,32.0,94775.57,20.6,42.3,7,792.54,457.29,1,0,1,4,agent,west,plus,3157.47
CUST-000707,53.0,84501.86,21.5,48.4,3,825.88,444.45,2,0,2,3,branch,west,plus,4416.48
CUST-000708,33.0,68411.12,41.7,101.4,6,1030.43,556.9,1,0,3,6,agent,east,basic,3100.77
CUST-000709,63.0,71263.88,30.9,133.5,7,944.9,695.4,0,0,1,3,agent,north,premium,3407.78
CUST-000710,51.0,97119.83,42.9,126.9,12,1946.63,1291.82,0,0,3,5,branch,west,plus,5378.87
CUST-000711,45.0,76381.4,33.8,271.3,8,525.8,298.44,0,0,4,5,agent,north,basic,2721.15
CUST-000712,71.0,67649.99,43.7,26.9,5,1077.1,604.06,0,2,4,5,agent,south,basic,4192.09
CUST-000713,55.0,61294.96,19.7,61.6,8,664.88,343.96,1,0,1,3,agent,north,basic,3471.61
CUST-000714,36.0,81579.88,33.8,27.4,10,1931.13,1496.91,1,1,3,6,online,north,basic,4997.58
CUST-000715,30.0,66522.35,31.1,98.7,1,408.04,274.89,0,0,3,5,partner,north,enterprise,3334.55
CUST-000716,36.0,86508.64,17.2,20.9,7,991.1,755.55,0,1,0,3,branch,south,basic,3626.82
CUST-000717,40.0,121613.36,12.5,102.5,7,848.61,532.83,0,0,2,5,agent,north,basic,4346.98
CUST-000718,33.0,85144.35,43.4,54.0,8,1835.68,899.4,2,1,4,7,branch,north,premium,4670.38
CUST-000719,29.0,108292.53,29.2,44.0,6,998.42,835.5,1,1,3,6,partner,north,plus,4613.09
CUST-000720,44.0,62951.71,19.9,47.7,11,1825.39,857.1,0,0,3,6,agent,east,premium,4557.17
CUST-000721,51.0,88130.27,32.7,17.9,8,875.31,545.07,0,1,1,4,branch,east,plus,3793.4
CUST-000722,61.0,98420.08,49.5,19.2,6,1062.57,770.38,0,1,4,6,online,north,enterprise,5120.9
CUST-000723,42.0,100655.48,2.6,54.7,4,609.07,464.3,2,0,1,3,partner,west,plus,2782.87
CUST-000724,48.0,98845.59,13.4,54.4,8,665.21,449.96,0,1,1,3,online,north,plus,4473.45
CUST-000725,21.0,76117.14,21.3,28.4,8,1930.2,1593.35,0,1,2,4,branch,north,basic,4213.87
CUST-000726,50.0,91837.17,54.1,38.1,12,2814.45,1900.9,0,1,6,8,agent,south,plus,6826.63
CUST-000727,30.0,57502.22,37.9,65.2,10,1933.72,1629.81,0,1,4,6,agent,west,basic,4917.44
CUST-000728,44.0,104746.88,44.6,24.5,10,1964.26,1111.82,1,0,4,5,agent,south,plus,6448.83
CUST-000729,41.0,58679.91,18.3,8.9,6,1356.31,911.57,0,0,2,4,agent,west,plus,3607.05
CUST-000730,38.0,98393.14,18.6,119.6,10,1142.41,530.69,1,1,0,2,partner,south,basic,3794.73
CUST-000731,25.0,94602.58,40.2,57.4,2,84.5,60.99,1,0,4,5,online,east,basic,4077.2
CUST-000732,33.0,94488.2,34.8,32.5,5,782.9,500.43,2,0,3,4,online,south,plus,4781.35
CUST-000733,31.0,112999.13,41.6,27.3,10,1944.53,1497.6,1,0,4,7,partner,east,premium,6273.11
CUST-000734,34.0,94761.9,31.4,24.3,7,1071.87,856.31,1,0,3,6,online,south,premium,4943.05
CUST-000735,54.0,51940.1,37.8,98.4,5,419.57,274.2,0,0,3,5,online,north,premium,3277.3
CUST-000736,37.0,86436.05,36.2,15.3,12,1867.19,1374.18,0,2,3,4,online,south,plus,5735.74
CUST-000737,34.0,41810.25,44.7,61.5,11,1789.08,1420.63,1,0,5,6,agent,south,plus,4838.37
CUST-000738,48.0,74178.33,45.1,61.4,5,775.65,654.09,2,1,3,6,partner,east,premium,3822.4
CUST-000739,45.0,68215.27,11.7,78.0,6,850.95,424.98,0,0,2,5,branch,south,basic,3938.5
CUST-000740,63.0,87299.82,3.0,34.9,11,668.79,473.18,2,0,1,2,online,east,plus,4106.38
CUST-000741,52.0,61004.49,47.8,113.2,12,2195.73,1942.49,0,0,5,6,agent,north,basic,4355.12
CUST-000742,19.0,61544.84,50.4,79.6,9,2380.38,1388.94,3,0,4,7,agent,east,plus,5522.05
CUST-000743,50.0,84840.16,19.9,34.0,7,1009.13,752.26,0,0,2,5,branch,east,premium,4397.84
CUST-000744,49.0,96964.43,8.4,26.3,3,724.63,422.23,1,1,0,2,agent,north,basic,3428.29
CUST-000745,59.0,75865.88,35.4,42.4,6,782.81,648.02,0,0,3,6,online,north,enterprise,4039.73
CUST-000746,39.0,117633.55,46.8,33.1,10,1740.94,1391.68,1,0,4,6,partner,north,basic,6604.47
CUST-000747,53.0,69639.81,58.8,22.9,9,1366.43,1224.69,1,1,4,5,online,north,basic,4956.88
CUST-000748,37.0,88053.91,41.1,49.3,8,1486.26,1157.07,0,0,3,4,partner,west,premium,5716.77
CUST-000749,44.0,81961.2,28.9,38.3,3,510.64,347.18,2,1,2,5,online,north,premium,3719.74
CUST-000750,29.0,69649.07,21.7,130.6,7,1345.0,947.32,0,0,2,4,agent,north,basic,3670.97
CUST-000751,26.0,99423.75,34.2,33.1,6,771.81,630.05,0,0,4,7,online,north,basic,4005.2
CUST-000752,51.0,59792.83,29.9,26.1,8,770.67,614.07,0,0,4,6,partner,west,plus,3974.41
CUST-000753,41.0,38453.58,20.0,47.0,9,1711.5,864.94,1,0,1,2,agent,east,plus,4454.51
CUST-000754,27.0,73548.38,62.2,56.1,11,2104.48,1242.89,0,1,5,8,partner,north,plus,5090.2
CUST-000755,50.0,71194.97,58.6,59.1,7,1386.37,1068.58,0,0,5,8,branch,north,premium,4749.42
CUST-000756,18.0,94949.74,49.7,58.7,5,969.56,482.27,2,1,5,8,online,east,basic,5179.83
CUST-000757,32.0,53323.11,21.3,48.2,7,1102.8,838.28,0,1,2,4,online,west,basic,2876.34
CUST-000758,23.0,85245.37,45.8,45.7,4,697.94,597.31,0,0,5,8,partner,east,premium,4384.71
CUST-000759,54.0,83066.38,42.8,70.9,13,2056.39,1280.8,1,0,4,5,agent,east,plus,5797.8
CUST-000760,36.0,81629.04,40.1,21.2,6,1205.05,665.74,1,2,2,3,partner,south,plus,4705.88
CUST-000761,42.0,94612.06,51.2,26.2,5,1025.96,873.49,0,1,4,5,branch,west,premium,4175.98
CUST-000762,44.0,75396.53,42.8,12.0,5,1428.16,965.89,0,1,3,4,branch,south,premium,4429.38
CUST-000763,50.0,76757.96,44.2,21.5,6,1296.23,1090.34,0,0,3,5,agent,west,basic,3757.28
CUST-000764,49.0,83923.69,42.8,92.2,10,2043.74,994.7,0,0,3,5,branch,west,premium,4607.52
CUST-000765,50.0,73983.36,38.7,68.9,7,1684.71,925.81,0,0,4,6,partner,west,plus,5068.08
CUST-000766,38.0,51459.73,9.4,141.7,4,60.0,50.0,0,0,1,3,branch,east,premium,1968.87
CUST-000767,50.0,68429.98,35.2,120.8,4,787.31,520.12,1,0,3,4,partner,south,plus,3999.81
CUST-000768,34.0,71157.4,26.3,69.3,9,1539.29,1330.85,0,0,4,7,online,east,enterprise,4771.74
CUST-000769,37.0,65695.38,16.4,52.0,5,955.54,719.79,0,1,1,3,branch,south,premium,2967.74
CUST-000770,24.0,70121.73,57.2,47.7,2,391.19,179.32,0,0,5,7,agent,west,plus,3843.99
CUST-000771,59.0,79051.53,57.8,5.9,10,1156.18,533.73,1,1,5,7,online,west,plus,4317.58
CUST-000772,30.0,70887.77,52.7,44.0,2,60.0,50.0,1,0,5,7,agent,north,plus,3648.14
CUST-000773,57.0,91190.21,37.5,30.0,9,1141.0,563.22,0,2,3,5,agent,west,plus,4931.0
CUST-000774,47.0,91471.01,52.6,22.3,5,1074.02,594.49,0,0,4,6,partner,east,basic,4753.61
CUST-000775,43.0,33000.6,34.2,62.0,8,1848.84,1438.89,0,0,3,5,agent,east,basic,3280.14
CUST-000776,45.0,50021.95,36.8,40.2,6,1434.76,813.43,0,0,4,6,online,west,plus,3499.82
CUST-000777,29.0,32533.16,18.9,49.8,8,902.2,613.85,0,0,2,5,partner,north,plus,4111.15
CUST-000778,59.0,70890.0,39.5,19.6,7,934.58,594.2,2,0,2,5,online,west,plus,4339.3
CUST-000779,37.0,69770.59,34.8,81.8,5,557.48,340.94,0,2,3,4,branch,north,plus,3438.85
CUST-000780,52.0,78536.23,16.0,33.0,8,1046.25,595.02,2,1,2,3,agent,north,basic,4724.7
CUST-000781,35.0,90984.01,33.3,59.8,9,1064.87,683.15,0,0,2,3,agent,east,premium,5309.19
CUST-000782,25.0,75049.29,32.9,35.1,5,499.44,267.65,0,1,3,4,agent,west,premium,4405.13
CUST-000783,63.0,64966.68,58.8,4.7,13,2670.98,2400.41,1,1,5,8,branch,west,premium,5774.01
CUST-000784,34.0,75740.98,46.3,63.7,10,1371.45,821.1,0,0,5,6,partner,north,premium,4749.1
CUST-000785,46.0,66928.58,34.2,42.1,9,2100.95,1665.25,0,0,3,4,partner,west,premium,5454.32
CUST-000786,18.0,49226.44,37.4,11.2,7,1693.47,994.99,1,0,4,5,partner,east,premium,4498.56
CUST-000787,40.0,93059.17,34.6,17.6,8,1310.61,751.28,0,0,4,7,online,south,plus,5474.87
CUST-000788,48.0,83460.87,31.2,83.4,10,2368.98,1603.5,0,2,2,4,online,east,plus,5202.94
CUST-000789,43.0,101899.32,19.1,11.7,7,556.22,441.79,0,0,1,2,online,south,basic,4737.35
CUST-000790,40.0,53552.05,31.9,32.3,3,421.46,190.43,2,0,3,6,partner,south,enterprise,3614.29
CUST-000791,39.0,46752.85,23.7,149.6,8,1474.5,782.1,0,0,3,6,online,north,plus,2886.82
CUST-000792,51.0,58971.39,16.8,64.8,13,2443.84,1989.12,3,0,2,5,branch,south,plus,4870.69
CUST-000793,27.0,82998.11,41.0,75.9,8,2057.01,1266.9,0,0,4,6,partner,east,plus,5672.99
CUST-000794,38.0,91279.8,39.4,37.6,5,750.61,639.55,1,0,2,5,agent,north,premium,3851.03
CUST-000795,57.0,80971.68,9.4,10.2,8,1106.12,567.02,0,0,1,2,online,west,premium,4127.14
CUST-000796,25.0,78403.79,32.3,53.2,7,1194.13,993.64,1,0,1,2,online,south,basic,4814.78
CUST-000797,40.0,91200.3,47.7,18.7,10,1438.32,1067.8,0,3,5,8,branch,west,plus,5767.81
CUST-000798,29.0,67548.92,48.6,17.2,10,1090.46,577.06,1,0,5,6,agent,north,enterprise,3265.98
CUST-000799,44.0,94834.7,48.1,49.0,7,987.35,450.04,0,0,4,5,agent,south,premium,5418.64
CUST-000800,41.0,111548.95,34.5,19.9,8,1443.17,1247.26,0,1,1,2,online,south,basic,4327.37
CUST-000801,31.0,56689.15,22.4,45.0,7,1684.86,986.95,1,1,2,4,partner,east,plus,4102.47
CUST-000802,41.0,71245.61,19.1,26.9,5,839.96,473.27,0,2,2,4,partner,east,plus,3090.09
CUST-000803,42.0,50801.61,38.7,43.9,9,1680.54,901.46,0,0,4,6,agent,north,enterprise,4211.46
CUST-000804,34.0,58445.39,39.2,30.7,5,1062.83,655.61,0,0,5,7,agent,east,enterprise,4132.98
CUST-000805,36.0,82884.43,51.7,44.8,6,898.29,625.4,0,0,4,5,agent,east,basic,4838.32
CUST-000806,34.0,45477.54,49.2,114.4,7,1322.29,891.9,1,0,6,7,online,east,basic,4544.0
CUST-000807,18.0,61786.11,32.2,77.1,8,1509.14,1282.88,1,0,1,4,partner,east,basic,3335.44
CUST-000808,51.0,94783.98,16.9,41.3,4,827.95,449.37,0,0,1,2,agent,east,basic,4670.3
CUST-000809,54.0,79840.72,29.6,102.9,7,1272.37,1019.0,0,1,2,4,online,east,plus,3978.12
CUST-000810,22.0,89642.65,37.0,60.4,9,1038.82,911.39,1,1,4,7,branch,north,plus,4423.75
CUST-000811,54.0,52534.74,31.2,98.4,9,1839.0,859.41,0,1,2,3,partner,east,premium,4960.54
CUST-000812,45.0,77037.65,26.0,13.0,8,1309.8,1051.87,0,0,3,4,online,west,basic,5131.7
CUST-000813,29.0,109779.63,37.5,20.1,6,1030.14,596.46,1,1,4,7,branch,south,basic,4252.36
CUST-000814,39.0,63904.49,27.1,52.7,12,1847.87,1220.36,0,1,2,3,partner,south,plus,4754.68
CUST-000815,33.0,67034.32,25.3,40.5,6,1184.76,567.15,0,0,2,3,online,east,plus,3883.51
CUST-000816,51.0,86289.25,38.3,44.9,4,1057.49,622.17,3,0,3,5,branch,north,basic,4238.37
CUST-000817,31.0,59621.69,28.5,67.2,5,552.5,277.73,0,0,3,4,agent,south,basic,3482.98
CUST-000818,64.0,88729.27,37.4,53.1,3,610.73,341.67,0,0,3,5,branch,north,premium,4257.4
CUST-000819,54.0,43478.96,37.8,82.0,8,868.98,404.43,2,0,4,5,online,south,basic,3094.3
CUST-000820,28.0,32157.03,18.3,80.6,8,1865.27,1662.47,0,1,3,6,online,west,premium,3538.04
CUST-000821,59.0,81478.53,27.4,20.9,8,1333.7,1161.38,0,0,2,5,agent,west,enterprise,4357.33
CUST-000822,49.0,58181.81,53.8,5.0,4,627.11,474.08,0,0,5,7,online,south,basic,4112.02
CUST-000823,39.0,65635.19,18.0,19.8,10,1667.79,1005.42,0,0,2,3,agent,west,premium,4699.16
CUST-000824,48.0,91597.97,4.8,18.7,6,860.35,768.6,0,0,1,4,online,south,premium,4391.3
CUST-000825,51.0,87054.66,8.3,47.3,7,869.2,788.15,0,0,0,2,branch,south,plus,3723.85
CUST-000826,33.0,53727.06,34.4,46.9,4,880.44,724.98,0,1,2,5,online,west,plus,3558.0
CUST-000827,50.0,85173.75,34.4,38.7,4,944.19,727.36,0,0,2,5,branch,east,basic,4220.89
CUST-000828,36.0,70414.82,32.4,62.0,10,2080.69,1257.85,4,2,4,6,online,east,premium,4467.81
CUST-000829,50.0,83326.3,50.7,192.0,6,979.94,847.79,0,1,4,7,branch,south,plus,3579.23
CUST-000830,39.0,75455.75,1.0,38.1,3,225.73,154.62,0,1,1,4,online,east,premium,2553.28
CUST-000831,30.0,48756.32,39.5,54.3,11,1710.3,1277.94,0,0,3,5,online,west,premium,4720.3
CUST-000832,48.0,62982.34,55.5,44.9,7,1652.19,878.01,1,0,4,6,online,north,premium,5059.8
CUST-000833,37.0,32400.73,18.5,28.6,6,1033.16,475.33,2,0,1,3,branch,west,premium,3042.09
CUST-000834,43.0,79151.79,28.8,67.6,7,814.82,744.85,2,0,1,4,online,south,enterprise,3783.1
CUST-000835,45.0,82962.82,23.6,36.7,8,1523.6,1130.66,0,0,2,3,branch,south,enterprise,4184.51
CUST-000836,57.0,63139.01,21.7,24.0,7,1087.3,839.49,0,1,2,4,online,south,plus,3751.68
CUST-000837,36.0,73735.89,29.5,25.4,7,862.35,408.48,0,1,2,3,partner,west,basic,3126.63
CUST-000838,32.0,58285.48,53.7,84.0,4,753.2,488.15,1,1,5,6,online,north,basic,4041.35
CUST-000839,59.0,98433.85,59.3,66.5,9,1052.89,614.47,1,0,6,9,online,south,plus,5933.4
CUST-000840,41.0,52671.47,29.4,31.2,10,979.76,825.7,1,0,4,6,branch,west,basic,3778.13
CUST-000841,35.0,70220.06,60.3,61.3,8,1872.7,1270.07,1,0,5,7,online,south,premium,5152.88
CUST-000842,45.0,52449.74,34.5,45.2,8,1741.32,1098.29,2,0,3,6,agent,north,premium,4453.57
CUST-000843,37.0,80045.49,58.2,54.9,4,1151.41,598.15,0,0,5,6,branch,west,plus,4215.04
CUST-000844,38.0,94506.27,32.7,28.0,8,1686.71,1063.08,3,0,3,6,branch,north,premium,5087.42
CUST-000845,69.0,38450.95,35.8,19.2,3,539.13,334.35,0,0,3,5,online,west,plus,3339.71
CUST-000846,30.0,87590.99,39.0,36.6,4,588.67,482.64,0,1,3,4,online,south,plus,4259.04
CUST-000847,25.0,105186.55,77.8,22.1,8,1491.8,1265.54,1,0,7,8,online,east,premium,5965.09
CUST-000848,54.0,78140.02,45.7,20.8,8,1544.32,970.21,0,0,3,5,agent,east,premium,4813.87
CUST-000849,37.0,63673.1,24.3,13.7,8,1644.97,1057.44,2,0,2,5,branch,south,premium,4056.59
CUST-000850,45.0,75133.29,47.4,5.0,6,1364.57,1239.51,1,0,2,5,agent,south,plus,4838.22
CUST-000851,48.0,65997.54,29.0,31.6,8,1007.41,632.4,0,0,3,4,partner,north,plus,5019.29
CUST-000852,22.0,111176.04,27.3,94.4,7,1308.7,975.57,2,0,1,3,branch,north,plus,3826.39
CUST-000853,54.0,90848.61,46.5,79.5,9,1436.16,737.26,0,1,4,6,agent,north,premium,4015.87
CUST-000854,35.0,92026.96,34.4,125.5,10,1330.39,866.85,0,0,2,4,agent,north,enterprise,3994.2
CUST-000855,62.0,114609.39,37.8,20.0,10,2357.62,1328.64,0,0,4,6,agent,south,premium,6160.12
CUST-000856,32.0,100020.45,34.2,70.6,7,625.12,352.67,0,0,3,6,online,west,premium,4160.34
CUST-000857,58.0,73633.61,38.6,41.1,5,1350.56,756.34,0,0,3,4,online,south,basic,4637.35
CUST-000858,60.0,76275.12,39.9,25.5,7,1258.08,846.83,1,1,4,6,online,east,plus,4621.14
CUST-000859,36.0,118294.74,7.3,87.5,4,433.26,254.86,1,0,0,1,partner,south,premium,3557.61
CUST-000860,39.0,62511.48,43.2,41.4,6,1093.15,911.57,0,0,4,5,branch,east,premium,4833.23
CUST-000861,38.0,72729.41,20.5,8.9,6,803.16,530.81,1,1,2,4,online,east,plus,3518.67
CUST-000862,58.0,57586.31,14.1,79.0,6,689.0,327.81,2,1,1,2,online,east,basic,3547.71
CUST-000863,43.0,43090.11,33.2,58.4,6,863.81,566.8,2,0,2,5,branch,east,premium,4045.46
CUST-000864,47.0,59983.05,35.2,49.3,11,1671.37,830.06,1,0,3,5,agent,west,basic,3970.29
CUST-000865,39.0,60336.28,24.4,16.7,4,289.48,150.29,1,0,2,4,online,east,plus,2453.99
CUST-000866,46.0,64566.81,45.5,53.4,3,490.84,252.09,0,1,3,5,branch,south,plus,3487.23
CUST-000867,47.0,86839.45,15.5,114.6,8,1003.3,825.34,0,0,1,3,branch,north,enterprise,4098.77
CUST-000868,34.0,75604.57,28.4,57.3,13,1474.24,961.04,0,2,2,5,online,west,basic,4513.45
CUST-000869,60.0,94016.73,25.9,11.9,6,565.91,254.92,0,0,2,4,branch,north,premium,3369.1
CUST-000870,39.0,78536.04,33.4,60.3,6,1471.04,1015.76,2,0,3,6,partner,north,basic,3738.14
CUST-000871,52.0,79041.69,37.8,57.7,7,1128.92,614.79,2,1,3,6,agent,south,plus,4022.75
CUST-000872,27.0,70574.32,20.1,74.5,6,1164.1,916.32,0,0,2,3,branch,west,plus,4239.5
CUST-000873,49.0,110864.01,44.0,56.6,8,1280.65,1143.06,2,0,4,7,online,south,plus,5055.83
CUST-000874,53.0,68197.73,34.9,20.8,2,249.8,132.41,1,1,3,6,agent,east,premium,3252.32
CUST-000875,44.0,92318.98,7.9,47.4,9,2031.36,1178.06,1,0,1,3,branch,south,premium,5035.71
CUST-000876,53.0,54538.97,7.0,37.0,6,859.68,674.65,0,1,1,2,agent,west,enterprise,3750.77
CUST-000877,33.0,71436.4,33.8,51.5,11,2478.91,1852.28,0,0,1,2,agent,west,premium,4795.16
CUST-000878,46.0,111954.91,31.0,89.6,7,1011.76,849.18,0,0,2,3,agent,south,plus,4876.65
CUST-000879,24.0,88149.38,32.6,26.9,7,1279.42,966.11,0,1,2,5,branch,south,basic,5131.04
CUST-000880,43.0,50623.71,33.6,137.8,5,1136.71,613.54,2,1,3,5,branch,south,basic,2945.05
CUST-000881,32.0,57245.2,37.1,60.1,5,703.19,592.52,2,0,3,5,branch,east,plus,3287.94
CUST-000882,40.0,104657.09,47.1,79.3,4,678.24,356.47,0,0,4,6,branch,east,basic,4529.91
CUST-000883,56.0,77408.95,18.7,72.3,7,578.27,283.0,1,0,2,4,partner,south,basic,3216.52
CUST-000884,60.0,70864.29,17.9,58.4,4,633.12,564.47,1,0,1,2,agent,south,basic,3008.99
CUST-000885,27.0,61796.11,18.9,66.0,8,1379.95,999.62,0,1,2,5,agent,east,plus,3701.7
CUST-000886,55.0,70105.39,38.0,1.0,4,379.02,229.55,2,0,2,4,online,east,basic,3600.96
CUST-000887,56.0,101268.64,51.2,72.2,9,1407.84,803.17,0,0,5,7,online,east,basic,5584.26
CUST-000888,45.0,63218.25,28.1,22.2,8,1439.14,704.91,1,0,2,5,online,north,plus,3856.6
CUST-000889,56.0,64982.59,1.0,43.2,6,808.05,576.29,2,1,0,3,online,west,basic,2991.78
CUST-000890,36.0,86610.27,10.5,58.1,9,2294.52,1971.09,0,2,0,3,agent,west,basic,5108.24
CUST-000891,35.0,57104.07,22.5,92.2,8,1608.1,1237.54,1,1,2,5,partner,west,premium,4322.79
CUST-000892,35.0,58989.18,26.3,22.2,9,1345.13,1087.07,0,0,1,3,branch,north,premium,3999.58
CUST-000893,49.0,75931.94,28.4,32.2,11,1965.1,1436.99,0,0,1,3,partner,east,plus,4966.0
CUST-000894,40.0,76383.22,34.5,35.6,6,1376.13,625.65,1,2,3,6,online,east,plus,3929.22
CUST-000895,33.0,61252.55,29.7,51.9,9,1622.12,1069.29,1,0,3,6,online,south,basic,4466.57
CUST-000896,34.0,84335.87,48.5,37.3,8,898.42,419.4,0,0,4,5,online,west,plus,5379.69
CUST-000897,41.0,79757.29,24.7,66.2,6,1834.98,895.86,0,0,1,2,agent,north,basic,5188.06
CUST-000898,32.0,40295.42,22.1,9.3,6,1243.75,662.4,0,1,2,3,online,east,plus,3737.46
CUST-000899,48.0,89867.64,40.6,40.8,9,924.96,802.87,1,0,4,7,online,east,plus,4760.2
CUST-000900,54.0,65566.34,12.8,121.9,4,810.43,446.63,1,0,1,2,online,south,basic,2893.91
CUST-000901,52.0,90327.72,39.4,37.4,8,1230.98,815.31,0,0,4,7,branch,west,premium,4417.8
CUST-000902,73.0,113253.08,35.4,60.2,5,771.89,665.32,0,2,3,4,partner,east,plus,4526.47
CUST-000903,46.0,74611.11,32.0,83.1,8,813.35,625.23,1,0,2,3,online,north,basic,4141.8
CUST-000904,60.0,64211.17,55.9,58.9,2,370.39,189.77,1,0,4,5,online,south,premium,3966.18
CUST-000905,43.0,100636.91,25.4,145.6,8,942.9,629.2,3,2,3,6,online,west,basic,4016.9
CUST-000906,38.0,60714.5,62.4,48.2,10,1506.13,1223.49,0,0,6,7,agent,north,basic,5082.31
CUST-000907,42.0,109882.6,30.9,68.4,7,1379.83,908.79,1,1,2,5,agent,north,plus,3766.63
CUST-000908,43.0,67474.62,16.4,53.4,5,728.4,402.22,1,1,2,4,online,west,premium,3537.38
CUST-000909,40.0,64533.99,35.0,106.5,6,1145.63,862.03,1,1,2,3,online,north,enterprise,3569.14
CUST-000910,29.0,118404.67,19.2,33.4,8,1612.69,1034.62,0,0,1,2,agent,west,premium,4916.65
CUST-000911,30.0,82353.01,23.6,153.1,6,908.83,628.42,0,0,1,2,online,east,enterprise,3827.96
CUST-000912,53.0,105014.04,39.5,27.4,10,1470.14,747.92,1,0,2,3,agent,east,plus,6102.0
CUST-000913,50.0,75346.55,41.7,129.4,4,615.12,538.46,1,0,3,6,branch,east,basic,3435.31
CUST-000914,61.0,74066.03,25.4,20.1,13,1893.48,1671.73,0,0,2,4,partner,west,plus,5442.35
CUST-000915,37.0,23165.08,47.6,69.9,7,980.65,581.06,0,3,4,5,online,west,premium,3021.14
CUST-000916,36.0,94029.38,50.0,45.2,15,2930.62,1721.81,0,0,4,6,branch,west,basic,7398.36
CUST-000917,28.0,82753.28,53.8,81.9,7,883.97,468.67,0,1,4,5,agent,east,plus,3772.98
CUST-000918,53.0,73806.21,41.3,61.2,3,589.13,427.32,0,1,3,5,online,south,basic,3556.87
CUST-000919,31.0,86472.97,52.8,79.0,6,967.58,525.94,2,0,3,4,online,south,plus,4861.84
CUST-000920,41.0,76507.87,8.1,19.5,4,343.83,254.02,0,1,1,2,agent,south,plus,3379.97
CUST-000921,44.0,58837.58,29.6,11.0,4,557.38,498.57,0,0,1,4,partner,west,premium,3837.8
CUST-000922,24.0,82346.15,22.1,16.9,5,1102.8,589.99,0,0,1,4,partner,south,plus,3211.33
CUST-000923,50.0,72386.14,35.6,16.5,8,746.73,415.31,0,0,3,6,agent,north,basic,4049.31
CUST-000924,52.0,89157.66,26.1,19.3,11,2742.58,1351.71,1,1,2,5,branch,north,plus,5670.93
CUST-000925,44.0,70773.65,31.7,28.9,7,919.61,549.94,0,1,3,6,online,east,basic,3954.54
CUST-000926,40.0,67382.74,59.9,28.7,7,548.1,473.76,1,0,5,6,branch,north,basic,3594.73
CUST-000927,41.0,66023.09,31.7,46.0,7,1075.62,492.09,0,0,4,7,online,east,premium,3950.08
CUST-000928,56.0,59906.89,39.7,23.6,7,1384.8,1037.28,1,0,5,7,agent,north,plus,4327.28
CUST-000929,42.0,66412.62,30.8,25.1,4,648.62,408.95,1,0,3,6,branch,east,plus,3765.91
CUST-000930,41.0,83592.88,35.0,39.1,9,1757.37,1053.1,2,1,3,6,agent,east,basic,5399.65
CUST-000931,33.0,62324.32,34.1,89.4,3,636.54,337.96,1,0,3,6,online,east,enterprise,3319.85
CUST-000932,18.0,54661.0,40.2,33.0,7,1212.47,1020.16,2,1,3,5,partner,east,premium,4206.48
CUST-000933,53.0,90027.78,50.1,43.9,10,3128.27,2617.46,0,0,4,7,online,south,premium,6832.08
CUST-000934,41.0,73331.74,56.7,49.1,6,1186.85,556.9,0,1,6,7,online,north,basic,5132.97
CUST-000935,31.0,89642.86,38.3,21.3,8,1486.41,1071.68,1,0,1,2,agent,east,basic,3971.08
CUST-000936,64.0,71853.5,42.1,35.5,8,1368.1,882.46,0,0,3,4,branch,north,plus,5072.92
CUST-000937,46.0,65527.05,18.1,26.7,3,535.67,242.62,2,0,3,5,agent,west,basic,3848.93
CUST-000938,39.0,44440.58,32.8,83.9,11,1906.62,1131.6,1,0,3,5,partner,east,plus,4166.09
CUST-000939,52.0,55479.91,47.0,79.4,9,1762.78,949.02,4,1,4,6,online,west,premium,4259.08
CUST-000940,45.0,60111.2,45.9,24.6,7,1217.12,984.43,0,1,3,5,agent,east,enterprise,3749.07
CUST-000941,45.0,80875.66,36.9,43.3,6,599.7,395.95,0,0,4,5,online,west,plus,3440.53
CUST-000942,34.0,73856.86,46.2,68.4,4,1015.32,837.7,0,0,5,8,online,west,basic,4478.51
CUST-000943,49.0,57359.58,40.8,56.7,7,1490.94,1349.82,1,0,4,5,online,west,basic,4760.16
CUST-000944,51.0,25765.23,50.5,61.0,10,912.76,582.93,1,0,4,5,online,north,basic,3529.28
CUST-000945,34.0,84145.61,38.0,21.4,4,671.22,477.26,0,1,3,4,branch,west,basic,4535.71
CUST-000946,20.0,91611.6,29.1,126.4,8,1660.59,1506.59,1,0,2,3,branch,east,basic,5196.01
CUST-000947,51.0,93182.97,38.6,28.5,7,1272.9,672.28,0,0,2,5,partner,west,basic,3968.44
CUST-000948,48.0,58452.27,1.0,27.8,9,1254.32,596.38,0,1,1,3,agent,north,basic,3812.18
CUST-000949,50.0,94301.44,39.3,15.1,13,2791.7,1872.45,0,0,4,7,agent,south,basic,6216.69
CUST-000950,42.0,86006.9,1.0,40.3,7,1253.58,851.56,0,0,0,2,online,west,enterprise,4028.36
CUST-000951,52.0,85920.59,10.3,95.6,7,1445.35,1281.51,0,1,0,3,online,south,plus,3826.06
CUST-000952,34.0,64849.7,40.2,56.3,6,853.07,566.57,0,0,3,5,agent,west,premium,4216.4
CUST-000953,39.0,73429.35,40.6,42.7,6,107.64,70.9,0,1,4,5,agent,north,premium,3046.3
CUST-000954,29.0,108785.97,18.0,75.7,10,1248.15,853.88,0,0,1,2,agent,south,plus,5428.25
CUST-000955,54.0,106010.95,24.2,94.1,6,1232.39,812.69,1,1,3,4,branch,south,plus,4555.38
CUST-000956,40.0,74949.59,52.9,79.3,9,1443.86,1259.65,0,2,4,6,online,north,premium,4552.24
CUST-000957,44.0,79269.17,27.3,8.1,7,1354.01,1002.47,0,0,3,4,online,south,plus,4104.61
CUST-000958,46.0,36308.8,64.9,76.1,9,1823.32,1502.89,0,0,5,8,partner,north,plus,4225.5
CUST-000959,38.0,97489.92,34.0,62.6,10,1432.35,748.65,0,0,3,4,online,north,basic,5192.72
CUST-000960,50.0,89240.0,39.6,24.2,11,1666.86,1436.34,0,0,4,7,partner,north,premium,5252.78
CUST-000961,59.0,82029.94,56.3,62.8,7,228.38,206.89,2,1,4,5,online,south,plus,3742.29
CUST-000962,52.0,64975.63,35.8,95.7,3,60.0,53.98,1,0,3,6,online,east,basic,2383.75
CUST-000963,22.0,77014.15,20.2,29.4,10,1125.01,1025.9,0,0,2,5,agent,south,premium,4545.52
CUST-000964,42.0,102202.22,32.5,83.1,5,883.61,687.23,0,0,2,4,online,north,basic,3618.82
CUST-000965,43.0,82333.8,33.5,57.2,8,1256.65,962.1,1,0,3,5,partner,west,enterprise,4901.09
CUST-000966,55.0,123188.68,15.2,1.7,5,891.38,429.33,0,1,1,4,agent,north,premium,5387.84
CUST-000967,35.0,90425.24,30.5,45.0,10,1231.27,717.8,1,0,3,6,agent,east,premium,5656.84
CUST-000968,30.0,59280.73,23.8,55.6,14,1611.57,1321.35,2,0,2,4,agent,south,basic,3992.39
CUST-000969,50.0,68424.23,46.7,36.5,5,997.0,617.86,0,0,4,5,online,north,plus,4602.3
CUST-000970,41.0,63042.1,34.5,58.7,9,1435.92,1064.94,0,0,3,4,agent,west,basic,4256.89
CUST-000971,34.0,91257.34,30.1,41.5,5,1042.39,756.41,0,0,1,4,online,north,plus,4682.98
CUST-000972,38.0,96582.58,32.5,172.8,9,656.54,474.63,2,0,3,6,agent,north,premium,4011.33
CUST-000973,25.0,106711.83,37.1,34.6,5,981.45,612.53,0,0,3,6,agent,north,basic,4633.87
CUST-000974,43.0,69835.99,42.5,24.7,3,433.67,375.5,1,0,3,4,partner,north,premium,3482.46
CUST-000975,38.0,84242.81,20.2,80.3,7,1189.66,674.55,1,1,1,3,agent,south,plus,3837.03
CUST-000976,47.0,98866.19,19.6,38.0,10,2334.03,1895.4,0,0,2,3,partner,north,enterprise,5514.68
CUST-000977,39.0,103715.66,49.2,43.2,8,1153.7,532.93,0,0,4,6,online,north,plus,5149.95
CUST-000978,41.0,53669.18,28.3,40.5,7,1382.52,1166.92,0,0,2,3,branch,north,basic,4148.25
CUST-000979,36.0,86980.8,14.5,77.4,7,645.21,520.25,0,0,1,3,agent,north,premium,3453.23
CUST-000980,38.0,54344.02,40.1,19.2,3,625.96,569.69,0,0,4,6,online,north,plus,3349.46
CUST-000981,29.0,64986.85,40.4,83.0,5,467.02,236.67,0,1,2,3,online,south,basic,3701.39
CUST-000982,52.0,52296.43,12.9,66.1,10,1474.9,1220.77,1,0,1,3,branch,west,plus,4047.86
CUST-000983,41.0,64641.68,37.2,138.0,6,1040.93,619.6,1,0,2,4,agent,north,plus,3204.28
CUST-000984,19.0,49724.02,44.1,52.7,4,981.56,556.08,1,0,2,4,online,west,basic,3525.65
CUST-000985,24.0,54543.55,39.2,20.4,10,1184.6,647.23,1,0,5,6,branch,east,premium,4104.65
CUST-000986,52.0,59536.34,42.7,53.1,5,752.64,592.83,0,1,3,4,online,north,premium,4858.8
CUST-000987,41.0,81274.41,14.6,57.7,3,511.93,457.13,1,2,1,2,online,north,plus,2874.23
CUST-000988,41.0,76428.73,38.6,101.1,2,309.03,233.78,2,0,2,3,online,north,basic,3525.61
CUST-000989,41.0,46226.43,29.8,20.4,7,743.96,427.72,0,0,2,5,agent,west,basic,3559.18
CUST-000990,46.0,125163.74,27.3,11.9,12,801.16,511.08,2,0,2,3,partner,north,plus,5197.32
CUST-000991,58.0,67025.21,46.0,53.8,6,536.2,302.03,2,2,4,5,partner,east,basic,3449.99
CUST-000992,46.0,51891.92,54.4,141.9,11,1726.37,833.49,1,1,4,5,online,north,plus,4238.1
CUST-000993,44.0,86304.63,58.7,72.8,10,1445.26,1171.59,0,2,5,7,online,south,plus,4643.39
CUST-000994,35.0,75736.3,52.1,75.6,9,1698.27,847.61,2,0,5,6,partner,west,premium,5152.87
CUST-000995,24.0,61191.13,32.5,14.8,7,1264.31,954.78,1,0,3,5,branch,west,basic,3925.95
CUST-000996,46.0,82849.73,38.9,47.8,7,1019.74,664.15,0,1,3,4,online,east,premium,4586.7
CUST-000997,47.0,63715.2,44.6,102.4,5,601.54,291.23,0,0,4,6,partner,south,basic,2674.09
CUST-000998,53.0,70496.21,35.7,58.2,7,1421.83,841.31,0,0,3,6,partner,south,plus,3980.16
CUST-000999,60.0,102199.89,35.8,11.1,9,1326.87,644.14,0,1,4,6,online,south,premium,5112.68
CUST-001000,28.0,78042.47,45.4,47.1,12,1754.23,1308.22,0,0,4,7,partner,north,basic,5529.76
CUST-001001,34.0,86872.82,33.2,69.4,9,2076.9,1585.87,2,1,3,4,branch,east,premium,4550.59
CUST-001002,48.0,66420.37,24.0,43.5,9,1747.25,1521.05,0,0,3,5,partner,north,premium,5055.29
CUST-001003,41.0,78576.29,28.3,22.6,10,1626.25,950.54,1,0,1,4,agent,west,premium,4892.3
CUST-001004,57.0,61944.01,42.7,81.9,4,629.03,335.15,1,0,4,6,agent,north,plus,2809.8
CUST-001005,39.0,61147.17,34.0,33.6,4,820.73,552.4,1,0,2,5,agent,east,enterprise,3799.44
CUST-001006,63.0,68395.91,38.7,62.1,10,1114.48,928.11,4,0,3,6,online,east,plus,3796.8
CUST-001007,42.0,63317.51,43.2,46.2,8,1061.98,760.31,1,0,3,6,agent,east,basic,4307.95
CUST-001008,59.0,94503.35,28.8,32.6,16,2593.03,2317.3,1,1,3,5,agent,east,plus,6415.83
CUST-001009,18.0,86243.13,44.4,152.0,5,510.66,251.09,0,0,3,5,online,south,premium,3976.02
CUST-001010,46.0,34557.25,39.2,29.8,9,1291.59,1017.85,0,0,3,6,partner,north,premium,3502.02
CUST-001011,41.0,106853.95,17.0,49.0,6,1182.55,900.69,1,0,1,4,online,east,basic,4778.79
CUST-001012,18.0,87359.05,53.9,46.1,6,994.62,561.36,1,0,5,8,partner,north,basic,5263.42
CUST-001013,41.0,96421.54,27.1,52.9,7,1122.57,614.85,1,0,2,4,agent,north,plus,4458.85
CUST-001014,27.0,72741.64,11.2,144.9,5,1035.78,652.07,1,0,2,3,agent,west,enterprise,3527.99
CUST-001015,35.0,48925.75,19.6,69.4,8,1496.36,900.19,2,0,2,5,partner,north,enterprise,4015.72
CUST-001016,44.0,51985.76,19.9,32.4,5,850.22,516.46,0,0,2,3,agent,east,basic,2413.39
CUST-001017,40.0,106549.12,34.7,117.0,7,1303.95,1029.39,1,0,4,7,online,south,basic,4345.66
CUST-001018,45.0,46527.62,30.2,77.6,8,1675.79,825.23,2,0,4,5,online,north,premium,4649.19
CUST-001019,43.0,49797.42,29.4,32.9,4,540.47,433.3,1,0,2,5,branch,west,basic,3177.31
CUST-001020,67.0,68027.73,42.5,105.7,10,1019.79,698.27,1,0,3,5,branch,east,basic,3954.31
CUST-001021,44.0,50892.72,38.7,14.6,1,90.5,50.0,1,0,4,5,agent,south,premium,2823.38
CUST-001022,42.0,85415.18,38.4,18.5,9,1617.08,1236.5,0,0,2,5,online,west,basic,4952.01
CUST-001023,46.0,86813.0,39.6,10.4,7,1363.88,853.35,0,0,2,5,partner,south,premium,4524.91
CUST-001024,41.0,83265.05,42.5,6.1,11,1966.31,1007.69,3,0,4,5,agent,south,enterprise,4969.04
CUST-001025,24.0,64763.87,5.0,100.8,8,1210.54,879.18,0,1,1,2,agent,north,basic,4169.63
CUST-001026,49.0,81016.35,29.0,53.4,10,990.5,594.67,1,1,2,5,branch,west,plus,3885.16
CUST-001027,55.0,107922.96,4.0,11.4,7,1122.53,654.75,1,0,3,5,online,west,premium,4802.01
CUST-001028,58.0,50006.78,34.5,45.2,7,1418.46,956.84,1,0,2,4,branch,west,plus,3206.33
CUST-001029,49.0,95919.01,33.9,84.8,8,1086.21,754.19,0,0,3,6,agent,north,enterprise,4273.22
CUST-001030,38.0,90362.41,48.4,25.7,4,552.25,430.95,0,0,3,5,online,south,basic,4721.18
CUST-001031,44.0,73923.91,50.4,36.5,6,932.02,635.01,1,0,5,7,online,west,enterprise,4795.26
CUST-001032,61.0,78813.32,36.8,156.6,5,711.05,498.26,3,1,3,6,partner,west,plus,3389.93
CUST-001033,39.0,82239.65,27.1,39.1,8,575.18,413.04,1,1,2,3,branch,north,basic,3849.99
CUST-001034,28.0,58241.16,40.7,12.4,3,491.22,435.13,1,0,2,4,online,south,plus,3486.06
CUST-001035,65.0,46437.49,26.7,30.8,6,968.98,482.15,0,1,4,6,online,east,premium,3823.93
CUST-001036,30.0,92136.02,34.0,10.6,8,2054.45,1565.07,0,0,2,5,online,north,basic,4721.3
CUST-001037,24.0,53410.26,47.6,73.3,5,796.5,372.42,0,0,4,5,online,south,premium,3859.23
CUST-001038,45.0,56141.98,26.3,22.8,4,618.83,353.84,1,1,2,5,agent,west,basic,3531.85
CUST-001039,45.0,66538.35,45.1,22.2,9,1482.11,1217.91,1,0,3,4,branch,west,basic,4811.18
CUST-001040,46.0,80939.53,43.3,165.6,6,723.27,448.32,0,1,2,4,online,north,plus,3487.91
CUST-001041,51.0,66830.25,20.8,16.7,4,500.79,231.64,3,0,2,5,agent,east,premium,3126.84
CUST-001042,39.0,62787.05,47.4,14.0,7,1572.45,1086.98,1,0,4,5,agent,north,plus,4968.56
CUST-001043,39.0,92968.36,43.6,19.4,8,1643.3,1077.57,1,1,4,7,online,east,plus,5890.78
CUST-001044,35.0,69820.87,35.4,86.5,13,1367.46,1211.04,0,1,4,6,branch,east,plus,5109.31
CUST-001045,43.0,61445.6,23.5,66.9,3,284.4,253.93,0,0,2,3,agent,east,plus,2939.75
CUST-001046,47.0,82921.91,22.2,30.5,8,1007.39,585.33,2,0,2,4,branch,east,plus,4174.4
CUST-001047,51.0,76873.2,26.6,28.3,11,2335.72,1951.61,0,0,2,3,branch,south,basic,6069.5
CUST-001048,31.0,76335.61,41.5,63.4,7,571.86,395.68,1,0,3,6,partner,north,plus,4094.36
CUST-001049,27.0,83800.48,20.8,54.8,5,867.49,610.61,1,1,2,3,branch,west,premium,4321.07
CUST-001050,51.0,73344.6,40.0,41.0,7,1026.03,516.75,1,2,3,4,branch,west,plus,3556.96
CUST-001051,35.0,91023.5,16.9,68.5,11,1694.25,1428.54,0,0,1,4,agent,south,premium,5051.83
CUST-001052,30.0,50107.43,31.2,18.2,7,1028.2,755.52,0,0,2,3,online,north,plus,3812.33
CUST-001053,21.0,98161.77,35.5,23.1,7,1416.85,1273.67,0,0,2,3,online,east,basic,5279.97
CUST-001054,56.0,59381.16,67.7,71.0,8,1159.23,948.21,0,1,7,9,agent,north,basic,4050.35
CUST-001055,44.0,46359.07,15.0,58.0,5,447.11,299.26,0,1,1,4,branch,west,basic,3263.37
CUST-001056,47.0,61628.97,54.3,47.6,8,913.31,778.98,0,0,4,7,agent,east,plus,3663.16
CUST-001057,46.0,69527.21,36.1,161.9,10,954.44,572.24,1,0,2,4,online,west,basic,4455.88
CUST-001058,43.0,62588.92,39.7,78.9,7,1525.98,1305.63,0,0,3,5,online,west,basic,4282.66
CUST-001059,41.0,58445.73,35.6,31.2,11,2506.95,1264.64,1,0,2,5,agent,west,premium,4979.38
CUST-001060,40.0,94009.0,40.1,24.9,4,788.83,479.74,0,0,3,4,agent,south,plus,4256.76
CUST-001061,30.0,60147.26,31.9,59.9,6,1024.29,878.91,2,0,3,6,branch,west,plus,3528.22
CUST-001062,22.0,35178.43,54.0,100.6,9,881.39,406.56,0,0,4,7,online,south,basic,3241.79
CUST-001063,66.0,69510.71,27.7,9.0,7,810.17,695.31,0,0,3,5,agent,south,plus,4168.28
CUST-001064,41.0,112635.68,49.6,56.9,2,364.5,170.89,1,1,4,6,agent,west,basic,4472.18
CUST-001065,36.0,56665.98,25.1,36.1,5,907.13,689.13,0,0,2,4,partner,south,basic,3518.58
CUST-001066,32.0,59624.96,33.2,53.4,5,1112.38,834.19,2,1,3,5,partner,south,premium,4033.66
CUST-001067,53.0,68552.47,19.2,13.1,3,640.96,305.76,0,2,2,5,agent,east,plus,3739.22
CUST-001068,43.0,103614.54,40.3,100.6,9,1242.34,1048.48,1,0,3,5,online,east,premium,5324.84
CUST-001069,32.0,69347.21,53.9,118.7,4,60.0,50.0,0,1,5,6,partner,east,premium,3536.08
CUST-001070,38.0,57398.7,32.9,74.1,4,579.48,492.64,0,0,2,5,partner,east,basic,3348.17
CUST-001071,44.0,82354.0,31.3,134.3,13,2751.36,2509.43,2,0,3,4,branch,south,premium,5192.45
CUST-001072,37.0,81014.35,18.6,34.7,5,977.06,748.32,2,0,1,2,agent,west,basic,4188.69
CUST-001073,50.0,84578.37,30.8,56.0,5,747.36,663.07,0,0,2,3,branch,west,basic,3708.98
CUST-001074,64.0,56696.95,12.1,74.9,4,748.34,556.69,0,1,2,3,branch,west,basic,3661.31
CUST-001075,36.0,65657.93,21.4,60.5,9,1239.74,1129.51,1,0,2,4,branch,south,premium,4179.41
CUST-001076,38.0,96080.68,37.1,38.2,4,550.68,454.05,0,0,4,7,branch,north,plus,4719.49
CUST-001077,32.0,83180.91,52.2,41.4,11,2763.87,2126.14,1,0,4,5,branch,north,premium,6686.5
CUST-001078,39.0,90374.74,72.7,111.8,4,812.99,743.71,0,2,7,8,partner,west,plus,4524.7
CUST-001079,19.0,74844.73,25.9,45.8,4,527.68,357.45,0,1,2,4,partner,north,basic,3226.08
CUST-001080,53.0,94833.44,53.8,96.9,13,882.13,597.48,1,0,4,6,agent,east,plus,3852.99
CUST-001081,26.0,81095.37,37.4,44.1,8,1320.51,1122.79,0,0,3,6,partner,south,basic,4802.94
CUST-001082,32.0,66394.98,31.9,96.5,4,488.63,374.74,0,0,3,5,agent,west,basic,3267.89
CUST-001083,42.0,89237.04,40.0,49.5,9,1633.93,846.02,0,0,3,5,online,west,plus,5433.42
CUST-001084,56.0,60067.58,34.9,70.7,4,883.22,525.29,2,2,3,5,online,north,basic,3709.84
CUST-001085,32.0,103602.57,35.5,27.5,5,622.73,451.36,1,0,3,4,online,south,premium,4947.25
CUST-001086,39.0,93964.93,28.4,55.9,6,1313.09,600.77,0,2,3,6,agent,west,plus,4583.96
CUST-001087,44.0,70549.94,14.7,27.8,5,781.33,539.03,0,1,1,4,partner,south,premium,2729.05
CUST-001088,34.0,72489.18,12.7,34.0,6,1086.12,608.17,0,0,1,4,online,west,enterprise,4300.32
CUST-001089,40.0,78201.18,43.0,36.2,8,1512.89,849.18,0,0,4,5,partner,east,plus,4492.58
CUST-001090,24.0,72707.14,30.2,40.8,3,654.07,569.57,0,0,3,4,online,west,plus,3645.91
CUST-001091,35.0,99560.65,25.8,89.3,9,452.73,263.77,1,0,2,3,online,north,plus,4097.04
CUST-001092,55.0,66120.9,34.1,33.0,8,1686.66,1471.06,2,2,2,3,online,west,basic,4623.61
CUST-001093,50.0,48772.96,45.0,51.9,9,1292.19,905.63,0,0,2,5,agent,north,premium,3742.54
CUST-001094,36.0,71162.94,36.5,96.7,7,1081.58,958.38,0,0,4,7,partner,north,plus,3759.29
CUST-001095,30.0,89364.41,25.0,69.7,7,1373.19,1088.58,1,0,3,6,online,north,plus,4867.56
CUST-001096,39.0,94082.74,50.9,9.2,8,880.23,567.39,0,1,3,4,online,west,basic,4399.57
CUST-001097,25.0,77867.27,55.8,12.8,7,768.54,358.55,1,1,5,8,partner,north,premium,4231.3
CUST-001098,39.0,64409.48,40.8,61.3,4,584.44,507.92,0,0,3,6,agent,east,plus,2612.82
CUST-001099,36.0,75025.11,47.4,31.7,11,1398.39,1094.17,1,1,5,6,online,south,basic,4613.28
CUST-001100,36.0,64025.78,51.1,11.1,8,887.57,455.62,0,0,4,5,agent,east,plus,3801.64
CUST-001101,39.0,34323.74,49.6,29.9,6,990.6,881.16,0,0,5,6,branch,east,plus,4100.08
CUST-001102,47.0,60481.77,42.5,62.9,5,896.96,609.62,2,0,3,5,agent,south,plus,3861.62
CUST-001103,30.0,85005.73,42.2,35.9,3,629.35,291.95,0,0,3,5,branch,west,basic,3774.42
CUST-001104,52.0,70946.75,41.2,48.4,8,1068.96,629.68,1,0,4,6,branch,south,plus,3016.9
CUST-001105,53.0,70264.77,18.9,38.4,9,1313.03,1121.47,0,1,2,5,online,north,basic,3496.69
CUST-001106,65.0,95741.66,43.7,26.7,9,1563.56,1011.6,0,0,3,5,branch,east,basic,4843.01
CUST-001107,44.0,58467.06,15.3,55.1,7,1100.79,913.28,0,0,2,4,partner,north,plus,3556.7
CUST-001108,57.0,60226.82,23.1,9.9,5,655.11,418.82,1,1,1,3,online,south,plus,3667.68
CUST-001109,52.0,81775.57,52.0,24.0,3,316.9,162.55,1,0,3,4,online,east,plus,3489.58
CUST-001110,43.0,63005.47,45.6,78.7,5,725.2,392.68,0,0,4,5,agent,west,enterprise,3288.29
CUST-001111,28.0,62915.72,54.5,13.2,8,994.93,859.78,1,0,5,8,branch,east,basic,3657.62
CUST-001112,51.0,103704.9,30.3,46.6,15,2424.45,1297.52,0,0,1,2,agent,east,plus,6052.56
CUST-001113,44.0,56521.9,18.1,33.8,9,1463.36,1301.9,0,1,0,3,partner,east,plus,2690.6
CUST-001114,61.0,62633.67,30.7,31.3,5,846.94,495.98,2,0,2,4,online,south,plus,3003.47
CUST-001115,49.0,83718.71,35.4,83.8,6,1433.36,1299.59,0,1,3,5,online,west,basic,4657.49
CUST-001116,53.0,74938.39,35.1,94.9,5,655.56,324.84,1,0,4,7,online,north,plus,4315.17
CUST-001117,35.0,51096.29,49.6,19.3,9,388.44,274.91,0,0,4,5,branch,north,plus,3861.46
CUST-001118,44.0,107930.97,29.0,41.1,11,1452.96,678.13,0,0,3,5,online,north,basic,5247.71
CUST-001119,20.0,61521.85,38.9,7.3,3,336.68,192.11,1,0,3,5,agent,east,basic,4448.71
CUST-001120,47.0,71399.14,20.4,80.7,11,245.27,208.98,1,0,3,5,partner,south,plus,3321.34
CUST-001121,54.0,83681.47,40.2,44.9,13,3130.62,1683.94,1,0,3,6,online,north,plus,5940.03
CUST-001122,56.0,114741.2,34.0,12.3,5,984.47,855.52,2,1,3,6,online,north,basic,4683.58
CUST-001123,37.0,68443.33,23.7,25.0,7,1346.73,979.35,2,1,1,3,partner,east,basic,4688.99
CUST-001124,21.0,59269.25,30.8,17.8,8,1213.09,960.15,0,0,3,5,online,east,plus,4449.31
CUST-001125,35.0,84777.63,31.5,23.8,10,1721.02,1065.18,0,0,3,4,agent,east,premium,5527.88
CUST-001126,40.0,113405.19,30.3,8.1,7,1078.98,985.0,1,0,3,5,agent,east,premium,5343.37
CUST-001127,45.0,78265.88,58.4,111.0,8,1660.96,1392.7,0,0,5,7,branch,east,plus,4640.84
CUST-001128,19.0,70680.2,32.6,20.0,9,1465.37,1287.35,2,0,2,3,online,west,basic,4607.83
CUST-001129,40.0,82862.04,30.6,46.6,7,984.65,510.58,0,1,2,3,partner,east,basic,3958.55
CUST-001130,30.0,38461.96,5.1,62.5,4,812.55,467.54,2,0,0,3,branch,east,premium,2219.13
CUST-001131,57.0,64748.3,21.7,95.0,6,1592.32,1345.93,0,1,2,5,online,south,basic,3969.23
CUST-001132,18.0,42963.07,30.4,47.7,9,1576.23,1205.3,0,2,2,3,online,east,premium,3952.25
CUST-001133,52.0,69338.53,24.5,38.0,12,1374.33,867.04,0,0,2,5,branch,north,plus,4721.29
CUST-001134,39.0,66584.92,53.0,49.2,9,1742.0,1164.1,0,3,6,7,agent,north,plus,5035.04
CUST-001135,18.0,28343.1,31.7,19.2,4,802.38,526.45,1,0,3,4,agent,west,basic,3365.62
CUST-001136,59.0,79045.12,51.8,20.6,8,1238.44,882.0,2,0,5,6,online,west,basic,4641.46
CUST-001137,56.0,86944.57,34.9,37.3,6,1088.96,740.33,0,0,3,4,branch,south,premium,4177.12
CUST-001138,55.0,72337.3,34.5,5.3,9,951.32,631.41,0,0,2,3,online,south,basic,4012.36
CUST-001139,42.0,48307.42,32.8,27.2,11,1774.4,1071.76,2,1,3,6,agent,east,basic,4829.88
CUST-001140,34.0,98592.82,34.1,32.2,4,482.94,319.21,0,1,4,6,branch,east,basic,3508.53
CUST-001141,42.0,109967.48,57.7,147.3,3,473.29,252.46,1,1,4,5,partner,north,premium,4255.02
CUST-001142,47.0,83022.08,2.0,103.1,9,1285.69,693.9,1,1,0,1,online,east,enterprise,3658.16
CUST-001143,35.0,69444.01,6.4,62.3,9,2021.57,1563.68,1,0,0,1,agent,north,plus,3808.86
CUST-001144,32.0,69679.0,26.5,82.0,7,1453.28,1312.82,0,1,3,5,online,north,plus,4171.37
CUST-001145,46.0,83618.75,34.2,20.5,8,908.53,499.53,1,0,4,6,online,south,plus,4640.83
CUST-001146,43.0,77438.66,43.5,50.2,11,2035.09,1789.01,0,0,3,5,online,east,plus,4772.51
CUST-001147,51.0,83658.18,40.5,75.4,8,1132.5,842.6,0,2,3,4,branch,south,basic,4177.75
CUST-001148,58.0,83917.66,28.7,20.6,4,655.74,588.74,0,0,1,2,agent,west,enterprise,3966.63
CUST-001149,50.0,62531.37,48.0,12.8,8,1081.55,687.61,0,0,3,5,partner,south,enterprise,4301.99
CUST-001150,28.0,61007.1,48.2,57.9,13,1923.8,1489.88,0,0,5,6,online,east,plus,4560.93
CUST-001151,41.0,70771.68,36.5,14.2,15,2600.11,1834.67,0,0,3,6,branch,east,basic,5710.32
CUST-001152,45.0,84234.11,47.3,66.3,4,688.7,626.32,2,0,5,6,agent,south,plus,4328.55
CUST-001153,50.0,47749.33,37.8,93.9,4,819.51,392.08,2,0,3,5,branch,south,basic,3643.7
CUST-001154,50.0,71702.76,26.3,21.2,12,1544.11,737.49,1,2,2,4,partner,south,plus,4617.58
CUST-001155,40.0,75170.84,43.6,22.6,5,906.91,776.44,0,0,4,5,partner,south,plus,4257.33
CUST-001156,36.0,67056.82,35.5,92.1,12,2255.18,1071.53,2,0,3,5,branch,north,plus,5293.26
CUST-001157,52.0,101067.6,34.0,47.9,7,1158.08,1015.02,0,0,4,6,online,east,enterprise,5366.06
CUST-001158,45.0,97995.23,54.3,84.1,9,1368.93,676.51,0,0,4,5,branch,north,enterprise,4611.66
CUST-001159,44.0,83298.73,1.0,38.3,7,1484.6,746.52,0,0,0,2,partner,north,basic,3711.87
CUST-001160,33.0,107685.9,14.5,40.5,3,60.0,50.0,1,0,1,2,online,west,plus,2908.85
CUST-001161,64.0,91628.95,17.6,47.0,7,888.51,703.33,1,1,0,2,online,east,premium,3289.9
CUST-001162,44.0,78232.68,29.0,128.5,9,1765.84,1273.49,0,1,3,4,agent,south,enterprise,5224.95
CUST-001163,40.0,67233.89,30.5,79.8,10,1319.75,1157.7,1,1,4,5,branch,east,premium,3928.98
CUST-001164,44.0,68704.16,13.2,26.4,8,913.82,681.64,0,1,2,5,online,north,basic,3939.07
CUST-001165,40.0,82667.9,20.4,52.8,7,1079.36,787.91,0,0,2,5,online,south,premium,4263.81
CUST-001166,27.0,69126.39,22.1,36.3,9,1284.76,922.56,0,1,3,6,online,south,plus,3940.64
CUST-001167,44.0,48513.6,67.9,31.3,3,789.92,506.22,1,0,6,9,agent,south,basic,3547.22
CUST-001168,25.0,68966.3,58.8,65.0,8,1739.07,1305.02,1,0,5,7,online,south,enterprise,5454.72
CUST-001169,42.0,94315.52,28.3,56.3,4,719.98,653.26,2,1,2,5,partner,south,plus,4272.12
CUST-001170,23.0,29485.39,29.0,21.4,7,1317.96,1195.27,0,0,3,6,agent,south,enterprise,4437.16
CUST-001171,18.0,101073.59,18.2,47.1,11,1110.18,557.44,0,1,1,2,online,south,basic,3641.3
CUST-001172,48.0,86151.68,7.7,30.6,7,1004.53,667.12,1,0,1,2,branch,north,premium,4429.65
CUST-001173,29.0,71599.14,32.4,62.3,10,2153.09,1568.3,1,0,2,4,online,north,plus,3911.28
CUST-001174,46.0,80996.44,20.2,29.5,5,1276.79,1004.17,0,0,2,4,branch,south,basic,4295.48
CUST-001175,43.0,93118.55,32.8,40.7,9,1939.23,1146.56,0,0,2,3,partner,east,premium,5310.62
CUST-001176,43.0,76419.84,11.9,32.0,7,684.36,624.13,0,0,1,3,agent,west,premium,3162.22
CUST-001177,34.0,92894.32,23.5,9.6,4,920.58,593.93,1,0,4,5,online,west,plus,4396.17
CUST-001178,40.0,91133.48,36.0,124.5,4,500.32,292.25,0,0,3,5,agent,south,enterprise,3583.1
CUST-001179,34.0,78971.55,39.0,46.7,4,857.2,700.02,0,0,4,6,agent,east,premium,4334.52
CUST-001180,51.0,55825.84,39.8,127.2,7,1423.85,1034.26,1,0,4,7,agent,south,plus,3300.08
CUST-001181,36.0,74059.04,15.8,48.3,8,978.84,856.62,0,1,0,1,branch,north,basic,3123.47
CUST-001182,38.0,39074.79,45.8,73.1,3,386.41,193.2,2,2,4,6,online,east,plus,2837.82
CUST-001183,49.0,83841.34,23.0,27.9,8,1822.3,866.86,0,0,2,4,branch,north,plus,5215.43
CUST-001184,34.0,68264.08,42.7,28.4,4,725.46,648.04,0,1,2,5,agent,north,plus,4690.7
CUST-001185,21.0,64743.63,33.9,44.9,8,1312.23,865.56,1,1,3,5,agent,west,basic,4283.46
CUST-001186,29.0,87617.79,15.0,126.5,11,1642.75,906.13,1,1,1,2,online,west,premium,4718.57
CUST-001187,53.0,52951.09,29.6,22.1,6,449.93,359.61,1,0,2,4,online,east,premium,3204.33
CUST-001188,42.0,77836.72,39.0,7.3,6,1045.1,960.24,1,1,3,4,agent,east,premium,5117.54
CUST-001189,44.0,69702.18,42.4,90.7,8,1188.96,1093.14,0,0,4,6,branch,east,premium,3811.98
CUST-001190,44.0,72571.22,32.1,76.1,10,1889.45,1705.59,0,1,0,2,partner,east,basic,4124.41
CUST-001191,61.0,80935.81,55.1,33.4,8,1647.75,862.76,0,0,5,7,online,east,plus,5256.81
CUST-001192,18.0,108640.52,47.9,158.3,5,205.6,174.69,0,0,5,6,partner,north,premium,4256.87
CUST-001193,40.0,82991.51,30.5,162.6,4,732.85,372.57,0,0,3,5,online,west,plus,3895.73
CUST-001194,41.0,100267.54,44.3,8.9,10,1782.72,1101.2,2,0,5,6,partner,north,plus,5775.08
CUST-001195,41.0,100937.23,60.6,27.3,10,1762.37,940.78,0,0,5,7,online,east,plus,6161.03
CUST-001196,50.0,89672.9,61.0,44.6,7,903.08,557.5,1,0,4,5,agent,west,premium,4230.95
CUST-001197,50.0,42628.36,17.1,61.1,5,827.8,468.98,1,0,1,3,branch,north,basic,3001.81
CUST-001198,39.0,71504.82,21.2,54.9,2,474.36,413.4,1,0,2,4,agent,north,basic,2518.51
CUST-001199,22.0,56187.21,54.5,46.6,5,708.33,647.58,0,0,4,5,partner,south,plus,3778.27
CUST-001200,69.0,127364.41,19.4,19.3,6,997.12,530.15,0,0,1,4,partner,south,plus,5926.25
CUST-001201,41.0,57750.63,15.8,66.4,8,1347.78,688.64,0,1,1,4,online,north,plus,3643.67
CUST-001202,42.0,48868.27,27.3,69.0,6,1530.97,807.21,3,0,2,4,online,east,premium,3570.64
CUST-001203,55.0,25951.97,39.8,86.5,8,1339.69,959.05,1,2,3,5,online,west,enterprise,3480.0
CUST-001204,37.0,57165.9,32.6,17.0,6,788.51,681.73,1,0,3,5,online,north,basic,3746.83
CUST-001205,55.0,78029.91,25.0,39.6,7,1695.57,1357.11,0,0,1,2,branch,west,plus,4154.7
CUST-001206,38.0,95389.13,24.7,32.2,2,315.73,204.71,0,0,1,2,online,east,enterprise,3026.2
CUST-001207,61.0,56555.55,24.2,16.7,6,1202.26,1082.94,1,1,1,3,agent,south,enterprise,3657.72
CUST-001208,46.0,96905.22,21.9,39.1,10,1700.02,1195.31,0,0,2,4,online,east,plus,5030.52
CUST-001209,34.0,74672.22,65.4,20.2,8,1178.04,964.66,2,0,6,7,partner,north,premium,4854.01
CUST-001210,65.0,67081.19,38.1,14.3,5,1373.45,940.81,2,0,4,5,online,west,basic,4943.8
CUST-001211,48.0,78929.75,46.2,76.8,12,2343.63,1788.5,0,0,4,6,branch,north,premium,6061.46
CUST-001212,34.0,101334.95,27.3,33.3,6,517.94,324.7,1,0,3,4,agent,north,enterprise,4800.47
CUST-001213,26.0,76738.61,31.4,26.3,11,2037.16,967.04,0,0,3,5,agent,east,plus,5085.12
CUST-001214,49.0,55869.95,24.2,100.6,9,1108.1,817.7,1,0,2,4,branch,north,basic,3634.5
CUST-001215,56.0,83453.21,1.0,70.4,5,1115.35,653.33,0,0,0,3,online,north,basic,3913.81
CUST-001216,45.0,83165.21,15.0,6.5,7,1681.88,1192.11,2,0,1,2,branch,south,plus,5173.17
CUST-001217,45.0,72393.69,9.1,61.4,11,2706.86,2046.83,0,0,0,1,online,east,plus,4970.53
CUST-001218,58.0,94206.46,3.0,61.2,7,1117.56,740.17,0,0,1,2,online,south,plus,4084.55
CUST-001219,48.0,34614.05,17.5,37.9,5,517.69,271.18,0,0,2,5,partner,west,plus,3159.35
CUST-001220,34.0,82245.97,52.3,36.8,6,1118.23,926.38,1,0,5,8,online,west,premium,5197.05
CUST-001221,34.0,89936.94,33.4,10.7,11,1321.04,701.54,0,0,2,4,online,south,premium,5339.41
CUST-001222,47.0,49739.96,51.8,157.1,9,2535.51,1295.1,2,0,4,6,online,east,plus,5871.44
CUST-001223,47.0,49119.97,39.7,39.0,4,766.1,459.02,0,0,2,5,branch,east,premium,3626.51
CUST-001224,53.0,93784.97,44.8,59.1,12,2006.42,957.77,0,1,4,7,branch,south,plus,5994.77
CUST-001225,45.0,96958.83,21.6,40.6,7,1558.55,960.09,3,0,1,4,online,south,premium,4947.64
CUST-001226,48.0,100294.51,41.2,26.6,2,249.26,200.92,2,0,3,5,agent,north,premium,4082.87
CUST-001227,45.0,63344.85,44.0,80.8,1,217.31,178.51,0,1,5,7,branch,west,premium,2302.08
CUST-001228,52.0,79437.86,26.1,51.6,4,263.54,175.16,0,1,3,4,branch,east,basic,3304.13
CUST-001229,49.0,81817.5,41.7,39.2,3,729.95,391.48,1,0,4,5,branch,south,premium,3977.4
CUST-001230,38.0,45088.92,41.8,58.7,6,1021.35,927.04,0,1,3,5,online,north,basic,3041.13
CUST-001231,39.0,78649.35,26.4,43.4,10,1927.62,1613.8,1,0,1,2,online,north,premium,4847.6
CUST-001232,45.0,78315.42,18.5,132.8,5,921.32,416.86,0,2,2,5,agent,north,enterprise,3307.67
CUST-001233,42.0,89234.25,17.7,79.0,7,1267.87,932.26,1,0,0,2,agent,south,plus,4377.16
CUST-001234,55.0,65530.45,35.2,65.4,9,1611.63,1441.23,0,0,3,6,branch,east,premium,3899.14
CUST-001235,43.0,98326.53,38.5,12.1,7,734.69,651.48,1,0,3,6,partner,west,premium,4979.81
CUST-001236,25.0,77264.74,23.1,66.9,8,1861.61,1187.21,1,1,1,3,branch,east,premium,4579.19
CUST-001237,28.0,106593.59,34.4,65.8,7,748.41,551.83,4,0,3,5,agent,north,basic,4767.14
CUST-001238,38.0,89257.62,41.9,20.5,9,1746.21,1291.63,1,0,3,4,agent,north,basic,5423.93
CUST-001239,49.0,80817.21,42.5,11.8,6,1078.64,855.47,1,0,3,6,online,east,enterprise,5370.55
CUST-001240,33.0,54544.53,55.4,76.8,6,1261.92,1126.27,0,0,5,7,agent,east,premium,3784.38
CUST-001241,48.0,52058.63,51.6,83.3,8,1371.85,918.09,2,0,5,7,online,north,plus,3936.73
CUST-001242,33.0,104634.26,20.2,28.5,8,1469.69,704.0,0,0,0,1,branch,east,basic,4662.22
CUST-001243,43.0,91617.79,57.2,27.5,9,1866.74,1473.47,0,0,5,8,branch,north,basic,5728.41
CUST-001244,46.0,70687.17,26.7,51.0,8,940.22,841.19,1,1,3,4,partner,east,premium,4263.11
CUST-001245,28.0,68316.15,48.4,33.2,8,1113.22,956.45,1,1,4,7,agent,west,basic,4294.63
CUST-001246,45.0,79812.57,34.9,11.5,5,735.95,339.65,1,1,3,4,online,north,plus,4502.47
CUST-001247,59.0,51605.26,28.3,20.3,8,967.34,836.59,2,0,2,4,online,south,premium,4020.5
CUST-001248,39.0,67400.44,9.1,57.6,5,723.72,375.77,0,1,1,2,partner,west,plus,3371.52
CUST-001249,42.0,86844.34,31.6,21.3,4,540.98,492.32,1,0,3,6,online,east,plus,4789.55
CUST-001250,44.0,89252.17,12.5,86.0,10,1539.44,1229.1,0,1,0,2,agent,east,basic,4271.18
CUST-001251,42.0,69193.03,47.3,65.1,5,967.02,492.5,0,1,4,6,online,west,plus,3897.05
CUST-001252,41.0,104623.13,54.9,59.2,5,1026.99,510.78,0,2,5,8,branch,south,premium,5243.3
CUST-001253,40.0,94628.4,23.0,50.3,2,89.94,52.22,3,0,1,2,online,east,basic,2720.56
CUST-001254,24.0,61980.9,38.2,25.7,12,2000.42,1115.92,0,0,3,5,agent,south,plus,4560.58
CUST-001255,46.0,52854.01,24.0,71.2,4,545.84,246.66,0,0,2,4,branch,west,plus,2979.23
CUST-001256,29.0,86520.88,25.3,25.1,7,1100.53,955.77,1,0,2,5,agent,south,premium,3885.77
CUST-001257,45.0,67717.38,44.7,89.2,10,1603.25,816.76,1,0,4,6,agent,north,plus,4948.57
CUST-001258,49.0,64297.94,33.5,119.7,11,3015.65,2759.32,0,0,2,5,online,west,enterprise,5450.59
CUST-001259,45.0,79830.69,58.0,51.4,6,920.66,528.5,1,1,4,6,online,south,plus,5073.44
CUST-001260,31.0,88767.53,27.4,109.7,9,1304.68,939.36,0,0,3,4,online,east,basic,4392.63
CUST-001261,44.0,90073.31,47.8,20.5,11,1362.05,1060.0,0,0,5,8,partner,south,basic,5450.53
CUST-001262,39.0,76811.97,35.3,65.6,4,735.34,434.99,0,1,2,4,online,south,enterprise,4220.25
CUST-001263,35.0,34528.28,45.0,45.8,3,659.89,438.37,0,1,4,7,agent,north,basic,3001.04
CUST-001264,64.0,92998.23,27.8,77.7,4,583.99,474.95,0,0,2,5,online,north,premium,4213.46
CUST-001265,31.0,61309.27,33.3,6.9,8,1736.32,834.08,2,0,1,2,agent,north,enterprise,4569.84
CUST-001266,46.0,81369.47,32.4,74.6,7,1334.77,827.55,0,0,2,3,online,south,premium,5089.23
CUST-001267,58.0,73619.8,22.5,27.7,9,1875.63,1540.44,3,0,2,5,branch,west,plus,4412.01
CUST-001268,45.0,116211.66,43.1,47.4,4,987.37,598.37,2,0,2,4,partner,north,basic,4246.31
CUST-001269,34.0,112860.78,43.0,155.4,6,361.06,172.53,0,0,3,6,agent,east,basic,3828.27
CUST-001270,35.0,67548.15,42.2,67.1,6,1178.99,634.59,2,0,3,6,branch,east,plus,4016.21
CUST-001271,26.0,51615.18,55.2,61.2,12,1159.56,890.82,1,0,5,7,online,east,plus,4485.24
CUST-001272,42.0,53023.06,54.0,57.8,8,1301.93,1177.87,1,0,5,8,agent,east,plus,4373.62
CUST-001273,42.0,80706.84,28.8,95.4,9,1147.27,639.64,0,0,4,7,online,west,plus,3965.46
CUST-001274,38.0,66103.18,39.1,79.5,5,870.38,603.38,0,0,3,5,agent,south,premium,3359.26
CUST-001275,57.0,55818.41,25.4,58.3,8,969.94,546.11,0,1,2,4,agent,east,basic,4294.23
CUST-001276,41.0,66392.55,34.3,53.4,5,1184.5,1047.04,2,0,3,5,branch,west,plus,4031.35
CUST-001277,24.0,83940.09,25.7,50.9,4,293.33,256.09,0,2,3,4,branch,east,premium,3432.11
CUST-001278,58.0,74409.91,56.3,44.0,5,1044.04,661.78,0,2,5,7,partner,west,enterprise,4426.51
CUST-001279,28.0,67135.66,39.0,16.7,10,1000.34,467.58,0,0,3,4,online,west,premium,4114.57
CUST-001280,47.0,69394.76,31.0,66.1,8,1397.9,1028.21,0,0,3,6,branch,south,enterprise,3951.78
CUST-001281,48.0,72903.91,50.4,29.9,7,1641.55,1223.01,0,1,4,6,branch,west,premium,5191.9
CUST-001282,41.0,79825.96,4.1,40.2,8,2125.65,1573.7,0,1,0,3,agent,south,enterprise,3937.04
CUST-001283,52.0,80881.76,6.2,83.0,5,271.75,160.1,2,2,1,3,agent,west,enterprise,2394.5
CUST-001284,42.0,46147.53,45.0,44.7,9,1108.93,511.47,1,0,4,5,branch,north,premium,3958.46
CUST-001285,38.0,78819.22,34.8,42.2,8,1128.03,524.66,1,1,3,6,online,west,premium,4434.99
CUST-001286,19.0,69301.68,37.5,51.5,2,552.8,451.14,0,2,3,5,agent,west,basic,3745.59
CUST-001287,22.0,57570.35,15.7,36.5,9,1250.32,874.74,0,1,1,2,agent,south,enterprise,4062.39
CUST-001288,72.0,69109.85,33.7,153.3,10,2067.0,1193.6,2,0,3,6,online,north,premium,4665.12
CUST-001289,50.0,96629.11,61.6,140.1,6,1087.02,956.39,3,0,7,8,partner,east,enterprise,4323.15
CUST-001290,55.0,90373.88,45.4,137.8,9,1163.58,1007.23,0,0,4,6,online,east,basic,4575.47
CUST-001291,69.0,77568.39,36.3,58.0,5,302.53,252.19,2,0,3,4,partner,south,plus,3346.6
CUST-001292,38.0,59670.89,27.9,28.4,5,743.25,551.68,2,0,1,4,agent,east,basic,3747.55
CUST-001293,40.0,51345.34,28.6,84.5,6,1545.03,1141.84,2,0,2,4,online,east,enterprise,3861.37
CUST-001294,23.0,58865.98,4.7,36.7,5,826.86,578.35,1,1,0,2,online,south,premium,2848.52
CUST-001295,38.0,76038.43,37.6,89.4,5,954.31,511.61,1,0,4,7,branch,south,premium,4166.92
CUST-001296,38.0,76417.76,45.7,27.4,5,377.96,299.28,0,0,3,5,online,north,plus,3702.3
CUST-001297,37.0,64094.16,12.3,60.9,9,1291.6,897.34,1,0,1,3,online,east,basic,3630.51
CUST-001298,53.0,91619.06,24.9,97.8,12,2520.06,1780.73,0,1,2,4,agent,east,enterprise,5052.04
CUST-001299,49.0,82739.48,18.1,38.2,10,1063.15,822.41,0,2,2,5,partner,west,plus,4953.55
CUST-001300,52.0,28095.65,20.7,38.1,11,1668.3,1042.43,1,0,2,4,agent,south,basic,3696.92
CUST-001301,28.0,77783.75,34.7,13.0,7,899.31,702.42,0,1,2,3,agent,north,premium,4246.4
CUST-001302,42.0,89417.21,5.3,28.1,14,2823.96,1600.17,0,1,0,1,branch,north,basic,5686.36
CUST-001303,45.0,79462.48,42.5,57.2,7,1268.68,1086.98,0,0,4,6,agent,west,basic,4608.48
CUST-001304,62.0,86285.79,44.4,63.3,13,2568.46,2346.17,2,1,4,7,online,west,plus,4815.96
CUST-001305,43.0,71076.11,30.5,69.6,5,897.23,653.33,0,0,2,5,agent,west,plus,4533.75
CUST-001306,40.0,74644.07,1.0,8.6,8,1125.99,708.64,1,0,0,2,agent,south,premium,3507.64
CUST-001307,53.0,75020.35,20.3,36.8,10,2214.58,1296.67,1,1,4,6,online,west,enterprise,4849.33
CUST-001308,39.0,79132.11,51.0,14.5,7,948.03,824.39,3,1,4,7,online,east,basic,4396.71
CUST-001309,47.0,65394.74,1.0,55.2,2,456.84,275.73,0,0,1,4,agent,north,basic,2608.62
CUST-001310,46.0,95483.38,29.2,10.8,9,828.94,690.18,0,0,1,2,online,south,plus,4427.52
CUST-001311,36.0,101428.72,17.7,18.5,2,363.27,233.23,0,0,1,3,branch,west,plus,3894.4
CUST-001312,34.0,66260.29,45.1,78.6,4,910.38,786.08,0,0,4,7,agent,north,premium,3008.48
CUST-001313,41.0,54781.99,24.7,30.7,5,945.88,617.62,1,0,2,5,online,east,basic,3829.55
CUST-001314,36.0,51604.11,39.6,110.3,7,1468.81,1059.94,2,0,3,4,partner,north,basic,4415.83
CUST-001315,25.0,83108.06,41.8,70.9,4,572.34,290.54,3,0,3,5,branch,east,basic,3210.29
CUST-001316,49.0,86399.72,59.3,38.4,11,1289.69,1171.69,0,0,6,9,agent,south,basic,5325.83
CUST-001317,47.0,83183.73,31.2,86.9,8,1023.9,731.68,0,0,4,7,branch,north,basic,3877.81
CUST-001318,33.0,84731.48,39.2,40.8,7,1056.21,782.76,0,0,4,7,branch,north,plus,4327.97
CUST-001319,32.0,65587.93,13.5,75.6,3,760.2,386.92,0,0,1,4,online,north,premium,3241.62
CUST-001320,46.0,39995.95,50.4,27.0,13,2563.17,1985.33,0,1,4,7,agent,west,premium,5430.14
CUST-001321,60.0,66867.49,23.5,90.2,8,1450.27,943.3,0,1,2,4,online,west,basic,4162.48
CUST-001322,52.0,105588.22,26.3,11.8,4,655.62,425.43,1,1,2,4,partner,north,basic,3786.01
CUST-001323,54.0,80585.02,33.7,18.5,7,1152.6,775.06,1,0,3,4,agent,south,plus,4753.71
CUST-001324,38.0,83460.35,12.5,21.4,11,1088.45,763.97,0,0,1,2,branch,north,plus,4699.83
CUST-001325,46.0,92104.03,37.2,29.3,8,589.77,488.12,0,1,2,3,online,east,plus,4114.18
CUST-001326,40.0,60697.12,47.3,58.6,7,1369.92,836.62,1,1,5,8,agent,west,premium,3874.76
CUST-001327,33.0,79841.26,38.0,46.5,10,1847.53,1596.17,1,0,3,4,online,east,enterprise,5217.85
CUST-001328,43.0,85038.33,12.1,76.2,10,1123.73,564.2,0,1,1,2,agent,west,basic,4463.29
CUST-001329,31.0,59033.32,32.3,98.7,10,538.22,376.41,0,0,3,6,agent,west,basic,3138.28
CUST-001330,33.0,82368.13,44.2,10.5,10,1868.27,1436.13,0,1,3,4,agent,west,basic,5575.79
CUST-001331,36.0,99135.24,8.1,106.4,4,532.01,482.05,1,0,0,1,agent,south,plus,2697.06
CUST-001332,37.0,68606.02,19.2,40.2,8,1475.06,939.82,0,2,2,3,online,north,basic,4483.43
CUST-001333,41.0,44816.12,46.1,136.1,8,1339.95,1030.26,2,2,4,6,branch,south,plus,2811.19
CUST-001334,18.0,78925.35,37.7,26.0,4,859.33,704.28,1,2,3,6,online,north,basic,4028.79
CUST-001335,31.0,64000.81,39.7,7.6,8,1316.71,1107.76,0,0,4,7,branch,south,basic,4846.75
CUST-001336,58.0,79078.19,59.6,71.4,7,1074.16,946.3,2,0,5,8,branch,east,enterprise,4411.88
CUST-001337,41.0,60659.97,40.5,68.4,11,2207.05,1351.96,0,0,3,6,branch,north,premium,5080.65
CUST-001338,47.0,76916.15,43.1,19.0,7,1115.56,943.72,1,0,3,6,partner,west,plus,4558.13
CUST-001339,46.0,97908.72,71.4,20.7,10,1364.11,1227.35,0,0,6,9,online,west,premium,4966.21
CUST-001340,40.0,75318.25,31.1,80.0,3,348.9,233.97,1,0,3,5,agent,south,basic,2944.41
CUST-001341,31.0,46133.94,23.0,60.6,5,991.37,768.19,2,0,1,2,agent,south,premium,3180.52
CUST-001342,35.0,82581.75,39.9,37.2,14,1406.64,846.52,0,0,3,5,agent,west,premium,5001.39
CUST-001343,63.0,76176.98,40.0,64.8,3,387.35,220.97,0,1,3,4,agent,west,basic,3291.74
CUST-001344,35.0,79656.74,26.7,56.5,8,1045.08,606.82,1,0,1,4,partner,west,premium,3461.16
CUST-001345,60.0,93336.19,19.8,22.6,4,686.63,325.58,1,0,1,3,agent,south,plus,2798.46
CUST-001346,36.0,66367.42,65.8,84.0,3,840.69,606.86,0,1,6,8,partner,south,plus,4562.43
CUST-001347,37.0,70633.91,38.5,73.5,2,362.79,310.2,0,0,4,6,agent,east,enterprise,4179.14
CUST-001348,42.0,57289.01,23.9,47.2,12,3077.75,1800.3,0,0,1,3,branch,east,plus,4902.38
CUST-001349,39.0,79299.12,46.6,80.0,5,623.58,289.91,0,0,5,8,online,north,enterprise,3337.46
CUST-001350,31.0,78827.14,32.5,146.9,5,839.94,489.74,2,1,1,4,online,north,premium,3853.58
CUST-001351,41.0,71143.57,30.5,20.4,5,821.38,667.66,1,0,4,7,partner,north,plus,3121.48
CUST-001352,25.0,89266.16,41.7,38.5,10,1642.99,1085.0,1,0,3,6,branch,south,premium,5543.68
CUST-001353,45.0,57158.18,16.2,39.9,8,1571.97,1274.16,0,1,1,2,agent,south,basic,4350.46
CUST-001354,43.0,78103.78,38.9,78.9,9,935.65,516.48,1,0,3,5,agent,north,plus,4087.27
CUST-001355,49.0,86638.66,60.4,29.0,1,71.8,53.97,2,0,4,6,online,north,basic,4476.6
CUST-001356,36.0,66061.65,40.4,76.0,14,1816.91,1441.85,0,0,4,6,online,south,basic,4649.15
CUST-001357,49.0,51095.06,28.8,31.8,3,564.97,469.11,0,0,2,4,online,west,plus,3564.02
CUST-001358,46.0,45302.19,27.0,18.4,4,377.38,291.15,1,0,0,3,partner,north,basic,2462.32
CUST-001359,42.0,78614.32,28.3,49.2,8,1427.97,1253.86,0,1,2,5,online,east,enterprise,3851.59
CUST-001360,63.0,106311.14,30.5,31.2,6,703.07,358.02,0,0,3,6,agent,east,premium,5413.77
CUST-001361,46.0,64843.69,28.8,52.8,5,979.92,694.57,0,0,3,5,branch,east,basic,3574.67
CUST-001362,36.0,83942.45,46.6,61.8,8,1158.37,766.15,0,1,4,5,agent,west,basic,4560.59
CUST-001363,58.0,32162.67,10.1,11.3,6,455.55,418.95,0,0,2,3,branch,south,enterprise,3330.85
CUST-001364,47.0,82537.59,45.9,34.1,9,1916.53,1357.28,0,1,3,6,agent,north,basic,5655.89
CUST-001365,61.0,56227.38,28.8,49.3,5,233.36,180.17,1,2,3,4,online,north,enterprise,2595.65
CUST-001366,21.0,68738.85,39.2,80.3,7,1147.11,1011.69,0,0,4,7,agent,south,plus,4689.22
CUST-001367,38.0,77238.27,18.5,73.9,8,1625.81,840.5,1,0,0,2,agent,east,plus,3962.14
CUST-001368,38.0,45924.54,52.3,24.2,7,1601.64,976.14,0,1,5,8,partner,east,basic,4253.18
CUST-001369,20.0,132440.2,51.2,41.4,10,957.23,576.21,0,0,4,7,agent,west,plus,5537.83
CUST-001370,43.0,64923.01,47.2,64.0,6,752.63,380.04,0,0,4,6,branch,north,premium,3897.88
CUST-001371,37.0,86744.78,13.1,39.3,5,1228.17,875.93,1,0,1,3,partner,east,plus,3519.73
CUST-001372,19.0,102686.67,45.4,26.2,9,1813.75,1077.51,1,0,3,4,online,south,enterprise,5953.96
CUST-001373,33.0,81096.13,39.6,45.2,6,1385.37,730.96,0,0,4,6,online,east,plus,4795.13
CUST-001374,56.0,53719.69,11.9,60.0,4,1060.69,488.23,0,0,1,2,online,north,premium,3257.1
CUST-001375,51.0,77667.33,33.7,22.3,4,696.23,321.5,0,1,3,6,partner,north,premium,3935.88
CUST-001376,33.0,42741.12,39.0,68.7,6,1193.45,756.24,0,0,3,4,agent,east,plus,3690.2
CUST-001377,33.0,69860.86,41.7,51.3,8,1191.06,877.98,0,0,4,5,agent,south,premium,4514.24
CUST-001378,50.0,106002.74,36.4,70.4,8,791.34,435.16,0,1,3,5,agent,west,premium,4786.98
CUST-001379,19.0,50417.06,38.0,44.5,8,1260.93,1106.79,3,0,4,6,branch,east,enterprise,3986.73
CUST-001380,48.0,60983.58,54.3,133.1,8,703.65,386.15,0,1,5,8,agent,south,basic,3203.61
CUST-001381,21.0,109183.57,50.9,59.2,11,1464.29,845.04,2,0,4,7,online,south,premium,5788.61
CUST-001382,59.0,72682.4,1.0,75.8,14,1426.34,845.76,1,0,0,2,agent,east,premium,3391.21
CUST-001383,48.0,59732.04,29.6,68.5,10,1730.36,906.96,0,2,1,3,agent,south,premium,4556.71
CUST-001384,21.0,82824.37,31.7,41.0,12,1555.66,1430.54,0,0,1,3,agent,east,enterprise,4613.76
CUST-001385,37.0,67380.28,9.9,55.6,6,498.69,392.45,0,0,1,3,online,east,basic,3575.79
CUST-001386,44.0,26931.18,35.3,29.5,4,919.15,543.39,0,0,4,5,online,west,premium,3975.03
CUST-001387,19.0,51330.43,51.2,127.1,9,1155.28,1048.3,1,0,4,5,online,south,plus,3904.44
CUST-001388,41.0,112844.51,19.0,63.7,5,1093.96,818.66,0,1,1,4,partner,east,plus,4737.35
CUST-001389,46.0,81725.31,38.6,24.9,8,797.97,647.63,0,0,3,6,online,south,basic,4569.88
CUST-001390,18.0,102165.03,21.4,109.1,5,1108.88,678.13,2,1,1,4,agent,north,basic,4062.8
CUST-001391,49.0,57293.12,24.7,42.5,7,1271.09,701.47,2,0,1,4,online,north,plus,3946.54
CUST-001392,40.0,74828.03,54.4,82.9,9,1296.56,857.56,1,0,5,7,online,north,plus,4519.34
CUST-001393,51.0,72778.52,26.5,11.0,7,486.57,314.26,0,1,2,5,agent,south,basic,4362.42
CUST-001394,38.0,65967.4,40.4,96.6,4,1138.84,1039.46,2,0,3,4,partner,north,basic,4040.46
CUST-001395,29.0,79602.87,8.2,61.9,9,2214.2,1147.41,1,0,0,1,online,north,basic,4146.7
CUST-001396,28.0,55752.87,59.7,23.3,6,1601.28,822.31,0,1,5,6,branch,north,plus,4510.85
CUST-001397,38.0,97589.38,42.3,61.2,4,455.12,337.68,1,1,4,7,branch,north,plus,4409.34
CUST-001398,39.0,84229.26,31.5,119.1,10,1401.58,1000.87,0,1,1,3,agent,east,basic,3816.37
CUST-001399,53.0,72684.79,41.9,30.2,10,1745.47,1233.57,0,0,3,6,partner,west,plus,5686.51
CUST-001400,38.0,78217.66,14.6,29.9,10,1146.51,737.95,0,0,1,4,online,south,plus,4675.83
CUST-001401,24.0,70376.28,50.3,40.6,7,671.55,416.18,0,1,4,5,online,east,basic,3673.3
CUST-001402,36.0,44795.04,29.5,48.9,4,1001.1,491.49,0,0,3,6,agent,east,basic,3695.63
CUST-001403,24.0,57986.48,31.2,86.4,7,1053.23,866.25,0,0,3,5,agent,east,basic,3335.23
CUST-001404,45.0,72577.35,27.2,64.3,6,588.84,388.54,0,0,1,4,agent,north,plus,3038.88
CUST-001405,47.0,69468.14,26.0,40.5,7,1335.85,1164.49,0,0,2,3,partner,south,premium,4204.89
CUST-001406,49.0,87475.18,43.6,57.2,6,868.44,593.08,0,0,5,8,online,west,basic,4089.91
CUST-001407,38.0,85905.22,37.5,131.5,7,530.44,463.96,0,1,3,6,partner,north,plus,3920.34
CUST-001408,33.0,65741.46,43.0,71.8,7,797.03,704.8,1,0,4,6,agent,north,enterprise,4035.67
CUST-001409,35.0,58592.92,33.9,43.7,1,60.0,50.0,0,0,3,6,branch,east,enterprise,3076.27
CUST-001410,40.0,89405.52,41.1,39.7,6,1098.48,906.03,1,1,3,4,agent,east,plus,4714.12
CUST-001411,35.0,79225.91,28.2,55.0,7,1125.96,561.68,0,1,2,4,agent,east,plus,3956.0
CUST-001412,59.0,64630.01,64.7,85.7,8,1766.24,892.12,0,0,5,7,branch,east,enterprise,4575.52
CUST-001413,37.0,55263.2,12.4,27.0,5,752.29,586.13,1,0,0,2,agent,south,basic,3395.4
CUST-001414,40.0,63653.63,51.4,78.3,4,371.47,176.04,2,1,5,6,partner,east,basic,3395.48
CUST-001415,33.0,82873.79,52.8,43.1,9,2227.99,1747.58,2,0,5,8,agent,west,plus,6132.54
CUST-001416,33.0,106181.17,22.3,47.8,4,903.05,504.27,0,1,1,2,online,north,basic,4104.24
CUST-001417,27.0,72004.28,64.7,197.8,5,795.98,446.02,0,0,6,7,branch,east,enterprise,3780.24
CUST-001418,30.0,60824.75,47.7,73.2,8,1461.51,905.13,0,0,4,5,agent,east,plus,4638.73
CUST-001419,62.0,114648.37,47.4,32.0,7,1247.89,1103.75,0,0,5,7,branch,south,enterprise,5982.2
CUST-001420,47.0,69124.61,34.4,61.8,4,585.14,458.75,0,1,4,5,online,west,plus,4125.4
CUST-001421,37.0,61524.69,31.0,88.5,6,1621.97,1302.77,0,0,3,5,branch,north,basic,4298.45
CUST-001422,34.0,68487.12,31.1,73.7,11,1456.02,1191.07,0,0,3,4,branch,west,enterprise,4640.59
CUST-001423,55.0,67590.61,39.4,6.3,5,822.69,691.77,0,1,3,6,partner,east,plus,3534.12
CUST-001424,32.0,98688.58,53.3,46.4,11,842.76,446.71,1,0,5,8,agent,north,premium,4857.51
CUST-001425,22.0,45691.47,36.5,63.6,7,1339.13,1195.4,1,2,3,6,online,south,basic,4573.28
CUST-001426,46.0,86519.88,21.4,60.2,10,1181.56,752.17,0,0,1,3,agent,south,basic,3914.34
CUST-001427,31.0,75621.42,45.4,34.0,11,2715.87,1939.16,0,1,4,6,branch,south,plus,5585.23
CUST-001428,27.0,65798.16,46.7,74.5,10,2527.54,2099.95,0,1,4,6,agent,west,basic,4694.65
CUST-001429,29.0,69772.13,43.0,96.9,12,2217.33,1886.31,0,0,3,4,partner,east,enterprise,4898.54
CUST-001430,46.0,71306.41,44.3,11.7,8,1423.3,979.05,0,0,4,5,partner,north,basic,4438.59
CUST-001431,40.0,77404.08,30.3,10.7,5,879.12,620.67,1,0,3,4,partner,east,basic,3876.28
CUST-001432,30.0,67694.78,21.2,61.4,5,544.45,349.82,0,0,2,4,online,east,premium,3560.17
CUST-001433,46.0,74639.51,22.0,78.6,6,1133.89,536.64,0,0,1,2,online,north,plus,4267.58
CUST-001434,32.0,61826.47,11.5,30.3,6,1260.82,951.13,2,1,0,3,online,west,basic,3525.28
CUST-001435,23.0,115093.28,37.3,6.7,3,590.99,454.05,0,0,4,5,partner,north,basic,4542.16
CUST-001436,27.0,93985.5,32.9,46.9,5,313.15,210.53,4,0,3,5,branch,south,premium,3323.81
CUST-001437,41.0,84612.77,27.9,60.8,5,1068.69,505.07,0,0,3,4,online,south,basic,3574.65
CUST-001438,32.0,67829.94,1.0,38.2,9,1091.37,781.37,0,0,0,3,agent,north,premium,2947.81
CUST-001439,42.0,90605.01,16.8,89.9,11,1363.92,679.84,1,0,1,3,partner,east,enterprise,3975.56
CUST-001440,53.0,81205.82,49.4,58.4,4,576.29,382.31,0,0,4,7,online,south,basic,3776.88
CUST-001441,34.0,77961.59,24.8,27.9,9,1764.75,1456.38,0,1,1,4,agent,west,basic,4673.87
CUST-001442,70.0,66224.25,39.0,30.2,9,870.36,484.53,1,1,3,6,branch,south,plus,3858.51
CUST-001443,44.0,80761.11,14.8,47.6,5,755.29,666.08,1,0,1,2,online,west,plus,4516.17
CUST-001444,39.0,106122.75,53.8,36.3,10,814.5,637.66,0,0,5,7,agent,east,plus,6127.26
CUST-001445,26.0,77270.77,32.0,10.0,4,468.44,267.49,0,0,3,5,partner,north,enterprise,3878.09
CUST-001446,37.0,71072.38,38.0,55.0,4,552.86,308.49,0,3,3,4,online,south,enterprise,2723.93
CUST-001447,38.0,77604.88,66.0,30.8,5,1152.64,559.12,0,1,5,6,agent,south,plus,4540.51
CUST-001448,49.0,76606.84,54.9,34.9,6,844.39,726.79,0,0,4,5,partner,east,basic,4406.38
CUST-001449,34.0,65970.31,29.8,20.3,10,1466.74,703.48,1,0,2,4,agent,east,basic,4797.61
CUST-001450,46.0,62476.88,25.8,121.0,9,1916.26,1426.4,1,2,3,6,online,north,plus,3591.69
CUST-001451,41.0,90097.38,29.5,70.3,5,1236.84,993.41,1,2,1,2,branch,west,basic,3540.64
CUST-001452,52.0,97514.83,41.0,139.9,4,371.79,211.88,1,0,4,7,agent,north,premium,3836.75
CUST-001453,53.0,116603.65,32.6,38.1,6,1463.77,920.41,1,1,4,5,online,west,plus,5281.28
CUST-001454,45.0,84067.37,28.6,73.0,10,1632.3,959.96,1,0,2,5,online,south,basic,4417.32
CUST-001455,49.0,77919.42,54.2,55.7,8,799.55,661.08,1,0,4,5,partner,west,premium,4130.19
CUST-001456,53.0,92050.77,32.4,28.7,8,1100.73,1010.3,0,0,4,5,branch,north,plus,4784.72
CUST-001457,47.0,59474.46,65.7,37.8,7,60.0,54.37,1,2,6,8,online,north,enterprise,3633.86
CUST-001458,44.0,87385.06,35.3,70.3,6,1211.31,584.66,1,0,3,4,online,west,premium,3637.79
CUST-001459,46.0,94516.49,58.6,20.3,12,1361.21,1046.19,1,0,4,6,partner,north,plus,5471.62
CUST-001460,59.0,94254.67,38.9,90.5,12,1887.54,1368.34,0,0,3,5,branch,south,basic,5606.58
CUST-001461,42.0,105829.68,47.3,52.6,8,2285.1,2027.15,1,0,4,5,agent,east,plus,6276.76
CUST-001462,49.0,65047.27,24.0,83.0,9,2026.82,1462.62,1,0,3,6,branch,north,plus,5418.22
CUST-001463,34.0,66956.48,22.2,61.0,6,755.18,502.2,1,0,2,4,online,south,premium,3429.46
CUST-001464,58.0,71945.86,40.3,11.8,4,415.64,274.73,0,0,4,5,online,east,premium,3985.83
CUST-001465,46.0,55738.62,47.6,46.4,9,1898.46,1615.97,0,0,4,5,partner,south,enterprise,5415.57
CUST-001466,37.0,85509.9,34.6,91.8,5,453.7,347.48,1,1,3,4,agent,south,premium,3858.93
CUST-001467,40.0,87971.36,16.3,52.1,9,1977.32,958.62,3,0,1,3,online,east,plus,5506.37
CUST-001468,39.0,85926.65,15.3,47.2,2,614.17,545.84,1,1,3,5,agent,west,plus,3955.37
CUST-001469,41.0,78507.56,14.3,52.0,9,1785.12,1372.77,0,1,1,3,agent,west,plus,4544.65
CUST-001470,43.0,93923.24,9.6,9.2,5,1045.08,546.45,2,0,1,2,partner,north,basic,4447.8
CUST-001471,39.0,86171.86,35.5,97.9,14,2981.69,1999.5,2,0,4,5,online,east,basic,6063.44
CUST-001472,24.0,64973.4,49.5,5.0,5,608.71,345.63,0,2,5,6,branch,south,basic,4010.62
CUST-001473,61.0,22719.66,33.8,110.9,4,619.75,451.14,1,1,3,5,branch,south,premium,2047.69
CUST-001474,44.0,69863.63,2.9,36.1,5,812.42,577.98,0,0,0,1,branch,north,basic,3439.27
CUST-001475,44.0,76521.6,31.4,63.9,6,1441.29,1305.84,0,0,3,6,branch,south,plus,5158.38
CUST-001476,40.0,76671.04,31.8,8.4,6,626.5,298.17,2,0,3,5,branch,east,basic,3352.62
CUST-001477,51.0,72592.76,62.9,78.0,9,1584.66,1048.49,2,0,5,6,agent,west,premium,5494.29
CUST-001478,42.0,66155.92,13.9,69.6,9,1734.51,929.62,0,0,0,1,online,east,plus,3949.91
CUST-001479,38.0,60576.22,28.6,66.8,3,350.96,161.56,0,0,3,4,partner,north,plus,3769.54
CUST-001480,38.0,57225.28,57.5,8.0,10,1333.25,1087.58,0,0,4,5,online,north,premium,4541.84
CUST-001481,55.0,83647.89,40.2,25.8,9,1425.77,1149.31,0,0,4,6,online,north,plus,4929.45
CUST-001482,43.0,95407.83,41.8,61.2,5,639.39,568.46,0,0,3,5,online,east,basic,4829.89
CUST-001483,41.0,53296.45,35.6,96.2,7,1240.71,901.38,0,0,2,3,online,east,plus,3816.24
CUST-001484,36.0,74715.43,38.5,22.8,9,984.32,561.28,0,0,4,7,online,west,enterprise,4765.04
CUST-001485,37.0,90015.7,44.7,23.3,7,1066.24,661.71,0,0,3,6,agent,east,plus,4427.77
CUST-001486,53.0,72418.71,22.8,58.5,8,1489.02,1093.16,0,0,1,4,agent,west,plus,4026.92
CUST-001487,31.0,88706.77,46.1,187.0,10,1958.05,1459.79,0,0,3,6,branch,west,premium,4920.89
CUST-001488,48.0,95228.91,15.1,29.1,14,2039.02,958.38,2,0,1,4,partner,north,plus,5455.55
CUST-001489,49.0,82917.87,38.5,35.8,4,398.93,350.28,0,0,3,6,agent,west,enterprise,4172.4
CUST-001490,43.0,66896.47,36.5,31.9,3,900.73,797.37,1,0,4,6,partner,north,basic,3842.25
CUST-001491,39.0,99489.72,25.5,43.2,11,1468.57,1212.01,0,0,1,4,online,east,enterprise,4850.51
CUST-001492,25.0,71004.36,33.7,101.0,8,1924.38,1091.91,0,0,6,9,agent,east,premium,5096.76
CUST-001493,48.0,71004.88,25.4,44.8,7,1005.89,617.21,0,0,1,2,online,north,plus,4617.63
CUST-001494,23.0,85086.64,19.2,198.2,7,1154.13,900.38,0,1,4,5,agent,south,premium,3553.25
CUST-001495,43.0,70392.08,29.1,50.8,7,952.77,565.66,0,0,3,5,partner,west,basic,4557.88
CUST-001496,42.0,71790.04,18.8,107.3,11,1804.86,1141.1,0,1,1,2,online,east,basic,4084.31
CUST-001497,49.0,69091.39,38.4,37.8,12,3845.11,2937.96,0,0,3,6,branch,east,basic,6443.66
CUST-001498,31.0,72566.74,18.2,16.8,5,931.2,433.93,0,0,1,4,branch,west,plus,3852.61
CUST-001499,31.0,79364.04,43.8,44.8,8,1757.32,904.64,0,1,4,7,online,north,plus,4710.24
CUST-001500,47.0,40310.15,17.7,67.5,11,1842.54,860.32,1,0,1,3,agent,north,enterprise,3776.28
CUST-001501,39.0,74056.08,26.2,26.0,9,1996.83,1147.94,1,0,3,5,online,east,plus,4312.05
CUST-001502,19.0,44049.38,25.4,96.7,3,310.35,209.83,2,0,2,3,agent,south,premium,3039.84
CUST-001503,41.0,68499.9,52.3,33.1,9,2432.76,2059.87,1,0,4,6,branch,north,plus,5369.2
CUST-001504,61.0,81904.66,38.6,20.3,10,1827.04,975.8,1,1,4,5,online,north,premium,5380.81
CUST-001505,47.0,69924.22,31.1,175.3,3,456.97,282.28,0,1,3,5,partner,south,basic,2607.62
CUST-001506,28.0,88471.79,40.9,24.9,4,701.52,318.79,1,0,3,6,branch,east,basic,4525.42
CUST-001507,46.0,82075.86,5.0,32.4,2,430.7,287.63,0,0,0,2,online,south,plus,3108.19
CUST-001508,52.0,37009.33,33.4,74.9,7,688.42,317.98,2,0,3,6,agent,east,enterprise,2548.0
CUST-001509,22.0,97381.66,61.5,36.8,7,282.95,170.19,0,1,6,9,agent,north,plus,4376.07
CUST-001510,38.0,80313.08,35.8,20.9,8,1996.37,1677.94,0,0,3,4,agent,west,premium,4941.53
CUST-001511,55.0,65572.59,34.9,30.0,6,1111.68,989.33,0,0,4,6,agent,west,basic,4242.54
CUST-001512,24.0,67362.27,41.6,145.7,5,771.65,480.43,1,0,4,5,agent,south,plus,3938.06
CUST-001513,38.0,38294.84,46.3,69.1,4,557.07,324.78,0,0,5,6,partner,south,enterprise,3359.53
CUST-001514,39.0,79738.99,6.5,78.3,7,1494.86,1205.62,1,0,1,2,online,east,plus,4431.7
CUST-001515,36.0,87540.33,10.8,56.6,3,609.92,474.55,1,3,0,1,agent,north,basic,3261.99
CUST-001516,56.0,63578.48,36.9,63.3,11,2121.42,1331.63,0,0,4,5,online,east,premium,4783.36
CUST-001517,54.0,59529.42,24.1,34.8,13,1907.62,1670.15,1,0,2,5,agent,north,basic,4437.94
CUST-001518,38.0,78348.16,52.1,51.8,5,606.67,402.36,1,0,5,6,online,east,plus,3520.33
CUST-001519,30.0,97322.62,29.7,7.3,8,1586.51,1411.78,1,1,2,5,online,south,basic,4885.92
CUST-001520,55.0,95453.39,7.3,88.0,8,1622.54,1404.15,2,0,0,1,online,south,premium,3923.51
CUST-001521,50.0,90739.31,16.5,34.5,11,1394.13,1248.81,0,1,1,2,partner,east,enterprise,5068.14
CUST-001522,41.0,112181.04,1.0,18.1,7,1060.28,531.35,2,1,0,3,online,south,basic,4461.2
CUST-001523,48.0,92456.87,30.8,53.9,13,2059.67,1185.37,3,2,2,3,agent,west,premium,6175.85
CUST-001524,48.0,96638.64,31.4,40.9,12,2065.42,1289.67,0,0,2,5,agent,north,enterprise,5252.66
CUST-001525,31.0,77386.14,28.2,86.0,12,3154.87,2522.01,1,0,3,5,online,north,premium,5998.54
CUST-001526,34.0,69578.32,48.9,45.5,8,1279.48,752.38,0,1,3,4,partner,east,premium,4892.31
CUST-001527,41.0,96242.83,50.5,29.5,7,948.64,519.19,1,2,4,5,online,east,premium,5858.58
CUST-001528,20.0,58159.9,31.7,46.3,7,1202.72,735.54,0,0,3,4,partner,east,basic,4359.85
CUST-001529,37.0,83446.84,4.6,115.1,8,1013.74,604.34,1,0,2,4,online,south,plus,3822.6
CUST-001530,32.0,64876.05,42.5,87.8,6,483.02,402.3,0,0,3,6,agent,east,basic,3462.32
CUST-001531,43.0,81925.2,41.7,69.0,3,364.39,333.49,0,0,3,4,branch,north,basic,4051.28
CUST-001532,29.0,80640.89,38.3,90.3,11,2111.22,1251.57,0,0,2,3,online,west,plus,5801.3
CUST-001533,46.0,78752.27,47.5,72.5,10,1869.72,886.92,1,0,3,6,branch,west,basic,4779.93
CUST-001534,43.0,75499.74,17.9,23.4,4,648.37,511.7,0,0,1,2,agent,south,plus,3457.79
CUST-001535,40.0,85404.26,61.7,78.7,7,988.08,667.8,0,0,7,10,agent,south,plus,5703.1
CUST-001536,46.0,88289.09,20.8,97.3,6,1029.61,673.23,1,0,2,3,online,north,basic,3753.72
CUST-001537,48.0,50638.44,44.3,100.8,8,1487.59,914.96,3,0,3,4,online,west,basic,4488.2
CUST-001538,38.0,75002.06,10.7,19.5,8,1468.75,985.65,2,1,2,4,branch,north,plus,4589.64
CUST-001539,41.0,68293.15,21.2,32.5,8,1143.7,587.84,1,0,1,2,online,west,enterprise,4256.61
CUST-001540,34.0,79312.98,54.9,28.8,5,824.39,608.16,1,2,4,5,online,north,plus,3855.04
CUST-001541,33.0,68328.43,30.4,37.5,7,1582.63,1403.82,2,1,2,5,online,west,enterprise,5423.39
CUST-001542,58.0,98770.37,45.6,64.2,4,890.82,785.72,0,1,5,6,online,south,enterprise,4710.56
CUST-001543,39.0,74589.9,37.3,53.0,8,1470.42,1171.8,2,0,3,4,online,south,premium,4536.49
CUST-001544,41.0,93576.5,32.6,53.0,5,433.9,274.67,0,1,4,7,online,north,plus,3409.01
CUST-001545,40.0,58679.62,52.8,15.2,10,2048.37,1808.65,0,0,5,7,online,south,plus,4338.7
CUST-001546,45.0,70765.46,30.7,31.5,7,1244.83,946.18,0,1,3,5,agent,west,basic,4607.7
CUST-001547,35.0,64754.01,9.5,105.5,2,516.17,354.48,1,0,0,3,agent,east,basic,2105.54
CUST-001548,36.0,82904.92,22.9,97.0,7,669.23,390.5,0,0,1,4,partner,south,basic,3406.54
CUST-001549,51.0,54489.03,41.6,44.9,5,1110.64,894.03,1,1,2,3,agent,west,plus,3614.63
CUST-001550,25.0,45059.69,39.4,78.8,6,101.96,84.09,1,0,3,5,agent,west,basic,3077.54
CUST-001551,43.0,64557.81,12.4,60.4,3,766.74,546.47,0,0,0,3,online,south,basic,3060.08
CUST-001552,32.0,85918.54,24.0,84.5,5,934.27,546.04,1,0,3,4,branch,south,premium,4545.22
CUST-001553,19.0,61243.23,26.0,81.1,7,457.36,289.45,0,0,2,4,agent,west,plus,3598.18
CUST-001554,40.0,80599.05,29.0,47.5,10,2593.77,1927.16,1,0,3,4,branch,east,plus,5426.8
CUST-001555,28.0,64166.92,15.0,69.2,4,602.75,334.41,2,0,1,2,online,south,plus,2707.87
CUST-001556,26.0,44267.6,25.3,63.1,5,387.16,259.92,1,1,3,6,agent,east,plus,2718.14
CUST-001557,70.0,91153.71,24.0,48.4,10,1408.79,661.88,2,0,1,3,branch,south,plus,4861.23
CUST-001558,47.0,87507.22,44.6,41.3,7,1189.94,985.81,0,0,4,5,agent,south,plus,4967.19
CUST-001559,47.0,75101.75,45.1,133.4,8,1888.54,1188.66,1,0,4,6,agent,east,basic,3904.4
CUST-001560,40.0,76590.72,32.0,48.5,6,828.19,545.98,1,0,3,4,online,south,enterprise,4250.84
CUST-001561,28.0,72083.13,28.6,75.7,7,361.37,312.99,0,0,2,5,online,east,plus,2941.13
CUST-001562,39.0,57232.29,35.9,127.1,10,2441.25,1553.23,2,0,2,3,online,east,premium,4782.08
CUST-001563,37.0,99326.77,22.7,69.2,12,2376.45,1600.13,0,0,3,4,agent,west,plus,6292.98
CUST-001564,20.0,74007.67,18.2,67.1,15,979.34,576.69,2,0,1,4,online,west,premium,2949.21
CUST-001565,61.0,82328.2,21.0,48.7,6,1056.93,876.53,1,1,2,3,branch,west,plus,4904.49
CUST-001566,40.0,66839.86,25.3,63.9,4,670.41,439.14,0,0,4,7,branch,east,premium,3105.11
CUST-001567,32.0,83790.39,18.0,38.9,11,1436.35,971.69,1,0,2,3,partner,south,basic,5294.02
CUST-001568,42.0,96431.55,36.2,214.0,10,1270.19,865.52,0,1,3,6,partner,south,premium,4483.68
CUST-001569,26.0,78817.89,44.1,15.5,7,857.15,658.25,0,0,3,5,agent,north,enterprise,4299.17
CUST-001570,31.0,82308.82,12.1,43.2,5,895.38,630.76,0,0,1,2,branch,west,basic,4172.5
CUST-001571,58.0,91622.71,34.3,69.9,7,1238.99,810.72,0,0,2,4,agent,west,basic,4253.88
CUST-001572,35.0,88550.89,31.0,67.2,10,2089.18,1583.09,1,0,3,4,branch,east,premium,4727.1
CUST-001573,41.0,94613.24,38.7,38.8,10,620.35,465.03,1,0,4,6,agent,west,plus,5096.27
CUST-001574,42.0,81594.29,33.8,10.8,7,1150.91,902.23,1,0,3,4,branch,east,basic,4493.86
CUST-001575,39.0,81584.51,14.0,17.9,5,1004.75,673.9,1,0,2,3,online,north,plus,5087.52
CUST-001576,35.0,80127.29,16.6,55.6,6,1065.85,970.86,0,0,1,2,branch,west,enterprise,4452.9
CUST-001577,66.0,91384.22,34.4,7.8,10,1501.25,1081.59,0,1,2,4,agent,south,enterprise,4734.51
CUST-001578,33.0,68047.16,48.2,73.2,5,1130.59,932.79,0,1,3,6,online,east,basic,4165.48
CUST-001579,31.0,85368.57,3.5,102.2,8,1894.53,1267.31,1,0,0,1,branch,east,premium,4305.46
CUST-001580,46.0,117172.52,38.8,81.8,5,817.36,497.27,0,0,3,5,agent,south,plus,5472.2
CUST-001581,27.0,82279.83,50.4,92.4,10,1346.17,937.54,1,1,5,7,agent,south,basic,4543.38
CUST-001582,52.0,54269.84,31.9,8.1,9,1762.0,1270.94,0,1,3,4,branch,east,basic,4610.05
CUST-001583,39.0,70595.85,41.6,40.0,10,2343.72,1394.7,1,1,5,8,branch,south,basic,5494.44
CUST-001584,42.0,86992.9,24.3,21.9,15,1794.33,1443.58,3,1,2,5,branch,south,basic,5210.55
CUST-001585,44.0,63747.98,32.4,12.6,9,853.5,555.66,2,0,3,6,agent,north,plus,3450.71
CUST-001586,37.0,58216.51,11.7,34.0,3,513.79,390.72,0,0,0,1,agent,south,basic,3124.21
CUST-001587,51.0,50991.87,1.7,125.1,2,290.32,169.95,1,0,1,2,partner,east,plus,3026.42
CUST-001588,48.0,72069.51,47.0,146.9,5,329.5,223.27,0,0,3,5,online,east,premium,3335.3
CUST-001589,47.0,104829.43,20.4,24.4,6,920.51,566.72,2,0,2,5,branch,south,basic,4006.83
CUST-001590,24.0,66257.22,27.7,50.9,8,1687.23,1091.44,0,0,2,3,online,west,plus,4552.3
CUST-001591,37.0,91583.64,14.9,63.3,12,2581.67,1981.93,0,0,2,4,agent,north,basic,5225.92
CUST-001592,40.0,70795.79,14.6,40.2,7,882.0,461.76,0,0,2,4,online,east,plus,3748.67
CUST-001593,60.0,68847.75,31.6,106.9,6,679.49,384.15,0,0,2,4,branch,north,basic,3542.68
CUST-001594,25.0,85123.8,23.9,34.4,10,1794.09,1110.71,5,1,1,2,online,west,plus,5254.85
CUST-001595,34.0,48212.04,39.2,30.2,6,730.16,422.3,0,0,3,4,branch,west,plus,4313.34
CUST-001596,53.0,105867.28,40.2,25.4,3,338.17,179.91,0,2,3,4,agent,west,plus,4473.37
CUST-001597,31.0,85490.37,38.4,40.0,8,1574.18,1312.83,2,0,3,4,online,south,basic,4667.2
CUST-001598,34.0,94744.13,37.3,2.9,5,393.56,207.13,0,0,3,6,partner,south,enterprise,4521.61
CUST-001599,59.0,71176.85,55.7,41.4,8,850.0,638.87,0,0,4,7,online,south,plus,4136.13
CUST-001600,45.0,84753.63,19.3,53.1,6,658.87,436.23,0,1,2,5,online,south,plus,3672.07
CUST-001601,50.0,92609.15,33.2,55.5,8,1584.37,834.68,1,0,2,5,agent,north,premium,4812.29
CUST-001602,49.0,74185.89,49.6,20.8,9,991.21,584.17,0,0,4,6,online,east,enterprise,4652.51
CUST-001603,42.0,60101.0,51.4,54.7,6,916.28,459.46,1,0,4,5,branch,north,premium,4551.87
CUST-001604,42.0,58842.41,14.4,54.0,6,485.3,240.25,0,2,1,4,online,west,premium,3054.26
CUST-001605,51.0,68207.95,29.7,54.8,10,1436.97,889.04,1,0,3,6,branch,north,premium,3882.52
CUST-001606,32.0,79904.36,52.7,82.8,8,1930.28,1553.71,1,0,5,6,agent,south,premium,4623.88
CUST-001607,60.0,72887.77,41.0,20.1,9,1422.1,905.76,0,1,3,6,branch,south,plus,4884.05
CUST-001608,35.0,67009.2,36.7,40.5,10,2251.5,1615.21,0,1,2,4,online,north,plus,5241.41
CUST-001609,52.0,88023.1,31.0,10.1,3,632.69,322.81,1,0,3,6,online,west,plus,4639.89
CUST-001610,47.0,67519.51,28.7,77.9,10,1944.48,1680.52,1,0,1,2,branch,north,premium,4581.65
CUST-001611,35.0,65061.82,38.0,22.9,5,957.21,579.38,2,1,4,6,online,west,plus,4156.22
CUST-001612,46.0,92727.49,30.5,91.2,10,1322.18,712.62,1,1,3,4,agent,east,basic,5031.62
CUST-001613,42.0,85728.73,33.4,93.3,9,911.06,561.38,1,1,2,5,branch,east,plus,3372.06
CUST-001614,22.0,53768.17,35.1,43.5,9,1284.32,1163.24,0,0,3,5,partner,south,plus,3448.79
CUST-001615,40.0,51863.52,24.7,41.8,2,432.06,322.36,1,0,3,5,online,north,plus,3418.29
CUST-001616,27.0,55879.43,41.3,14.3,11,1409.26,714.32,0,0,2,5,branch,east,plus,4480.47
CUST-001617,47.0,75267.4,74.2,49.8,10,1808.47,951.45,0,1,7,8,branch,north,plus,6027.25
CUST-001618,39.0,97030.68,9.5,82.4,7,682.13,551.48,0,0,2,5,partner,south,basic,4693.05
CUST-001619,51.0,101871.47,38.5,59.5,8,1016.28,861.12,0,1,3,4,branch,east,premium,4771.75
CUST-001620,33.0,89327.5,23.5,115.2,5,657.34,321.27,0,0,2,4,online,east,basic,3571.55
CUST-001621,27.0,110250.56,42.0,37.1,3,452.7,266.22,1,2,4,6,partner,east,basic,3691.95
CUST-001622,29.0,79447.91,34.6,37.1,3,311.99,147.33,0,2,3,5,online,south,enterprise,3643.24
CUST-001623,63.0,95781.16,44.5,24.2,15,1895.57,963.73,3,0,3,5,online,west,plus,4949.37
CUST-001624,74.0,65536.96,50.2,164.0,5,913.94,470.47,1,1,4,6,agent,south,plus,3080.01
CUST-001625,63.0,47808.78,36.7,14.2,10,1216.0,797.07,0,0,3,4,agent,east,basic,4413.91
CUST-001626,24.0,70262.93,49.6,78.5,10,1848.31,842.74,1,0,5,8,online,south,basic,4605.76
CUST-001627,26.0,73566.09,1.7,83.5,10,1158.53,909.71,0,0,2,4,online,south,plus,3931.02
CUST-001628,29.0,122346.27,55.9,81.2,7,849.9,543.55,1,0,4,5,branch,east,basic,5196.1
CUST-001629,50.0,75810.86,39.2,25.9,10,2595.07,1657.22,0,0,3,4,agent,west,basic,5337.65
CUST-001630,64.0,57498.09,48.9,43.5,4,461.06,415.93,3,1,4,6,agent,south,enterprise,2589.97
CUST-001631,51.0,93182.32,17.2,71.3,6,396.76,240.29,2,0,1,4,branch,north,plus,3850.73
CUST-001632,43.0,62146.1,22.6,30.6,8,1303.18,611.7,0,0,1,4,partner,east,basic,3816.9
CUST-001633,31.0,78402.38,36.0,39.1,8,1105.96,708.13,0,1,2,3,online,south,enterprise,4627.14
CUST-001634,38.0,91609.8,33.8,31.0,3,516.94,346.1,0,0,4,6,online,east,premium,4162.46
CUST-001635,42.0,59049.17,37.9,52.2,11,1787.43,1199.63,0,0,3,4,partner,west,basic,4772.53
CUST-001636,51.0,103132.94,48.9,49.8,7,1502.53,1003.62,1,0,4,7,agent,south,basic,5303.63
CUST-001637,36.0,96101.11,9.7,128.3,4,543.47,329.95,0,1,0,3,online,west,basic,2901.18
CUST-001638,45.0,82177.69,47.4,72.3,6,910.23,643.27,1,0,4,6,online,east,premium,4186.25
CUST-001639,44.0,107348.92,34.1,17.3,6,1098.63,943.97,0,1,2,4,partner,east,plus,4455.85
CUST-001640,42.0,68938.18,31.2,18.6,6,453.97,280.73,1,0,3,6,agent,west,premium,4732.5
CUST-001641,37.0,90113.67,13.7,79.5,2,207.56,145.6,1,0,1,3,partner,west,plus,3632.02
CUST-001642,42.0,80837.39,40.9,49.4,3,384.13,325.87,0,2,3,6,agent,west,basic,4028.35
CUST-001643,40.0,64337.45,1.0,158.0,5,422.61,269.35,1,0,0,1,agent,west,basic,2746.47
CUST-001644,32.0,64878.59,42.9,157.7,5,645.14,331.64,0,0,3,5,partner,west,premium,3158.99
CUST-001645,51.0,112377.93,13.4,24.1,10,1684.16,1100.19,1,0,2,4,agent,west,plus,5378.78
CUST-001646,58.0,94886.32,34.7,60.2,5,1046.28,718.96,2,0,3,4,branch,east,plus,4678.07
CUST-001647,43.0,91829.79,32.4,18.8,6,998.61,857.04,0,0,2,3,agent,south,basic,4554.72
CUST-001648,40.0,64563.82,50.1,78.6,12,1721.97,1465.23,1,0,5,7,partner,south,premium,5219.68
CUST-001649,49.0,88561.67,31.5,140.0,4,695.75,564.39,0,0,3,6,agent,west,plus,3299.26
CUST-001650,43.0,69194.06,24.4,54.5,9,1039.42,654.68,0,0,2,3,online,west,basic,3745.44
CUST-001651,54.0,106383.36,27.0,36.1,12,2508.25,1455.19,2,1,3,6,branch,east,plus,5480.95
CUST-001652,42.0,97650.96,51.5,64.4,10,2297.59,1510.61,0,1,4,5,partner,north,premium,5819.4
CUST-001653,47.0,92366.54,41.4,89.4,7,757.04,454.38,1,0,4,5,partner,west,premium,4273.44
CUST-001654,60.0,90538.53,28.7,89.8,11,2529.94,2303.67,0,0,3,5,agent,south,plus,5330.66
CUST-001655,55.0,74238.51,30.7,36.4,7,660.65,323.5,0,2,3,4,agent,east,premium,4057.01
CUST-001656,39.0,84587.85,12.4,30.0,7,867.84,596.83,0,0,1,3,online,north,plus,3501.82
CUST-001657,53.0,103562.69,39.4,58.0,9,1589.89,1002.49,0,0,3,4,online,west,basic,5765.79
CUST-001658,29.0,84218.51,9.8,38.3,7,1191.22,968.5,0,0,1,4,partner,south,plus,3620.03
CUST-001659,39.0,60685.64,44.4,106.9,5,980.72,716.22,0,0,4,6,branch,south,basic,3239.47
CUST-001660,50.0,98407.7,35.8,37.9,7,1160.19,554.9,1,1,4,5,agent,east,premium,4735.11
CUST-001661,58.0,63588.96,66.9,51.8,8,1518.28,1163.69,1,1,6,9,agent,east,premium,4602.84
CUST-001662,33.0,75286.56,18.8,63.3,5,700.59,477.48,0,0,0,1,online,south,basic,3544.29
CUST-001663,41.0,67292.53,32.6,14.6,10,1515.76,1121.08,1,0,3,5,agent,north,plus,4681.81
CUST-001664,41.0,28856.96,58.8,32.0,3,766.11,377.71,0,1,5,7,partner,west,premium,2523.06
CUST-001665,40.0,78973.6,50.4,153.6,7,634.2,437.34,1,0,5,7,agent,west,premium,4022.78
CUST-001666,28.0,114928.59,24.4,86.9,6,798.35,557.51,0,0,3,5,agent,east,plus,4798.66
CUST-001667,47.0,81578.4,37.1,37.6,1,326.17,169.2,2,0,4,5,agent,north,basic,3645.57
CUST-001668,27.0,129158.09,34.0,78.8,7,1415.98,1046.25,0,0,1,2,online,west,basic,5456.98
CUST-001669,54.0,73060.74,37.9,105.8,5,1204.68,1056.74,1,0,3,6,online,south,basic,4539.66
CUST-001670,56.0,79804.73,24.4,42.0,8,813.53,375.8,0,1,2,3,online,east,enterprise,3839.17
CUST-001671,34.0,73942.51,32.8,84.2,4,541.03,307.77,1,2,2,3,agent,east,premium,3839.91
CUST-001672,27.0,76904.65,12.0,76.6,3,565.48,341.93,0,0,1,2,partner,east,plus,3935.61
CUST-001673,41.0,82478.65,35.9,19.0,8,2245.14,1584.61,1,0,4,5,agent,north,enterprise,5729.1
CUST-001674,35.0,103004.05,40.2,42.2,6,1280.79,1021.87,0,0,4,7,partner,west,plus,4482.66
CUST-001675,39.0,60719.37,30.9,130.4,7,1055.06,802.55,2,1,2,5,online,east,premium,3897.14
CUST-001676,42.0,75975.53,11.7,150.9,8,1290.24,860.67,0,0,0,1,agent,west,enterprise,3693.42
CUST-001677,31.0,86902.02,47.6,87.4,11,1900.44,1712.65,1,0,3,6,branch,north,basic,5351.33
CUST-001678,59.0,98860.13,39.0,31.2,6,1069.26,652.96,1,0,3,5,online,east,enterprise,4808.44
CUST-001679,34.0,36978.6,24.0,5.7,9,1096.54,897.51,0,0,3,4,online,north,premium,4367.9
CUST-001680,51.0,50647.96,30.1,28.0,6,1704.25,1428.62,0,0,3,6,online,north,plus,3817.78
CUST-001681,31.0,76549.75,13.3,16.9,6,884.66,440.07,1,1,1,2,online,west,plus,4314.03
CUST-001682,42.0,95965.99,19.9,136.5,11,2005.87,943.95,1,1,2,3,partner,north,basic,4939.62
CUST-001683,46.0,67166.86,26.6,9.8,8,939.6,858.4,0,0,3,5,online,north,premium,3483.96
CUST-001684,42.0,87859.99,50.9,19.5,12,1910.17,1181.4,3,0,3,6,online,north,basic,5090.73
CUST-001685,38.0,111420.3,25.2,57.2,5,1130.58,863.91,1,0,3,4,branch,south,plus,5179.5
CUST-001686,36.0,76004.92,42.8,49.2,12,1228.7,569.81,1,0,4,7,online,north,plus,4755.38
CUST-001687,37.0,71711.79,26.6,126.4,10,1507.11,1219.26,1,0,2,5,agent,north,plus,4252.86
CUST-001688,34.0,84312.09,37.4,73.5,4,343.94,211.7,1,0,3,5,online,east,basic,3580.99
CUST-001689,45.0,79059.13,32.1,44.4,9,1377.67,996.35,0,0,3,4,partner,north,basic,4904.66
CUST-001690,61.0,80413.14,46.0,108.2,6,430.74,203.56,1,0,4,7,partner,south,premium,3950.82
CUST-001691,45.0,72563.14,26.6,36.8,9,1382.81,692.39,0,0,2,5,partner,north,plus,5338.05
CUST-001692,48.0,71190.2,12.3,132.9,10,1311.87,1097.85,1,1,1,2,online,east,premium,3668.35
CUST-001693,53.0,57738.92,15.0,25.0,8,1650.31,1172.47,0,0,3,5,online,south,plus,4787.36
CUST-001694,36.0,86857.88,26.7,47.9,9,2010.5,1638.92,0,1,2,5,branch,west,plus,5259.68
CUST-001695,21.0,57103.11,16.8,6.8,9,1621.04,852.35,1,1,2,4,branch,west,enterprise,4366.91
CUST-001696,41.0,61110.22,39.7,90.3,7,1224.38,739.59,0,1,4,5,agent,south,basic,3557.63
CUST-001697,50.0,54257.22,27.6,54.9,5,951.41,808.73,2,1,2,5,agent,south,plus,3927.03
CUST-001698,63.0,69947.93,66.7,133.1,5,669.6,485.73,1,0,6,8,agent,west,plus,3930.21
CUST-001699,30.0,76285.39,10.1,41.0,8,1727.77,1320.82,3,0,1,2,online,south,basic,4332.33
CUST-001700,53.0,56024.0,36.8,14.4,4,555.33,303.78,2,1,2,3,agent,west,basic,3161.87
CUST-001701,44.0,71024.86,18.5,67.3,9,1205.58,857.45,0,0,0,2,partner,north,enterprise,3718.39
CUST-001702,37.0,78729.79,27.2,32.8,8,1356.91,1078.73,1,0,2,4,partner,east,basic,4133.49
CUST-001703,29.0,47570.89,35.9,82.1,10,1560.02,828.67,0,0,4,6,online,south,premium,3904.34
CUST-001704,35.0,62148.61,2.0,25.5,12,1183.93,699.36,0,1,0,1,online,west,basic,3317.75
CUST-001705,47.0,108302.35,37.3,118.3,7,781.78,355.07,0,0,3,4,online,north,basic,4621.14
CUST-001706,54.0,63063.34,60.2,51.8,9,2225.6,2008.76,0,0,4,5,online,west,premium,5585.63
CUST-001707,18.0,88570.34,27.8,44.5,10,1624.93,1415.36,0,1,3,4,online,west,plus,5017.05
CUST-001708,47.0,66683.61,37.6,113.3,9,2057.85,1015.2,2,0,3,4,online,south,plus,4707.18
CUST-001709,35.0,79420.6,48.1,91.2,10,1596.8,1343.17,0,0,4,6,partner,east,basic,4903.14
CUST-001710,36.0,61467.19,31.7,28.4,7,1154.76,815.99,0,0,3,4,branch,east,plus,3973.5
CUST-001711,46.0,41587.09,26.0,89.5,4,192.12,173.54,1,0,4,5,partner,east,premium,2560.53
CUST-001712,62.0,67880.85,2.6,77.8,5,1079.9,744.54,0,0,1,2,branch,east,premium,3406.39
CUST-001713,33.0,83771.6,42.8,46.4,7,1257.88,688.28,0,0,3,6,branch,east,enterprise,4693.24
CUST-001714,40.0,88027.63,32.4,84.9,4,572.7,488.19,0,2,1,4,branch,south,basic,4011.51
CUST-001715,24.0,78393.21,20.0,118.0,10,1193.32,1063.12,1,1,3,4,branch,west,plus,3732.03
CUST-001716,46.0,61825.57,35.7,47.4,8,1812.19,1267.47,0,1,2,4,online,west,premium,4563.63
CUST-001717,33.0,92383.17,26.0,47.5,3,554.04,355.48,0,2,2,4,online,west,premium,3555.23
CUST-001718,58.0,62823.19,26.7,45.6,2,616.71,502.19,2,0,2,4,agent,north,plus,3292.72
CUST-001719,45.0,63925.72,42.4,27.5,2,116.36,56.96,2,0,5,8,branch,north,basic,3138.03
CUST-001720,38.0,58174.48,15.6,47.0,7,813.24,688.06,0,1,1,4,online,south,plus,3710.72
CUST-001721,38.0,68203.94,48.4,43.3,11,2328.13,1989.57,1,0,3,6,agent,north,premium,4236.02
CUST-001722,45.0,70498.19,14.7,41.5,8,799.67,471.04,0,1,1,2,partner,west,premium,3298.86
CUST-001723,49.0,81098.37,24.9,41.1,9,1458.18,663.92,1,0,1,4,online,south,enterprise,4853.48
CUST-001724,28.0,51466.46,60.5,19.5,7,1474.94,670.52,0,0,5,6,online,west,premium,5142.63
CUST-001725,39.0,67532.15,49.5,97.2,8,1117.92,1016.96,0,0,4,7,partner,west,basic,4823.1
CUST-001726,41.0,61408.11,35.3,32.0,9,1952.36,1594.68,0,0,2,5,online,south,basic,4748.96
CUST-001727,43.0,83514.88,21.0,122.2,6,1339.19,828.42,0,0,2,4,online,east,plus,4289.03
CUST-001728,55.0,81264.34,26.7,23.2,7,1564.82,1358.3,0,0,2,4,branch,east,basic,3941.81
CUST-001729,25.0,57287.65,35.0,140.1,8,1225.25,1065.19,0,0,2,5,partner,east,premium,3495.41
CUST-001730,52.0,84679.01,34.5,38.1,8,1415.9,1241.55,1,2,2,4,online,north,plus,4847.74
CUST-001731,45.0,74876.25,32.7,90.2,8,1463.19,1003.49,2,0,3,4,online,east,basic,4350.74
CUST-001732,36.0,90095.85,33.6,54.6,1,335.86,280.65,0,1,3,4,agent,east,basic,3448.71
CUST-001733,50.0,64188.24,31.0,17.2,3,494.66,231.35,1,3,2,3,agent,north,enterprise,3750.62
CUST-001734,37.0,86446.66,14.1,18.0,11,1466.43,770.17,0,0,2,4,branch,west,premium,5465.32
CUST-001735,21.0,91388.39,26.9,30.0,11,2971.2,2220.26,0,0,1,3,partner,west,plus,6023.98
CUST-001736,18.0,77059.25,46.6,36.5,7,982.36,490.09,2,0,4,6,branch,east,premium,4450.01
CUST-001737,28.0,113579.79,15.1,48.4,7,1558.63,733.13,0,0,2,5,online,south,enterprise,5378.37
CUST-001738,35.0,84665.25,31.4,62.9,5,466.98,233.93,1,0,2,5,branch,west,premium,3527.02
CUST-001739,43.0,107549.14,22.7,44.0,7,1706.01,1132.07,2,1,1,4,agent,south,plus,5367.01
CUST-001740,48.0,121211.95,35.5,60.6,8,1079.59,733.59,0,0,2,5,agent,north,basic,4800.87
CUST-001741,38.0,45706.61,28.6,67.5,12,1851.96,1639.4,0,0,2,3,agent,west,premium,4724.34
CUST-001742,25.0,96548.42,54.4,42.6,9,607.04,393.51,2,0,3,5,agent,east,basic,4634.01
CUST-001743,37.0,85112.78,41.0,77.0,4,856.04,592.18,0,1,4,6,agent,east,basic,3827.84
CUST-001744,39.0,80199.94,15.9,88.5,5,1214.01,1012.03,1,1,1,4,branch,east,basic,3822.9
CUST-001745,60.0,63923.18,43.2,68.7,13,1362.54,1134.88,3,0,3,6,online,north,basic,4242.92
CUST-001746,47.0,59775.15,23.3,71.3,10,1924.32,1161.31,1,1,3,5,agent,north,basic,4912.74
CUST-001747,23.0,56862.18,26.0,57.0,12,1630.11,1288.68,0,1,2,5,online,south,plus,3790.18
CUST-001748,38.0,115838.03,38.3,102.7,7,1484.58,1286.17,0,1,4,7,online,west,basic,5196.67
CUST-001749,49.0,84591.55,27.2,49.2,6,1020.98,854.56,0,0,2,4,agent,west,plus,3938.95
CUST-001750,41.0,51353.46,46.3,30.4,6,1543.0,932.47,2,0,3,6,partner,south,enterprise,4688.11
CUST-001751,23.0,56871.59,23.3,50.3,6,1065.23,849.83,1,0,1,2,online,west,basic,3990.24
CUST-001752,50.0,39366.53,25.5,17.5,6,1222.16,973.76,0,0,2,3,branch,west,premium,3754.68
CUST-001753,45.0,97257.75,25.0,15.6,5,1263.58,712.34,0,1,1,4,online,west,basic,4430.83
CUST-001754,39.0,76633.81,26.2,88.8,7,1221.55,934.22,0,1,2,3,online,south,plus,4898.06
CUST-001755,32.0,84983.87,49.1,123.5,8,1379.23,677.65,1,0,4,5,agent,east,basic,5040.79
CUST-001756,52.0,75862.43,42.7,39.0,3,449.32,260.09,1,1,3,6,online,west,premium,3234.38
CUST-001757,21.0,92879.11,57.6,89.3,1,60.0,50.0,0,0,5,7,branch,east,basic,4159.67
CUST-001758,24.0,68675.39,65.2,8.6,13,3234.64,1654.64,0,0,6,8,agent,west,basic,6283.4
CUST-001759,33.0,81136.65,19.8,68.8,6,1395.38,697.73,1,1,1,4,branch,south,premium,4057.66
CUST-001760,44.0,80751.55,35.0,49.4,5,683.87,612.05,0,0,3,5,branch,west,premium,3157.12
CUST-001761,26.0,54933.3,17.8,136.4,4,776.13,409.02,1,0,2,3,agent,north,plus,3441.24
CUST-001762,35.0,62803.98,23.3,44.6,5,846.18,409.63,0,2,1,4,agent,east,basic,2940.54
CUST-001763,37.0,70366.42,25.3,21.8,9,2001.53,1606.47,0,0,2,4,online,south,plus,4813.33
CUST-001764,45.0,81596.65,19.4,13.7,4,800.83,604.47,0,1,2,3,branch,south,enterprise,3509.19
CUST-001765,38.0,100810.28,19.5,50.3,3,571.93,428.35,1,0,2,4,branch,east,plus,4134.89
CUST-001766,38.0,77901.93,32.0,56.9,4,323.76,281.41,0,1,2,5,agent,south,basic,3355.0
CUST-001767,33.0,74239.79,17.2,42.6,7,1490.0,1137.22,1,0,1,4,online,west,enterprise,3598.02
CUST-001768,53.0,81398.21,45.6,90.6,7,378.32,289.07,0,0,4,6,branch,east,premium,3891.24
CUST-001769,48.0,72991.48,21.4,115.1,9,1791.74,1191.09,2,1,2,3,branch,east,plus,4362.38
CUST-001770,48.0,75410.0,72.7,38.7,7,1303.94,933.45,0,0,6,9,online,south,basic,5370.24
CUST-001771,32.0,103105.01,27.8,10.3,4,836.8,677.8,0,1,2,4,agent,east,basic,4170.45
CUST-001772,35.0,71803.49,35.0,60.9,12,2144.11,1326.74,0,0,3,5,agent,south,plus,5355.66
CUST-001773,46.0,80533.6,16.2,104.0,8,1757.17,820.5,0,1,0,3,branch,east,plus,3303.89
CUST-001774,35.0,64209.45,57.5,38.8,7,1325.47,862.14,1,2,5,6,branch,south,plus,4603.81
CUST-001775,31.0,98513.82,49.4,71.3,9,1648.63,1033.92,0,0,5,6,agent,east,plus,5642.4
CUST-001776,44.0,59413.52,38.1,20.5,6,1194.98,639.83,0,1,3,6,branch,east,basic,4175.8
CUST-001777,27.0,74524.72,15.4,59.9,5,1265.15,990.77,0,0,1,2,partner,north,premium,3993.95
CUST-001778,39.0,93503.63,36.9,72.2,8,1418.22,1174.45,0,0,4,6,online,west,basic,5653.7
CUST-001779,51.0,60230.93,18.5,61.0,3,288.58,151.37,0,0,2,5,online,west,enterprise,2741.61
CUST-001780,43.0,91440.54,54.2,159.1,5,766.28,518.14,1,1,5,8,agent,east,premium,4112.86
CUST-001781,29.0,38935.19,45.2,122.5,7,1421.03,857.28,0,0,5,6,branch,north,premium,3663.05
CUST-001782,46.0,56163.85,35.3,80.0,8,1943.45,1393.35,1,0,4,5,online,east,plus,4287.41
CUST-001783,34.0,74123.28,1.0,97.8,7,868.66,429.25,0,1,0,3,partner,north,basic,2518.75
CUST-001784,50.0,119192.19,20.4,59.6,9,2414.56,2146.64,0,0,1,3,online,east,premium,5427.52
CUST-001785,47.0,78437.1,43.5,47.9,7,1191.16,571.65,1,2,4,6,branch,south,premium,4706.81
CUST-001786,37.0,78820.5,50.7,35.8,6,1295.33,1083.66,0,0,5,8,branch,west,plus,5241.22
CUST-001787,33.0,96477.7,49.3,20.1,3,369.31,199.96,1,0,5,8,online,east,plus,4555.25
CUST-001788,32.0,56264.32,12.1,126.1,8,1764.86,1433.63,1,0,0,3,branch,north,plus,3226.7
CUST-001789,69.0,21218.85,38.2,163.0,9,1295.47,754.72,0,1,2,3,branch,west,premium,2732.34
CUST-001790,18.0,107027.99,48.0,51.1,7,889.38,730.35,2,1,5,8,online,east,premium,4917.52
CUST-001791,22.0,86702.51,11.1,51.7,6,727.38,640.37,1,0,1,3,online,west,plus,3348.39
CUST-001792,53.0,67803.72,33.9,74.2,13,2795.78,2487.58,0,0,3,6,partner,north,premium,5793.97
CUST-001793,51.0,76851.11,37.8,44.7,7,1319.51,1129.33,0,0,2,4,partner,north,plus,4602.75
CUST-001794,45.0,94757.1,29.9,22.3,5,628.84,408.69,0,1,2,3,agent,north,premium,3931.29
CUST-001795,19.0,73491.88,8.5,17.0,10,1428.23,930.5,0,0,1,3,online,south,premium,4953.3
CUST-001796,47.0,78426.61,29.5,159.4,10,2392.04,2147.27,1,0,1,4,online,south,plus,4064.04
CUST-001797,30.0,112454.71,29.5,11.8,10,1549.55,1346.4,1,0,2,5,online,east,premium,5459.66
CUST-001798,40.0,53434.71,32.0,62.6,6,1096.38,743.25,0,0,3,6,agent,south,plus,4004.56
CUST-001799,45.0,85128.47,26.2,13.3,12,2383.31,1518.23,1,0,3,4,branch,south,premium,6189.08
CUST-001800,47.0,53822.35,27.9,46.3,3,119.27,58.95,0,0,2,5,agent,east,basic,2515.21
CUST-001801,34.0,103956.57,33.5,38.5,6,1282.65,795.11,0,0,3,4,partner,south,premium,4982.79
CUST-001802,55.0,81094.57,40.1,15.4,8,1136.7,763.16,0,0,4,7,online,west,basic,4256.5
CUST-001803,50.0,63455.76,29.8,75.9,8,1184.65,995.59,0,1,1,3,agent,north,basic,3805.74
CUST-001804,30.0,48808.35,28.4,21.0,8,1900.17,1144.48,1,0,4,7,online,west,plus,4793.52
CUST-001805,36.0,69515.16,35.3,13.6,5,1049.96,621.8,0,0,4,7,branch,west,premium,3407.64
CUST-001806,33.0,79159.96,7.5,81.5,7,1434.35,663.27,0,0,1,4,branch,east,plus,4181.33
CUST-001807,40.0,96670.42,40.6,38.7,7,1553.47,727.98,0,0,3,4,partner,south,plus,5093.46
CUST-001808,48.0,56133.65,34.0,27.8,4,670.36,556.26,2,0,3,5,online,north,enterprise,3542.73
CUST-001809,21.0,60975.48,34.5,84.8,4,963.43,507.88,0,0,3,5,partner,west,premium,3195.98
CUST-001810,19.0,66871.97,47.2,20.1,6,1394.42,1260.84,0,2,4,5,agent,north,premium,4323.95
CUST-001811,32.0,61865.32,7.1,10.6,9,1558.0,745.16,0,0,2,3,online,north,basic,5320.35
CUST-001812,56.0,66556.7,6.8,110.3,11,1498.52,1242.2,1,0,0,3,branch,north,basic,3395.85
CUST-001813,44.0,58805.56,37.8,145.6,2,60.0,50.0,3,0,3,5,online,north,basic,2617.31
CUST-001814,58.0,83327.17,33.9,45.4,7,1282.55,959.86,0,0,3,4,branch,south,enterprise,4374.03
CUST-001815,39.0,67125.76,36.3,2.0,8,1430.2,1152.29,2,1,3,5,agent,north,premium,5679.24
CUST-001816,32.0,76013.19,27.6,45.0,12,1574.1,875.64,0,1,3,5,agent,south,plus,5002.64
CUST-001817,23.0,81296.13,43.2,88.0,4,623.18,444.73,0,1,3,6,agent,west,enterprise,3642.63
CUST-001818,32.0,50989.36,46.9,103.3,4,371.99,303.89,0,0,4,6,partner,south,premium,3479.26
CUST-001819,34.0,86503.93,40.7,22.1,3,440.29,233.47,0,0,4,5,agent,north,premium,4398.0
CUST-001820,18.0,79588.82,30.4,40.1,6,797.4,554.64,0,0,1,2,online,north,basic,3977.32
CUST-001821,32.0,79607.4,5.0,59.3,7,1113.18,779.6,2,0,0,3,partner,west,premium,3510.03
CUST-001822,32.0,73419.17,44.6,84.7,7,1289.38,1045.46,1,0,3,6,online,north,plus,3586.15
CUST-001823,41.0,70966.26,50.8,78.9,9,1811.47,1122.9,0,2,4,5,agent,west,basic,4754.71
CUST-001824,41.0,76787.2,42.9,70.7,11,2713.7,2044.21,1,0,4,6,branch,north,basic,5489.92
CUST-001825,45.0,77541.32,21.9,103.1,5,588.35,527.47,1,2,2,3,online,north,plus,3597.83
CUST-001826,23.0,54575.42,43.3,47.8,8,1354.04,1060.48,1,0,3,5,online,north,plus,4103.75
CUST-001827,29.0,104174.05,45.9,126.9,5,963.23,441.57,0,0,4,6,partner,west,basic,4800.71
CUST-001828,51.0,63294.98,55.5,32.8,6,1365.61,711.36,0,0,5,7,online,north,basic,4600.4
CUST-001829,38.0,77019.39,21.9,79.7,10,1111.96,708.46,0,1,2,4,agent,west,plus,3758.49
CUST-001830,50.0,96792.32,30.9,36.5,1,60.0,50.0,1,1,4,7,online,north,basic,3935.83
CUST-001831,39.0,69666.66,44.3,45.9,5,742.35,449.41,0,0,3,6,agent,east,enterprise,3685.59
CUST-001832,43.0,80084.21,34.8,51.2,13,1295.27,852.64,1,0,3,4,branch,south,premium,5168.65
CUST-001833,47.0,36376.42,18.6,35.0,1,60.0,53.6,1,0,1,4,partner,north,basic,1587.68
CUST-001834,35.0,40146.18,39.7,106.0,12,1755.66,1453.89,0,0,5,7,agent,east,premium,4511.7
CUST-001835,34.0,75358.14,42.0,37.9,7,1090.29,561.79,0,0,4,6,agent,east,plus,3787.33
CUST-001836,34.0,79229.07,35.2,49.4,6,1277.58,841.68,3,0,2,3,online,south,basic,5356.84
CUST-001837,40.0,95728.93,37.0,73.6,2,60.0,50.0,0,2,3,5,agent,north,premium,3529.12
CUST-001838,47.0,90239.49,30.4,203.1,8,1739.39,916.61,0,1,2,5,branch,south,basic,4066.53
CUST-001839,37.0,47161.79,54.4,75.4,3,324.91,153.95,1,0,4,6,branch,north,plus,3359.11
CUST-001840,54.0,98647.45,21.6,52.5,2,307.19,276.51,1,0,2,3,agent,east,premium,3416.8
CUST-001841,60.0,54388.48,25.9,8.9,7,1279.13,1047.33,0,1,3,4,online,south,enterprise,4131.47
CUST-001842,31.0,91348.7,34.2,45.1,10,1331.35,1153.02,1,1,4,7,agent,east,basic,5181.89
CUST-001843,54.0,67687.84,46.1,30.4,9,1091.16,891.75,0,2,4,7,branch,east,plus,4523.02
CUST-001844,41.0,124703.02,13.4,39.7,8,1037.28,797.81,0,1,2,3,agent,east,premium,5185.52
CUST-001845,45.0,65192.38,15.9,35.9,4,259.87,210.39,0,0,2,5,agent,south,premium,3236.91
CUST-001846,40.0,74486.11,5.9,73.1,7,1323.35,922.23,1,0,2,3,branch,south,basic,4653.03
CUST-001847,54.0,78668.11,34.5,44.4,7,294.3,168.0,0,1,2,3,online,east,basic,4124.64
CUST-001848,45.0,71453.39,18.6,25.0,6,1224.44,605.35,0,0,3,6,agent,west,basic,3382.89
CUST-001849,37.0,57869.63,28.7,90.4,10,1815.57,1326.87,1,0,2,4,online,east,basic,4278.87
CUST-001850,36.0,115492.5,43.1,18.4,7,1578.1,872.86,1,0,4,6,online,north,enterprise,5730.43
CUST-001851,28.0,64826.7,25.2,50.8,7,1758.92,1471.93,1,0,2,3,online,south,basic,4036.86
CUST-001852,35.0,64181.77,37.2,45.3,3,363.31,254.86,0,0,3,4,agent,west,enterprise,3127.42
CUST-001853,54.0,73849.47,29.9,63.8,11,1507.47,1383.59,0,1,2,3,partner,east,basic,5297.3
CUST-001854,53.0,79297.14,43.3,103.8,9,2160.28,1363.41,3,1,3,5,online,east,basic,4710.51
CUST-001855,34.0,63491.15,40.5,222.5,7,784.39,507.58,1,0,4,6,agent,east,plus,3015.75
CUST-001856,29.0,92981.46,24.5,52.5,6,298.0,171.85,0,1,3,4,partner,south,premium,3691.31
CUST-001857,51.0,78567.75,31.7,30.1,8,1837.95,1074.12,0,0,1,2,partner,west,basic,5089.61
CUST-001858,46.0,76180.38,48.4,27.9,5,1037.97,700.0,2,1,4,5,agent,north,enterprise,4620.58
CUST-001859,19.0,85864.42,39.4,27.8,5,403.28,193.71,0,0,3,4,branch,west,basic,5025.33
CUST-001860,73.0,60543.87,14.8,62.3,7,498.22,419.35,0,1,2,3,online,north,enterprise,3153.5
CUST-001861,41.0,65288.03,43.0,6.9,9,1636.51,812.3,0,0,5,6,branch,south,basic,5274.19
CUST-001862,60.0,75421.79,19.1,17.4,8,1034.06,905.93,0,0,1,2,branch,east,premium,3442.73
CUST-001863,43.0,92557.24,53.5,62.3,6,716.49,456.8,0,0,4,5,agent,south,plus,4018.21
CUST-001864,30.0,71428.81,48.1,93.3,2,464.75,309.59,0,0,3,4,online,west,premium,4176.62
CUST-001865,43.0,70110.86,38.0,93.7,5,1335.02,1205.73,1,0,5,8,online,west,premium,4610.29
CUST-001866,25.0,37867.31,36.2,54.2,8,1374.02,1095.55,2,0,4,6,online,west,basic,4041.84
CUST-001867,40.0,63335.36,31.1,85.6,1,60.0,50.0,0,1,1,3,online,east,basic,2671.63
CUST-001868,29.0,46108.84,43.3,104.9,7,1438.29,853.81,1,2,4,7,partner,west,plus,3189.08
CUST-001869,39.0,50592.25,28.9,37.4,8,1079.16,561.61,0,0,2,5,online,east,plus,4354.93
CUST-001870,44.0,82402.53,37.2,98.1,4,463.31,347.59,0,1,3,5,online,south,premium,3130.98
CUST-001871,44.0,135558.06,46.0,12.6,7,269.09,204.67,1,0,3,6,branch,east,basic,5204.76
CUST-001872,25.0,79314.86,26.3,17.0,6,983.19,853.37,0,0,1,3,online,south,basic,5252.53
CUST-001873,34.0,81808.25,25.5,39.1,5,1051.98,613.88,1,0,2,3,agent,south,plus,3992.36
CUST-001874,19.0,62129.57,17.5,11.1,2,291.72,140.5,1,1,3,4,online,east,premium,3790.66
CUST-001875,48.0,56947.46,19.3,73.9,7,1320.09,730.53,1,0,1,3,partner,south,basic,4028.98
CUST-001876,43.0,112829.22,8.8,33.4,2,466.01,420.65,0,0,1,4,partner,south,plus,3711.19
CUST-001877,28.0,61321.99,44.1,45.6,3,736.7,673.68,0,1,4,5,agent,west,plus,4614.98
CUST-001878,56.0,39820.81,58.9,46.9,6,1287.06,792.96,0,0,5,6,online,south,plus,3727.98
CUST-001879,46.0,80238.7,53.6,38.4,11,2034.9,1384.25,0,2,6,7,branch,east,plus,5594.59
CUST-001880,40.0,68082.89,11.6,27.6,9,1556.5,1319.53,0,0,2,4,branch,south,plus,4675.23
CUST-001881,36.0,86544.03,44.0,71.6,8,1308.92,882.92,0,2,5,7,online,south,enterprise,4662.35
CUST-001882,34.0,104035.86,53.6,32.8,7,573.31,516.39,0,0,4,7,agent,south,plus,5999.13
CUST-001883,32.0,82460.59,27.7,46.4,12,2455.64,2071.79,0,0,3,6,online,south,premium,4976.43
CUST-001884,54.0,79903.15,35.4,64.3,6,762.82,609.09,0,0,4,6,online,west,plus,4801.5
CUST-001885,44.0,87691.75,6.3,104.4,13,1962.75,1463.06,1,0,0,3,agent,south,plus,3451.05
CUST-001886,29.0,124503.32,37.7,99.1,7,1151.33,629.78,1,0,1,3,agent,north,premium,3665.19
CUST-001887,55.0,116831.73,19.3,35.1,5,608.88,326.33,0,1,1,3,agent,north,enterprise,4331.92
CUST-001888,40.0,70131.35,36.8,26.5,5,783.11,671.35,0,1,3,6,agent,north,basic,4139.12
CUST-001889,31.0,92915.09,12.5,118.1,7,1515.21,853.38,0,0,1,4,online,west,plus,4782.91
CUST-001890,63.0,107968.22,41.5,32.7,12,1539.63,869.08,1,1,3,4,online,north,basic,6398.81
CUST-001891,29.0,88300.42,48.1,69.7,8,1551.58,1315.19,2,0,4,6,online,west,basic,5097.5
CUST-001892,32.0,74624.71,23.2,10.5,10,1509.35,712.07,1,0,2,3,agent,east,enterprise,5076.24
CUST-001893,41.0,66857.67,18.3,6.7,7,823.58,648.45,1,0,1,3,online,north,enterprise,3854.05
CUST-001894,45.0,77593.88,4.3,52.4,7,1482.8,1096.48,0,0,0,2,agent,south,premium,4455.9
CUST-001895,33.0,55301.86,30.3,42.0,9,1356.1,634.42,0,2,2,4,branch,west,plus,3468.69
CUST-001896,18.0,91934.67,26.0,81.9,8,1631.12,872.92,1,0,3,6,partner,south,premium,4484.57
CUST-001897,41.0,100855.28,12.6,27.9,5,1114.5,658.63,1,0,2,4,partner,west,enterprise,4941.2
CUST-001898,29.0,68673.63,40.2,61.0,8,619.47,344.88,0,1,3,6,agent,south,enterprise,4157.26
CUST-001899,37.0,67708.99,27.8,79.0,6,963.23,510.06,1,0,2,5,partner,south,premium,4209.8
CUST-001900,32.0,56808.31,19.2,28.8,4,680.06,578.93,1,0,1,3,partner,north,plus,3201.46
CUST-001901,29.0,84223.58,26.4,39.1,5,1322.29,1169.84,2,1,1,3,online,east,basic,3997.05
CUST-001902,38.0,75622.92,48.8,20.0,4,429.7,228.72,2,0,5,7,agent,west,basic,4348.83
CUST-001903,34.0,49837.62,42.3,83.8,8,913.05,659.04,2,0,5,7,online,east,basic,3263.77
CUST-001904,32.0,128287.12,32.2,72.2,8,1995.7,1304.4,2,0,2,4,partner,north,plus,6542.38
CUST-001905,52.0,43809.27,42.5,75.8,7,1099.84,689.48,0,0,5,6,agent,south,basic,3636.2
CUST-001906,30.0,49902.43,18.0,41.9,11,1970.99,1769.86,0,0,1,4,online,east,premium,4053.77
CUST-001907,38.0,92730.04,34.4,71.4,4,868.35,409.45,2,0,3,6,branch,north,premium,4487.66
CUST-001908,41.0,87646.45,36.0,44.6,4,583.63,530.0,0,0,4,7,partner,east,premium,3758.6
CUST-001909,22.0,62961.2,27.5,131.0,5,485.41,290.9,0,0,2,5,agent,west,basic,2449.89
CUST-001910,29.0,61801.63,40.0,49.5,6,849.44,609.62,0,1,4,5,agent,south,basic,4462.3
CUST-001911,41.0,84060.61,23.2,95.5,3,366.77,325.59,2,0,2,4,online,south,enterprise,2967.54
CUST-001912,40.0,82624.88,41.0,42.0,9,1782.52,1342.62,0,0,3,6,branch,east,enterprise,5125.76
CUST-001913,32.0,63148.4,41.6,113.8,7,1113.61,902.62,1,0,3,4,branch,east,enterprise,3998.92
CUST-001914,41.0,93708.21,1.0,26.4,8,1700.79,842.75,2,0,0,3,agent,north,enterprise,3628.19
CUST-001915,44.0,86112.13,50.4,66.3,4,574.5,412.39,1,1,5,7,branch,south,basic,3628.64
CUST-001916,47.0,99875.33,1.0,30.7,7,1279.28,762.45,2,1,0,1,online,east,premium,4272.58
CUST-001917,48.0,74921.84,25.5,59.2,8,1481.98,959.05,0,2,2,5,agent,west,basic,4726.54
CUST-001918,54.0,90402.1,48.1,32.8,6,1259.15,707.13,1,0,4,6,online,east,basic,4603.08
CUST-001919,42.0,71709.75,29.6,49.4,8,868.04,641.79,2,0,3,6,partner,north,plus,3608.06
CUST-001920,26.0,85558.11,13.8,36.5,5,893.02,626.79,1,0,2,5,agent,north,premium,4256.1
CUST-001921,38.0,82259.44,18.9,77.2,9,1125.53,574.35,1,0,1,2,online,west,plus,4552.79
CUST-001922,27.0,91084.4,48.2,68.2,3,368.54,292.18,3,1,5,6,online,east,basic,4423.01
CUST-001923,50.0,85169.6,7.5,29.9,8,1995.61,1164.76,1,1,1,2,partner,west,enterprise,5020.26
CUST-001924,56.0,41819.42,49.6,29.2,3,212.28,154.06,1,0,4,7,partner,north,basic,2784.21
CUST-001925,41.0,64541.1,33.2,24.6,9,1207.7,1036.36,0,0,3,5,branch,east,premium,4684.44
CUST-001926,54.0,77315.77,17.6,20.8,7,1140.55,726.42,0,0,1,2,agent,north,premium,4246.31
CUST-001927,53.0,84213.35,26.0,80.6,9,1277.23,958.74,1,0,1,4,branch,south,basic,4443.69
CUST-001928,44.0,90666.16,20.0,23.5,12,2535.5,2168.47,1,1,2,4,branch,south,plus,5515.56
CUST-001929,47.0,85695.03,45.9,62.7,10,1684.33,1250.6,0,0,4,6,online,south,basic,5067.27
CUST-001930,51.0,63134.21,44.1,34.2,7,1151.27,1049.98,0,0,4,7,online,north,premium,4439.21
CUST-001931,26.0,92344.76,10.3,93.7,9,893.13,436.05,1,1,2,3,agent,north,premium,3361.35
CUST-001932,44.0,61255.86,28.4,151.2,3,276.54,171.59,1,0,3,6,agent,north,basic,3240.32
CUST-001933,47.0,98557.26,22.1,1.8,11,1283.03,1001.04,1,1,2,5,agent,east,premium,4938.42
CUST-001934,25.0,99758.13,51.8,26.2,7,1096.37,745.0,0,0,4,5,online,south,plus,4036.44
CUST-001935,62.0,75636.83,15.4,33.8,7,1420.91,812.02,0,0,1,3,agent,south,plus,4287.58
CUST-001936,53.0,64154.14,56.1,42.9,7,1332.68,809.34,0,0,5,8,branch,west,premium,4286.55
CUST-001937,53.0,63289.81,33.5,41.0,9,1279.25,1011.1,0,0,3,6,partner,south,premium,3778.12
CUST-001938,45.0,56126.74,18.0,16.8,11,1404.35,1151.03,2,0,1,4,agent,west,plus,4818.99
CUST-001939,31.0,59211.46,24.7,153.2,6,849.48,635.69,1,1,1,4,online,east,premium,3178.72
CUST-001940,27.0,72570.46,23.0,42.1,5,764.25,663.15,1,0,1,4,online,west,basic,3472.11
CUST-001941,40.0,65749.04,16.4,68.0,6,790.76,549.72,0,0,2,3,agent,east,plus,3723.26
CUST-001942,49.0,46840.33,35.3,69.4,5,1048.1,877.39,1,0,3,5,online,west,basic,3649.01
CUST-001943,47.0,67114.39,17.1,13.6,4,1160.96,580.96,0,1,0,2,partner,east,plus,2723.2
CUST-001944,60.0,77490.68,4.0,38.1,3,360.9,329.6,1,0,0,3,agent,east,plus,4001.83
CUST-001945,38.0,69714.64,28.8,80.6,5,1077.1,927.44,2,1,2,5,agent,south,enterprise,3657.52
CUST-001946,37.0,59710.15,9.2,118.5,5,1002.13,871.78,1,0,2,5,agent,east,basic,3916.52
CUST-001947,41.0,32777.25,23.6,38.7,13,2225.54,1922.29,0,1,2,3,online,south,enterprise,4161.69
CUST-001948,28.0,96436.55,21.5,16.0,8,1894.99,1602.91,0,0,2,5,branch,south,basic,5450.35
CUST-001949,58.0,75105.59,22.0,31.6,5,762.12,373.46,1,0,2,5,agent,north,plus,3273.52
CUST-001950,38.0,81591.26,61.6,37.5,12,2328.03,2043.7,0,0,5,7,agent,west,plus,4684.35
CUST-001951,44.0,79073.43,34.8,36.4,9,1655.69,876.42,1,1,3,6,branch,south,enterprise,5164.21
CUST-001952,50.0,84771.29,37.4,24.7,3,760.01,651.99,0,0,3,5,online,south,plus,4298.39
CUST-001953,33.0,80149.18,9.5,14.5,12,2218.76,1580.87,1,1,1,3,agent,west,basic,4873.73
CUST-001954,44.0,77593.63,25.0,19.8,9,1533.73,894.11,0,0,2,3,branch,east,basic,3456.71
CUST-001955,41.0,89557.98,37.0,31.8,7,1327.8,793.99,1,1,3,5,partner,east,premium,4595.24
CUST-001956,52.0,93420.52,19.9,79.7,11,1501.64,866.12,2,0,2,3,branch,west,enterprise,5064.78
CUST-001957,41.0,100717.99,46.5,100.3,15,2171.72,1717.63,2,0,4,5,online,west,premium,5531.12
CUST-001958,18.0,60844.2,17.4,53.2,9,1012.18,805.44,1,0,1,4,agent,west,plus,3615.46
CUST-001959,31.0,80308.42,30.1,20.3,9,1387.84,903.45,1,0,2,5,agent,south,enterprise,4336.78
CUST-001960,25.0,46921.84,25.9,33.3,5,1289.87,839.54,0,1,3,5,online,north,plus,3210.52
CUST-001961,62.0,67153.3,36.3,7.1,7,1169.3,643.42,1,1,4,6,branch,north,basic,4338.55
CUST-001962,57.0,72273.02,25.2,120.0,7,1506.69,959.97,0,1,3,5,agent,south,basic,3188.49
CUST-001963,18.0,89155.01,30.3,29.4,5,983.16,748.64,1,0,1,4,agent,east,plus,4349.23
CUST-001964,30.0,73698.37,30.7,64.2,4,506.96,377.11,3,1,2,4,online,south,premium,3468.9
CUST-001965,26.0,87929.19,23.9,95.8,8,1697.14,867.27,1,0,2,3,online,east,premium,5068.24
CUST-001966,43.0,69606.89,40.7,141.3,3,503.76,399.88,1,0,3,6,agent,west,basic,3618.15
CUST-001967,30.0,65419.99,37.3,85.6,9,1344.4,1230.38,0,0,2,4,online,east,plus,4031.33
CUST-001968,38.0,61379.99,32.8,36.2,6,1078.55,896.41,0,1,2,4,partner,east,basic,2721.92
CUST-001969,26.0,88251.7,28.1,70.1,4,850.98,386.11,1,0,3,5,branch,west,enterprise,4015.92
CUST-001970,46.0,69007.58,45.0,138.1,8,817.31,683.6,0,0,4,7,online,north,basic,3202.17
CUST-001971,23.0,32141.81,30.8,29.2,6,860.7,399.45,0,0,2,4,agent,south,enterprise,3798.51
CUST-001972,69.0,87262.02,29.8,13.8,9,1702.83,873.73,0,0,2,3,partner,west,plus,5096.15
CUST-001973,58.0,59091.82,35.4,24.8,12,1187.2,669.56,1,1,2,5,agent,north,plus,4498.79
CUST-001974,68.0,79296.09,57.4,67.0,10,1054.29,718.26,0,0,5,6,agent,south,premium,5414.19
CUST-001975,48.0,55494.65,15.5,37.0,5,771.82,653.71,0,1,2,3,agent,west,premium,3169.46
CUST-001976,58.0,76083.83,44.6,46.1,8,2310.07,1923.36,1,0,4,5,online,west,premium,5552.18
CUST-001977,51.0,24151.26,7.9,74.7,12,2332.72,1458.05,2,1,1,2,agent,west,plus,3957.88
CUST-001978,30.0,75212.31,37.0,24.4,3,668.66,449.85,2,0,2,3,online,west,basic,4948.57
CUST-001979,37.0,60065.62,55.7,44.5,6,683.6,362.36,0,0,4,7,branch,north,basic,4347.76
CUST-001980,46.0,52999.42,40.7,32.8,6,955.54,857.5,1,0,4,6,online,west,premium,3454.11
CUST-001981,54.0,89573.92,36.4,134.6,11,848.45,490.73,0,1,2,3,agent,south,plus,3989.37
CUST-001982,41.0,73682.51,26.3,83.8,7,873.4,477.16,0,1,2,5,partner,west,premium,3452.45
CUST-001983,47.0,71424.68,34.4,37.1,7,1171.91,1071.27,1,0,3,4,agent,south,premium,4139.9
CUST-001984,37.0,62781.14,30.5,35.6,7,582.66,320.16,0,0,4,6,online,west,basic,3648.55
CUST-001985,36.0,91920.89,23.2,144.3,3,374.29,200.39,1,1,2,4,agent,north,basic,2986.95
CUST-001986,25.0,67993.41,30.0,136.9,5,992.95,905.52,0,0,2,5,online,east,plus,3406.83
CUST-001987,46.0,102597.98,36.7,66.7,6,716.13,348.03,0,0,4,5,branch,north,plus,4621.21
CUST-001988,36.0,97950.88,23.4,47.7,6,537.88,250.43,1,0,2,5,branch,east,basic,4532.73
CUST-001989,27.0,101474.06,22.9,17.1,3,348.72,231.65,1,0,3,5,online,west,plus,3859.21
CUST-001990,34.0,93242.89,15.3,25.0,7,908.46,535.48,0,1,2,5,agent,east,plus,3538.92
CUST-001991,44.0,64905.84,39.4,15.9,9,1527.09,1311.64,0,0,3,4,agent,north,basic,4613.76
CUST-001992,48.0,76762.76,41.5,98.3,8,1515.23,1205.26,0,0,4,7,partner,east,plus,4232.19
CUST-001993,39.0,72163.46,37.2,17.3,3,244.83,172.38,0,0,3,5,online,north,basic,4243.14
CUST-001994,53.0,90905.67,47.3,35.3,6,1487.68,676.49,0,2,6,8,agent,north,enterprise,5372.62
CUST-001995,57.0,75627.93,35.2,8.6,5,1191.43,684.84,0,2,1,2,partner,east,premium,4759.53
CUST-001996,38.0,71440.28,39.4,12.5,8,1372.22,1191.82,0,0,3,5,online,south,basic,5073.47
CUST-001997,52.0,105663.18,38.2,77.0,6,1082.77,613.61,2,0,3,5,branch,south,plus,3940.13
CUST-001998,34.0,69925.05,32.7,59.9,2,163.9,75.89,0,2,3,4,branch,north,premium,2614.41
CUST-001999,27.0,64578.77,26.7,48.9,10,1911.53,1067.75,0,0,3,5,online,east,plus,4119.32
CUST-002000,31.0,68583.6,64.5,35.7,9,1630.3,1313.37,0,1,5,6,partner,east,plus,5760.43
CUST-002001,31.0,95100.86,27.8,11.0,9,1396.68,1192.87,0,1,3,5,branch,west,premium,5426.47
CUST-002002,36.0,79198.78,24.8,32.2,8,1084.31,633.32,1,0,2,3,agent,south,enterprise,4652.51
CUST-002003,63.0,84070.83,40.0,42.6,11,1901.53,1063.23,1,0,4,5,agent,north,basic,5254.13
CUST-002004,35.0,80066.59,37.5,73.5,6,953.18,804.11,0,0,3,5,agent,north,plus,3981.62
CUST-002005,37.0,36346.49,14.6,94.8,5,465.57,252.44,0,0,1,2,online,west,plus,2183.67
CUST-002006,43.0,56580.07,49.5,78.6,6,1058.98,657.37,0,0,4,5,partner,west,basic,4312.2
CUST-002007,26.0,70800.83,32.7,59.7,6,837.23,526.52,2,2,2,4,agent,east,enterprise,3733.82
CUST-002008,43.0,81484.11,18.7,48.4,4,342.89,218.12,0,0,3,5,agent,west,enterprise,3939.21
CUST-002009,48.0,58101.15,50.4,55.6,5,900.46,436.96,0,0,4,6,partner,south,premium,4069.19
CUST-002010,57.0,57546.12,42.6,30.5,2,452.08,382.73,0,1,3,6,agent,north,basic,3457.43
CUST-002011,55.0,70197.28,16.6,51.4,11,1366.67,753.13,1,0,1,3,online,east,basic,4385.08
CUST-002012,45.0,99691.72,58.5,42.4,2,328.9,204.72,0,0,5,7,online,west,basic,4815.32
CUST-002013,39.0,37067.06,43.1,181.4,4,720.92,540.36,1,1,3,5,partner,north,plus,2832.57
CUST-002014,39.0,28090.74,33.9,56.6,8,2027.82,1678.43,0,0,4,5,agent,north,basic,4014.63
CUST-002015,45.0,107054.88,55.9,6.5,4,754.39,547.63,0,1,5,6,agent,east,premium,5241.2
CUST-002016,40.0,48271.76,36.2,34.3,7,990.57,614.13,3,0,3,5,agent,east,enterprise,3899.02
CUST-002017,40.0,68522.85,33.6,39.0,10,2199.56,995.27,1,1,2,4,agent,north,basic,4911.43
CUST-002018,31.0,48804.97,24.9,85.7,6,964.8,658.66,0,0,2,4,agent,west,enterprise,3305.21
CUST-002019,48.0,70372.45,42.0,61.7,5,1264.38,903.09,0,1,4,6,partner,west,plus,4648.37
CUST-002020,44.0,73368.39,40.6,59.6,10,1797.74,1112.73,0,1,3,4,online,north,plus,5228.06
CUST-002021,33.0,104810.66,34.2,111.6,7,1454.02,1084.5,0,0,3,5,online,west,basic,5269.24
CUST-002022,57.0,88790.81,23.1,137.3,9,1199.09,983.59,3,0,1,3,partner,west,basic,4023.36
CUST-002023,43.0,52722.43,35.8,76.9,6,1194.76,557.61,0,2,5,6,online,south,premium,4336.27
CUST-002024,25.0,41475.17,33.0,36.3,7,1018.56,846.8,1,2,3,4,partner,east,premium,3966.75
CUST-002025,51.0,84812.89,15.6,37.2,6,796.89,579.76,0,1,0,1,branch,south,premium,3165.35
CUST-002026,34.0,66465.64,13.7,102.6,6,1278.27,770.8,0,2,0,2,branch,west,basic,2959.59
CUST-002027,36.0,62802.8,41.8,37.1,4,805.66,625.29,1,0,3,6,online,north,premium,3377.47
CUST-002028,39.0,97144.76,1.0,46.1,5,499.83,390.27,1,0,1,3,online,north,plus,3284.18
CUST-002029,50.0,44202.7,36.8,33.8,6,1396.22,1125.67,0,0,3,6,online,north,plus,4974.5
CUST-002030,40.0,69225.02,27.4,20.0,5,783.37,504.45,1,0,2,4,agent,north,basic,4556.59
CUST-002031,48.0,87172.65,52.0,172.6,6,1132.79,816.67,0,0,5,8,branch,north,premium,4627.36
CUST-002032,24.0,54573.18,27.2,46.3,6,858.97,578.86,1,1,3,6,agent,east,enterprise,3659.13
CUST-002033,29.0,99184.55,43.1,121.9,10,2681.12,1665.11,0,1,4,5,online,east,premium,5718.13
CUST-002034,41.0,57608.82,28.5,37.5,10,2027.21,1035.39,0,0,3,4,online,east,enterprise,4435.43
CUST-002035,33.0,74551.15,35.6,29.4,5,1082.98,955.13,0,0,2,4,agent,east,basic,4110.13
CUST-002036,39.0,63339.1,44.2,72.6,7,1185.57,604.49,0,1,3,5,online,west,plus,3738.03
CUST-002037,49.0,26496.66,27.6,94.5,13,2330.91,1759.56,2,1,1,2,branch,south,plus,4392.26
CUST-002038,32.0,68248.08,47.7,98.5,9,1609.49,1026.8,0,0,4,5,online,south,plus,4758.28
CUST-002039,33.0,90079.56,20.3,42.2,5,891.91,745.69,1,1,1,2,agent,east,plus,4474.17
CUST-002040,42.0,57196.98,38.1,77.7,7,1160.19,779.12,0,0,3,6,branch,north,premium,3898.54
CUST-002041,18.0,64510.92,46.7,31.9,8,1657.47,891.12,1,0,4,7,agent,east,premium,3967.89
CUST-002042,52.0,66522.42,43.1,50.9,5,1316.12,685.46,0,0,3,4,partner,south,plus,4334.77
CUST-002043,42.0,85467.82,60.4,39.2,5,933.93,592.13,0,1,5,7,branch,south,premium,4734.78
CUST-002044,42.0,69343.2,23.5,34.9,4,608.77,427.0,1,0,2,4,online,east,plus,3711.18
CUST-002045,35.0,76235.68,15.0,52.4,7,1588.07,1184.43,1,0,1,3,online,south,plus,4030.93
CUST-002046,49.0,76470.89,20.3,19.6,9,2081.52,1767.12,0,0,2,4,partner,south,basic,4846.41
CUST-002047,39.0,66396.93,43.1,89.5,5,855.88,535.72,0,1,3,5,branch,east,basic,3394.21
CUST-002048,54.0,106231.87,40.9,35.0,7,1802.24,1472.73,0,1,4,7,partner,east,plus,4754.42
CUST-002049,22.0,57363.34,35.4,86.8,9,1469.36,816.47,1,0,3,5,online,north,enterprise,4130.77
CUST-002050,42.0,88472.08,18.5,23.2,8,851.72,734.84,0,0,2,4,partner,east,enterprise,4662.63
CUST-002051,41.0,98783.12,44.6,34.9,10,968.59,480.17,0,1,4,5,partner,south,enterprise,4898.86
CUST-002052,44.0,73329.23,17.1,19.5,3,202.42,167.56,0,0,2,4,online,east,plus,2839.25
CUST-002053,56.0,76913.84,50.0,18.9,6,1094.22,630.26,1,0,4,7,online,south,premium,4935.98
CUST-002054,26.0,85365.24,73.4,25.8,15,2250.48,1707.35,1,1,6,8,agent,north,enterprise,6757.96
CUST-002055,26.0,69136.04,39.0,23.5,7,911.2,642.98,0,0,4,6,agent,north,basic,4077.11
CUST-002056,37.0,41688.95,42.0,19.7,8,1254.07,905.08,2,0,3,6,online,south,plus,3487.56
CUST-002057,20.0,71329.94,27.2,48.5,5,710.66,647.27,0,0,2,3,online,east,plus,3818.12
CUST-002058,66.0,105443.09,9.1,71.7,9,1203.86,880.37,0,0,1,2,partner,east,premium,4804.13
CUST-002059,51.0,86057.9,25.7,74.2,5,810.7,446.8,0,0,2,3,online,west,plus,3932.33
CUST-002060,47.0,77207.16,18.9,10.2,8,1081.23,695.18,1,0,1,2,partner,south,enterprise,3676.41
CUST-002061,50.0,89431.09,14.1,39.0,12,2339.92,1159.3,0,0,1,4,online,west,basic,5654.55
CUST-002062,55.0,73219.54,57.7,36.2,3,649.13,394.44,0,0,5,6,branch,west,basic,4333.21
CUST-002063,34.0,76349.21,37.8,112.9,7,1105.77,649.85,1,0,4,7,online,south,plus,4702.57
CUST-002064,37.0,68056.65,39.2,40.2,8,2060.43,1550.53,1,1,3,5,online,south,basic,4938.22
CUST-002065,45.0,84413.76,29.7,45.6,8,2685.95,2362.32,0,0,2,5,branch,east,enterprise,6082.76
CUST-002066,35.0,66168.22,31.6,14.1,4,760.05,442.55,1,0,3,5,online,west,premium,3794.62
CUST-002067,31.0,70143.6,47.3,25.3,6,1282.28,1087.84,1,0,4,5,online,south,plus,4435.72
CUST-002068,35.0,91640.15,33.6,13.3,11,1022.64,881.26,1,1,3,6,agent,north,basic,4555.05
CUST-002069,45.0,72321.11,41.3,50.7,12,1967.17,1470.15,0,0,4,6,agent,west,premium,5959.63
CUST-002070,51.0,85993.25,31.3,115.2,14,2246.13,1748.52,0,2,2,4,agent,south,enterprise,5092.62
CUST-002071,27.0,87481.6,29.3,26.0,4,917.2,756.85,2,0,3,4,online,north,premium,5167.5
CUST-002072,39.0,74437.94,14.6,40.4,7,1028.12,642.49,0,0,0,1,partner,north,plus,3361.08
CUST-002073,40.0,69527.39,6.7,23.7,3,498.16,455.14,0,0,0,1,online,east,premium,2340.21
CUST-002074,26.0,52063.04,30.4,30.0,8,1378.8,867.88,1,0,3,5,branch,east,plus,4435.48
CUST-002075,46.0,56083.64,34.8,51.5,3,734.45,359.8,1,0,2,3,branch,north,basic,3281.43
CUST-002076,40.0,86782.54,16.3,150.4,3,627.31,498.36,1,1,1,3,online,east,premium,3177.87
CUST-002077,31.0,86449.76,33.5,111.6,6,1218.0,739.87,1,1,2,5,agent,east,basic,4115.08
CUST-002078,36.0,58001.25,34.7,132.8,8,1456.7,674.5,1,0,3,5,agent,east,basic,3975.19
CUST-002079,47.0,82954.02,4.3,87.3,4,603.3,322.26,1,0,1,4,branch,north,enterprise,3942.02
CUST-002080,52.0,79712.86,21.4,40.0,4,702.25,437.91,1,1,1,3,branch,north,premium,3670.75
CUST-002081,45.0,92657.87,39.6,36.1,3,388.39,213.62,1,0,3,4,agent,north,plus,4267.48
CUST-002082,62.0,114797.49,39.3,26.1,6,718.9,369.59,1,1,3,5,branch,west,basic,4700.91
CUST-002083,53.0,86165.53,18.1,3.6,7,1771.9,932.74,2,0,2,5,online,north,premium,5122.96
CUST-002084,47.0,63384.35,36.2,39.5,10,1915.75,1426.19,0,0,4,7,branch,north,plus,5000.35
CUST-002085,33.0,89199.67,48.1,116.3,6,1020.39,520.74,1,1,4,5,agent,south,plus,4247.48
CUST-002086,53.0,57063.76,44.7,115.4,4,741.32,606.52,0,1,4,5,partner,east,basic,3826.67
CUST-002087,33.0,115803.71,32.7,185.8,5,913.37,772.37,1,0,3,6,partner,north,plus,4105.45
CUST-002088,49.0,53743.64,27.6,54.2,5,163.47,129.15,0,0,3,6,online,east,plus,3194.47
CUST-002089,18.0,83711.97,25.3,17.0,6,653.48,369.36,1,1,2,3,branch,north,basic,3623.04
CUST-002090,36.0,75852.31,40.4,68.5,5,804.65,580.09,1,1,3,6,agent,west,plus,4185.84
CUST-002091,26.0,68372.41,36.7,151.4,7,871.88,417.36,1,0,4,7,branch,east,premium,3245.11
CUST-002092,38.0,67239.79,42.7,126.1,4,607.48,542.52,1,0,3,4,online,west,basic,3819.23
CUST-002093,24.0,100330.99,35.8,33.0,3,324.74,147.26,1,0,3,4,branch,east,basic,4847.81
CUST-002094,41.0,86014.77,45.3,18.5,6,894.64,495.73,1,0,5,8,online,north,premium,4746.87
CUST-002095,46.0,73076.3,35.3,18.1,8,1412.5,690.72,0,0,3,4,partner,east,premium,5303.97
CUST-002096,34.0,106998.25,44.8,27.5,5,1160.66,1064.93,0,1,3,4,agent,west,plus,4681.86
CUST-002097,37.0,73682.4,46.0,30.9,8,1673.01,784.86,0,1,3,6,online,south,premium,4714.94
CUST-002098,43.0,89046.43,22.9,37.8,10,1398.57,630.49,1,1,1,3,branch,north,basic,4318.27
CUST-002099,40.0,51691.42,9.1,74.7,10,1843.58,916.82,1,0,2,3,agent,east,premium,3983.06
CUST-002100,56.0,52653.06,55.3,36.9,4,356.79,308.33,0,0,4,5,online,east,enterprise,2935.51
CUST-002101,33.0,88594.2,37.5,49.3,5,849.14,542.05,0,1,4,6,branch,west,plus,4345.63
CUST-002102,47.0,81363.74,10.4,12.4,8,1643.15,1469.01,0,0,0,1,online,north,premium,4664.51
CUST-002103,44.0,114459.86,24.2,26.2,8,1459.07,1314.56,0,0,4,5,online,east,plus,6141.68
CUST-002104,24.0,63122.89,44.6,25.2,6,1439.32,1138.89,0,0,3,5,agent,south,basic,4006.9
CUST-002105,42.0,87981.57,30.1,10.5,12,2385.36,1262.73,2,0,3,4,agent,north,basic,5779.45
CUST-002106,40.0,71395.38,26.9,36.2,5,828.03,750.53,0,1,3,5,online,west,basic,3555.93
CUST-002107,36.0,91086.77,53.3,12.5,6,1034.36,678.49,3,0,4,5,online,east,enterprise,4691.3
CUST-002108,61.0,89657.13,19.6,34.3,9,1424.69,952.15,0,0,2,3,agent,west,enterprise,4808.33
CUST-002109,55.0,75323.2,23.0,52.0,10,1026.55,769.2,1,0,2,4,agent,north,basic,4197.35
CUST-002110,33.0,62488.99,36.9,117.5,3,397.61,312.75,0,0,3,5,agent,south,plus,2975.92
CUST-002111,48.0,69712.8,39.4,24.2,8,1830.37,1651.67,1,0,4,6,partner,west,enterprise,4392.24
CUST-002112,49.0,55788.57,40.8,51.0,8,1839.77,1667.44,1,0,3,5,online,south,plus,4941.16
CUST-002113,43.0,82384.84,46.6,29.0,7,820.83,528.94,1,0,5,8,partner,south,premium,4528.96
CUST-002114,29.0,25258.69,36.7,11.9,5,896.14,463.12,0,0,3,4,agent,west,basic,3568.95
CUST-002115,31.0,65358.5,40.7,118.4,3,229.4,201.95,1,0,5,8,branch,north,basic,3272.45
CUST-002116,47.0,92092.53,30.4,53.7,7,1047.54,529.96,0,1,2,5,agent,east,plus,4563.39
CUST-002117,47.0,91661.95,34.9,66.2,6,1004.46,712.92,0,0,2,3,online,south,premium,4583.13
CUST-002118,38.0,46800.95,35.5,130.8,6,854.17,451.1,3,0,3,6,agent,west,enterprise,2723.63
CUST-002119,55.0,86310.84,37.0,34.1,7,777.7,480.92,1,0,2,4,branch,north,premium,4923.61
CUST-002120,57.0,55277.4,44.6,16.3,7,1469.37,1027.05,1,2,4,6,online,south,plus,4605.97
CUST-002121,57.0,69009.01,41.6,23.9,7,1161.77,907.75,1,0,3,4,online,north,plus,4160.89
CUST-002122,57.0,89605.94,34.6,15.0,9,953.74,866.33,2,0,2,5,branch,north,premium,4163.48
CUST-002123,41.0,58266.13,22.9,98.0,10,1702.41,1501.08,0,0,1,3,branch,south,plus,4806.96
CUST-002124,26.0,101503.44,34.9,155.1,5,659.49,458.08,0,0,2,5,agent,east,plus,3710.14
CUST-002125,37.0,80443.04,33.6,51.7,8,1423.17,849.4,1,3,3,6,branch,south,basic,4128.55
CUST-002126,40.0,84147.41,36.7,76.1,9,1345.63,945.12,1,1,3,5,branch,south,premium,4375.29
CUST-002127,34.0,95208.7,64.4,89.7,10,1814.79,1129.4,1,0,5,6,agent,west,basic,5808.62
CUST-002128,37.0,91847.21,26.8,136.4,8,1763.0,1174.09,2,2,2,5,branch,west,plus,4219.99
CUST-002129,28.0,90276.78,39.8,151.1,4,141.77,124.73,0,1,3,4,online,north,premium,3478.03
CUST-002130,49.0,63979.44,48.7,8.2,11,1450.98,1003.64,3,0,5,8,online,north,premium,5785.68
CUST-002131,59.0,55821.96,35.4,29.7,9,1799.23,844.88,1,0,3,4,agent,east,basic,4084.58
CUST-002132,67.0,70737.63,66.2,47.6,8,1109.61,856.07,0,0,6,9,agent,north,plus,4406.39
CUST-002133,44.0,84358.0,28.8,26.9,9,1451.09,844.62,1,1,2,3,online,east,plus,4925.58
CUST-002134,39.0,52678.03,38.5,38.5,6,760.24,418.52,0,0,4,5,agent,north,basic,3098.97
CUST-002135,41.0,86310.06,23.0,63.3,8,983.29,796.72,0,0,1,2,online,north,basic,4461.21
CUST-002136,56.0,82559.11,29.2,62.1,7,1022.12,539.48,0,0,3,6,branch,east,plus,4582.38
CUST-002137,56.0,72546.12,37.4,87.8,4,312.03,229.77,1,0,3,6,agent,west,plus,2734.87
CUST-002138,38.0,76926.07,45.7,48.4,8,1529.46,1275.67,0,0,5,6,agent,south,plus,4971.25
CUST-002139,54.0,76990.65,38.4,4.1,7,1373.5,812.1,2,1,4,6,partner,south,plus,4848.21
CUST-002140,43.0,83767.69,51.4,36.2,8,1335.41,897.33,0,2,3,6,agent,north,enterprise,4912.72
CUST-002141,33.0,89254.18,32.7,59.1,6,1236.68,892.26,3,0,2,5,agent,west,plus,5517.46
CUST-002142,39.0,127504.48,29.4,91.9,9,1283.2,964.09,0,0,3,4,online,west,premium,5176.88
CUST-002143,60.0,78862.09,71.3,83.4,12,1647.1,1493.6,1,1,6,7,online,north,enterprise,5547.26
CUST-002144,49.0,64224.68,39.4,43.7,8,1414.87,1227.74,1,2,4,7,partner,west,plus,4229.99
CUST-002145,35.0,41507.33,24.1,28.2,6,1074.3,588.97,0,2,2,3,partner,west,basic,3383.82
CUST-002146,51.0,50475.32,24.4,45.2,11,1895.23,1339.01,2,1,2,5,branch,west,basic,4271.98
CUST-002147,49.0,62186.01,21.0,9.5,7,1180.34,618.72,0,0,3,5,partner,south,premium,4351.72
CUST-002148,38.0,88228.59,46.9,30.4,5,455.04,217.6,1,0,3,5,online,north,plus,4200.4
CUST-002149,33.0,68710.93,29.0,103.1,5,880.79,548.74,0,1,2,4,branch,east,basic,3591.71
CUST-002150,29.0,83139.76,35.8,45.1,3,722.05,433.46,0,0,3,5,online,south,basic,4020.45
CUST-002151,23.0,62641.75,33.1,60.9,7,1615.63,1160.22,0,0,2,3,agent,south,plus,4037.13
CUST-002152,34.0,84016.6,44.1,14.4,8,1609.68,1209.49,0,0,3,4,branch,east,basic,5609.29
CUST-002153,39.0,91522.13,22.3,91.5,8,1525.09,962.68,0,0,1,3,branch,east,enterprise,4880.58
CUST-002154,55.0,68578.92,19.2,42.1,7,901.05,772.74,0,0,2,3,online,north,basic,4424.94
CUST-002155,50.0,83648.31,37.1,59.5,6,490.61,414.87,0,1,2,5,partner,east,basic,3990.31
CUST-002156,43.0,67891.38,42.3,68.6,6,1008.27,795.47,0,0,4,7,agent,west,enterprise,3673.83
CUST-002157,20.0,53644.96,38.6,89.3,6,1128.02,693.56,2,0,3,4,partner,north,premium,3452.96
CUST-002158,44.0,85785.18,22.8,53.3,6,1162.91,655.68,1,1,2,5,agent,west,enterprise,4538.78
CUST-002159,23.0,83248.12,43.3,42.9,8,1173.99,592.34,0,0,3,5,online,north,premium,4152.93
CUST-002160,51.0,86500.91,23.7,17.5,8,970.66,551.06,0,0,2,5,partner,east,plus,4062.27
CUST-002161,51.0,93018.24,26.8,13.2,9,1075.68,968.95,1,0,3,6,branch,north,basic,5637.32
CUST-002162,42.0,71340.1,21.0,52.6,8,999.91,646.25,2,1,1,4,online,west,premium,3908.44
CUST-002163,50.0,72665.99,51.9,59.7,3,350.95,226.5,1,1,5,8,agent,west,plus,3582.29
CUST-002164,52.0,70690.78,42.7,66.6,3,548.0,367.84,2,0,4,6,online,west,basic,2923.9
CUST-002165,42.0,82033.85,42.3,24.3,5,706.24,532.9,0,0,3,6,partner,north,premium,3867.91
CUST-002166,39.0,73321.2,51.2,30.6,7,1072.19,946.1,1,0,3,5,agent,east,basic,4808.83
CUST-002167,26.0,78085.11,72.8,51.9,13,2025.03,1019.89,1,0,5,6,online,west,basic,5160.04
CUST-002168,37.0,62847.07,10.4,33.6,9,1064.62,889.53,0,0,2,4,online,north,premium,4080.89
CUST-002169,30.0,57321.95,23.8,195.4,5,737.33,487.37,0,1,2,5,online,west,basic,2023.68
CUST-002170,30.0,59461.58,25.5,30.1,11,1495.28,865.95,0,0,2,3,agent,north,basic,4264.75
CUST-002171,33.0,83317.29,22.3,62.6,9,1620.0,1143.09,1,0,1,4,partner,north,premium,3781.65
CUST-002172,19.0,75047.14,19.2,81.8,9,1693.2,1191.98,1,0,3,6,partner,south,basic,4501.82
CUST-002173,52.0,66934.98,29.9,85.1,6,1800.94,923.32,0,1,2,3,agent,west,enterprise,3690.97
CUST-002174,43.0,87758.74,17.2,33.2,5,810.53,401.69,0,0,2,5,partner,west,basic,3980.76
CUST-002175,54.0,102059.57,38.6,68.8,10,1707.27,1271.29,1,1,4,7,branch,south,plus,5551.15
CUST-002176,50.0,66912.76,34.7,63.2,5,938.91,747.02,0,0,2,4,branch,east,enterprise,3870.68
CUST-002177,46.0,56306.77,40.6,70.8,5,980.85,724.81,1,0,3,6,online,north,basic,3810.68
CUST-002178,50.0,92830.9,41.0,51.4,11,2402.36,1479.54,1,1,3,5,branch,west,premium,5861.29
CUST-002179,43.0,76096.38,42.3,82.2,11,2283.29,1623.99,1,0,4,6,partner,north,premium,5285.52
CUST-002180,55.0,72517.88,28.9,55.8,7,757.96,663.96,0,3,2,4,branch,east,basic,3627.97
CUST-002181,35.0,94138.21,63.2,15.6,8,891.5,788.28,2,0,4,7,agent,south,plus,5037.65
CUST-002182,41.0,71092.83,37.2,54.6,2,365.81,204.55,1,0,2,4,online,west,basic,2929.5
CUST-002183,38.0,82965.76,8.3,59.2,2,80.77,50.0,0,0,0,2,agent,north,enterprise,2537.3
CUST-002184,63.0,78703.43,20.2,78.4,7,581.62,440.3,2,0,1,3,branch,south,enterprise,4367.6
CUST-002185,34.0,134219.66,10.0,52.6,4,715.36,380.55,2,1,1,4,online,east,plus,4647.17
CUST-002186,55.0,73401.39,34.2,138.4,5,329.07,271.98,0,0,3,4,agent,east,enterprise,3907.23
CUST-002187,26.0,92681.36,32.3,44.0,11,1828.73,1064.3,0,0,3,5,branch,north,basic,5500.26
CUST-002188,42.0,71306.82,27.5,31.9,11,1988.72,1035.57,0,0,2,5,partner,north,plus,4562.87
CUST-002189,39.0,83919.42,61.7,111.8,3,689.74,574.94,0,1,6,7,branch,south,basic,3923.39
CUST-002190,30.0,72291.02,41.6,43.1,8,1103.11,604.51,1,1,4,7,agent,east,basic,3561.26
CUST-002191,34.0,90135.91,44.0,49.2,7,1812.13,822.99,0,0,3,4,online,east,plus,5912.12
CUST-002192,47.0,74096.44,21.2,59.2,2,276.88,231.53,1,0,1,2,branch,south,plus,3619.69
CUST-002193,37.0,84881.66,20.2,55.8,12,2526.56,1248.36,1,0,2,4,branch,east,basic,5155.57
CUST-002194,30.0,62210.74,34.5,70.4,21,2842.52,1839.89,1,2,3,5,agent,south,plus,6077.74
CUST-002195,51.0,61479.17,36.4,75.4,10,2211.3,1406.45,0,1,3,4,partner,east,enterprise,5243.3
CUST-002196,41.0,41941.38,8.4,29.7,5,752.63,389.26,1,0,0,2,online,east,premium,2655.57
CUST-002197,45.0,82403.1,31.5,18.8,12,2770.29,1292.44,1,2,2,3,agent,north,plus,6168.67
CUST-002198,53.0,64136.79,34.2,20.8,6,1306.81,640.08,0,0,3,6,branch,north,plus,4460.09
CUST-002199,58.0,115337.59,31.0,104.0,9,1428.92,930.13,1,0,2,5,partner,south,premium,5134.16
CUST-002200,18.0,67316.88,22.8,40.5,8,1525.93,1373.08,0,1,1,4,agent,west,plus,4123.34
CUST-002201,40.0,98253.89,26.6,81.3,7,1012.01,800.22,0,1,2,4,agent,west,plus,4383.88
CUST-002202,23.0,96417.22,31.6,76.7,12,1517.67,1192.81,1,1,2,4,partner,east,basic,4730.08
CUST-002203,71.0,71390.45,35.3,49.2,4,885.81,677.43,1,0,4,6,agent,west,enterprise,4402.89
CUST-002204,43.0,62557.43,42.3,24.0,3,635.49,515.69,1,0,3,5,online,south,plus,4554.82
CUST-002205,52.0,73394.22,48.9,78.0,12,1025.09,716.37,1,0,4,6,agent,east,plus,4003.22
CUST-002206,34.0,96246.82,29.9,48.0,11,1893.18,1728.92,1,0,4,7,agent,east,enterprise,5426.24
CUST-002207,37.0,116957.42,27.7,17.8,8,1708.17,1256.58,0,0,2,5,branch,north,premium,5244.24
CUST-002208,53.0,53591.65,40.0,33.9,8,1758.78,1312.95,0,0,4,5,online,south,premium,4924.56
CUST-002209,47.0,76075.66,42.4,12.2,10,1909.48,878.26,0,0,3,4,agent,east,basic,5579.99
CUST-002210,59.0,64937.26,28.0,35.1,11,1178.26,948.13,0,0,3,5,agent,east,enterprise,4397.38
CUST-002211,32.0,69307.7,44.9,51.0,7,912.63,563.33,1,0,5,8,branch,east,premium,3900.94
CUST-002212,39.0,106542.2,47.5,44.5,5,564.23,459.1,1,0,5,7,online,north,plus,4494.75
CUST-002213,47.0,61966.37,51.8,40.7,9,1926.14,1633.96,1,0,4,5,branch,north,enterprise,4762.12
CUST-002214,48.0,46885.46,58.5,50.7,4,632.08,291.06,1,1,4,5,branch,west,plus,2814.07
CUST-002215,46.0,79455.09,22.1,67.6,9,1768.1,1115.38,0,0,2,4,online,south,plus,5204.29
CUST-002216,26.0,82651.1,34.2,85.6,6,915.21,801.1,0,0,2,5,branch,west,plus,4208.69
CUST-002217,31.0,68239.3,34.2,93.2,7,1551.41,791.43,1,0,2,5,agent,north,premium,4647.89
CUST-002218,45.0,63554.2,32.6,27.1,10,1266.55,1013.02,0,2,1,2,agent,west,premium,4075.98
CUST-002219,24.0,78704.76,25.1,99.2,4,512.26,308.34,2,0,2,4,branch,west,enterprise,3648.38
CUST-002220,31.0,51520.39,13.5,48.1,10,1156.73,797.45,0,1,1,4,online,east,plus,3114.1
CUST-002221,41.0,83410.46,35.3,37.5,9,2188.9,1914.64,1,0,4,5,agent,south,plus,5350.75
CUST-002222,32.0,69559.81,23.4,21.3,11,1477.17,1104.16,1,0,1,4,partner,north,plus,5199.3
CUST-002223,44.0,100784.76,35.2,3.7,6,627.19,410.08,1,1,3,5,online,north,premium,4414.59
CUST-002224,40.0,81550.11,23.1,64.5,9,725.71,564.33,0,1,1,4,partner,east,premium,4110.8
CUST-002225,32.0,73056.2,18.8,62.8,11,1680.12,932.06,0,0,1,2,agent,west,enterprise,4683.24
CUST-002226,33.0,71684.1,37.2,31.6,9,1403.5,639.68,0,2,1,2,online,east,enterprise,3861.17
CUST-002227,55.0,41011.8,36.1,32.3,11,2044.92,1514.77,0,0,5,7,online,south,plus,4612.38
CUST-002228,45.0,73584.65,42.0,43.3,4,305.24,260.9,0,0,4,6,online,east,basic,3882.51
CUST-002229,44.0,72160.22,64.1,37.0,6,1264.91,985.12,0,0,5,6,branch,east,plus,5122.24
CUST-002230,42.0,76744.17,37.8,26.2,10,1509.04,1047.46,0,0,4,7,online,east,plus,4107.99
CUST-002231,31.0,72393.3,40.7,19.4,6,1391.03,719.67,2,0,5,6,agent,north,basic,4415.86
CUST-002232,35.0,101528.22,19.2,99.9,6,927.17,454.23,1,0,1,3,partner,east,basic,4204.76
CUST-002233,18.0,70977.94,16.3,33.7,9,881.61,512.69,0,0,1,2,partner,west,premium,3590.73
CUST-002234,34.0,60628.34,55.8,62.6,11,1480.73,1336.68,1,1,6,7,branch,east,plus,5279.63
CUST-002235,34.0,45853.83,21.3,71.0,5,582.89,388.85,0,0,1,2,agent,south,enterprise,2947.67
CUST-002236,47.0,67792.08,19.6,64.7,6,694.38,575.09,1,0,3,6,online,east,plus,3754.56
CUST-002237,34.0,56972.0,33.5,73.6,4,709.94,323.79,0,0,3,5,online,east,enterprise,3965.98
CUST-002238,50.0,52456.06,32.8,64.2,7,1114.45,749.02,1,0,3,6,online,north,premium,3178.51
CUST-002239,38.0,70207.1,21.6,29.3,4,595.84,337.26,0,1,1,4,partner,north,premium,3460.76
CUST-002240,43.0,96307.81,29.8,38.5,5,1178.69,1058.22,3,0,4,6,branch,east,plus,4835.31
CUST-002241,41.0,92649.08,50.9,98.1,4,67.54,50.0,2,0,4,6,online,north,plus,3829.19
CUST-002242,49.0,52742.76,22.9,33.0,5,1019.13,482.42,0,2,1,3,agent,south,premium,3179.2
CUST-002243,54.0,76479.04,14.8,48.1,8,920.29,484.21,1,0,2,3,online,west,basic,4234.22
CUST-002244,30.0,83435.16,47.0,67.8,4,598.63,287.13,1,0,3,4,agent,east,plus,2912.89
CUST-002245,60.0,86343.1,40.8,121.5,6,334.05,199.84,1,0,4,6,online,west,enterprise,4253.22
CUST-002246,32.0,104684.59,25.4,92.6,9,1544.02,1417.39,0,0,1,2,branch,north,enterprise,4385.75
CUST-002247,39.0,54764.47,12.2,23.2,4,426.57,378.52,0,0,1,2,agent,south,enterprise,3885.05
CUST-002248,35.0,59873.81,23.7,61.2,12,1486.59,1068.58,1,0,2,4,agent,west,premium,3861.67
CUST-002249,58.0,63891.73,33.2,56.5,9,1050.05,882.65,0,2,2,4,online,east,premium,3480.0
CUST-002250,29.0,82413.08,50.1,38.8,2,414.0,264.11,0,1,4,7,agent,west,enterprise,3838.87
CUST-002251,49.0,26825.43,19.7,49.1,9,1360.81,1182.24,0,0,2,5,agent,south,premium,3423.93
CUST-002252,18.0,71702.67,32.8,29.1,7,1446.88,793.98,0,1,2,5,online,north,basic,4500.12
CUST-002253,50.0,43735.58,43.3,42.7,4,786.17,502.74,0,0,3,5,online,south,plus,3573.48
CUST-002254,39.0,75776.77,1.2,33.2,11,2249.68,1139.88,0,0,0,2,agent,west,basic,4500.99
CUST-002255,37.0,113080.08,48.2,51.8,8,1594.66,1419.57,0,0,5,8,agent,north,basic,5425.41
CUST-002256,33.0,92036.72,17.7,37.7,1,60.0,50.0,1,0,1,3,agent,west,premium,3557.22
CUST-002257,40.0,53746.5,38.6,127.4,9,1136.52,642.83,0,2,3,4,partner,east,enterprise,3434.09
CUST-002258,37.0,68283.23,37.4,53.0,8,1925.14,1067.03,1,0,2,5,partner,west,basic,4669.29
CUST-002259,25.0,59802.57,48.9,46.1,6,1546.61,1040.48,0,2,4,5,branch,west,premium,3738.64
CUST-002260,32.0,99120.95,41.6,41.1,12,2420.44,1662.63,0,2,4,6,online,west,plus,6135.24
CUST-002261,50.0,36186.03,1.2,37.8,1,83.4,63.9,0,0,0,3,online,east,premium,1810.03
CUST-002262,37.0,67912.5,23.2,17.8,11,2265.1,1880.72,1,2,1,4,branch,east,plus,4791.45
CUST-002263,32.0,63280.66,35.9,81.2,5,882.65,688.7,1,2,3,6,partner,north,plus,4147.88
CUST-002264,42.0,54700.95,31.3,111.9,11,1913.63,1304.16,2,0,3,5,partner,north,plus,4980.05
CUST-002265,46.0,105672.31,40.6,32.8,6,1405.42,986.29,1,1,4,6,branch,west,plus,5589.59
CUST-002266,48.0,47627.48,44.9,97.8,9,1309.18,1189.29,0,0,3,4,branch,north,plus,4374.19
CUST-002267,45.0,54321.61,42.4,194.2,18,3087.78,2038.33,1,1,5,7,online,north,premium,5335.24
CUST-002268,54.0,104538.25,31.0,151.7,7,884.15,531.47,2,0,3,5,agent,north,plus,4391.86
CUST-002269,42.0,74026.04,8.6,108.8,11,1243.99,937.29,1,0,1,2,online,north,plus,4185.42
CUST-002270,38.0,72659.48,27.7,19.7,2,704.49,539.79,0,1,1,2,online,south,plus,3783.64
CUST-002271,51.0,64562.45,39.7,19.5,12,2212.17,1970.11,1,0,3,6,branch,north,basic,5210.1
CUST-002272,33.0,75779.37,19.0,73.4,11,1484.96,914.04,0,2,2,4,online,north,basic,4595.77
CUST-002273,37.0,68093.76,42.7,48.5,4,636.85,439.14,0,0,4,6,branch,west,basic,3862.47
CUST-002274,23.0,62595.57,46.5,7.6,6,922.15,685.55,0,0,4,7,branch,north,premium,4308.81
CUST-002275,61.0,50593.14,35.7,35.7,9,1268.28,993.22,0,0,2,5,partner,north,enterprise,4283.33
CUST-002276,64.0,76543.17,1.0,71.2,10,1114.82,522.66,1,1,1,4,partner,east,basic,3469.01
CUST-002277,39.0,65071.79,16.4,43.2,9,1237.71,1080.72,3,0,1,4,branch,north,premium,3899.11
CUST-002278,49.0,67374.38,60.0,48.6,10,1851.43,987.7,1,0,5,6,branch,south,plus,5268.29
CUST-002279,49.0,87692.61,26.5,19.5,4,729.93,405.73,0,0,2,5,branch,south,plus,3616.44
CUST-002280,43.0,66715.76,6.7,35.4,13,3321.0,2578.27,0,0,0,3,online,north,plus,5849.93
CUST-002281,54.0,73840.44,51.0,73.6,5,1020.73,554.73,0,0,4,6,branch,east,plus,3873.97
CUST-002282,27.0,105945.17,34.2,34.1,4,60.0,50.0,1,0,2,3,partner,east,premium,4778.07
CUST-002283,39.0,82724.14,49.2,102.9,7,1845.81,1654.2,1,1,4,6,agent,north,basic,4308.82
CUST-002284,18.0,66103.02,37.8,49.4,5,495.38,372.65,1,0,2,4,online,east,basic,2906.35
CUST-002285,30.0,56069.88,40.3,64.3,9,1464.16,1310.8,0,0,4,5,online,south,plus,4299.77
CUST-002286,23.0,73431.42,39.0,72.5,9,1582.78,759.19,1,0,3,4,online,east,basic,4946.92
CUST-002287,21.0,89997.51,43.6,70.6,6,1219.72,569.2,1,0,3,6,agent,east,enterprise,4691.39
CUST-002288,36.0,65196.77,65.4,22.7,12,2161.59,1256.56,1,2,5,7,branch,south,plus,6011.94
CUST-002289,45.0,75039.08,47.4,26.0,6,1044.38,488.83,1,1,3,4,online,east,basic,4170.61
CUST-002290,34.0,64738.15,12.2,7.5,3,356.48,233.89,1,0,0,3,agent,west,plus,3225.13
CUST-002291,35.0,68479.42,40.2,38.4,7,2127.79,1919.09,1,0,4,7,branch,west,plus,4279.65
CUST-002292,33.0,52825.92,49.7,24.5,6,973.69,601.48,0,0,5,6,partner,north,premium,3768.72
CUST-002293,43.0,79605.7,50.6,33.4,9,1720.59,1366.41,1,0,5,6,online,east,premium,5230.88
CUST-002294,34.0,77325.03,28.1,41.4,9,2137.93,1611.63,0,0,3,6,agent,south,premium,4610.6
CUST-002295,30.0,101271.33,50.1,54.0,3,380.0,176.76,1,0,3,4,online,west,plus,4612.79
CUST-002296,51.0,76598.77,46.8,43.6,5,958.22,535.72,2,0,4,7,agent,south,premium,3965.92
CUST-002297,31.0,61814.06,69.4,43.1,6,698.25,520.98,2,0,6,8,online,north,basic,4563.66
CUST-002298,27.0,100782.0,23.7,61.0,6,1150.88,567.68,1,0,3,6,online,west,plus,4950.32
CUST-002299,49.0,81197.54,27.0,47.2,6,1129.85,751.3,1,0,3,4,online,south,enterprise,4220.88
CUST-002300,22.0,78041.75,29.8,85.0,8,462.04,355.06,0,0,2,5,agent,north,plus,3414.78
CUST-002301,55.0,74376.84,27.2,47.3,2,181.78,110.84,1,0,1,2,online,east,enterprise,3241.22
CUST-002302,30.0,77349.15,21.7,122.0,6,1598.32,953.72,0,0,1,3,partner,west,premium,4564.97
CUST-002303,42.0,59045.89,1.0,22.0,13,2253.82,1780.35,0,1,1,4,partner,south,plus,4171.67
CUST-002304,30.0,73064.92,28.0,37.9,9,2441.28,1579.16,1,1,2,3,partner,north,premium,4335.39
CUST-002305,41.0,70588.91,39.1,29.5,12,2714.48,1900.22,0,1,3,6,online,south,enterprise,5400.03
CUST-002306,35.0,80957.08,27.2,55.4,10,1349.18,733.8,0,1,3,6,online,south,premium,4121.64
CUST-002307,30.0,94633.4,60.7,21.9,10,1581.2,1298.33,3,1,6,9,agent,south,basic,4863.34
CUST-002308,23.0,91925.2,34.2,14.5,13,3183.09,2329.63,0,1,2,4,online,east,premium,6400.29
CUST-002309,35.0,83739.03,51.8,25.4,5,1388.13,1259.41,1,0,5,6,branch,north,basic,4568.1
CUST-002310,46.0,43513.84,37.6,15.4,8,1075.72,866.31,0,0,4,7,branch,south,basic,3985.33
CUST-002311,48.0,66709.94,45.4,41.8,6,1504.18,1100.62,1,0,5,6,online,north,plus,4220.72
CUST-002312,33.0,41740.62,37.8,53.9,8,1874.01,1384.48,0,0,3,6,online,west,plus,5387.39
CUST-002313,33.0,94015.88,52.9,12.6,6,1193.64,723.94,0,0,5,6,agent,east,basic,5677.42
CUST-002314,39.0,72369.65,34.8,36.3,10,1772.45,1168.67,0,0,3,6,branch,east,premium,4516.97
CUST-002315,41.0,71888.39,40.8,92.4,5,573.68,439.69,1,0,3,4,agent,east,plus,3456.57
CUST-002316,41.0,62195.53,39.0,109.7,8,923.73,639.28,0,0,3,5,online,east,basic,3651.33
CUST-002317,36.0,97291.28,30.0,77.4,8,732.44,658.1,0,1,1,4,agent,east,plus,4289.28
CUST-002318,37.0,76369.3,39.6,4.7,5,1210.25,859.4,0,0,3,5,agent,west,plus,4372.67
CUST-002319,38.0,72481.5,64.8,50.6,4,618.72,282.12,1,1,5,6,branch,east,basic,3631.11
CUST-002320,18.0,76795.18,30.3,99.3,5,614.28,312.88,1,0,2,5,agent,north,enterprise,2852.77
CUST-002321,37.0,78176.77,39.8,33.6,4,945.19,445.84,0,1,3,5,branch,south,basic,4123.09
CUST-002322,50.0,72116.02,51.3,18.0,10,1575.22,1377.48,0,0,5,7,online,south,plus,4783.53
CUST-002323,56.0,97267.66,49.7,94.6,6,732.86,438.34,2,0,4,7,online,west,premium,4448.99
CUST-002324,54.0,97082.74,34.2,103.6,12,3133.64,2641.61,3,0,1,3,branch,south,premium,5029.38
CUST-002325,42.0,76231.73,1.2,46.9,7,600.39,395.91,1,0,0,2,partner,west,premium,3351.56
CUST-002326,28.0,60542.9,41.1,18.2,7,1212.1,1069.83,0,2,4,7,partner,west,basic,3996.94
CUST-002327,35.0,80427.46,3.4,11.2,6,832.44,563.27,1,0,0,1,branch,south,basic,2799.34
CUST-002328,33.0,63828.96,54.3,59.2,5,542.82,463.71,1,0,4,5,branch,west,plus,4043.93
CUST-002329,26.0,100230.04,36.3,29.7,5,560.11,428.88,0,1,2,4,agent,south,enterprise,4463.32
CUST-002330,31.0,102819.06,47.8,44.9,7,1151.42,662.2,1,1,5,8,partner,south,basic,4639.91
CUST-002331,33.0,87515.79,21.6,41.6,8,1019.74,735.21,1,0,2,5,agent,north,premium,4554.77
CUST-002332,26.0,53660.8,12.6,24.3,8,1675.65,965.13,1,0,1,2,branch,north,premium,3609.41
CUST-002333,51.0,66166.62,37.6,10.7,9,1409.94,766.94,1,1,2,3,agent,east,enterprise,3679.89
CUST-002334,48.0,70948.15,33.5,34.3,9,1455.7,873.46,1,0,3,6,partner,west,basic,4454.39
CUST-002335,40.0,59426.46,27.2,51.9,8,1176.29,693.35,1,0,2,3,branch,west,basic,3714.61
CUST-002336,45.0,69107.59,35.2,53.6,3,852.37,582.5,0,0,3,5,online,west,plus,3302.41
CUST-002337,44.0,78751.03,72.1,28.2,5,965.34,723.44,0,0,6,8,partner,south,plus,4956.54
CUST-002338,33.0,84055.07,45.5,102.2,3,284.73,257.59,1,0,5,6,online,south,premium,3893.77
CUST-002339,61.0,97748.92,48.5,19.7,8,741.31,497.06,0,0,4,7,online,south,enterprise,5438.88
CUST-002340,33.0,74181.74,45.6,87.8,8,445.74,360.0,0,1,5,8,agent,north,plus,3917.9
CUST-002341,23.0,69172.08,54.4,50.8,16,3532.85,2405.13,1,2,5,6,agent,east,premium,6861.83
CUST-002342,43.0,51390.01,31.4,34.5,9,1938.28,1267.42,1,1,2,5,branch,north,premium,3954.33
CUST-002343,47.0,80829.83,5.7,64.4,10,2129.82,1371.16,0,1,0,2,agent,west,plus,3487.33
CUST-002344,38.0,66431.28,31.4,39.8,5,630.18,542.95,0,1,2,3,partner,north,plus,4537.27
CUST-002345,55.0,70831.7,45.2,14.4,10,1963.64,1018.57,0,0,4,5,online,south,premium,5601.15
CUST-002346,43.0,64405.88,20.6,18.5,11,2483.34,1456.2,1,2,2,3,agent,south,premium,5946.72
CUST-002347,32.0,64915.38,31.6,38.0,13,2170.53,1712.16,0,0,1,3,branch,east,enterprise,4400.27
CUST-002348,34.0,87515.97,24.5,31.2,5,835.77,492.28,0,1,3,5,online,east,plus,4620.89
CUST-002349,43.0,73574.67,54.7,86.5,8,1361.32,614.01,0,0,6,7,online,south,plus,4861.46
CUST-002350,42.0,102716.7,44.3,30.2,11,2059.56,1136.59,1,0,2,4,online,south,premium,6225.11
CUST-002351,54.0,54476.99,43.0,28.8,6,878.81,407.6,1,0,4,5,online,west,basic,4281.76
CUST-002352,50.0,97111.21,42.6,26.0,7,891.15,523.48,3,0,5,6,agent,west,premium,4886.57
CUST-002353,24.0,65727.96,33.5,24.3,7,1097.05,662.13,0,1,2,3,online,west,basic,4339.19
CUST-002354,39.0,73609.88,36.7,24.9,2,311.65,279.86,2,0,3,5,branch,south,plus,3474.02
CUST-002355,27.0,83504.97,17.7,16.3,6,1179.86,979.0,3,0,1,4,branch,north,premium,4524.09
CUST-002356,57.0,93083.73,3.9,52.3,7,699.9,355.19,1,1,1,3,branch,east,basic,3482.88
CUST-002357,30.0,93793.08,36.1,42.3,7,709.05,360.01,0,0,3,5,agent,north,plus,4145.88
CUST-002358,43.0,93443.75,38.5,41.0,9,1085.43,997.06,1,1,3,6,agent,north,basic,4601.05
CUST-002359,33.0,70866.41,50.7,11.9,10,1745.26,1336.2,0,0,5,7,partner,west,basic,5465.78
CUST-002360,19.0,107242.07,55.7,60.8,3,743.87,553.43,1,1,6,9,online,north,basic,4575.4
CUST-002361,27.0,85683.58,55.6,64.9,8,1135.5,825.04,0,0,5,7,branch,west,basic,4647.37
CUST-002362,38.0,21647.42,20.2,118.3,10,1939.11,1009.04,2,1,1,2,agent,north,premium,3861.15
CUST-002363,47.0,75683.17,29.1,62.6,13,2991.43,1717.85,0,0,2,4,branch,south,plus,5983.97
CUST-002364,47.0,68229.92,40.6,133.4,6,1060.93,693.02,1,1,4,7,agent,east,basic,3481.99
CUST-002365,26.0,69453.35,68.9,27.7,8,1791.06,1181.72,0,1,5,7,online,east,basic,4703.47
CUST-002366,44.0,86551.79,54.4,122.3,6,729.84,661.43,0,0,5,7,branch,east,premium,4090.28
CUST-002367,51.0,80620.49,49.4,63.9,6,719.12,338.4,0,0,3,4,online,east,basic,4029.75
CUST-002368,47.0,62924.56,28.7,58.7,6,1300.36,594.15,1,0,2,4,branch,east,plus,3659.2
CUST-002369,37.0,102153.11,21.8,40.3,8,1313.8,1156.14,2,2,0,3,agent,south,premium,4618.77
CUST-002370,42.0,51966.84,44.9,34.4,8,1009.16,870.35,1,1,3,4,online,south,enterprise,4526.77
CUST-002371,43.0,50751.09,18.8,29.4,8,1878.42,1100.96,0,1,2,4,agent,north,basic,4216.91
CUST-002372,56.0,55549.41,30.7,124.9,7,1326.6,797.32,0,0,1,4,agent,east,basic,3378.4
CUST-002373,60.0,83095.88,32.4,39.4,5,1062.21,773.56,1,0,3,6,online,south,basic,3975.83
CUST-002374,48.0,81711.72,55.9,64.7,5,856.94,467.0,1,0,4,7,branch,west,premium,3798.26
CUST-002375,42.0,60476.55,29.1,74.2,6,1286.16,1107.99,0,0,2,3,online,west,plus,4353.68
CUST-002376,41.0,64385.34,1.0,73.5,10,1613.54,930.52,1,0,0,1,online,north,premium,3119.91
CUST-002377,42.0,75025.01,41.0,52.4,3,618.72,295.85,1,1,4,6,online,east,plus,3484.85
CUST-002378,43.0,55865.71,24.4,120.9,5,655.14,458.86,0,0,3,4,partner,north,plus,2996.26
CUST-002379,35.0,89474.32,34.6,61.3,4,779.2,619.24,1,0,3,4,online,south,enterprise,4506.08
CUST-002380,63.0,103291.65,32.8,28.8,7,1482.64,1333.54,1,0,3,5,branch,south,basic,5139.79
CUST-002381,32.0,71903.35,30.2,35.6,13,3234.5,2405.48,0,0,3,4,branch,south,plus,5963.78
CUST-002382,55.0,81340.15,44.9,12.5,6,1070.57,533.01,2,1,5,8,agent,west,enterprise,5130.6
CUST-002383,18.0,77053.6,12.9,56.4,12,1911.31,1455.08,0,1,1,4,agent,north,basic,5258.66
CUST-002384,38.0,99715.86,26.9,68.3,5,1026.38,506.51,1,1,3,6,agent,west,basic,4502.08
CUST-002385,37.0,110038.05,43.4,72.2,5,397.16,214.97,1,0,3,6,online,west,basic,4345.18
CUST-002386,44.0,68665.14,25.5,63.9,7,389.41,229.52,0,1,2,3,branch,east,premium,3325.14
CUST-002387,37.0,75684.79,11.8,40.4,7,844.86,402.21,0,0,2,5,agent,west,enterprise,3803.29
CUST-002388,56.0,90550.92,43.2,45.9,7,1408.14,875.81,0,1,4,7,online,north,plus,4322.07
CUST-002389,38.0,81312.89,49.5,46.0,5,864.98,701.07,2,0,4,5,online,east,enterprise,4910.99
CUST-002390,30.0,58692.65,33.4,86.7,5,688.09,327.02,0,1,3,5,online,west,basic,3282.87
CUST-002391,30.0,42541.29,7.0,8.4,10,1190.82,813.39,0,2,0,3,online,south,plus,2868.93
CUST-002392,36.0,64354.02,43.7,32.7,5,1148.38,638.91,1,0,3,5,agent,north,plus,4044.71
CUST-002393,49.0,81007.01,11.1,20.7,11,1500.61,1074.73,0,0,0,3,partner,south,basic,4551.57
CUST-002394,51.0,68012.36,38.3,152.0,11,1580.47,1076.94,1,2,3,4,partner,north,plus,4212.58
CUST-002395,28.0,56120.23,21.8,97.8,5,945.32,499.16,1,1,2,4,online,east,plus,2909.39
CUST-002396,32.0,64660.81,18.0,33.7,4,672.88,572.44,0,0,1,2,agent,north,premium,2634.84
CUST-002397,29.0,108060.12,27.9,14.8,4,922.48,632.1,0,0,4,7,online,south,premium,4753.26
CUST-002398,38.0,54792.65,31.5,18.6,6,652.53,595.93,1,0,3,5,agent,west,basic,3805.66
CUST-002399,52.0,69440.72,25.1,85.9,10,1150.09,1049.8,0,0,2,3,online,north,basic,3981.18
CUST-002400,43.0,65816.29,42.1,12.1,6,1334.91,758.23,0,0,4,7,agent,east,enterprise,4106.95
CUST-002401,47.0,110318.36,27.9,46.4,3,630.27,545.21,1,0,2,4,agent,north,premium,3898.16
CUST-002402,49.0,48602.42,47.5,77.1,6,862.81,680.06,1,0,4,7,agent,north,plus,3352.93
CUST-002403,35.0,60972.45,37.9,17.1,6,799.61,522.26,2,0,3,6,online,east,plus,3368.01
CUST-002404,27.0,76273.51,24.4,46.1,8,1742.47,1451.66,0,0,1,4,agent,south,premium,3965.5
CUST-002405,35.0,78152.09,22.1,34.2,4,897.35,581.11,1,0,2,3,online,east,basic,3931.17
CUST-002406,50.0,95318.07,11.3,30.9,6,951.31,648.25,0,0,2,4,agent,west,basic,5163.08
CUST-002407,48.0,93458.62,38.0,27.1,10,1472.48,919.93,0,0,4,5,partner,east,plus,6363.87
CUST-002408,42.0,62458.82,29.1,81.3,8,1405.6,1189.82,1,0,3,5,online,east,basic,4628.67
CUST-002409,51.0,80773.69,1.3,111.0,8,1517.76,1329.79,1,0,1,3,agent,east,enterprise,4256.12
CUST-002410,43.0,72015.74,26.6,38.1,6,1313.61,684.51,0,1,3,5,agent,north,basic,3460.4
CUST-002411,37.0,66892.85,21.6,58.8,7,1175.64,854.94,0,0,1,2,agent,south,premium,5085.3
CUST-002412,24.0,93423.09,55.7,46.8,9,1405.23,709.57,0,1,6,8,agent,west,premium,5406.94
CUST-002413,55.0,79712.02,10.5,9.5,8,1531.57,1326.55,1,0,0,2,branch,east,basic,3708.4
CUST-002414,40.0,103834.23,14.1,37.1,7,1303.82,721.67,1,1,2,3,branch,east,basic,6059.23
CUST-002415,36.0,83700.96,49.3,7.8,7,792.0,369.83,0,1,4,5,agent,east,basic,4639.02
CUST-002416,40.0,91823.64,52.7,32.1,5,885.64,708.91,1,2,4,7,online,east,plus,4765.2
CUST-002417,57.0,26279.04,23.7,45.2,7,1301.39,993.12,0,0,2,4,online,north,basic,3183.64
CUST-002418,52.0,76763.29,25.3,73.1,8,1327.41,853.78,2,0,4,5,branch,east,enterprise,4801.28
CUST-002419,37.0,82945.82,42.5,55.3,7,1181.06,875.16,1,0,5,6,agent,north,premium,5066.71
CUST-002420,46.0,84607.87,1.9,82.6,9,1425.93,1158.53,0,0,0,3,online,east,basic,4209.1
CUST-002421,54.0,103009.99,8.4,23.8,6,1099.08,582.46,0,1,1,2,branch,west,basic,5108.81
CUST-002422,45.0,86330.25,30.1,102.3,9,1084.88,643.48,0,0,3,6,agent,south,basic,4306.78
CUST-002423,42.0,53385.29,55.4,111.1,6,840.06,569.74,0,0,6,7,agent,south,premium,3861.8
CUST-002424,18.0,84914.71,28.0,7.4,12,2104.42,1573.23,1,0,1,2,online,north,premium,5454.94
CUST-002425,55.0,90295.35,35.4,11.5,7,793.82,586.18,0,0,3,6,partner,south,plus,4027.8
CUST-002426,30.0,64250.71,49.6,44.5,7,886.06,604.32,1,0,3,4,branch,east,plus,3833.6
CUST-002427,20.0,67828.04,63.0,30.3,1,60.0,50.0,2,0,5,8,branch,north,plus,3351.74
CUST-002428,21.0,89414.65,26.1,33.9,5,628.85,289.19,0,0,1,4,online,south,premium,4367.29
CUST-002429,32.0,75321.7,33.8,55.0,10,2103.73,1266.58,0,1,2,5,agent,west,premium,5091.09
CUST-002430,46.0,94972.96,59.1,84.7,10,1368.77,984.21,1,0,4,6,partner,west,basic,5076.35
CUST-002431,54.0,78637.54,13.0,22.8,8,1663.75,988.14,1,0,1,4,partner,north,enterprise,4333.19
CUST-002432,45.0,36022.42,48.2,93.8,10,1501.31,1339.97,1,0,4,6,online,west,basic,3419.52
CUST-002433,60.0,76365.76,20.0,26.7,10,1289.0,1163.85,0,0,1,2,online,west,basic,4110.01
CUST-002434,37.0,68168.13,35.4,164.8,7,1538.35,960.77,0,1,2,3,agent,east,premium,4049.11
CUST-002435,38.0,86423.39,30.7,102.8,8,1152.95,644.29,1,1,3,4,online,west,plus,4442.06
CUST-002436,20.0,82964.15,20.8,28.9,9,1262.97,701.44,0,1,2,5,online,east,basic,4738.61
CUST-002437,35.0,58384.84,20.5,15.1,4,460.8,303.51,1,0,3,5,agent,south,basic,3339.35
CUST-002438,19.0,78923.61,37.8,28.4,6,1140.58,1026.57,1,0,4,6,online,east,basic,4788.71
CUST-002439,26.0,85003.2,47.7,25.5,7,1299.75,729.35,0,0,3,6,branch,west,basic,4112.64
CUST-002440,48.0,83349.8,32.2,67.3,6,1274.04,771.57,0,0,2,4,agent,north,enterprise,3962.96
CUST-002441,22.0,92944.82,35.0,7.6,7,1150.41,820.02,1,0,3,6,online,east,premium,4900.88
CUST-002442,24.0,56956.18,41.9,11.6,8,1218.85,874.95,0,0,3,6,branch,south,plus,4202.41
CUST-002443,22.0,72549.41,20.6,66.1,7,962.15,732.59,0,1,1,2,agent,west,premium,4130.08
CUST-002444,50.0,35256.29,44.2,24.6,6,1030.16,816.04,1,0,2,5,partner,east,basic,3899.78
CUST-002445,59.0,96600.22,45.3,32.4,7,811.93,667.34,1,1,3,4,online,north,basic,5279.32
CUST-002446,40.0,77557.28,69.9,76.9,11,2674.91,1821.31,2,0,7,10,agent,east,plus,6563.04
CUST-002447,51.0,73806.56,28.8,87.2,4,778.44,376.33,2,0,3,5,agent,west,plus,4478.0
CUST-002448,28.0,73513.64,27.7,99.7,9,1422.91,1092.57,1,0,2,5,partner,west,basic,3976.34
CUST-002449,55.0,84463.07,44.6,72.7,7,1381.22,1006.22,2,0,3,4,online,east,plus,5778.01
CUST-002450,33.0,94550.8,45.3,39.4,9,1690.6,930.88,0,1,5,8,agent,north,plus,6518.17
CUST-002451,48.0,70577.36,26.6,37.1,9,895.55,762.4,1,0,2,4,online,west,basic,3503.81
CUST-002452,41.0,83189.73,28.4,34.0,6,1090.53,870.8,1,0,3,6,partner,east,plus,4097.38
CUST-002453,20.0,82980.16,41.5,17.2,10,2517.52,1632.1,2,0,4,7,online,west,premium,5927.5
CUST-002454,31.0,36246.21,22.6,22.1,11,2732.34,2473.66,2,0,3,6,agent,west,enterprise,4903.99
CUST-002455,43.0,63074.51,28.3,91.5,5,780.17,599.24,0,1,2,3,branch,west,premium,2788.82
CUST-002456,21.0,83657.59,35.2,26.6,9,1149.55,1019.74,0,0,2,3,online,east,basic,4367.24
CUST-002457,44.0,98027.98,47.7,17.3,6,642.55,509.22,0,0,3,4,online,east,basic,4868.26
CUST-002458,25.0,100281.97,25.7,96.4,5,524.93,411.51,1,0,3,6,agent,north,plus,3850.59
CUST-002459,47.0,53774.61,8.6,52.7,7,1029.92,568.94,1,0,2,4,agent,north,plus,3784.37
CUST-002460,26.0,93808.12,7.6,126.6,7,978.19,632.89,0,0,1,4,agent,east,premium,4535.59
CUST-002461,46.0,94415.46,16.6,118.3,8,1171.97,877.68,1,1,1,3,online,west,premium,3516.08
CUST-002462,50.0,83247.83,15.9,18.6,4,853.8,716.58,1,0,2,4,branch,west,plus,5037.26
CUST-002463,39.0,39461.53,31.9,42.4,9,1082.1,950.37,1,0,2,3,branch,west,enterprise,4528.86
CUST-002464,40.0,66150.33,17.6,20.8,7,1357.74,663.18,1,0,1,3,branch,north,plus,3330.52
CUST-002465,57.0,77768.29,24.3,20.6,9,1480.27,1163.43,0,1,2,5,agent,south,premium,4025.67
CUST-002466,32.0,71571.98,23.3,33.3,4,298.33,171.55,1,0,2,4,agent,east,premium,3253.15
CUST-002467,35.0,36783.9,27.9,68.6,5,1265.04,991.38,1,1,2,5,branch,east,plus,2761.67
CUST-002468,48.0,71115.54,52.2,68.9,6,1216.83,729.1,0,1,5,7,partner,south,basic,4597.53
CUST-002469,46.0,59066.66,43.1,63.4,8,957.76,687.99,0,0,3,5,online,west,basic,4194.26
CUST-002470,38.0,86453.6,34.2,39.3,7,1563.12,1090.4,0,0,2,3,branch,north,basic,5031.53
CUST-002471,28.0,84457.39,27.6,71.3,7,786.66,676.42,0,1,3,4,agent,west,plus,4358.78
CUST-002472,52.0,85234.11,28.0,17.0,5,786.11,595.33,0,0,2,4,agent,south,premium,4139.74
CUST-002473,27.0,69169.91,38.5,53.3,6,1462.5,825.13,0,0,3,5,online,east,basic,4585.25
CUST-002474,66.0,76183.75,42.0,46.2,4,670.77,500.13,0,0,4,6,branch,south,premium,4830.04
CUST-002475,28.0,74308.28,21.5,37.7,6,1136.09,853.41,0,1,1,3,agent,south,plus,2897.54
CUST-002476,29.0,92264.02,34.5,54.7,9,1917.94,1191.48,2,0,3,5,online,east,plus,5305.66
CUST-002477,45.0,66218.76,6.0,6.9,6,1085.06,622.3,0,1,1,4,agent,east,plus,3836.03
CUST-002478,47.0,62189.17,36.9,21.1,9,1225.95,1075.81,0,0,3,6,partner,east,basic,4227.05
CUST-002479,30.0,93126.24,44.5,65.0,4,829.37,433.22,2,0,3,4,branch,north,plus,4626.75
CUST-002480,60.0,90594.2,30.1,45.4,5,512.8,264.91,0,1,1,2,online,north,plus,4414.97
CUST-002481,45.0,84205.46,59.0,12.7,7,943.03,685.49,0,0,5,8,online,south,enterprise,4527.25
CUST-002482,38.0,104246.92,21.9,44.7,6,938.81,558.53,0,1,3,6,branch,north,premium,5416.44
CUST-002483,45.0,113410.01,37.0,30.5,3,570.66,392.03,0,0,4,6,partner,east,basic,4064.57
CUST-002484,54.0,97970.38,33.5,93.0,5,714.82,411.63,1,0,3,5,agent,east,plus,4462.89
CUST-002485,59.0,62366.49,32.6,18.1,12,1196.25,745.27,0,2,3,6,agent,north,premium,4280.2
CUST-002486,43.0,90778.4,32.4,18.7,7,577.56,370.71,2,0,3,6,online,north,enterprise,4375.6
CUST-002487,27.0,77802.86,35.5,59.5,8,1232.93,880.5,1,0,2,4,online,west,enterprise,4683.66
CUST-002488,27.0,65697.22,45.7,40.5,7,783.88,381.77,0,1,5,6,agent,east,premium,3915.8
CUST-002489,25.0,62478.4,53.0,39.1,5,593.98,387.94,0,1,5,8,agent,west,basic,4189.58
CUST-002490,34.0,80665.58,34.0,165.4,11,1206.78,932.88,0,1,3,4,agent,east,plus,5081.73
CUST-002491,41.0,90521.83,45.2,70.2,5,778.81,610.05,0,0,5,6,online,south,premium,4389.91
CUST-002492,43.0,100646.46,24.3,35.6,11,2566.98,1482.01,2,0,1,3,online,south,premium,5551.69
CUST-002493,53.0,87952.71,44.6,11.2,5,862.07,608.13,0,1,3,4,online,west,premium,5139.97
CUST-002494,18.0,86149.42,23.5,34.1,4,692.82,436.88,0,0,2,4,branch,west,plus,4408.64
CUST-002495,41.0,72113.05,49.0,16.6,10,1550.74,724.67,0,1,5,7,online,south,plus,4358.77
CUST-002496,46.0,79716.1,64.5,22.2,2,179.02,116.89,1,1,7,10,branch,south,plus,3982.04
CUST-002497,18.0,48910.59,32.3,22.8,3,759.16,581.97,1,0,1,2,online,south,enterprise,3698.43
CUST-002498,46.0,85993.17,3.8,88.3,4,572.48,512.0,1,0,1,3,online,west,plus,3337.08
CUST-002499,71.0,83589.56,26.4,13.7,7,1169.95,588.14,0,2,1,4,online,north,basic,4793.75
CUST-002500,50.0,110274.62,51.0,82.6,7,1030.39,670.68,0,2,5,7,agent,north,plus,4249.26
CUST-002501,44.0,75104.07,41.6,61.4,5,937.92,836.95,1,0,3,4,online,west,premium,3346.38
CUST-002502,38.0,97261.56,37.4,60.8,7,1460.7,979.61,1,0,4,7,agent,west,enterprise,5400.1
CUST-002503,44.0,67279.88,47.9,21.5,4,730.97,635.97,0,0,4,5,agent,south,plus,3831.14
CUST-002504,58.0,106365.25,40.7,75.6,3,686.82,529.28,1,0,4,5,branch,east,premium,4573.72
CUST-002505,37.0,101909.35,50.8,19.5,12,1190.75,1020.49,2,0,4,6,branch,south,basic,4958.87
CUST-002506,54.0,96193.6,46.7,112.2,4,678.85,547.42,1,0,4,5,agent,west,plus,4662.79
CUST-002507,46.0,76902.76,55.0,89.6,9,1317.41,637.54,2,0,5,7,online,north,basic,4811.42
CUST-002508,59.0,71818.42,38.9,124.6,5,921.19,744.67,1,0,4,7,branch,east,premium,3646.35
CUST-002509,53.0,69141.05,46.5,46.4,8,1235.03,629.98,0,1,4,6,agent,east,enterprise,3920.19
CUST-002510,43.0,58309.56,29.8,40.5,12,2960.84,2374.12,0,0,3,5,branch,west,premium,5455.93
CUST-002511,42.0,84236.23,25.7,33.4,8,886.99,573.84,0,0,3,5,partner,east,plus,4521.34
CUST-002512,38.0,71348.02,57.5,163.2,9,741.07,571.99,0,0,6,8,online,south,plus,3648.66
CUST-002513,52.0,82706.89,37.0,68.2,8,709.01,339.22,1,0,3,6,agent,south,premium,3848.88
CUST-002514,35.0,78875.71,45.1,16.7,8,1138.07,573.12,1,0,3,5,online,east,enterprise,4677.87
CUST-002515,42.0,56491.13,35.7,104.1,6,1228.14,614.19,2,0,3,4,agent,west,premium,4178.91
CUST-002516,39.0,94921.7,25.9,39.3,4,506.72,317.45,1,0,2,3,agent,north,premium,4370.57
CUST-002517,26.0,77548.31,34.2,3.4,10,1003.99,531.85,2,1,3,5,partner,east,premium,5061.94
CUST-002518,43.0,91338.29,53.8,25.4,6,1162.39,527.4,0,0,4,6,agent,east,plus,4909.74
CUST-002519,24.0,54841.78,41.7,89.6,8,1691.15,1459.79,2,1,4,7,agent,north,plus,4588.97
CUST-002520,36.0,62068.2,10.4,61.5,4,404.46,324.89,2,0,1,2,online,south,enterprise,2598.34
CUST-002521,48.0,68756.13,31.0,69.9,9,766.32,549.59,0,1,2,5,online,east,plus,3833.6
CUST-002522,43.0,80190.97,58.6,103.4,1,145.55,115.04,0,0,4,5,agent,west,plus,3747.64
CUST-002523,43.0,73954.4,31.1,9.4,8,1443.18,854.53,0,0,4,6,online,west,basic,5775.72
CUST-002524,31.0,100376.95,9.2,25.6,11,1751.11,1368.73,0,2,1,2,agent,south,plus,4906.86
CUST-002525,53.0,94441.8,60.1,47.1,9,1241.82,862.32,2,0,5,6,branch,east,plus,4799.8
CUST-002526,31.0,62662.02,43.4,91.3,8,1537.77,756.2,1,0,4,5,branch,east,basic,4164.72
CUST-002527,49.0,128851.44,33.0,19.4,7,1244.9,949.08,1,1,2,4,online,east,enterprise,5182.96
CUST-002528,55.0,74291.87,28.9,35.4,9,1622.84,1488.06,1,2,2,5,agent,west,enterprise,4653.7
CUST-002529,24.0,99060.68,48.9,45.0,8,679.79,387.71,1,0,4,6,branch,north,enterprise,4185.97
CUST-002530,37.0,70696.51,26.5,24.6,6,706.81,319.58,0,0,3,6,online,west,plus,3990.55
CUST-002531,36.0,87063.69,49.8,44.7,4,971.24,779.75,1,0,3,6,online,north,premium,4380.1
CUST-002532,44.0,92916.69,41.5,40.3,8,1199.43,696.93,0,0,3,4,agent,west,basic,5395.63
CUST-002533,31.0,48741.58,37.4,30.0,10,1287.91,824.85,0,1,2,5,agent,south,plus,4171.67
CUST-002534,28.0,107263.2,36.0,75.5,6,880.25,399.33,2,0,4,6,agent,north,basic,5056.9
CUST-002535,40.0,61755.17,31.6,66.7,7,1438.28,690.82,2,0,3,5,partner,north,plus,4390.35
CUST-002536,35.0,69534.84,48.4,77.7,10,2092.78,1639.06,1,0,3,5,branch,west,basic,5505.2
CUST-002537,39.0,64925.58,22.1,82.2,5,1055.83,953.55,1,0,2,5,partner,east,basic,2930.46
CUST-002538,51.0,65608.57,11.7,120.3,2,263.64,191.81,2,1,1,2,partner,south,plus,1897.79
CUST-002539,23.0,66456.6,42.5,12.2,6,1451.61,1227.92,1,1,3,4,online,west,basic,4630.69
CUST-002540,40.0,54326.97,42.7,13.6,9,1785.61,976.24,0,1,4,5,online,west,enterprise,4866.43
CUST-002541,34.0,89520.94,40.6,71.3,12,1656.05,797.85,4,0,3,6,branch,north,basic,4627.68
CUST-002542,41.0,77893.14,39.6,32.1,7,1219.6,747.75,0,0,4,6,partner,east,plus,4861.05
CUST-002543,35.0,73329.38,29.6,29.1,10,1908.2,1045.4,2,1,1,3,branch,east,basic,4183.51
CUST-002544,28.0,94108.25,44.9,25.8,5,1093.63,809.09,0,0,4,5,online,east,plus,4857.94
CUST-002545,45.0,107614.33,33.4,79.5,3,406.24,365.4,1,0,2,3,online,east,basic,4203.81
CUST-002546,71.0,47737.8,27.3,156.7,4,687.27,383.96,1,0,4,7,partner,south,enterprise,3021.68
CUST-002547,40.0,105042.69,29.7,81.9,3,471.32,411.86,0,0,1,4,online,north,premium,3556.75
CUST-002548,33.0,75401.6,61.8,31.0,4,490.95,344.88,0,0,6,9,partner,north,premium,4607.36
CUST-002549,33.0,51501.81,10.1,76.8,11,1651.63,822.45,2,1,1,4,agent,south,basic,4425.37
CUST-002550,51.0,83247.38,40.9,13.2,8,1654.39,1161.24,1,0,3,6,partner,east,plus,5666.79
CUST-002551,31.0,73714.15,10.9,38.3,3,559.48,374.58,0,0,1,4,online,west,premium,4015.42
CUST-002552,55.0,91308.39,32.5,9.5,8,2108.63,1691.2,1,0,2,5,partner,north,plus,5814.36
CUST-002553,23.0,78435.69,28.0,32.2,8,1144.63,917.85,0,2,3,5,agent,south,basic,4624.36
CUST-002554,43.0,82241.1,5.3,50.8,8,1486.83,1117.03,1,0,1,2,branch,east,plus,4132.63
CUST-002555,48.0,67984.78,39.4,175.0,7,1240.52,947.61,1,0,3,4,online,south,enterprise,3654.98
CUST-002556,49.0,57306.89,28.8,96.1,11,2417.98,1778.25,0,1,3,5,online,north,basic,5177.48
CUST-002557,49.0,89170.36,5.1,9.7,12,2677.42,1502.79,0,1,2,3,online,east,basic,5166.92
CUST-002558,44.0,66369.39,45.6,10.6,9,1562.7,1382.99,0,0,4,5,branch,north,plus,5549.55
CUST-002559,54.0,83061.63,53.8,24.8,10,1130.07,621.02,1,3,4,7,online,east,basic,4454.2
CUST-002560,30.0,102564.01,54.5,134.6,8,1311.08,956.72,1,0,5,7,branch,south,plus,4709.3
CUST-002561,34.0,72942.39,38.9,10.1,10,1666.92,1356.33,0,0,3,5,online,east,plus,5328.54
CUST-002562,37.0,88420.11,34.6,25.9,7,1473.79,721.17,1,0,2,4,branch,north,premium,4966.92
CUST-002563,57.0,75267.97,52.3,25.8,5,510.71,337.88,0,0,5,6,online,east,basic,4085.48
CUST-002564,46.0,69254.93,57.2,59.5,9,974.43,452.18,1,0,4,5,partner,north,premium,4117.44
CUST-002565,49.0,47696.37,49.6,78.1,8,1626.13,904.65,0,0,4,7,online,south,plus,3507.09
CUST-002566,39.0,75109.48,21.0,67.2,5,678.81,508.42,1,1,2,5,partner,west,plus,2552.63
CUST-002567,50.0,72862.49,36.8,53.9,10,1156.19,1016.61,1,0,4,7,agent,south,premium,5011.64
CUST-002568,24.0,60144.28,40.1,12.7,6,1315.84,780.28,1,0,4,5,online,south,plus,4424.04
CUST-002569,37.0,39187.09,9.1,48.1,9,1363.16,1148.33,0,1,0,1,partner,south,premium,2678.4
CUST-002570,39.0,45755.76,40.5,105.3,5,694.77,484.03,0,0,2,3,online,south,basic,3521.04
CUST-002571,36.0,107953.09,65.3,128.4,4,915.79,739.59,1,0,7,10,agent,east,premium,4356.27
CUST-002572,37.0,76499.24,42.8,58.4,11,1283.99,1066.68,1,0,3,6,agent,south,plus,4241.66
CUST-002573,47.0,49966.82,54.3,9.7,5,678.78,508.33,3,2,3,6,branch,east,plus,3970.12
CUST-002574,44.0,64980.52,36.5,59.1,10,2262.83,1467.85,1,0,2,3,online,west,plus,5414.33
CUST-002575,54.0,76001.14,33.0,40.2,4,874.45,633.56,0,0,3,5,online,west,basic,4141.0
CUST-002576,18.0,83897.87,39.3,11.3,10,1933.02,1497.8,1,0,3,4,partner,north,premium,5321.5
CUST-002577,57.0,71620.61,22.8,18.4,13,1974.04,1687.28,1,0,2,4,online,east,basic,5167.5
CUST-002578,34.0,112200.5,20.7,21.5,10,1469.02,1039.66,1,1,2,3,agent,west,plus,5723.39
CUST-002579,55.0,113049.12,51.4,71.4,11,1528.32,1315.28,0,0,4,6,partner,east,enterprise,5743.27
CUST-002580,36.0,82712.34,52.9,124.9,5,778.71,492.67,0,1,3,5,online,east,plus,4372.17
CUST-002581,45.0,69226.29,20.3,64.2,7,1458.03,1176.49,1,0,1,2,online,south,basic,3757.65
CUST-002582,29.0,82705.3,47.3,73.0,5,899.57,662.55,4,1,4,7,online,north,enterprise,3999.91
CUST-002583,28.0,51898.38,32.8,42.3,5,1022.02,497.14,1,0,2,3,partner,east,plus,4017.52
CUST-002584,47.0,93809.25,38.7,28.7,9,1500.73,1029.49,0,0,4,7,partner,west,basic,4906.43
CUST-002585,18.0,78909.7,40.3,65.4,10,1432.25,1158.59,0,1,3,4,partner,south,plus,5221.2
CUST-002586,28.0,54092.29,47.7,54.4,11,1611.1,1234.07,0,0,3,6,agent,east,plus,4966.39
CUST-002587,49.0,65301.92,35.1,23.2,10,1475.72,1054.92,0,0,3,5,agent,east,plus,4651.08
CUST-002588,36.0,86140.88,53.4,51.8,10,1896.24,1559.86,0,1,5,7,partner,west,plus,5584.23
CUST-002589,31.0,45845.17,38.3,44.4,6,1237.25,1081.98,1,1,4,5,partner,south,premium,3860.17
CUST-002590,58.0,59735.42,42.6,35.2,2,294.88,152.57,3,1,2,5,online,south,basic,2801.73
CUST-002591,62.0,67433.06,22.5,27.9,1,119.85,68.32,1,1,3,6,online,east,premium,3211.87
CUST-002592,41.0,93372.56,63.7,58.3,7,635.07,580.93,0,0,5,8,agent,east,premium,4188.92
CUST-002593,55.0,106677.21,40.5,29.4,13,1632.74,920.17,0,2,3,6,branch,east,enterprise,5890.35
CUST-002594,58.0,82635.86,43.8,156.8,7,938.49,787.24,0,0,4,7,agent,east,basic,3702.68
CUST-002595,41.0,18935.28,11.8,62.8,7,1313.47,919.55,0,0,2,5,online,west,basic,2559.85
CUST-002596,35.0,55716.82,22.7,59.0,5,1127.59,711.4,0,0,1,2,branch,south,enterprise,4049.87
CUST-002597,42.0,138740.28,51.1,39.1,12,1857.53,1470.88,1,0,4,7,online,south,enterprise,6768.33
CUST-002598,25.0,78652.07,38.0,32.9,8,769.04,618.36,1,0,3,5,online,west,premium,4004.27
CUST-002599,47.0,28903.44,7.6,7.6,7,1321.73,763.82,1,0,1,2,agent,north,plus,3356.97
CUST-002600,37.0,118528.54,48.3,24.5,6,781.75,355.84,2,0,5,6,partner,west,enterprise,5287.81
CUST-002601,42.0,51770.54,26.5,9.5,5,654.84,534.24,1,0,2,3,agent,north,plus,3712.52
CUST-002602,41.0,86141.28,53.4,9.4,9,1240.72,960.38,1,0,4,6,partner,east,basic,4888.1
CUST-002603,32.0,55185.34,32.8,16.1,10,1760.59,891.86,0,0,3,6,partner,west,premium,5275.95
CUST-002604,41.0,115457.84,36.8,98.3,7,1703.4,796.06,0,1,3,6,online,west,plus,4726.33
CUST-002605,26.0,50314.57,50.2,98.0,9,1045.37,794.99,2,2,3,6,online,east,basic,2930.53
CUST-002606,36.0,65283.13,21.6,24.9,5,884.53,647.97,0,1,2,5,online,north,premium,3553.89
CUST-002607,29.0,94700.56,20.3,12.4,8,1134.86,917.74,0,0,2,3,agent,south,premium,4050.31
CUST-002608,31.0,65862.4,31.3,31.8,9,656.68,565.02,0,0,3,6,branch,east,premium,3516.75
CUST-002609,18.0,84572.95,45.4,71.0,3,195.23,148.78,0,0,3,5,branch,east,basic,3396.48
CUST-002610,36.0,90771.2,15.7,85.4,7,1265.51,947.54,0,1,2,3,agent,south,plus,4447.1
CUST-002611,46.0,79006.85,11.0,51.3,5,737.65,512.45,0,0,2,4,online,east,premium,3675.16
CUST-002612,43.0,55819.09,45.4,57.8,9,1499.19,1073.64,1,1,6,8,online,west,premium,4530.82
CUST-002613,53.0,61652.46,25.7,54.0,7,1096.56,995.44,0,0,2,4,agent,north,premium,3524.08
CUST-002614,31.0,68916.97,28.6,10.2,5,1018.47,480.6,3,0,3,6,online,east,plus,3912.14
CUST-002615,36.0,86391.13,8.4,13.6,14,2338.93,1650.13,0,0,0,1,online,east,basic,5346.36
CUST-002616,51.0,90429.19,24.6,128.2,4,439.96,249.16,1,0,1,2,partner,west,plus,2540.9
CUST-002617,40.0,79510.69,33.9,51.1,5,339.08,268.19,0,0,4,7,agent,south,basic,3898.79
CUST-002618,43.0,88457.61,46.8,5.7,6,1417.7,1136.81,2,0,2,3,agent,north,plus,4207.31
CUST-002619,64.0,47169.16,23.4,60.3,10,2190.73,1259.02,1,0,2,5,online,south,plus,4339.32
CUST-002620,38.0,81177.32,56.8,20.6,8,1916.65,1545.67,0,0,6,8,partner,south,plus,5713.45
CUST-002621,36.0,74650.7,24.6,90.0,6,787.18,592.48,1,0,3,6,partner,west,premium,3809.31
CUST-002622,30.0,84732.71,24.6,83.8,3,516.07,461.83,2,0,3,6,agent,west,basic,3327.63
CUST-002623,38.0,89359.55,55.2,68.3,6,857.86,714.88,1,0,5,6,online,south,enterprise,4778.02
CUST-002624,52.0,56898.89,36.9,50.7,5,1013.19,823.52,2,0,3,5,branch,south,basic,3411.32
CUST-002625,47.0,73838.68,26.4,104.5,9,1597.01,824.09,2,1,4,5,agent,north,basic,5143.47
CUST-002626,57.0,99839.24,31.9,111.4,4,587.51,536.85,1,0,4,5,branch,north,basic,4553.53
CUST-002627,45.0,81289.87,52.6,21.1,6,1178.06,971.0,0,0,5,7,agent,east,plus,4415.2
CUST-002628,18.0,74014.14,54.2,67.8,12,1713.88,1449.97,0,0,5,7,partner,east,enterprise,5690.4
CUST-002629,48.0,53897.11,22.7,28.2,5,482.17,387.32,0,1,1,4,branch,west,premium,3017.36
CUST-002630,42.0,85589.6,33.4,18.5,8,1366.93,1164.16,2,0,4,7,agent,north,plus,4375.11
CUST-002631,41.0,50793.96,35.2,111.4,6,948.78,698.44,0,0,3,5,branch,north,plus,3891.6
CUST-002632,54.0,72607.45,20.4,75.3,11,1508.39,688.08,2,0,2,4,online,east,basic,5092.28
CUST-002633,38.0,66976.65,33.2,53.7,3,118.76,79.31,0,2,3,5,agent,north,plus,2845.77
CUST-002634,47.0,82900.45,34.1,22.8,6,719.02,407.48,2,0,3,4,agent,west,basic,4556.46
CUST-002635,29.0,65042.21,49.7,113.5,10,1669.38,995.43,2,0,5,7,agent,south,basic,4576.39
CUST-002636,24.0,69906.44,50.6,20.4,9,770.02,446.24,0,0,3,4,branch,east,premium,4684.05
CUST-002637,34.0,59425.89,29.5,16.6,4,522.53,390.17,1,0,3,5,online,west,premium,3890.6
CUST-002638,38.0,71346.83,31.1,44.5,2,243.91,200.09,1,1,4,6,online,east,enterprise,3662.96
CUST-002639,47.0,79683.85,43.2,70.9,7,1317.26,1131.07,0,1,4,7,agent,north,plus,3658.61
CUST-002640,29.0,69565.71,25.9,34.2,6,666.37,573.61,0,0,2,4,online,north,plus,3529.37
CUST-002641,58.0,70175.31,42.1,363.5,9,1521.72,699.22,1,0,4,5,online,south,plus,3867.22
CUST-002642,30.0,78780.21,32.8,50.2,13,1748.11,1406.3,0,0,3,4,branch,north,premium,4932.24
CUST-002643,40.0,93838.42,20.6,28.1,2,402.77,357.3,0,0,3,4,agent,east,basic,4247.74
CUST-002644,41.0,89221.65,20.8,30.7,9,2136.57,1738.36,0,0,2,5,partner,north,basic,4820.98
CUST-002645,44.0,52530.59,53.9,137.6,9,1338.41,675.56,1,0,4,7,branch,north,premium,4124.88
CUST-002646,46.0,89631.69,31.8,41.4,14,2317.4,2085.63,0,0,3,6,agent,west,plus,5701.36
CUST-002647,66.0,100440.0,56.6,108.9,3,559.39,383.74,0,2,5,8,online,north,plus,4150.06
CUST-002648,34.0,88521.1,26.9,9.0,6,764.01,549.98,0,0,3,4,online,north,premium,4720.51
CUST-002649,44.0,32375.49,38.0,91.2,2,525.83,306.55,0,0,3,4,agent,south,enterprise,2223.73
CUST-002650,40.0,80584.25,67.0,23.8,2,686.69,582.26,1,0,6,8,agent,west,plus,5287.57
CUST-002651,52.0,100721.35,19.4,76.5,10,1520.55,1311.05,0,0,2,4,agent,north,premium,4368.96
CUST-002652,46.0,67743.54,7.8,23.6,7,1319.9,1100.1,0,0,0,2,agent,south,plus,4697.98
CUST-002653,43.0,128021.3,51.7,32.4,11,1440.95,788.69,0,0,4,6,online,west,plus,5137.87
CUST-002654,25.0,36573.91,22.6,18.1,8,1564.36,797.48,1,0,2,4,agent,west,premium,3892.47
CUST-002655,36.0,78449.32,33.7,77.5,9,1416.96,1287.91,2,0,3,4,online,south,basic,4107.84
CUST-002656,30.0,88839.64,25.9,85.8,10,1686.38,1450.27,0,0,2,4,agent,north,basic,5486.54
CUST-002657,36.0,78916.18,37.7,24.4,9,1609.48,1372.15,2,1,4,6,agent,north,premium,4556.51
CUST-002658,32.0,78590.63,20.9,11.6,2,387.15,316.12,1,0,1,3,branch,west,basic,3000.46
CUST-002659,35.0,57096.27,31.5,107.9,10,2179.93,1090.11,0,0,1,4,branch,south,basic,4247.63
CUST-002660,36.0,65462.93,40.2,26.9,6,1515.0,1048.25,1,1,5,7,branch,west,basic,5149.96
CUST-002661,37.0,86144.61,20.1,39.9,7,1031.7,520.23,1,1,1,4,branch,south,enterprise,4531.54
CUST-002662,38.0,37771.38,24.4,20.9,8,1419.25,920.57,0,0,3,4,online,south,premium,3930.33
CUST-002663,31.0,92114.36,29.2,72.5,7,570.93,300.27,1,0,3,5,partner,east,premium,3988.66
CUST-002664,41.0,73765.82,14.3,73.8,4,833.81,563.12,0,0,1,4,agent,west,plus,3585.41
CUST-002665,31.0,85759.6,28.2,119.6,9,1299.5,994.99,0,0,2,3,branch,east,basic,4429.57
CUST-002666,34.0,91053.59,35.6,93.0,8,2373.76,2006.49,1,0,3,5,online,north,enterprise,5434.27
CUST-002667,40.0,142963.29,28.5,88.8,5,430.79,210.18,2,0,3,6,online,south,basic,4723.0
CUST-002668,18.0,100995.5,30.3,42.6,8,2151.9,1870.6,1,0,2,3,partner,north,premium,5941.05
CUST-002669,68.0,54187.32,33.7,38.8,7,1569.75,846.33,0,0,3,6,online,east,plus,4359.45
CUST-002670,47.0,114729.53,25.0,71.9,13,1337.95,1195.38,0,0,2,4,agent,west,basic,5893.95
CUST-002671,45.0,26978.69,43.5,40.9,9,2324.3,1572.26,0,1,4,6,online,south,plus,4162.35
CUST-002672,35.0,67831.34,53.8,95.1,4,581.15,277.03,2,0,4,5,online,south,plus,3524.8
CUST-002673,42.0,78943.52,27.6,19.8,5,822.34,675.73,0,1,2,3,partner,west,premium,4115.89
CUST-002674,28.0,69986.63,40.7,8.9,8,1010.37,477.09,0,2,3,5,agent,north,premium,4212.94
CUST-002675,46.0,80890.3,30.7,66.2,12,2050.99,1527.76,0,0,3,4,agent,north,basic,5719.8
CUST-002676,22.0,72781.14,39.0,29.7,5,1100.31,907.26,1,1,2,3,online,south,premium,3831.03
CUST-002677,27.0,98944.18,55.6,17.3,3,570.35,380.75,1,0,5,7,online,west,premium,5175.52
CUST-002678,33.0,67138.23,41.0,168.3,7,2108.84,1624.12,1,1,3,5,agent,west,premium,4217.31
CUST-002679,58.0,73737.14,9.6,45.6,6,737.96,530.66,0,0,1,4,online,west,plus,3965.32
CUST-002680,29.0,107705.67,40.3,13.9,5,490.33,236.85,1,0,4,6,online,west,premium,5761.08
CUST-002681,45.0,93244.93,51.0,26.9,5,1022.86,793.64,0,1,4,6,agent,north,plus,5160.47
CUST-002682,18.0,72760.75,30.9,36.4,11,1601.89,1438.09,0,1,2,4,online,north,plus,4945.93
CUST-002683,41.0,84320.35,47.7,65.3,11,2828.17,1728.38,0,0,3,6,partner,west,basic,6303.94
CUST-002684,60.0,109526.43,24.5,27.0,8,1140.72,580.96,2,0,1,3,agent,south,plus,4709.01
CUST-002685,47.0,50896.38,13.5,40.3,6,652.94,372.49,2,0,1,4,online,north,premium,3114.64
CUST-002686,18.0,56244.06,35.9,55.1,7,846.14,633.51,0,0,3,6,agent,east,plus,3353.1
CUST-002687,41.0,65475.76,9.8,62.5,6,1196.53,1091.49,2,0,0,1,agent,west,premium,3066.04
CUST-002688,36.0,79728.11,30.7,42.5,7,1314.55,1093.06,0,0,2,5,agent,west,premium,4491.69
CUST-002689,54.0,93249.58,51.7,136.2,11,2421.86,1978.9,0,1,5,7,partner,south,premium,5646.47
CUST-002690,40.0,62051.01,7.7,73.1,5,959.83,594.48,0,1,2,4,agent,north,basic,3553.41
CUST-002691,25.0,58869.12,16.4,70.3,12,2705.75,1993.35,3,1,0,1,online,west,plus,4563.32
CUST-002692,40.0,52209.01,19.8,68.6,9,887.8,568.16,2,0,3,5,agent,north,enterprise,3465.31
CUST-002693,33.0,58857.93,33.1,95.6,8,670.25,320.11,0,2,2,4,branch,north,basic,3684.23
CUST-002694,18.0,64015.15,29.0,52.5,14,2788.43,1898.76,1,1,1,4,online,east,basic,4912.21
CUST-002695,39.0,36876.47,53.3,19.5,4,632.7,447.64,0,1,6,7,partner,north,plus,3595.59
CUST-002696,41.0,65714.82,47.2,60.4,10,1478.78,1254.55,1,0,3,5,online,north,basic,5044.89
CUST-002697,45.0,56927.42,40.8,65.8,8,782.17,632.52,2,2,4,7,online,west,premium,3893.44
CUST-002698,52.0,72868.54,36.0,105.4,9,1008.53,669.11,0,0,3,5,partner,east,enterprise,4031.47
CUST-002699,38.0,106383.8,39.4,17.8,6,1213.29,829.71,1,0,3,4,online,west,plus,4536.01
CUST-002700,24.0,47136.55,22.1,21.8,7,977.12,803.71,0,1,1,4,online,east,premium,3145.79
CUST-002701,32.0,94069.52,45.8,46.7,6,770.43,451.37,0,1,5,7,online,west,premium,5432.61
CUST-002702,41.0,105837.11,18.7,69.9,8,1742.08,1078.63,0,0,2,3,branch,east,premium,5175.17
CUST-002703,54.0,93186.32,45.5,15.0,3,829.64,725.68,2,0,3,6,online,east,basic,4440.11
CUST-002704,41.0,81981.9,50.3,18.3,10,1636.32,1321.01,0,0,4,5,branch,east,premium,5474.15
CUST-002705,40.0,99470.3,36.9,81.5,6,1041.17,930.13,0,0,4,7,branch,north,premium,4737.38
CUST-002706,38.0,87210.84,31.6,15.6,7,913.49,788.39,0,1,2,5,branch,west,basic,4011.43
CUST-002707,41.0,95811.16,39.5,22.1,9,1830.12,1479.4,0,0,4,7,partner,south,enterprise,5777.97
CUST-002708,62.0,77954.8,1.0,85.0,7,1118.71,640.86,2,0,0,2,branch,east,plus,3563.94
CUST-002709,40.0,56732.98,38.2,69.2,5,635.56,441.63,1,0,3,6,online,south,premium,2640.4
CUST-002710,38.0,96766.2,32.4,27.3,8,2112.95,1364.63,2,0,2,4,partner,west,premium,4427.45
CUST-002711,41.0,122791.95,33.3,63.9,7,1439.14,911.59,1,0,2,5,online,west,premium,5013.21
CUST-002712,34.0,69691.19,43.7,55.7,6,796.64,650.22,1,1,4,5,branch,east,basic,3590.29
CUST-002713,24.0,76225.11,33.0,41.3,6,1099.11,694.79,1,0,3,6,agent,north,plus,4343.33
CUST-002714,22.0,77834.65,18.3,33.6,8,1040.68,540.55,0,0,2,5,online,south,basic,3958.22
CUST-002715,33.0,49376.18,32.1,62.2,4,473.6,290.71,0,0,2,3,branch,south,plus,3400.88
CUST-002716,54.0,60549.79,34.9,16.9,7,1169.43,969.9,1,0,2,5,branch,east,basic,4221.66
CUST-002717,54.0,81300.05,35.6,61.7,6,784.03,539.92,0,0,3,5,partner,north,plus,3691.66
CUST-002718,29.0,74128.73,36.2,52.1,5,669.1,305.07,0,0,4,6,agent,south,premium,3803.96
CUST-002719,39.0,76119.56,48.3,54.8,4,886.37,658.45,0,1,3,5,branch,west,basic,3786.19
CUST-002720,42.0,76295.94,19.0,21.3,9,989.32,526.5,0,0,2,3,agent,north,basic,4797.2
CUST-002721,33.0,73726.83,36.4,107.2,5,760.54,380.75,0,1,1,2,agent,south,enterprise,3453.94
CUST-002722,55.0,62035.68,51.8,27.3,4,543.96,322.6,0,0,4,6,online,south,basic,4333.82
CUST-002723,49.0,83647.31,10.1,30.9,6,644.79,523.57,1,1,1,4,agent,west,plus,4146.16
CUST-002724,45.0,81731.97,36.5,40.1,6,1232.91,583.82,0,0,3,4,branch,west,premium,4634.55
CUST-002725,42.0,59974.05,25.9,69.1,11,1937.07,1060.33,1,1,2,4,agent,west,plus,4238.6
CUST-002726,24.0,83283.91,28.9,53.6,6,1258.14,686.04,1,0,1,3,branch,east,plus,3856.61
CUST-002727,56.0,64596.76,21.5,11.2,13,2740.32,2292.83,0,0,1,4,partner,south,basic,5561.49
CUST-002728,47.0,87574.26,31.7,45.1,13,1863.12,1057.46,1,0,2,5,branch,east,premium,5119.73
CUST-002729,46.0,75041.6,59.4,47.9,4,860.86,621.8,1,2,4,6,branch,north,premium,3742.08
CUST-002730,33.0,82914.25,16.6,108.9,9,1224.95,623.92,0,0,1,4,branch,east,basic,4280.32
CUST-002731,34.0,78987.02,17.9,35.9,5,463.94,381.25,0,1,2,3,agent,south,plus,4138.28
CUST-002732,46.0,74804.86,16.1,65.1,10,1852.9,1060.9,0,0,1,4,agent,south,basic,4025.85
CUST-002733,53.0,81705.84,57.8,218.1,6,930.73,620.56,1,1,5,8,partner,east,basic,3810.51
CUST-002734,60.0,90976.77,27.6,96.9,7,1081.85,655.61,0,0,2,4,agent,south,premium,4500.43
CUST-002735,33.0,77987.63,33.6,20.3,8,2064.51,1566.97,0,0,2,5,agent,south,enterprise,5743.87
CUST-002736,39.0,77695.41,28.4,75.5,8,1586.84,906.83,1,0,2,3,online,north,premium,4584.5
CUST-002737,18.0,69448.91,21.0,61.8,3,552.97,248.94,0,0,2,4,online,south,premium,3378.5
CUST-002738,18.0,43082.32,30.8,35.0,9,2133.06,1486.71,0,0,4,7,branch,north,premium,4778.23
CUST-002739,47.0,76426.12,67.9,76.0,7,1357.86,1233.21,2,0,5,6,partner,west,basic,5407.59
CUST-002740,32.0,53024.75,53.2,20.0,11,2044.85,1718.71,0,0,4,7,branch,west,plus,5122.29
CUST-002741,19.0,65631.59,22.2,27.8,11,1141.41,1046.31,0,1,2,5,branch,east,premium,4180.66
CUST-002742,28.0,60230.35,42.9,40.4,6,1959.57,1291.42,1,0,4,6,partner,south,premium,4515.86
CUST-002743,45.0,62902.38,22.5,33.8,9,986.68,707.32,0,0,1,4,agent,west,premium,3570.91
CUST-002744,45.0,64025.37,9.5,70.6,7,1133.78,935.26,1,0,1,2,online,east,plus,3669.02
CUST-002745,23.0,84558.25,48.0,44.2,6,1020.51,621.01,0,0,5,7,agent,south,plus,4923.96
CUST-002746,55.0,81808.1,50.0,31.2,7,1847.28,929.3,2,1,5,8,partner,south,premium,5324.76
CUST-002747,33.0,77815.87,48.4,95.9,5,947.39,501.5,0,1,5,7,agent,north,plus,3799.89
CUST-002748,44.0,97588.78,27.5,68.8,7,1281.37,1156.29,0,1,3,4,branch,north,plus,5187.51
CUST-002749,41.0,130871.47,31.7,13.4,6,1080.55,887.59,0,0,3,6,partner,south,basic,5335.36
CUST-002750,41.0,84952.71,44.3,13.1,14,1591.82,932.46,2,0,4,7,online,north,plus,5291.46
CUST-002751,31.0,92163.78,39.4,31.4,3,414.74,338.83,0,0,3,5,agent,west,premium,4423.77
CUST-002752,41.0,80864.71,28.6,14.9,10,1564.57,1222.44,0,0,2,5,agent,west,plus,5171.29
CUST-002753,44.0,87481.54,11.7,86.0,8,1469.79,985.6,1,0,1,2,agent,south,premium,4578.31
CUST-002754,39.0,46580.43,35.6,28.8,4,833.01,383.76,1,0,4,5,online,south,enterprise,4493.27
CUST-002755,42.0,27135.78,48.9,65.0,6,1458.43,1155.3,0,0,4,7,agent,west,basic,2786.29
CUST-002756,53.0,37766.31,17.5,74.7,6,544.66,319.44,2,0,2,3,branch,south,plus,3347.39
CUST-002757,36.0,64576.06,42.8,7.7,6,855.57,494.2,0,0,3,6,branch,west,plus,3607.14
CUST-002758,48.0,100422.26,38.6,29.9,8,1292.31,901.07,0,0,4,5,partner,north,basic,5293.51
CUST-002759,39.0,80415.12,44.3,39.1,10,1627.17,935.6,0,0,3,5,branch,east,plus,5046.85
CUST-002760,57.0,68786.79,46.0,55.3,12,3128.01,2460.85,0,0,4,7,branch,north,plus,5861.55
CUST-002761,26.0,86068.6,24.4,82.9,10,1770.02,1039.4,0,0,3,4,online,east,plus,4675.36
CUST-002762,55.0,82174.78,11.7,173.1,5,204.89,169.89,1,0,2,3,online,east,premium,2500.68
CUST-002763,35.0,51425.89,26.6,127.6,6,1081.9,709.2,0,0,2,5,agent,south,plus,2377.98
CUST-002764,64.0,84258.71,46.3,43.8,3,392.77,272.1,1,0,3,5,branch,west,basic,3840.28
CUST-002765,46.0,90800.59,26.5,43.5,6,940.36,438.65,0,0,2,5,agent,east,enterprise,4297.18
CUST-002766,50.0,113633.29,24.4,119.1,6,909.51,417.99,1,0,2,4,branch,south,enterprise,4671.8
CUST-002767,39.0,74386.93,8.9,45.6,3,415.18,228.16,1,0,0,3,agent,east,basic,3370.18
CUST-002768,48.0,106306.5,58.2,29.4,6,1537.77,943.44,1,0,4,6,online,south,premium,5888.78
CUST-002769,48.0,68532.41,45.4,87.0,2,418.72,223.1,1,0,2,3,online,east,enterprise,3872.42
CUST-002770,39.0,117694.99,44.6,57.2,2,392.77,269.49,1,0,4,7,branch,east,basic,4035.66
CUST-002771,49.0,65108.82,47.3,12.9,7,1803.79,1321.42,1,0,5,8,agent,west,plus,5360.43
CUST-002772,18.0,87386.49,41.9,36.2,6,618.68,511.98,0,1,4,5,online,north,basic,4557.79
CUST-002773,34.0,80978.08,30.6,15.4,2,308.22,213.14,2,0,3,6,agent,north,plus,3125.52
CUST-002774,41.0,102634.72,31.7,3.4,12,1253.73,780.58,1,1,2,3,online,south,basic,5840.07
CUST-002775,47.0,100205.3,28.1,139.0,11,2184.0,1931.06,0,1,3,6,agent,north,basic,4811.99
CUST-002776,52.0,57054.58,70.3,49.9,6,871.63,570.74,0,1,5,7,partner,south,plus,3610.96
CUST-002777,38.0,69766.33,41.7,37.2,3,665.84,387.54,0,0,3,5,online,south,basic,4477.03
CUST-002778,37.0,114092.6,27.6,31.2,14,3435.29,1668.53,0,0,2,5,agent,east,plus,7001.13
CUST-002779,51.0,77602.29,40.4,46.2,3,726.43,389.91,1,0,4,6,branch,east,premium,3606.38
CUST-002780,54.0,90469.45,20.1,30.9,12,780.27,604.57,0,0,1,3,agent,west,premium,4087.39
CUST-002781,49.0,56552.38,54.7,20.6,6,1077.2,585.22,1,0,4,6,agent,north,premium,4666.26
CUST-002782,39.0,71392.51,24.9,32.3,8,1376.1,855.26,4,0,2,3,agent,south,basic,4038.19
CUST-002783,69.0,63062.18,40.9,111.7,8,1585.9,734.14,0,0,4,5,partner,west,plus,4366.4
CUST-002784,42.0,92486.52,48.7,85.7,11,2663.23,1671.71,2,0,4,6,partner,south,basic,5901.25
CUST-002785,43.0,89095.52,39.3,32.4,6,1293.03,975.68,0,0,5,8,online,west,plus,5964.08
CUST-002786,59.0,97843.57,35.3,148.0,9,1433.88,793.08,0,0,3,4,partner,east,plus,4191.98
CUST-002787,58.0,56283.64,34.1,43.5,4,595.72,269.15,0,0,3,6,online,south,plus,2776.05
CUST-002788,49.0,85694.7,33.2,24.7,7,676.26,569.2,1,0,2,5,online,north,plus,3884.65
CUST-002789,31.0,76181.97,26.1,58.9,10,1188.49,937.58,0,0,3,5,branch,east,plus,4145.93
CUST-002790,42.0,31814.29,27.8,123.2,15,2897.7,2655.95,0,1,2,3,partner,north,basic,4748.52
CUST-002791,47.0,84156.18,54.4,108.3,6,966.33,496.4,1,0,5,8,online,south,basic,4067.54
CUST-002792,62.0,99074.83,32.5,25.7,6,791.67,608.34,1,0,4,7,online,south,basic,4941.89
CUST-002793,73.0,104092.06,23.2,17.2,9,1786.12,1019.8,1,1,2,3,online,north,premium,5576.31
CUST-002794,34.0,75182.39,26.9,34.7,6,706.22,484.52,0,1,1,3,agent,north,enterprise,3259.28
CUST-002795,50.0,90750.62,49.2,65.9,6,1263.12,1011.7,0,0,3,5,agent,west,basic,4634.95
CUST-002796,32.0,85635.39,43.3,78.2,9,1105.29,584.82,0,0,4,6,agent,south,plus,4497.07
CUST-002797,40.0,62136.23,41.7,98.5,11,2091.35,1398.64,0,1,4,5,online,north,plus,5402.84
CUST-002798,31.0,59678.71,30.5,51.9,7,981.07,565.57,1,0,3,4,online,south,plus,4381.28
CUST-002799,59.0,74956.93,41.9,53.1,6,549.13,287.1,1,0,3,6,branch,east,basic,4110.84
CUST-002800,44.0,71574.98,25.1,50.5,4,901.18,711.68,0,0,4,5,online,west,enterprise,3781.14
