customer_id,age,annual_income,tenure_months,days_since_last_purchase,transactions,total_spend,premium_amount,claims_count,complaints_count,renewals_count,policies_count,channel,region,product_type,clv
RID-000001,37,56599.22,36,70.9,3,422.82,278.46,0,0,2,3,agent,north,plus,2372.91
RID-000002,44,39432.85,40.2,10.9,11,2000.83,1220.82,0,0,3,5,online,north,enterprise,4466.87
RID-000003,49,51480.98,32.2,22.1,6,655.07,450.49,1,0,2,5,online,east,basic,2626.94
RID-000004,48,76694.42,23.5,51.7,7,923.39,496.06,2,0,0,1,agent,east,basic,2643.79
RID-000005,33,96599.86,29.6,31.5,7,1188.84,834.3,0,0,3,4,online,south,enterprise,4806.52
RID-000006,41,66650.95,22.1,24.6,5,692.5,584.17,0,0,2,4,agent,south,enterprise,3595.58
RID-000007,18,73576.45,36.8,24.1,9,810.73,678.65,1,1,3,4,online,south,basic,4431.39
RID-000008,50,74062.47,54.8,140.2,4,584.94,440.15,0,0,4,6,online,south,plus,3492.95
RID-000009,42,88067.53,29.1,48.5,7,772.64,524.3,0,0,2,3,branch,east,premium,4320.43
RID-000010,40,53563.67,27.3,36.9,7,753.46,390.4,1,2,2,4,agent,east,premium,3234.96
RID-000011,39,71999.81,42.9,57.7,7,1303.64,1150.8,0,0,4,5,agent,east,plus,4965.79
RID-000012,23,54932.08,41,73.5,9,1771.61,1497.28,0,2,5,6,branch,north,plus,4268.6
RID-000013,45,84436.38,37.5,92.9,4,827.21,655.77,0,2,3,6,branch,south,plus,3192.16
RID-000014,43,92633.1,23,28.5,7,783.18,582.6,0,0,1,4,online,south,basic,4386.15
RID-000015,41,26149.1,35.6,50.8,8,979.8,843.62,3,0,4,6,agent,south,plus,3455.47
RID-000016,52,79237.91,45.7,19.8,6,1132.42,1003.45,0,1,4,7,online,south,plus,4201.71
RID-000017,40,70476.92,17.2,5.7,3,389.66,305.31,2,1,1,4,agent,north,basic,2910.75
RID-000018,37,90134.18,29.6,32.8,4,539.59,271.11,1,1,2,4,online,north,enterprise,3406.25
RID-000019,53,58856.67,9.4,55.6,14,2077.91,1840.4,3,0,1,4,agent,east,plus,3969.21
RID-000020,40,75199.06,17.9,67,12,992.24,507.09,0,0,0,1,online,east,basic,2731.78
RID-000021,33,48543.45,10.2,26.7,12,2803.75,1884.94,0,0,1,4,branch,south,premium,4034.28
RID-000022,20,91489.07,32.7,16.1,9,857.95,604.87,0,0,3,5,agent,west,premium,4560.21
RID-000023,37,123643.97,18.3,20,6,553.15,444.68,0,2,1,3,branch,east,premium,3918.23
RID-000024,38,80099.36,39.8,89.4,12,2537.78,1998.78,0,0,5,7,agent,east,plus,5181
RID-000025,31,107788.24,38.2,117.9,1,191.61,139.65,0,2,2,3,branch,east,enterprise,2519.19
RID-000026,46,107971.01,33.4,17.8,3,670.18,348.34,0,0,3,4,online,west,enterprise,4659.26
RID-000027,25,69245.64,1,55.7,7,1421.14,813.72,0,0,0,3,branch,north,premium,3913.56
RID-000028,41,76723.58,28.5,45.2,6,1154.48,688.9,0,0,2,5,online,north,plus,3859.63
RID-000029,42,78368.11,35.3,78.7,6,968.35,636.82,1,1,4,7,agent,south,enterprise,3408.24
RID-000030,52,97253.45,37.6,63.4,5,423.07,367.4,1,0,1,2,agent,east,premium,3499.5
RID-000031,42,60438.39,14.6,52.9,5,338.44,297.88,1,0,1,4,online,west,premium,2530.76
RID-000032,39,90670.81,29.3,85.7,6,970.98,500.81,0,1,2,5,agent,north,basic,4012.67
RID-000033,52,56677.9,22.3,129.2,9,1438.99,743.59,1,0,1,4,online,west,plus,3369.41
RID-000034,56,88861.16,24.7,10.6,6,645.64,514.9,0,1,2,3,branch,west,plus,4295.72
RID-000035,44,74324.13,50.9,85.5,2,203.64,152.48,1,2,4,6,agent,west,enterprise,2277
RID-000036,33,38316.72,24.7,37.2,10,1360.5,1166.23,1,1,2,4,online,south,basic,3701.53
RID-000037,47,66430.8,35.5,35.4,8,1139.92,912.12,1,2,4,6,online,north,premium,4678.94
RID-000038,30,85296.68,48.4,25.2,9,1487.9,1263.32,0,0,3,4,online,east,plus,5132.89
RID-000039,55,71414.03,27.8,159.1,8,1686.7,998.42,0,0,3,6,online,north,premium,3788.36
RID-000040,44,80158.53,34.4,83,4,499.92,417.77,1,2,3,4,branch,north,premium,3505.66
RID-000041,33,122951.19,37.5,57.4,7,1697.32,1044.06,1,0,3,4,online,east,basic,5904.97
RID-000042,60,47258.38,36.9,133.6,6,1299.71,963.15,5,2,4,6,agent,south,basic,3409.25
RID-000043,28,59385.06,18.8,67.6,5,1542.66,1229.31,1,0,1,2,partner,west,basic,4173.16
RID-000044,52,58466.83,37.1,19,7,671.28,347.96,0,0,3,5,agent,north,plus,2979.16
RID-000045,38,75099.55,55,36.7,8,1442.06,971.05,2,2,4,5,branch,west,plus,4779.32
RID-000046,37,64665.66,14.3,67.4,8,1780.13,1150.88,0,1,1,3,agent,east,premium,4028.71
RID-000047,27,70208.64,48,31.9,7,316.82,217.56,0,1,3,6,branch,west,premium,3532.36
RID-000048,23,57187.72,37.7,113,9,1840.58,1174.63,1,0,3,4,branch,east,plus,4303.87
RID-000049,44,58668.39,27,87.1,7,1462.39,1042.76,1,1,3,6,online,east,premium,3650.35
RID-000050,32,115820.43,64,29.8,1,207.32,114.25,1,1,5,7,agent,north,premium,4000.45
RID-000051,52,128827.82,46.7,37.3,4,693.98,594.15,2,0,4,6,agent,north,premium,4323.23
RID-000052,41,71416.6,19.2,42.1,8,1942.13,1077.78,0,0,1,3,online,south,basic,4151.6
RID-000053,45,76878.56,37,92.2,7,795.32,491.58,0,0,3,5,agent,south,premium,3608.09
RID-000054,61,39180.45,44.1,39.9,6,837.88,583.66,3,0,5,7,partner,west,premium,3524.52
RID-000055,25,66350.11,33.4,56.9,6,1215.48,859.59,1,0,2,4,partner,north,plus,3803.73
RID-000056,43,91011.88,45.6,30.3,12,2476.59,1416.24,0,2,4,7,online,east,plus,5420.41
RID-000057,38,83892.08,35.1,28.7,3,162.09,84.69,0,0,4,5,partner,west,premium,3956.08
RID-000058,49,70463.54,45.3,27.6,6,1325.12,1159.99,1,0,4,5,agent,west,plus,4582.87
RID-000059,40,114049.84,56.1,104,9,2039.07,1280.21,1,1,5,7,branch,west,plus,5617.03
RID-000060,37,138497.31,26.5,43.1,8,1846.96,1196.76,0,0,3,5,agent,north,premium,5981.28
RID-000061,34,71035.4,38.8,56.2,7,797.76,597.5,0,0,3,5,partner,south,basic,3823.42
RID-000062,40,52906.88,29.5,55.5,9,2164.7,1431.52,1,0,3,6,agent,east,plus,4897.12
RID-000063,27,88238.65,37.8,108.8,10,1676.72,1221.18,0,1,5,6,online,west,plus,4789.48
RID-000064,48,93803.37,19.4,154.9,6,1337.68,1064.36,1,0,1,4,agent,north,plus,3289.18
RID-000065,18,56693.64,27.9,71.6,14,2363.79,1302.06,2,1,3,4,agent,north,premium,5148.47
RID-000066,47,73869.61,33.3,134.7,16,2167.31,1658.73,1,1,3,5,agent,west,basic,5064.79
RID-000067,47,98537.53,48.6,42.9,8,985.4,865.7,0,0,4,7,partner,south,enterprise,4848.49
RID-000068,43,83716.65,52,99.9,7,926.59,548.7,0,1,5,7,online,north,premium,4283.96
RID-000069,39,56772.32,17.5,34.4,7,1525.01,1296.91,3,0,1,4,agent,north,basic,3633.56
RID-000070,51,94340.12,24.9,49.5,8,1132.57,835.23,1,1,2,5,partner,south,basic,4762.09
RID-000071,49,57481.26,45.1,34.3,8,1080.32,629.58,2,0,4,6,partner,south,basic,3748.28
RID-000072,50,108211.75,8.1,33.3,4,704.02,550.56,0,2,1,2,online,south,premium,3573.45
RID-000073,38,75142.16,29.5,64.5,8,1185.47,948.8,1,1,3,4,branch,east,premium,4443.43
RID-000074,46,34831.19,34.6,6.6,4,254.86,170.67,1,0,4,6,online,north,enterprise,2542.27
RID-000075,41,56652.06,53.6,32.4,4,611.92,525.18,1,2,5,6,online,west,premium,3921.34
RID-000076,37,92281.94,45.7,20.3,9,1342.25,1032.13,0,1,5,8,online,east,premium,4490.02
RID-000077,53,114201.35,31.4,18.6,8,1943.03,1559.53,1,1,3,5,online,north,plus,5603.73
RID-000078,28,83112.13,30.8,48.1,4,762.89,424.26,1,1,3,5,branch,east,plus,3780.48
RID-000079,39,69041.59,32.5,58.1,4,354.76,252.98,3,1,3,5,branch,north,plus,2930.01
RID-000080,29,124651.07,57.3,10.7,9,855.26,706.96,2,0,6,7,branch,south,basic,4738.7
RID-000081,23,47020.87,30,54.9,5,646.82,404.27,1,0,2,5,agent,north,basic,2985.08
RID-000082,54,97490.33,31.7,85.5,13,2235.45,1200.32,0,0,2,5,agent,east,plus,5345.23
RID-000083,49,42366.53,40.9,17.7,8,1077.89,692.38,0,0,2,3,online,north,enterprise,3738.82
RID-000084,45,37704.15,34.3,117.1,4,613.56,411.61,1,2,3,4,online,north,plus,2381.99
RID-000085,30,51985.99,33.2,24.7,9,819.92,551.87,2,0,3,5,online,north,premium,3119.03
RID-000086,42,92828.94,20.4,27,3,410.58,314.78,0,1,2,5,partner,north,plus,3104.75
RID-000087,49,80692.4,35.8,10.3,8,1920.66,1345.72,2,0,3,5,agent,west,enterprise,4335.32
RID-000088,22,71036.61,29.8,14.6,8,222.8,190.42,0,0,3,4,branch,west,plus,4263.86
RID-000089,49,84324.79,52.3,82.1,7,1292.09,989.48,0,1,4,7,partner,south,basic,4158.26
RID-000090,46,59955.72,45.1,42.5,6,1135.09,623.03,0,0,3,5,agent,west,premium,4349.07
RID-000091,60,107889.53,35.7,77.1,8,1392.29,993.94,1,0,3,6,agent,east,basic,4675.16
RID-000092,32,77481.12,45.4,46.3,5,856.33,527.46,0,0,4,6,online,north,premium,4565.21
RID-000093,60,86796.46,31.2,130,7,1057.33,616.26,0,0,2,3,branch,north,basic,3735.38
RID-000094,43,47221.45,50.7,17.5,5,839.71,451.44,1,1,5,8,agent,west,plus,3200.07
RID-000095,46,73733.69,35.9,72.5,5,735.14,536.81,0,1,4,6,online,north,premium,3280.57
RID-000096,50,49185.49,44.2,135.5,11,1832.51,1204.62,1,0,3,5,online,north,plus,4087.2
RID-000097,65,89892.27,17.9,29.3,8,2002.19,1232.58,0,0,1,2,agent,north,plus,4614.77
RID-000098,52,40304.33,40.9,14.5,3,683.64,465.43,1,0,2,4,agent,east,plus,2506.19
RID-000099,60,91061,12.4,49.9,5,1360.43,876.04,2,0,1,3,agent,north,plus,4633.49
RID-000100,43,97733.84,7.5,48.1,9,1163.37,972.76,0,1,0,3,branch,south,enterprise,4306.42
RID-000101,49,87427.3,31.7,26.2,10,1401.79,783.64,0,0,3,4,branch,west,premium,4623.51
RID-000102,51,102522.87,23.4,14.9,8,1759.9,1009.25,0,0,1,3,branch,south,enterprise,5269.39
RID-000103,29,108291.69,38.3,33.8,7,735.02,562.21,1,0,3,4,online,east,premium,3736.2
RID-000104,44,68971.85,67.4,39.6,9,1938.52,1346.72,2,1,5,7,partner,south,enterprise,5113.32
RID-000105,44,64887.96,24.4,75.9,10,940.02,602.19,2,0,3,6,partner,west,enterprise,4367.36
RID-000106,48,65171.6,27.3,30.3,8,2202.44,1555.69,0,0,1,4,branch,east,premium,5235.36
RID-000107,58,75071.59,38.9,23.7,3,778.53,520.34,0,1,3,5,partner,east,basic,3957.52
RID-000108,49,70717.79,42.9,9.9,7,1000.75,754.57,0,1,4,7,agent,east,premium,4485.6
RID-000109,45,70301.32,33.5,72.7,9,1162.04,779.85,2,0,2,5,branch,west,premium,3917.44
RID-000110,43,112150.07,33.1,53.1,5,282.42,143.92,0,0,3,4,agent,south,premium,4724.49
RID-000111,43,76756.28,45.8,103,5,847.84,640.24,1,1,3,4,online,east,enterprise,3612.53
RID-000112,28,65893.07,43.3,53,8,1795.11,1243.54,0,0,3,6,agent,north,basic,3546.67
RID-000113,40,107113.86,21.5,18.5,8,1553.2,867.39,1,0,1,4,branch,east,plus,5164.26
RID-000114,33,51040.66,34.9,127.7,6,896.37,538.09,0,0,3,4,agent,north,basic,3325.06
RID-000115,28,73660.83,36.5,99.4,8,2262.65,1399.24,0,0,3,6,online,west,basic,4724.85
RID-000116,52,87004.21,21.2,38.9,12,2354.13,1329.63,2,1,1,3,partner,south,plus,5375.92
RID-000117,33,89215.18,39.6,60.2,6,1059.54,632.85,0,0,4,7,partner,south,basic,4482.16
RID-000118,32,48107.14,24,83.3,7,1039.31,793.23,1,0,0,3,partner,east,basic,2239.5
RID-000119,25,45783.37,49.6,16.7,9,1907.21,1298.41,1,1,5,6,branch,east,plus,4736.68
RID-000120,53,49057.63,38.7,57.3,7,2020.35,1641.89,2,0,5,8,online,south,premium,4088.63
RID-000121,56,57260.73,37.3,3.4,7,1398.87,880.7,0,1,3,5,online,south,basic,4036.71
RID-000122,46,100166.91,27.7,50.1,12,888.2,538.4,0,0,2,4,online,north,plus,4860.5
RID-000123,39,73104.98,34.3,156,8,1842.12,1640.43,1,1,3,5,online,south,plus,4150.16
RID-000124,47,82302.57,8,24.4,12,3274.27,2493.16,2,0,1,3,online,east,basic,5543.02
RID-000125,47,56852.68,20.2,18.6,9,2061.67,1799.96,1,0,4,6,partner,east,plus,4722.89
RID-000126,43,63654.48,41.1,58.7,7,951.06,479.55,2,1,3,4,online,south,basic,3804.51
RID-000127,45,88707.85,6.2,31.6,6,926.6,818.5,0,1,0,1,online,west,basic,3401.98
RID-000128,25,82448.63,47.9,79.3,3,201.07,115.71,2,1,4,7,online,north,basic,3484.09
RID-000129,43,68804.8,11.6,64.5,8,1824.12,1059.96,0,0,1,4,online,south,basic,4020.95
RID-000130,38,95698.66,46.6,111.5,10,1225.32,881.58,0,0,4,7,agent,south,basic,4316.79
RID-000131,40,62365.67,24.2,137.3,14,1881.77,1059.79,0,0,2,3,partner,south,basic,4304.47
RID-000132,41,63104.88,46.9,36.9,6,808.33,522.6,0,0,2,4,online,west,premium,3243.84
RID-000133,28,65607.51,37.8,34.4,12,1528.99,936,0,0,3,5,online,south,plus,5075.25
RID-000134,44,62124.97,14.5,111.2,7,1677.27,1194.66,0,0,1,4,partner,west,plus,3809.58
RID-000135,48,92166.06,53.5,45,7,1717.82,1322.47,0,0,5,6,online,south,premium,4540.46
RID-000136,20,43423.85,56.2,24.7,10,1556.38,954.27,0,0,4,6,partner,south,basic,4260.54
RID-000137,27,84046.58,35.1,46.8,6,851.26,531.24,1,1,2,4,agent,west,basic,4333.06
RID-000138,56,35248.79,32.2,48.5,12,3028.39,1674.68,0,0,1,2,branch,east,basic,4346.22
RID-000139,27,37767.49,33.8,26.5,9,1033.69,558.17,1,0,4,5,online,north,basic,3580.84
RID-000140,49,74720.5,22.3,13,7,795.81,584.17,0,0,2,3,branch,west,plus,4650.23
RID-000141,51,80971.06,51.4,13.6,11,1415.38,855.4,0,1,5,7,online,south,enterprise,5086.79
RID-000142,60,71711.58,28.4,67.5,7,1877.38,1232.23,0,0,4,7,branch,south,premium,4782.37
RID-000143,39,31239.75,35.3,16.6,5,1082.73,858.58,1,0,3,6,online,north,enterprise,2868.7
RID-000144,34,99825.74,24.9,128.8,9,1341.45,728.2,1,0,2,5,agent,north,basic,4807.97
RID-000145,35,98055.59,27.2,35.7,7,988.51,880.36,0,0,0,3,agent,north,premium,4040.31
RID-000146,34,56753.72,18.1,56.7,4,428.14,367.4,0,1,2,4,agent,west,basic,3293.93
RID-000147,25,102690.21,53.6,28.6,10,2279.74,1713.32,2,0,5,8,partner,north,premium,5496.82
RID-000148,31,61934.26,33.8,15,8,1028.01,824.6,1,2,2,5,branch,east,basic,3467.43
RID-000149,36,75700.64,49.5,76.7,10,1382.02,776.7,0,1,3,4,online,north,basic,4182.24
RID-000150,37,58212.97,36.2,24.9,10,824.64,711.63,1,0,3,5,branch,east,premium,3941.92
RID-000151,49,53122.02,26.3,40.8,3,267.64,148.91,1,1,2,3,online,east,basic,2426.77
RID-000152,49,42308.1,31.4,141.5,11,1624.15,981.95,0,0,4,7,branch,south,plus,3670.11
RID-000153,42,68663.73,28.2,44.4,16,2182.21,1938.89,0,1,1,2,agent,east,basic,5610.41
RID-000154,24,88927.81,36.1,119.5,7,716.53,566.23,0,0,3,6,agent,east,premium,3977.45
RID-000155,47,66961.71,30.7,88.3,9,1210.51,839.05,0,1,3,4,online,east,basic,3786.66
RID-000156,39,87960.15,31.8,35.8,7,1128.96,844.07,0,0,3,4,online,east,plus,4717.62
RID-000157,23,93027.17,16.7,45.7,6,60,44.98,1,0,0,2,online,north,plus,2494.73
RID-000158,36,106822.11,24.7,18.4,7,1193.48,699.75,1,0,1,2,branch,south,premium,4995.95
RID-000159,34,96697.51,59.2,97.5,5,570.66,351.78,2,0,5,6,branch,east,basic,3732.71
RID-000160,42,75880.2,26.6,95.2,8,801.43,563.51,2,1,4,5,agent,west,premium,4088.86
RID-000161,45,80581.03,21.2,41.8,8,954.49,480.44,1,0,1,3,branch,east,premium,4170.58
RID-000162,58,72236.65,40.7,37.8,4,909.05,537.9,0,0,3,6,partner,east,plus,3255.5
RID-000163,35,57168.78,55.7,73.8,2,291.88,226.83,1,0,5,8,online,north,plus,3361.86
RID-000164,43,49530.25,15.6,85.8,6,846.93,748.26,0,1,2,5,branch,north,enterprise,3362.62
RID-000165,31,111211.97,33.1,23.3,7,1195.51,869.1,0,0,4,5,online,north,basic,5703.2
RID-000166,36,56218.97,27.2,52.9,7,1251.69,867.63,1,0,2,3,online,north,plus,4419.92
RID-000167,28,87012.8,11.3,74.8,6,557.42,390.05,0,0,0,2,online,north,basic,3258.07
RID-000168,41,106407.36,46.3,32.5,5,635.29,537.15,2,0,4,5,agent,east,basic,4830.75
RID-000169,47,79698.28,35.7,71.5,3,691.83,355.13,0,0,3,6,online,east,plus,3282.27
RID-000170,38,63445.61,37,46.1,6,1097.99,868.45,2,0,3,5,online,west,basic,4606.43
RID-000171,55,83473.3,25.5,89.7,10,1185.67,750.95,0,0,1,4,branch,north,plus,3919.67
RID-000172,41,108246.77,42.4,29.9,10,1440.2,874.64,2,0,3,4,partner,west,basic,5756.58
RID-000173,50,55228.63,28.4,37.1,13,1795.82,941.91,0,0,2,5,online,south,premium,4600.01
RID-000174,39,56368.49,34,69.4,6,984.58,819.32,0,0,2,3,partner,south,premium,3633.71
RID-000175,41,64593.79,20.5,19.6,4,317.99,165.63,0,1,1,4,branch,south,basic,2355.18
RID-000176,59,91676.15,19,20.7,6,518.4,285.16,2,0,1,4,branch,south,plus,3834.16
RID-000177,32,92374.9,54.7,94.5,8,731.08,398.27,0,0,4,5,online,south,premium,4386.05
RID-000178,48,63314.03,28.9,20.5,4,475.92,372.25,0,0,3,4,partner,north,basic,3158.78
RID-000179,25,76962.19,40.1,31.3,11,3325.87,2482.85,3,0,5,8,online,west,basic,6780.85
RID-000180,39,94320.43,35.5,93.9,5,901.03,560.54,0,0,3,4,branch,north,plus,4340.43
RID-000181,51,50253.96,29.8,61.9,13,3033.44,1772.06,0,1,4,7,agent,west,basic,5114.68
RID-000182,63,72518.74,28.9,65.7,6,980.31,539.39,2,0,3,6,agent,north,basic,3535.78
RID-000183,50,84399.71,44.8,115.3,4,1004.15,527.28,0,1,2,5,partner,north,plus,4100.68
RID-000184,44,89982.05,31.8,79.2,7,1156.52,949.17,0,0,3,5,online,south,premium,4138.86
RID-000185,39,89808.04,33.9,133.1,5,952.41,535.69,1,0,2,4,branch,south,premium,3600.11
RID-000186,38,45452.01,36.3,101.4,8,1757.6,1541.34,0,0,4,5,branch,west,basic,3398.28
RID-000187,42,73836.51,52.5,36.2,1,196.62,142.79,1,2,4,7,branch,south,premium,2423.59
RID-000188,43,63142.27,45.5,7.2,9,344.12,289.84,0,0,5,6,partner,east,plus,3641.02
RID-000189,54,80265.42,41.4,25.8,11,1025.41,514.91,0,1,5,8,agent,east,plus,4806.73
RID-000190,33,84519.49,28.1,11.8,5,1202.47,778.75,1,0,2,4,branch,north,enterprise,4812.64
RID-000191,33,73196.56,16.7,54.3,9,2023.57,1574.38,0,0,1,2,branch,south,basic,5063.62
RID-000192,53,80371.3,49.3,25.3,3,371.82,239.54,0,1,5,6,agent,north,basic,3198.88
RID-000193,48,121493.81,49.5,17,8,1144.85,885.61,5,1,3,4,branch,east,premium,5487.2
RID-000194,38,114418.58,34,45,10,1491.07,914.12,1,1,3,4,agent,west,basic,5933.94
RID-000195,40,95531.44,43.6,12.6,3,523.45,398.85,3,0,4,6,agent,west,basic,4064.34
RID-000196,47,76631.52,46.9,21.4,13,1482.09,1139.78,0,0,4,7,online,west,plus,4796.43
RID-000197,39,118677.42,47.6,138,9,1968.25,1667.18,2,1,4,6,branch,north,basic,5393.91
RID-000198,35,61988.26,48.9,35.3,6,754.04,592.6,0,0,6,9,partner,north,plus,3244.64
RID-000199,43,37976.39,29.6,12.6,8,1887.2,1224.63,0,0,3,6,agent,south,plus,3980.15
RID-000200,49,71327.51,57.2,73.1,2,388.57,286.31,2,1,5,7,online,west,basic,3202.82
RID-000201,32,55606.52,18.5,46.9,5,691.37,393.55,3,1,1,4,agent,west,basic,2935.95
RID-000202,37,26232.25,48.1,47.9,5,672.87,550.04,1,0,2,5,online,east,basic,2765.92
RID-000203,47,52316.09,42.9,25.9,5,489.6,249.7,0,1,4,5,partner,west,basic,3437.07
RID-000204,24,66643.15,48.2,23.2,7,1176.42,645.92,1,0,4,7,partner,north,enterprise,4053.46
RID-000205,39,65642.35,62.3,18.9,5,580.75,382.27,0,0,6,7,agent,east,premium,4774.4
RID-000206,51,82968.13,56.8,13,9,967.99,647.19,1,0,5,7,online,east,premium,5148.49
RID-000207,33,88198.04,20,62.1,9,1439.64,766.12,2,0,1,4,agent,south,premium,4507.07
RID-000208,48,88043.54,12.4,19.4,9,1748.03,1312.38,0,1,1,2,online,south,premium,4871.12
RID-000209,65,50843.02,47.4,53.5,8,1052.49,926.89,0,2,4,7,branch,north,plus,4204.6
RID-000210,48,90599.18,21.8,36.3,3,784.54,420.77,1,1,1,2,online,east,basic,3431.98
RID-000211,32,109118.86,35.8,25.8,8,614.35,441.26,1,1,2,5,agent,north,premium,4572.22
RID-000212,65,69980.62,47.8,6.9,8,1073.88,628.62,0,0,4,6,agent,south,premium,4679.62
RID-000213,50,70334.72,13,56.6,6,774.36,467.33,0,0,1,4,online,west,basic,3186.51
RID-000214,52,85107.46,6.5,49.9,12,2001.87,1620.56,0,0,1,3,online,north,basic,4102.72
RID-000215,46,87977.54,39.6,50,9,1244.94,646.55,0,0,3,4,agent,east,basic,4154.16
RID-000216,34,75649.36,36.6,71.6,8,1967.26,1154.97,0,0,3,5,agent,east,premium,5271.27
RID-000217,41,83790.78,32.6,112.9,6,1016.65,521.39,1,2,2,5,branch,east,plus,3155.29
RID-000218,40,55099.75,36.5,85.3,4,422.35,339.37,0,0,3,4,branch,west,plus,3403.93
RID-000219,60,37410.57,24,12.7,5,1527.93,1055.12,0,1,3,4,agent,west,premium,3783.14
RID-000220,54,62370.09,14.8,23.1,7,1119.22,788.49,1,0,3,5,branch,west,enterprise,3728.22
RID-000221,39,66384.62,33.7,107.8,14,2195.73,1766.04,0,0,3,6,online,east,premium,4894.88
RID-000222,45,73229.55,22.4,84.6,9,1784.66,1306.6,1,0,2,4,branch,south,plus,4889.6
RID-000223,48,63413.09,13,40.7,5,820.63,670.46,0,0,0,3,agent,north,plus,3216.62
RID-000224,55,54952.16,43.1,39.8,7,1031.09,716.37,1,0,2,5,online,south,basic,4106.65
RID-000225,51,79076.1,35.1,25.4,7,1600.94,1392.26,0,0,2,3,online,east,plus,4365.67
RID-000226,31,85137.98,41.7,139.5,7,947.35,627.44,1,0,3,6,online,east,premium,3548.33
RID-000227,54,69105.05,22.1,18.4,1,320.3,262.79,1,0,2,4,online,west,premium,3569.89
RID-000228,30,66559.52,26.8,96.7,2,426.27,255.87,0,1,2,5,online,north,plus,2607.37
RID-000229,37,76150.18,22,56.6,8,2095.6,1296.42,0,2,2,5,online,north,enterprise,4439.34
RID-000230,27,63102.29,23.6,32.2,10,1588.46,1134.98,0,0,3,4,agent,west,plus,3992.78
RID-000231,38,84947.7,38.7,21.1,5,825.84,719.58,1,0,3,5,agent,south,premium,3982.01
RID-000232,49,63394.98,25,109.2,5,1014.88,676.66,2,1,2,4,agent,north,basic,3082.68
RID-000233,42,33685.61,41,69.5,8,470.39,418.97,0,0,4,6,partner,west,premium,3158.75
RID-000234,53,113118.99,40.8,117.5,8,1048.49,786.25,2,0,4,7,agent,east,plus,4503.74
RID-000235,52,83111.05,64.4,95.8,9,1095.83,851.75,0,0,6,8,branch,east,basic,3837.88
RID-000236,40,93857.33,16.5,24,10,711.83,495.56,0,1,2,3,branch,north,basic,3543.09
RID-000237,37,70944.17,48.4,38.1,8,367.58,327.6,2,1,4,7,agent,north,premium,3993.43
RID-000238,55,71874.62,34.7,10.2,8,978.18,810.55,2,0,2,3,branch,north,plus,3706.26
RID-000239,49,76600.23,35.8,111.3,4,742.98,505.19,0,0,2,3,online,east,basic,2986.71
RID-000240,52,77838.66,15.7,69.7,11,2280.13,1275.42,1,0,1,3,branch,east,enterprise,4275.11
RID-000241,54,72242.75,29.6,29.9,10,2447.42,1489.55,1,0,2,4,online,west,plus,4958.43
RID-000242,39,57160.3,46.4,54.7,7,155.1,134.23,0,0,3,4,branch,east,plus,3382.28
RID-000243,35,87861.76,34.8,19.5,8,1252.82,772.62,1,0,3,6,online,east,basic,4508.55
RID-000244,44,76378.85,37.1,35.1,6,1198.98,725.22,0,0,3,5,agent,west,plus,3991.54
RID-000245,37,116216.5,31.9,58.7,5,847.82,537.5,4,0,2,3,partner,east,basic,4400.1
RID-000246,35,58322.48,52.2,87.3,12,1046.36,903.5,0,0,5,7,online,north,enterprise,3731.08
RID-000247,33,67372.03,35.7,35.7,3,611.69,493.23,1,1,4,6,online,south,enterprise,3317.46
RID-000248,41,74092.59,5.2,39.4,10,1682.27,1291.16,0,2,0,3,online,east,premium,3573.32
RID-000249,39,34748.62,26.3,32.9,5,886.42,481.79,1,1,2,4,online,west,plus,3000.5
RID-000250,46,57088.41,8.4,69.5,5,914.88,782.62,0,0,0,2,agent,south,plus,2302.33
RID-000251,48,33409.61,1,9.1,4,1088.39,704.87,1,2,1,2,online,north,premium,2706.58
RID-000252,54,61470.77,28.6,32.5,7,1400.49,891.35,0,0,3,4,agent,south,premium,4358.49
RID-000253,45,78208.02,54.7,31.5,5,904.01,633.26,2,1,4,5,partner,north,plus,3891.94
RID-000254,44,77858.16,36.7,75.7,5,793.47,569.43,0,0,3,4,online,west,plus,3694.37
RID-000255,47,97229.5,19.6,16.4,9,1926.58,1609.31,0,1,1,2,online,north,plus,5310.81
RID-000256,44,79997.37,22.8,86.1,7,996.52,786.95,2,1,2,5,branch,south,plus,3528.06
RID-000257,46,96505.82,51.8,78,8,1619.26,1396.19,1,0,4,7,agent,north,basic,4776.52
RID-000258,36,86495.34,38.2,92.8,4,795.12,704.9,0,1,3,4,partner,north,enterprise,3752.99
RID-000259,43,28702.77,36.7,23.3,8,1652.77,1018.63,1,1,2,4,online,east,plus,3743.58
RID-000260,29,78471.23,35.3,24.1,11,739.97,499.58,2,0,3,6,branch,west,plus,3037.85
RID-000261,53,43011.04,36.5,50.8,7,1160.97,710.93,1,2,3,4,agent,east,premium,3709.55
RID-000262,44,88992.63,47.3,28.9,12,2182.22,1898.24,0,1,5,8,partner,east,plus,5466.16
RID-000263,47,102133.17,43.7,30.7,5,977.13,711.35,2,1,4,5,online,east,basic,5348.08
RID-000264,28,104059.14,39,47.9,4,225.56,130.56,1,0,3,5,online,east,plus,3256.55
RID-000265,32,82533.71,21.4,53.3,7,1023.35,884.4,1,0,1,2,online,north,basic,4426.92
RID-000266,36,75810.37,43.2,54.4,6,997.24,763.41,2,0,4,7,branch,east,plus,3925.12
RID-000267,22,46556.17,26.4,39.2,4,1049.53,587.72,0,0,3,6,branch,east,plus,3161.84
RID-000268,52,91072.48,51.3,29.1,5,640.48,374.46,2,1,5,8,agent,east,premium,4113.98
RID-000269,48,80213.42,18.2,20.8,7,1435.86,991.65,2,0,2,4,online,west,plus,4329.4
RID-000270,42,69651.03,34.1,44.3,6,932.27,806.6,0,0,3,6,online,east,premium,3235.63
RID-000271,52,47752.41,35.9,37.1,4,1099.36,936.35,0,0,2,3,online,west,plus,3721.92
RID-000272,24,46599.62,17.5,39.4,9,1426.2,1076.93,1,0,2,5,partner,east,plus,3833.14
RID-000273,32,65069.92,60.1,77.7,9,597.53,453.48,1,0,6,9,branch,east,premium,3295.93
RID-000274,52,92634.76,56.4,26.1,4,663.97,364.39,0,1,6,9,online,north,premium,4409.57
RID-000275,49,74777.58,29.5,124.2,6,1164.29,830.86,1,2,2,4,partner,west,premium,3556.4
RID-000276,41,56850.78,46.8,35.9,5,1153.77,733.18,0,0,5,7,agent,south,premium,4185.12
RID-000277,46,91848.04,41.3,90.8,5,866.57,687.11,0,0,5,8,online,north,basic,4208.57
RID-000278,43,97919.22,1,32.9,8,1256.79,929.19,0,0,1,3,branch,west,plus,4262.67
RID-000279,37,80406.12,39.5,59,7,588.32,505.35,1,1,3,4,online,north,basic,4532.11
RID-000280,37,70319.44,35.1,39.4,9,1478.44,818.02,0,0,3,4,online,west,enterprise,4550.79
RID-000281,32,80998.53,37.2,13.7,2,204.59,177.56,0,0,4,7,branch,east,plus,2849.76
RID-000282,41,72464.08,20.9,58.9,7,1858.2,1105.18,0,0,3,4,partner,west,basic,4935.7
RID-000283,40,87062.34,32.2,16.3,4,1027.35,578.8,0,0,2,3,branch,north,premium,3664.69
RID-000284,50,52340.04,33.5,34.9,11,879.24,464.57,1,1,3,5,online,north,plus,3688.53
RID-000285,26,101233.57,52.6,81.2,3,60,32.17,0,1,5,6,branch,west,premium,3540.03
RID-000286,41,76355.84,40.7,216.3,4,561.84,450.66,0,0,4,7,online,south,basic,2023.27
RID-000287,37,124025.03,35.9,28,14,2573.15,1347.7,1,1,4,5,partner,north,premium,6003.91
RID-000288,34,31210.05,57.4,39.2,9,1150.91,901.31,0,0,4,6,online,south,plus,4470.91
RID-000289,38,57073.32,28.2,68,5,675.08,417.17,2,0,2,5,agent,south,plus,2710.59
RID-000290,57,43631.26,30.5,52.2,4,770.46,503.48,0,0,3,5,partner,north,plus,2193.48
RID-000291,59,76052.22,10.6,111,3,645.51,429.19,0,0,1,3,agent,north,plus,2481.62
RID-000292,20,83677.41,58,31.4,8,601.01,346.43,0,0,6,9,online,north,basic,3979.52
RID-000293,52,62893.18,49.5,121.6,10,1646.5,1064.01,1,0,4,6,online,west,basic,4576.25
RID-000294,26,79095.43,48.8,74.3,10,1697.65,1399.53,1,1,3,5,agent,east,premium,4034.35
RID-000295,30,79506.87,45.4,50.7,9,1345.61,1002.25,1,1,5,7,online,west,premium,4513.94
RID-000296,32,58631.65,37.5,47.5,9,1639.29,1467.43,1,0,3,6,agent,north,basic,4148.47
RID-000297,28,74440.99,39,64.1,9,1787.22,1419.79,0,0,3,4,branch,west,plus,4655.5
RID-000298,53,50778.14,32.5,79.1,7,2207.58,1193.97,0,0,3,6,online,north,plus,4626.11
RID-000299,58,65769.53,33.1,35.9,7,1352.3,953.95,0,1,2,4,agent,west,basic,3868.86
RID-000300,24,62887.38,36.8,31.9,6,647.4,485.34,0,0,3,5,online,east,premium,2699.7
RID-000301,48,60260.55,57.2,36.5,8,1031.94,815.43,0,2,5,8,branch,north,premium,3837.07
RID-000302,46,52293,43.8,33.1,11,2311.94,1662.3,0,0,4,6,online,west,premium,4637.48
RID-000303,37,82031.71,35.2,81.6,12,3182.68,1735.96,0,0,3,6,partner,west,basic,5652.97
RID-000304,37,74268.31,27.9,71,6,1142.18,1011.39,0,0,3,6,agent,north,premium,3944.24
RID-000305,39,112772.68,27.1,9.5,4,1025.71,660.01,2,0,1,3,online,east,basic,3476.31
RID-000306,38,30461.64,58.4,30,7,957.72,528.89,0,0,5,7,branch,north,basic,3456.5
RID-000307,32,72658.84,43.1,16.1,9,1188.38,1027.62,1,1,3,5,online,west,plus,4356.93
RID-000308,40,76651.85,36.9,37.4,11,1756.68,974.13,0,0,4,6,branch,west,basic,4422.68
RID-000309,43,86481.93,31.2,32.1,8,786.95,627.36,1,0,4,6,agent,south,plus,3387.2
RID-000310,43,80222.76,20.5,24.4,6,1423.54,953.17,0,0,2,3,online,east,basic,4895.28
RID-000311,30,123933.89,35.1,66.7,5,933.33,643.28,0,3,3,5,branch,west,basic,4728.54
RID-000312,48,59140.59,48.2,31.4,8,1361.76,830.47,0,2,4,6,online,south,premium,3522.71
RID-000313,28,40557.37,30.5,50.5,6,727.42,515.39,0,4,2,4,branch,east,plus,2410.99
RID-000314,34,86817.36,32.8,36.9,7,1017.52,891.79,0,1,4,7,online,south,enterprise,3816.87
RID-000315,29,57264.68,32.9,66.9,3,444.37,352.07,0,1,3,4,online,north,plus,2860.88
RID-000316,23,78138.21,37.5,65.1,7,1557.6,914.38,3,0,4,6,online,east,premium,3997.1
RID-000317,43,68680.05,13.7,35.6,11,1560.7,1212.97,0,1,3,6,partner,south,plus,4456.94
RID-000318,33,118606.93,32.7,58.3,7,1264.67,973.18,0,1,2,4,agent,east,basic,4797.33
RID-000319,54,54168.09,24,49,6,1279.95,1139.73,0,0,2,3,online,west,basic,4104
RID-000320,38,108661.54,48.4,107.3,6,1156.43,785.09,2,0,4,7,online,north,plus,4453.55
RID-000321,50,84392.37,25.2,23.8,4,506.92,297.43,0,0,2,5,partner,west,premium,4081.02
RID-000322,33,79021.75,44.1,50.5,9,1311.8,1058.39,0,0,2,3,agent,east,basic,4077.97
RID-000323,35,77521.88,57.3,43.1,8,620.16,435.93,0,0,5,8,branch,south,basic,4239.93
RID-000324,46,53439.23,31.6,37.8,4,896.62,801.92,3,0,2,5,partner,west,basic,3454.3
RID-000325,36,75893.73,27.6,145.4,5,613.07,359.22,1,1,3,4,online,south,premium,3200.32
RID-000326,32,77953.28,38.7,54.3,12,2745.19,2194.44,0,0,4,7,agent,north,premium,5727.41
RID-000327,42,67524.29,36,87.2,13,1913.27,1442.4,2,1,4,5,online,north,plus,4692.55
RID-000328,53,48892.17,22.1,90.5,6,1251.86,641.6,1,1,2,4,agent,west,plus,2711.63
RID-000329,45,63679.47,42.5,53.8,5,506.24,429.48,1,0,4,7,branch,south,basic,3223.47
RID-000330,46,70026.65,64.2,55.5,12,1923.23,1193.64,1,0,5,7,online,north,plus,5431.89
RID-000331,65,71350.05,32.4,23.7,12,2040.8,1227.13,0,1,2,3,branch,north,plus,4183.72
RID-000332,49,45018.8,33.2,26.2,3,524.57,387.29,0,2,2,3,branch,north,premium,3413.65
RID-000333,37,78196.92,21.4,47.1,7,912.93,627.45,0,0,1,2,online,west,plus,3239.26
RID-000334,43,99034.39,40.5,79.7,8,1447.09,1036.95,0,1,3,5,agent,south,premium,4925.85
RID-000335,30,71742.61,18.5,124.7,5,1030.18,699.88,1,0,2,4,agent,south,premium,2873.55
RID-000336,38,105394.55,20.5,15.7,8,1671.49,918.58,1,0,2,5,agent,east,plus,5185.4
RID-000337,56,80950.98,53.9,60.9,6,817.17,661.08,0,0,5,8,branch,east,plus,3703.81
RID-000338,46,65688.38,23.3,83,11,872.7,679.59,0,0,4,7,agent,west,enterprise,3709.91
RID-000339,30,53822.15,51.1,28,4,859.58,602.33,1,0,3,4,agent,west,basic,3744.49
RID-000340,34,49474.58,57.3,24.3,8,175.07,108.54,1,0,5,8,agent,west,plus,3214.47
RID-000341,27,59941.26,39.6,12.1,14,2803.79,2519.86,2,0,4,6,online,west,basic,5812.69
RID-000342,64,71109.4,43.7,66.5,4,1010.48,870.37,1,0,3,6,agent,south,basic,3643.44
RID-000343,37,52480.12,63.3,42.6,9,900.43,554.46,1,0,6,8,agent,north,plus,3817.33
RID-000344,29,69337.04,33.2,58.6,5,1096.72,943.88,2,1,1,2,online,south,basic,4129.63
RID-000345,57,111801.8,27.7,23.7,5,590.07,418.62,0,0,3,4,agent,east,premium,4281.26
RID-000346,42,34127.13,17.1,45.9,5,1153.32,804.3,0,0,1,4,agent,east,enterprise,2803.67
RID-000347,32,80594.72,36.6,82.9,7,833.3,453.75,0,0,2,5,agent,north,enterprise,3843.99
RID-000348,32,78203.72,56.7,45.4,5,520.19,449.36,1,0,5,7,agent,south,basic,3548.37
RID-000349,30,82908.36,49.4,72.3,7,949.79,547.72,3,1,6,8,agent,south,plus,4027.31
RID-000350,39,81937.26,22.8,92.6,10,1682.32,1475.67,1,0,2,3,partner,east,enterprise,4598.8
RID-000351,40,74841.59,24,50,5,532.04,397.28,2,0,4,5,partner,south,premium,3663.44
RID-000352,46,67842.91,28.9,64.1,9,2623.92,1797.43,1,0,4,5,agent,north,basic,5236.91
RID-000353,33,70426,40.1,83.5,8,1400.15,1085,2,1,4,6,branch,east,basic,3984
RID-000354,36,56243.17,33.1,80.1,4,818.6,688.27,1,0,3,5,agent,south,premium,3334.5
RID-000355,45,60327.24,39,99.7,7,1055,595.82,0,0,4,6,online,south,plus,3877.38
RID-000356,54,77044.15,40.2,48.4,8,1257.49,1056.37,0,1,5,6,branch,north,premium,3934.33
RID-000357,61,76759.74,31.8,38.6,9,1100.25,863.86,1,0,4,6,online,west,plus,3947.94
RID-000358,53,78781.38,35.4,155,4,595.39,416.1,3,0,3,6,agent,north,plus,3042.18
RID-000359,29,60039.38,38.9,49.8,5,1003.07,791.86,0,0,3,5,branch,south,basic,3724.71
RID-000360,38,49947.78,34.8,65.2,6,1432.31,981.1,2,0,4,5,online,east,premium,4249.61
RID-000361,48,119589.9,43,141.6,8,1317.19,1095.42,3,0,2,5,agent,north,premium,4720.55
RID-000362,32,85754.13,62.2,4.1,6,676.22,547.89,1,1,5,7,agent,east,enterprise,4105.19
RID-000363,29,93977.22,44.3,34.3,7,1208.31,674.15,0,0,4,6,agent,west,premium,4287.91
RID-000364,25,80415.75,36.8,4.9,6,620.55,423.19,0,0,4,6,online,south,plus,4129.22
RID-000365,41,90931.08,12.4,95.2,10,226.18,198.52,0,0,1,3,agent,north,enterprise,2906.76
RID-000366,34,96630.24,41.4,174.4,9,1423.52,833.94,0,1,4,5,agent,south,basic,4073.76
RID-000367,37,104346.78,8.7,38.9,6,318.3,206.88,0,0,1,3,online,west,enterprise,3845.68
RID-000368,29,74315.46,16.3,64.4,11,1279.89,1099.17,3,1,1,3,online,west,basic,3603.15
RID-000369,45,86781.91,48,72.4,5,964.75,494.73,0,0,3,5,online,north,plus,3908.98
RID-000370,33,93523.32,45.9,8,10,1367.99,692.11,0,3,4,5,agent,south,plus,5112.61
RID-000371,29,43115.76,33.9,34.3,1,60,43.12,0,0,3,5,agent,north,basic,1586.78
RID-000372,30,75795.72,12.1,56.8,7,1828.32,1363.13,2,2,0,3,agent,east,plus,4738.29
RID-000373,28,83422.12,30.8,13.5,4,817.51,707.66,2,0,2,3,online,south,enterprise,4584.85
RID-000374,46,56658.45,26.5,29.8,3,777.82,525.62,0,0,4,7,online,north,basic,4041.22
RID-000375,49,63094.23,44.9,92.6,8,1390.29,1164.41,1,0,4,7,online,west,basic,3925.37
RID-000376,34,99470.84,67.6,63,5,926.64,726.38,1,0,6,8,branch,east,premium,4631.92
RID-000377,33,84814.93,39,17.8,12,3141.82,2179.09,1,0,3,4,online,west,premium,6697.75
RID-000378,62,74511.94,25.1,20.5,7,670.73,392.8,0,0,2,4,branch,east,basic,3702.54
RID-000379,49,64541.06,19.6,61.4,6,1264.77,878.07,0,0,2,4,branch,east,plus,3820.19
RID-000380,56,79405.32,35.2,13.7,7,1319.2,974.9,1,0,3,6,online,west,basic,4184.63
RID-000381,47,146121.77,33.5,24.1,5,736.38,431.76,1,0,3,5,agent,north,premium,4722.84
RID-000382,43,78546.04,19.9,41,5,1086.94,888.65,1,0,3,5,partner,south,premium,4442.25
RID-000383,44,54894.64,37.6,82.5,10,1687.27,1103.2,0,1,4,6,online,north,basic,4400.2
RID-000384,57,41211.12,19.9,28,3,638.52,420.31,0,0,1,4,partner,east,basic,2616.34
RID-000385,63,98361.41,51.6,35.7,5,743.62,546.1,1,0,4,7,branch,east,enterprise,4032.26
RID-000386,46,86391.16,50.9,49,5,1071.47,807.19,2,0,3,4,partner,north,basic,5271.87
RID-000387,43,56223.11,51.2,31.8,5,655.53,444.99,0,1,5,8,agent,west,enterprise,3273.13
RID-000388,52,105161.49,29.4,36.8,7,1788.74,1464.23,2,2,2,4,agent,east,plus,4171.52
RID-000389,49,102775.27,43.2,114.2,6,1429.46,715.09,1,0,3,4,branch,south,basic,4891.64
RID-000390,41,59913.6,34.2,121.1,7,1006.03,894.21,0,0,2,4,online,south,enterprise,2428.55
RID-000391,36,60654.95,30.6,58.5,5,540.35,412.62,1,0,3,4,online,north,basic,3852.2
RID-000392,35,84507.91,31.3,55.1,8,1401.06,1258.73,0,0,2,5,online,north,premium,4023.82
RID-000393,58,75303.15,17.8,53.3,8,1358.65,842.1,1,0,2,4,online,east,plus,4067.51
RID-000394,38,86352.59,15.8,102.7,5,376.75,324.41,0,0,2,5,online,south,plus,3076.61
RID-000395,39,98680.25,47.1,35.5,3,290.61,255.52,0,0,5,6,branch,north,basic,3940.63
RID-000396,38,63474.07,33.3,86.3,9,1853.55,1343.99,2,0,3,6,online,east,basic,3731.04
RID-000397,30,81833.85,39,76.4,6,1072.31,633.85,0,1,1,4,online,west,basic,3815.56
RID-000398,47,48533.48,50,126.3,5,513.99,400.21,2,0,5,8,online,east,plus,2951.97
RID-000399,42,89232.9,11.7,83.1,6,244.88,206,0,0,0,3,agent,south,premium,2398.98
RID-000400,46,98381.12,25,34.2,9,1367.2,801.56,0,0,3,5,agent,east,plus,5041.83
RID-000401,56,18000,38.5,58.9,4,233.79,172.7,0,0,3,4,agent,south,premium,2606.3
RID-000402,40,50493.23,41.5,57.7,7,1334.01,1092.5,0,0,3,6,agent,west,plus,3338.87
RID-000403,43,82961.69,30.7,23,8,1511.5,853.1,0,0,2,5,online,north,enterprise,4445.67
RID-000404,35,41943.43,50.4,32.8,7,1823.28,920.28,0,1,4,6,partner,east,basic,3575.08
RID-000405,51,76420.58,38.9,17.3,12,1144.19,849.61,0,0,4,5,branch,north,plus,3645.59
RID-000406,46,87972.52,19,11.2,7,1517.77,908.13,0,0,2,5,agent,west,premium,4794.68
RID-000407,53,78296.6,23,67.9,8,573.54,313.36,0,0,1,3,branch,east,premium,3321.53
RID-000408,58,90370.75,47.3,15.4,10,941.67,692.42,1,1,3,5,agent,east,plus,4982.3
RID-000409,29,73871.68,42.5,49.6,14,2019.59,1067.28,1,2,5,6,partner,south,basic,5338.12
RID-000410,58,98349.71,9.4,26.8,9,880.73,635.16,1,0,1,3,agent,south,enterprise,4167
RID-000411,30,69403,54.9,86.4,3,783.07,631.93,2,0,4,7,branch,east,enterprise,3652.1
RID-000412,32,65596.48,44.4,58.1,4,676.6,386.26,1,2,5,7,online,north,premium,3603.62
RID-000413,22,56027.95,54.8,59.5,2,243.23,195.39,0,0,6,9,partner,north,premium,3247.27
RID-000414,57,38276.81,30.6,78.3,10,2869.87,2136.09,0,1,3,4,partner,south,premium,4434.13
RID-000415,37,72823.71,31.9,48.7,7,950.56,494.71,0,0,3,4,online,west,enterprise,4198.35
RID-000416,48,76185.42,20.2,17.4,10,1556.3,1009.59,0,0,1,2,agent,north,enterprise,3682.2
RID-000417,36,71295.84,71.5,46,6,1054.38,577.12,0,0,4,6,branch,north,plus,4352.8
RID-000418,59,54910,33.5,59.1,10,1200.34,823,0,0,3,4,online,east,plus,4828.21
RID-000419,29,66573.97,58.2,43.1,5,979.49,658.33,1,1,4,5,branch,north,premium,4830.36
RID-000420,42,96008.14,26.9,54.8,7,1756.92,1015.97,1,0,4,5,agent,north,enterprise,5658.78
RID-000421,31,79615.35,38.3,15.8,4,423.26,302.13,1,0,3,6,branch,east,basic,3304.15
RID-000422,39,101018.1,12.6,53.1,5,835.61,628.29,0,3,2,5,online,north,basic,3893.84
RID-000423,56,84667.69,30.6,156.5,7,945,804.67,2,0,2,3,online,south,enterprise,3370.64
RID-000424,45,66427.34,49.8,21.8,10,875.44,545.36,1,1,3,6,online,north,plus,4316.06
RID-000425,45,122104.25,18.5,22.4,5,388.36,212.9,0,0,1,3,agent,east,enterprise,3940.11
RID-000426,50,56369.52,51,196.4,3,425.96,277.1,0,0,6,9,agent,west,premium,2376.57
RID-000427,37,40694.34,40.7,72.6,9,1078.89,626.52,0,0,3,5,agent,east,enterprise,3601.29
RID-000428,29,62337.96,21.4,134.4,8,1382.94,742.98,0,1,0,2,online,west,basic,3431.57
RID-000429,31,80558.52,29,97.8,13,2905.76,1565.51,1,0,3,5,online,east,premium,5009.63
RID-000430,37,92079.18,29.6,12.9,11,1726.9,1512.45,0,1,3,6,agent,north,basic,4902.32
RID-000431,54,81117.28,35.3,112.6,6,1164.96,995.21,2,0,2,4,online,east,premium,3917.61
RID-000432,42,63878.05,28.5,52.6,4,328.78,244.16,1,1,3,6,online,north,basic,2988.53
RID-000433,37,105356.86,24.4,25.8,8,1075.82,932.83,1,0,2,5,branch,west,basic,4154.82
RID-000434,43,83580.05,31.7,70.1,9,1559.77,1343.57,0,0,2,5,partner,east,premium,4330.55
RID-000435,35,79979.2,21.6,58.3,9,1743.5,1133.74,0,0,2,3,partner,north,premium,4409.41
RID-000436,50,65748.49,17.9,63.5,12,1898.84,1401.16,0,1,0,3,partner,south,premium,4285.62
RID-000437,50,111782.45,35.3,16.4,6,1055.99,858.97,0,0,3,6,online,east,basic,4832.2
RID-000438,34,102684,48.4,161.6,10,1349.3,1086.02,1,0,5,8,branch,east,plus,5147
RID-000439,59,58140.8,14.6,40.7,6,518.83,308.4,1,1,1,2,agent,north,basic,2739.23
RID-000440,30,101594.33,36,84.1,9,1610.24,1104.97,0,0,4,5,agent,east,basic,4793.85
RID-000441,46,81804.3,26.9,9.9,4,650.58,438.5,0,0,3,6,online,south,plus,3817.39
RID-000442,39,70756.5,22.3,16.1,5,540.51,349.4,1,0,2,3,agent,west,plus,4041.54
RID-000443,50,100723.87,47.9,65.3,10,1871.74,1545.63,0,0,5,6,online,west,plus,5608.18
RID-000444,51,63045.58,28.7,76.9,8,1511.75,1134.35,1,0,2,4,branch,north,plus,3855.17
RID-000445,43,78436.55,57,26.8,9,1753.49,1072.03,0,0,4,5,online,north,enterprise,4506.52
RID-000446,45,102670.47,25.1,72.9,3,411.8,307.81,2,0,3,5,agent,south,basic,3558.83
RID-000447,28,80642.66,41.4,26.9,7,1722.95,1271.84,2,1,4,5,partner,east,plus,5032.03
RID-000448,27,47575.51,32.8,29.5,7,1403.03,1087.81,1,0,1,3,online,south,enterprise,4047.99
RID-000449,42,62612.15,25.4,26.5,10,2186.23,1771.46,2,0,2,3,online,east,plus,4365.8
RID-000450,45,81437.4,44.2,19.3,8,1015.92,685.05,1,0,3,6,agent,south,basic,4454.51
RID-000451,37,61443.61,33.8,13.3,10,1632.98,831.5,1,0,3,6,partner,west,basic,4543.92
RID-000452,48,76852.6,44.4,46.8,8,1873.57,1098.46,0,0,4,6,online,west,plus,5726.59
RID-000453,53,91104.64,35.3,88.5,9,1445.32,1264.68,0,0,4,6,online,west,plus,5070.16
RID-000454,25,64581.51,20.8,70.6,9,1599.83,1065.97,0,1,2,4,online,east,plus,3433.2
RID-000455,46,50149.25,34.6,169.1,8,1799.17,968.62,1,2,2,5,online,south,premium,3207.94
RID-000456,61,83609.61,36.7,38.1,5,1009.89,877.88,0,0,3,5,online,north,basic,4048.35
RID-000457,41,111434.17,49.4,58.5,8,1559.99,1326.58,1,0,4,6,branch,east,plus,4989.47
RID-000458,42,73802.12,23.3,23.8,9,2347.35,1772.49,0,1,2,3,agent,south,basic,4953.14
RID-000459,42,85780.1,35.4,47.3,3,60,36.48,0,2,5,7,agent,west,enterprise,2611.86
RID-000460,47,88205.41,11.9,83.8,9,1519.34,1153.94,0,0,0,3,branch,west,plus,3654.78
RID-000461,18,83846.11,45.1,54.8,10,1466.74,1301.42,0,0,3,5,agent,north,premium,4347.51
RID-000462,46,50786.58,20.9,22.4,6,1353.22,1050.06,0,0,3,4,partner,west,plus,3841.35
RID-000463,38,86571.41,10.7,19.5,7,1571.82,1049.46,1,0,1,4,agent,south,enterprise,4060.19
RID-000464,48,88540.47,35.2,28.2,8,1088.76,569.07,3,0,3,4,online,north,premium,4644.77
RID-000465,36,60463.74,51.5,17.7,10,1740.91,994.89,0,0,3,6,branch,west,plus,4590.8
RID-000466,41,85767.77,14.7,15.9,3,567.29,500.08,1,2,0,3,online,north,basic,2833.76
RID-000467,45,60128.23,20.8,50.2,9,1605.66,814.22,0,0,2,4,partner,north,basic,3996.37
RID-000468,52,54252.9,25.6,14.7,11,2001.04,1721.16,0,1,1,3,branch,east,plus,3821.26
RID-000469,40,58681.79,20.2,23.4,10,2212.44,1815.7,0,0,2,3,online,east,premium,4752.25
RID-000470,46,99994.06,41.3,58.4,5,1145.59,637.63,0,1,3,5,online,west,basic,4879.32
RID-000471,32,95801.21,24.7,7.9,9,1393.15,815.9,0,0,2,3,online,east,plus,4903.05
RID-000472,41,80219.15,25.9,65.9,5,483.33,375.85,0,2,3,4,branch,south,premium,3473.84
RID-000473,46,111545.42,44.2,18.9,7,1026.08,599.04,0,0,3,5,online,north,plus,5035.64
RID-000474,61,61167.78,25.4,13.3,8,1308.98,1163.18,2,0,2,5,agent,north,plus,3923.53
RID-000475,33,95610,42.1,34.5,9,1342.12,772.36,0,0,4,6,agent,north,premium,4645.99
RID-000476,43,67281.3,22.4,29.6,7,1607.61,973.14,3,0,2,5,branch,south,plus,4005.8
RID-000477,37,33105.9,19,34.8,5,1046.87,830.79,1,1,1,2,partner,east,plus,2592.38
RID-000478,48,94035.56,10.3,105.3,7,1577.92,1213.59,0,0,2,5,online,east,basic,3787.48
RID-000479,34,82794.66,62.1,46.3,6,949.64,580.45,0,1,4,6,branch,south,basic,4235.53
RID-000480,50,46592.72,31.5,10.7,3,449.69,245.71,0,1,3,6,partner,west,basic,2597.01
RID-000481,31,68594.63,39.4,30.8,10,1208.08,713.51,0,1,2,5,online,west,basic,3602.74
RID-000482,59,86744.67,35.6,57.5,5,557.29,383.25,0,0,2,4,agent,north,enterprise,3707.17
RID-000483,43,69001.26,38.2,52.5,4,620.67,542.84,1,0,4,7,agent,south,plus,3667.99
RID-000484,40,92817.12,36.7,19.2,10,1859.23,1368.23,1,0,4,7,online,north,plus,5144.16
RID-000485,43,44203.08,62.7,29.8,7,1110.44,927.43,0,0,5,6,partner,north,plus,3795.09
RID-000486,45,122336.33,21.5,26.6,8,1271.49,1110.71,0,0,1,4,partner,west,premium,5460.74
RID-000487,46,73580.96,14.2,15.1,6,1009.54,872.7,0,0,1,3,branch,north,enterprise,3714.94
RID-000488,52,60909.25,21.8,41.6,9,1203,884.8,0,0,2,4,agent,west,plus,3614.82
RID-000489,43,65246.51,17.3,26.5,3,595.08,399.85,3,0,1,2,branch,south,basic,3571.04
RID-000490,36,62263.89,46.5,38,4,821.02,702.34,1,0,5,8,agent,east,plus,4225.19
RID-000491,28,42392.79,47.5,46.1,5,704.63,630.09,0,0,3,6,agent,south,premium,2590.09
RID-000492,37,52465,22.5,26.1,9,1968.27,1206.25,0,1,2,5,branch,north,enterprise,3755.01
RID-000493,32,79992.36,16.5,106.9,7,943.56,595.28,1,0,1,2,agent,south,basic,3459.68
RID-000494,51,93149.9,31,48.7,8,799.49,495,0,0,3,4,online,south,plus,4565.9
RID-000495,31,50932.15,55.5,37.7,7,1041.46,806.66,0,0,4,5,online,north,premium,3516.5
RID-000496,37,84280.18,1,46.5,9,864.64,450.18,1,1,0,3,branch,east,plus,3771.21
RID-000497,45,67421.94,43.4,101.4,4,845.12,542.61,1,0,3,4,online,west,premium,3688.12
RID-000498,57,122937.67,20.9,18.6,9,2251.6,1938.33,2,0,2,5,online,north,premium,6405.52
RID-000499,26,89435.1,50.6,72.1,4,392.37,344.62,2,0,5,6,branch,south,premium,3934.29
RID-000500,41,92290.01,20.9,18,5,827.09,453.22,1,0,2,3,branch,north,plus,4370.5
RID-000501,51,83587.19,32,62.5,6,1184.44,785.46,1,3,4,7,online,north,plus,4277.15
RID-000502,26,86425.61,14.9,15.1,7,1412.55,1241.83,0,1,1,4,agent,south,basic,3957.71
RID-000503,49,71698.12,22.3,36.3,5,974.58,771.34,0,0,3,6,branch,east,plus,3248.81
RID-000504,20,59817.19,55.4,25.2,4,618.01,313.17,2,1,6,7,online,west,basic,3568.07
RID-000505,41,110962.4,47.5,31.1,6,868.1,626.63,1,1,4,6,partner,north,plus,4042.25
RID-000506,32,106095.06,30.4,79.7,9,1747.65,1061.48,3,0,4,7,online,east,basic,4521.25
RID-000507,38,99219.89,23.8,85.6,10,1792.44,1244.63,0,2,3,5,agent,east,plus,4824.92
RID-000508,45,54404.26,9.5,42.9,6,1191.62,770.54,0,0,1,3,online,east,enterprise,3463.88
RID-000509,57,76185.57,30.5,26.5,9,1317.93,919.49,2,0,2,5,agent,north,basic,4546.51
RID-000510,34,91088.21,35.6,77.8,7,1112,901.37,2,0,3,4,online,west,plus,4923.8
RID-000511,58,78418.45,34.8,16.6,6,1202.72,1056.04,0,1,3,5,agent,east,basic,3961.5
RID-000512,59,39175.38,34.7,12.1,7,1320.06,882.08,1,2,3,6,branch,north,plus,2987.55
RID-000513,27,75704.46,20.3,40.4,8,1666.77,973.77,0,1,2,3,branch,south,premium,5066.38
RID-000514,43,48093.29,35.1,40.2,9,669.31,353.25,0,0,3,6,agent,east,basic,3315.78
RID-000515,48,52704.8,35.5,50,5,328.8,273.33,1,0,3,4,partner,west,basic,3166.99
RID-000516,57,87651.09,54.1,43.3,3,232.23,125.35,2,1,5,8,branch,west,premium,2942.07
RID-000517,49,18000,62.1,202.7,5,700.6,483.96,0,1,6,9,online,west,plus,1762.15
RID-000518,38,100147.69,34.1,22.6,5,573.16,418.49,1,0,3,4,online,west,plus,4549.06
RID-000519,37,54139.62,25.3,31.9,5,855.7,488.23,1,0,2,3,partner,west,plus,3214.23
RID-000520,49,65734.59,35.1,24.9,10,1371.2,846.5,2,3,3,5,online,north,plus,4691.79
RID-000521,34,72288.09,27.5,80.5,8,1792.49,1512.3,1,0,4,5,agent,north,plus,4220.63
RID-000522,45,67471.44,25.6,23.6,12,1640.46,1441.5,0,1,2,5,online,south,plus,4882.67
RID-000523,43,70566.94,35.2,16.2,2,149.67,83.82,0,1,2,3,agent,south,enterprise,2542.71
RID-000524,34,59809.73,21.4,38.1,10,1130.55,967.77,1,2,3,5,online,west,basic,3216.75
RID-000525,65,78696.58,44.5,27.2,8,1095.39,644.42,0,0,5,6,online,east,basic,4438.53
RID-000526,44,53044.61,34.5,53.8,7,1254.24,1036.02,0,0,2,5,online,south,basic,3308.07
RID-000527,64,73966.65,39.5,5.9,7,917.18,689.56,0,0,5,6,agent,south,premium,4042.65
RID-000528,53,76026.85,33.4,73.8,7,701.45,469.63,0,0,2,3,online,south,plus,3935.91
RID-000529,53,70439.24,25.8,51.9,9,857.13,673.22,0,0,3,6,agent,north,plus,3998.13
RID-000530,36,101193.59,22.7,32.7,8,1147.87,814.84,0,1,2,5,online,west,premium,3881.57
RID-000531,37,72376.16,32.7,26.4,5,451.48,390,1,0,2,3,online,north,plus,3896.27
RID-000532,43,64216.25,28.3,57,6,697.35,512.41,0,0,2,3,online,east,plus,4039.7
RID-000533,41,121278.64,39.3,34.9,10,1693.66,861.23,0,1,2,3,branch,east,basic,6084.67
RID-000534,30,106446.93,35.9,56.3,5,841.7,561.25,1,1,2,5,agent,west,premium,4000.47
RID-000535,64,88308.98,16.9,127.9,5,1384.57,1027.07,1,0,1,2,branch,east,enterprise,3727.95
RID-000536,66,70276.74,36.9,45.1,7,1573.4,1339.56,1,0,4,6,online,south,plus,4432.42
RID-000537,48,108376.91,17.2,87.5,13,1519.95,1162.74,0,0,1,2,branch,east,enterprise,4988.26
RID-000538,44,83225.78,27.4,64.8,5,714.9,414.54,1,0,4,5,branch,east,premium,3577.44
RID-000539,39,73147.13,31.9,26.9,5,363.86,186.24,1,1,2,4,online,west,enterprise,2687.23
RID-000540,32,73323,6.9,97.9,3,92.72,76.23,0,2,0,1,agent,south,basic,1922.5
RID-000541,46,95838.88,37.3,71.1,11,941.16,565.43,2,0,3,4,agent,south,plus,4665.08
RID-000542,42,82520.32,38.1,19.8,4,729.06,519.49,2,2,4,7,partner,south,enterprise,3738.58
RID-000543,48,63583.75,33.8,54.1,4,787.67,610.88,1,1,2,3,agent,south,plus,2937.72
RID-000544,52,31009.33,30.1,131.6,8,559.83,449.18,0,0,3,6,partner,east,basic,1765.84
RID-000545,64,92143.25,30.8,80.4,8,1104.72,729.1,1,0,3,5,online,north,plus,4107.99
RID-000546,42,77709.53,22.3,72.5,5,829.87,734.48,2,0,1,4,agent,west,plus,3443.51
RID-000547,44,93852.61,32.2,31.3,5,882.47,476.5,2,1,3,4,online,south,basic,4642.08
RID-000548,40,81220.99,28.3,42.8,10,2374.61,1712.84,0,0,2,3,agent,east,plus,5137.89
RID-000549,45,96996.28,37.3,59.3,6,178.22,115.41,1,2,3,6,online,north,plus,2862.85
RID-000550,32,87085.26,19.1,24.6,10,1478.49,753.13,0,0,2,3,online,east,premium,4316.06
RID-000551,58,75599.58,39.3,9,1,92.32,55.83,1,0,3,4,online,south,basic,3164.81
RID-000552,47,72539.54,38,117.4,10,1749.44,993.99,1,0,4,5,online,south,enterprise,4829.66
RID-000553,29,36312.22,34,25.7,10,414.33,282.63,1,0,2,3,online,west,plus,2425.48
RID-000554,42,43825.67,29.9,117.7,10,1613.95,959.58,0,0,1,4,partner,west,premium,3127.43
RID-000555,54,119580.02,43.7,37.9,8,854.95,660.38,0,1,3,5,online,west,plus,4477.11
RID-000556,49,57775.36,12.7,21.3,9,1207.03,1085.13,1,1,0,3,online,north,plus,3213.42
RID-000557,36,61720.92,42.4,17.2,9,786.91,620.53,1,3,3,6,branch,east,basic,3486.18
RID-000558,48,119266.79,39.4,86.1,7,1513.81,1322.06,0,2,2,4,branch,east,plus,4466.63
RID-000559,45,81904.46,40,33.9,2,604.61,426.18,0,0,3,5,branch,north,basic,4017.59
RID-000560,36,34097.67,41.4,13.6,8,1800.25,902.17,0,0,2,4,online,west,enterprise,4471.38
RID-000561,45,22285.16,26.8,56.9,10,1602.66,1156.9,0,1,2,5,online,east,basic,3657
RID-000562,30,39817.84,32.4,43.3,6,631.89,456.24,0,0,2,5,branch,north,plus,3030.6
RID-000563,38,66892.05,44.9,26.5,5,1057.18,836.38,1,0,5,6,online,south,premium,4498.18
RID-000564,30,93272.04,42,25.3,7,1543.95,1314.06,2,0,2,4,agent,west,plus,4973.8
RID-000565,51,84951.31,38.9,25.4,7,625.59,343.53,0,0,2,4,online,east,premium,3953.13
RID-000566,52,64521.99,14.8,43.4,8,1647.12,923.22,0,1,0,1,agent,east,enterprise,2949.56
RID-000567,38,93233.53,43.5,29.3,3,205,123.28,1,0,3,5,agent,west,basic,3741
RID-000568,44,45803.51,52.4,16.6,12,1173.16,692.63,2,0,4,6,branch,south,plus,4314.95
RID-000569,57,68035.34,50.1,83.1,7,1035.63,777.97,1,1,5,7,partner,south,plus,3706.5
RID-000570,26,99162.9,39.3,101.8,8,668.01,522.77,1,0,3,5,branch,north,plus,4368.33
RID-000571,41,133898.67,14.2,38.2,8,1592.04,1354.23,2,0,1,4,agent,north,premium,5126.38
RID-000572,48,61372.91,49.2,43.9,9,2066.84,1216.31,0,0,4,5,branch,north,plus,4538.83
RID-000573,48,53679.04,33.9,83.4,9,1421.73,1047.2,0,0,3,6,online,south,plus,4176.71
RID-000574,37,80362.21,1,25.8,8,1545.52,1059.78,0,1,0,2,agent,west,plus,3451.48
RID-000575,22,81141.32,41.3,55.7,6,1367.29,916.7,0,0,3,6,partner,east,premium,4417.17
RID-000576,35,92156.37,15.1,96,7,1381.68,904.1,0,0,1,4,agent,north,plus,3503.14
RID-000577,52,88012.51,17.8,36.2,5,1033.4,556.28,0,1,3,6,online,north,basic,3444.9
RID-000578,36,110589.49,27.1,6.4,5,1213.89,896.62,0,0,2,4,agent,east,plus,4927.05
RID-000579,44,116674.92,53.8,15.7,5,413.32,324.85,0,2,4,5,online,south,plus,4255.65
RID-000580,40,90768.22,30.8,24.6,4,1244.51,733.09,0,0,3,5,partner,east,premium,4245.59
RID-000581,51,55628.85,39.8,42.6,7,1660.45,1008.49,0,1,3,5,online,south,premium,4022.38
RID-000582,35,70966.2,60.5,9.2,12,2210,1735.92,0,0,5,7,branch,north,plus,5617.27
RID-000583,45,80251.1,58.3,11.7,12,2385.72,2023.5,2,0,6,7,branch,east,basic,6543.25
RID-000584,44,71927.64,34.6,57.9,5,751.2,398.79,1,1,2,4,online,south,enterprise,3320.29
RID-000585,31,102079.72,32.6,67.3,7,1080.57,868.13,3,0,3,5,partner,north,premium,4533.96
RID-000586,45,90970.93,18.3,38.8,8,866.73,440.89,2,0,3,5,agent,south,premium,4021.85
RID-000587,52,82566.69,26.3,91.5,12,1834.89,1216.29,0,0,2,4,agent,north,premium,5301.32
RID-000588,46,77432.36,42,89,4,665.8,580.3,0,1,5,6,agent,east,basic,3743.72
RID-000589,35,96852.94,41.5,84.3,12,2728.15,1451.66,0,0,4,6,online,south,basic,5590.99
RID-000590,36,60798.58,37.5,15.1,12,2129.96,1570.76,0,1,3,4,partner,west,plus,4883.28
RID-000591,29,51231.85,49.9,135.2,5,1049.99,557.03,1,0,5,7,online,east,basic,4019.86
RID-000592,31,67309.07,25.2,12.5,6,1032.02,904.31,1,0,2,3,agent,east,enterprise,4033.64
RID-000593,21,55087.2,35.2,33.9,8,1780.05,1387.94,1,0,1,3,agent,north,plus,4844.83
RID-000594,45,65561.92,46.2,3.8,9,60,36.07,0,0,4,7,agent,east,basic,3063.33
RID-000595,42,24612.28,44.2,54.3,5,492.02,295.62,0,1,4,5,agent,west,plus,3065.24
RID-000596,41,74962.13,51,37.1,8,1697.12,1065.52,0,1,3,5,partner,south,plus,4605.22
RID-000597,67,61995.68,41.6,67.5,8,1320.4,1011.92,1,0,4,6,online,south,plus,4105.26
RID-000598,42,92048.24,31.7,35.6,6,1211.92,1031.39,1,0,2,4,agent,west,plus,4446.14
RID-000599,49,97092.08,41.1,15.3,8,1971.07,1278.83,0,0,3,6,branch,north,premium,5616.4
RID-000600,29,88971.02,22,40.9,4,1005.33,872.39,1,1,4,5,branch,west,enterprise,4116.29
RID-000601,38,42996.7,13,12,3,438.13,383.32,0,1,2,3,branch,north,basic,2926.65
RID-000602,35,80570.98,44.1,148.7,9,1415.51,736.39,1,1,5,8,agent,east,plus,3901.94
RID-000603,43,82565.5,35.2,9.1,11,1216.26,800.99,0,2,4,6,agent,south,basic,4444.78
RID-000604,31,53035.73,40.3,67.3,6,1277.11,801.62,1,0,2,3,online,south,plus,4030.85
RID-000605,35,86480.9,12.2,17.2,9,1885.87,1644.44,0,0,2,5,online,west,basic,5085.61
RID-000606,35,58764.98,30.9,23.7,7,1109.01,978.18,0,0,2,5,online,north,basic,3714.02
RID-000607,44,44276.12,27.6,27.7,8,1481.2,1295.1,0,1,1,4,branch,north,premium,4187.11
RID-000608,29,85293.92,23.9,72.5,3,350.96,300.38,2,0,2,4,online,north,premium,2952.02
RID-000609,43,65599,4.4,44.1,3,851.1,643.14,1,1,0,1,agent,east,plus,2154.54
RID-000610,47,120974.2,31.3,47.5,10,1840.13,1562.89,0,1,4,7,online,east,basic,5949.8
RID-000611,43,80823.44,48.6,12.7,5,1095.85,826.87,1,0,4,7,branch,south,basic,4490.04
RID-000612,53,65281.13,41.3,75.4,4,864.46,681.85,1,1,4,6,online,south,premium,3260.85
RID-000613,43,79456.7,27.6,35.6,3,788.85,569.59,0,0,2,3,agent,east,plus,4429.19
RID-000614,44,76609.43,35.8,30.6,11,2190.28,1955.49,0,1,2,5,online,west,plus,4930.92
RID-000615,44,73232.18,46.6,107.7,11,1623.38,1119.17,1,0,4,7,branch,south,premium,5404.45
RID-000616,51,57163.14,1,80.5,7,1100.29,654.54,0,0,0,2,online,north,plus,2186.94
RID-000617,46,59636.6,34.3,45.6,12,2341.84,1508.4,0,0,3,4,agent,east,enterprise,4882.18
RID-000618,42,109052.56,43.6,73.1,4,714.57,527.67,0,0,4,5,agent,north,basic,4723.99
RID-000619,49,59516.98,45.5,16,7,1234.96,1039.03,1,0,4,7,online,south,premium,4608.87
RID-000620,34,111067.93,59.8,39,9,1350.56,1077.31,2,0,5,8,partner,west,plus,5873.38
RID-000621,50,59530.1,51.9,50.2,9,1349.95,733.75,1,0,5,7,branch,south,premium,4132.71
RID-000622,30,93564.69,40.4,32.3,11,2277.78,1503.82,0,0,5,6,branch,east,basic,5863.56
RID-000623,55,76378.54,40.2,26.2,6,923.16,665.88,0,0,4,6,online,west,basic,4336.37
RID-000624,36,105713.37,47,40.3,7,946.65,705.72,0,0,6,7,branch,south,plus,5251.18
RID-000625,40,78892.3,28.4,16.3,13,1896.18,1291.38,0,0,2,5,partner,east,premium,4771.39
RID-000626,39,77475.61,35.4,40.5,7,1064.63,775.92,1,0,3,4,branch,west,basic,4265.31
RID-000627,47,65573.6,48.7,91.5,6,1153.49,777.18,0,1,5,7,agent,east,basic,3275.09
RID-000628,23,81526.6,63.4,63.6,12,1658.45,870.46,1,0,6,8,branch,north,enterprise,5566.68
RID-000629,37,89369.5,33.8,53.5,5,849.7,740.72,0,0,3,5,online,west,basic,3704.89
RID-000630,48,95403.86,35.3,28.5,7,2059.24,1056.61,1,2,3,5,branch,west,premium,5413.64
RID-000631,45,72514.76,38.8,150,8,1521.38,1199.66,2,0,3,5,online,south,plus,4146.44
RID-000632,30,75764.05,54.8,47,3,384.48,316.18,0,0,4,5,online,north,enterprise,3870.51
RID-000633,54,73406.46,35.6,18.4,6,1266.28,690.83,1,1,3,4,branch,west,basic,4263.92
RID-000634,60,32878.14,56.6,159.4,3,414.02,257.79,1,0,4,6,online,north,plus,2675.59
RID-000635,33,81039.48,22.5,153.4,7,915.81,570.12,0,0,1,2,online,west,plus,3709.26
RID-000636,38,50827.57,33.4,47.3,6,1050.52,642.97,0,0,2,5,agent,east,enterprise,3016.94
RID-000637,30,76972.54,33.2,69,13,1138.19,865.81,0,0,4,7,partner,north,plus,4270.12
RID-000638,36,64301.07,47,60.7,7,1004.15,674.88,1,1,4,6,agent,west,basic,3965.36
RID-000639,40,65734.8,50.6,50.8,5,995.39,674.08,0,1,5,6,agent,north,basic,3656.75
RID-000640,63,74787.45,14.9,77.3,7,1531.12,876.6,1,0,1,3,online,east,premium,4048.33
RID-000641,29,49864.55,23.2,27,5,727.39,575.73,1,0,2,5,agent,west,plus,3529.49
RID-000642,60,76429.86,40.7,27.3,7,941.72,561.17,0,1,3,4,partner,south,basic,4710.77
RID-000643,41,109462.7,26.8,20.2,7,1009.89,669.63,0,1,1,2,agent,south,plus,4454.22
RID-000644,38,109918.25,14.7,60.2,4,729.19,644,1,0,1,3,agent,west,premium,2693.29
RID-000645,37,114379.28,50.5,45.1,7,503.06,412.59,1,0,4,5,online,south,premium,4963.59
RID-000646,48,101215.16,42.9,42.3,9,2046.1,1814.46,2,2,3,5,online,south,basic,5691.56
RID-000647,38,85977.01,42.9,86.3,12,2139.43,1179.37,2,0,2,4,partner,north,enterprise,5095.38
RID-000648,40,117675.68,29.3,30.3,7,1648.81,1473.58,1,1,3,6,online,north,basic,5233.13
RID-000649,40,76306.47,50.4,39.9,12,1230.06,671.31,0,0,5,8,partner,east,plus,4392.87
RID-000650,42,96158.19,32.6,62.4,6,1223.52,911.72,2,1,3,6,partner,south,premium,3974.88
RID-000651,44,89192.17,51.4,142,6,842.44,471.59,2,0,5,6,online,south,basic,4369.12
RID-000652,39,81019.51,23.2,140.9,7,1347.98,772.15,0,4,1,4,branch,west,premium,3891.08
RID-000653,34,59207.92,24,73,8,989.53,703.19,1,0,2,4,online,north,basic,3582.6
RID-000654,48,83579.64,38.9,49.5,5,60,34.44,0,1,3,5,partner,west,basic,2936
RID-000655,43,116592.84,26.2,71.1,8,1452.27,1119.06,2,1,2,3,branch,east,plus,4425.87
RID-000656,42,84513.89,45.5,71.7,8,1385.76,1160.58,0,0,4,6,online,south,basic,4846.66
RID-000657,22,70527.7,39.6,86.7,7,1467.45,1272.95,0,0,3,5,branch,south,basic,4447.28
RID-000658,41,81765.51,23.1,44.1,7,809.59,620.45,1,0,2,4,agent,east,enterprise,4347.78
RID-000659,34,69623.06,37,13,6,663.97,375.29,2,1,3,5,online,south,premium,3615.61
RID-000660,31,75806.03,31.1,72.4,8,1528.57,1227.49,1,0,1,4,agent,east,plus,3819.44
RID-000661,37,60072.53,48.8,32,7,958.38,649.7,1,1,5,6,agent,west,premium,3831.42
RID-000662,32,92963.04,27.1,45.6,5,972.87,794.21,0,0,3,5,partner,south,plus,4613.98
RID-000663,22,69895.22,29.9,25.6,7,1896.43,1473.58,1,0,3,4,agent,north,premium,5569.17
RID-000664,29,73792.33,53,52.7,10,1830.98,1315.29,1,0,6,9,partner,south,plus,4625.21
RID-000665,51,75798.17,67.3,14.2,9,1434.66,915.25,1,1,6,8,agent,west,premium,4765.78
RID-000666,40,43448.12,64,36.4,9,1227.03,857.11,1,0,6,9,agent,west,basic,3920.02
RID-000667,33,107698.96,36.9,72.8,7,483.25,355.38,0,0,4,6,online,west,premium,4476.2
RID-000668,41,113308.44,39.1,38,10,1652.5,1361.96,1,0,3,5,branch,north,basic,5137.41
RID-000669,22,63285.07,57.5,35.5,11,2228.23,1983.6,0,0,4,7,agent,east,plus,5480.87
RID-000670,56,131194.97,34.3,102.5,9,1947.23,1358.57,0,0,4,5,online,west,basic,6043.47
RID-000671,52,78773.56,22.3,184.9,4,748.76,601.93,1,0,2,4,online,north,plus,3133.5
RID-000672,40,67955.01,37.6,40.4,3,646.51,486.74,1,0,4,7,agent,south,plus,3865.5
RID-000673,45,83399.12,42.3,37.2,6,733.96,371.31,2,1,4,5,online,east,basic,3819.02
RID-000674,35,86403.17,24.4,20.3,5,903.5,627.75,0,1,1,3,online,south,premium,3494.37
RID-000675,37,65670.38,13,57,6,662.69,495.1,0,2,1,4,partner,east,premium,3480.87
RID-000676,39,85815.73,15.9,86.4,4,756.88,676.02,1,0,0,1,branch,east,plus,3014
RID-000677,36,49967.81,45.3,56.2,6,876.21,544.11,0,0,4,6,branch,north,basic,3288.29
RID-000678,47,93009.88,25.4,32.5,9,1189.12,948.92,1,0,2,5,agent,south,basic,4283.72
RID-000679,30,63650.67,34,65.4,8,1302.91,895.48,1,0,3,4,agent,east,plus,3792.23
RID-000680,47,45760.96,39,46.8,5,897.48,479.08,0,1,5,7,online,west,basic,3748.7
RID-000681,32,75992.7,44.7,35,6,1044.64,922.41,0,1,4,7,online,north,premium,3780.9
RID-000682,43,50127.34,31.3,19.3,8,821.96,716.79,0,2,2,3,agent,east,basic,3893.25
RID-000683,54,96429.12,43,61.1,4,828.91,429.06,0,1,4,6,branch,north,plus,4448.42
RID-000684,59,109193.83,23.5,46.7,5,695.7,378.21,1,0,2,5,online,west,plus,4034.85
RID-000685,27,52666.14,30.9,103.7,9,1605.52,1233.73,0,0,2,3,branch,north,premium,4758.12
RID-000686,48,66024.31,21.7,27.7,10,1771.51,1091.14,0,2,2,5,online,north,premium,4357.31
RID-000687,56,51708.9,51.8,49.2,8,635.98,382.29,0,3,3,4,branch,west,plus,3657.51
RID-000688,42,51446.9,35.6,62.2,4,501.61,416.9,0,0,2,3,online,west,plus,3468.08
RID-000689,55,57532.87,25.6,30.8,6,1207.01,667.41,0,0,2,5,agent,north,plus,3387.74
RID-000690,34,74304.77,31.1,35.9,10,1429.72,829.28,0,0,3,5,online,north,plus,4046.96
RID-000691,42,46000.08,32.9,37.4,7,1078.56,789.29,2,0,3,4,online,east,premium,3901.94
RID-000692,64,92886.75,45.8,59.9,5,660.15,361.8,1,2,4,7,partner,west,basic,3554.24
RID-000693,49,123618.2,13.7,124.3,7,992.6,873.43,0,0,2,4,branch,south,plus,3888.88
RID-000694,51,55390.59,21.5,64.8,6,1095.25,958.34,0,1,2,5,partner,east,basic,2919.82
RID-000695,40,76834.32,30.7,12.6,9,1356.83,1056.89,0,0,4,5,branch,east,premium,5084.29
RID-000696,40,64773.52,71.5,22.3,8,2183.54,1197.95,0,0,6,7,agent,east,basic,6166.22
RID-000697,51,22567.73,49.4,43.8,8,1226.82,804.89,1,0,4,5,online,south,premium,3646.21
RID-000698,43,34795.42,34.4,73.5,7,1070.7,588.21,2,0,2,4,branch,south,premium,3147.36
RID-000699,58,113858.83,46,52.8,5,708.33,606.45,2,0,5,6,online,south,plus,4858.5
RID-000700,34,75105.73,64.8,69.8,9,1660.27,1460.98,1,0,6,9,online,north,enterprise,5128.53
RID-000701,33,110153.78,32.7,25.3,3,727.28,410.1,1,1,4,5,agent,west,basic,4463.55
RID-000702,46,78072.12,30.9,197.4,11,3059.5,1998.26,0,0,2,4,online,east,plus,4934.09
RID-000703,27,94907.86,53,36.9,7,831.59,577.83,0,0,4,5,branch,east,plus,4938.87
RID-000704,48,99964.84,42.9,12.1,2,430.54,372.46,1,1,5,8,online,west,basic,3697.51
RID-000705,56,66048.04,45.4,46.8,7,1207.14,610.84,2,0,4,5,online,east,premium,4029.53
RID-000706,60,106119.93,28.9,136.6,11,1900.75,1447.38,2,1,1,4,online,north,premium,4391.46
RID-000707,30,104654.69,62.9,21.5,7,1738,1442.75,2,1,6,9,agent,south,premium,5216.48
RID-000708,38,71105.44,59.9,68.5,10,1108.01,899.01,1,0,4,5,online,west,enterprise,4372.59
RID-000709,50,78275.8,43.9,62.5,7,1378.26,915.77,2,1,5,7,online,west,basic,4419.01
RID-000710,38,52381.18,45.6,119.9,7,288.32,154.87,1,1,5,8,agent,north,basic,3045.46
RID-000711,46,110717.38,7.6,57.2,8,1470.66,866.3,0,1,0,1,partner,north,basic,4039.55
RID-000712,25,57013.37,44.9,81.2,6,1251.09,809.74,0,2,4,6,partner,west,basic,3718.41
RID-000713,41,78150.17,33.3,56.5,8,2486.86,2073.39,3,0,3,6,branch,west,basic,4991.89
RID-000714,48,65145.49,42.1,63.8,6,622.62,503.22,1,1,4,7,branch,west,plus,3434.67
RID-000715,35,67834.82,45.6,22.2,7,1379.12,816.72,1,2,3,5,online,north,basic,4728.27
RID-000716,47,96693.32,31.2,18.5,7,1325.74,785.17,0,1,1,3,agent,west,plus,4299.99
RID-000717,43,80809.02,12.3,53.9,11,1413.29,1211.22,1,1,2,3,branch,east,premium,3847.34
RID-000718,39,101219.83,41.2,45.5,7,1369.42,857.1,1,0,2,3,agent,south,basic,5269.27
RID-000719,32,77000.84,25.6,50.6,11,1238.82,647.23,0,0,2,4,online,north,plus,4430.16
RID-000720,40,100872.28,31.4,100.8,6,593.29,415.31,1,0,3,4,online,north,plus,4237.04
RID-000721,45,54484.33,27.5,15.4,7,625.22,517.94,0,1,3,5,branch,north,premium,2513.3
RID-000722,39,61384.74,31.2,44.4,6,719.81,461.59,0,0,3,4,branch,north,basic,3245.38
RID-000723,48,18000,3.7,95,6,601.08,406.21,1,1,2,4,online,west,plus,2224.47
RID-000724,47,102401.84,53,16,3,186.62,155.78,1,1,5,8,branch,north,premium,3813.08
RID-000725,30,98523.82,39.5,21.4,6,923.66,622.85,3,0,3,5,online,south,basic,4388.62
RID-000726,42,48299.82,51.6,8.2,6,477.79,288.14,0,0,4,5,agent,east,basic,3986.52
RID-000727,52,56304.39,63.7,69.5,8,1622.91,971.76,0,1,5,6,online,east,premium,4088.9
RID-000728,48,74613.05,36.3,61.7,8,1363.29,879.43,1,1,3,5,online,east,basic,4055.35
RID-000729,39,54619,10.8,12,2,364.38,192.1,1,0,3,5,partner,south,basic,3042.11
RID-000730,29,104322.4,23.5,94.5,3,138.52,107.73,0,0,3,4,online,north,plus,3268.4
RID-000731,43,113819.35,19.1,31.5,4,519.6,442.91,0,0,2,4,agent,east,premium,3809.99
RID-000732,44,82128.62,29,35,4,348.23,191.39,0,0,1,4,branch,east,premium,3112.74
RID-000733,53,83182.25,37.1,62.6,14,2161.36,1860.07,1,1,1,2,online,east,premium,4934.01
RID-000734,41,71754.13,8,76.3,9,1223.67,912.98,0,0,1,2,agent,east,basic,3734.77
RID-000735,42,48536.36,40.8,20.6,7,2141.05,1276.95,1,0,3,4,partner,east,plus,5156.04
RID-000736,45,44050.7,14.9,53.8,7,454.33,253.75,1,0,2,3,agent,north,basic,2459.79
RID-000737,55,60901.92,40.2,42.3,7,1069.69,811.63,3,1,2,5,branch,north,basic,3389.97
RID-000738,52,73985.44,34.5,110.4,6,1355.06,978.79,2,2,3,4,branch,east,basic,3752.89
RID-000739,61,101552.14,31.6,25,9,1802.33,987.81,1,0,2,3,online,north,basic,5224.24
RID-000740,37,61653.81,35,109.4,6,1409.64,1153.77,0,1,2,3,online,east,premium,3986.21
RID-000741,52,85105.98,28.4,8.5,9,894.9,522.95,0,0,3,5,partner,north,basic,4959.37
RID-000742,44,117703.41,27.4,68.1,12,2606.86,2219.07,2,1,2,4,agent,east,basic,6516.2
RID-000743,57,116380.8,12.4,117.5,3,218.34,135.07,0,0,1,3,partner,south,basic,4311.38
RID-000744,37,98208.38,35.6,70.9,6,885.79,623.16,2,0,2,3,online,west,basic,3684.97
RID-000745,49,96813.11,61.8,103.7,6,1291.68,785.57,1,0,6,8,online,south,enterprise,4437.73
RID-000746,49,25867.63,63.7,87.8,3,760.72,562.91,1,0,4,6,online,west,basic,3862.11
RID-000747,33,66892.86,54.5,12.7,3,295.16,239.83,0,0,4,6,branch,south,plus,3595.33
RID-000748,42,82420.03,45.9,27.7,10,1195.64,664.08,1,0,4,5,online,south,premium,4916.28
RID-000749,40,76823.65,26.5,96.8,6,113.62,79.19,1,0,3,5,online,east,plus,3022.48
RID-000750,37,93237.61,56.2,54.4,5,546.02,350.2,2,0,5,6,partner,north,plus,4120.9
RID-000751,35,98262.36,35.2,41,4,482.92,337.73,1,0,4,7,branch,east,premium,4501.97
RID-000752,28,88215.55,35,111.4,7,1088.78,766.28,1,1,3,6,agent,south,basic,3992.72
RID-000753,46,54676.32,31.9,62.8,5,657.08,341.5,0,2,5,6,online,west,plus,3100.17
RID-000754,43,66668.28,37.3,17.3,7,1403.72,1065.32,2,0,3,4,online,north,basic,4544.18
RID-000755,43,56797.43,29.9,48,3,476.32,324.98,1,0,1,4,agent,east,plus,2773.36
RID-000756,41,99744.55,34.8,33.2,5,828.13,673.81,1,2,1,3,agent,south,plus,4162.09
RID-000757,45,84920.77,20.8,20.1,7,1726.69,1213.87,2,0,0,3,agent,west,enterprise,4446.21
RID-000758,35,103776.32,30.8,37.7,8,1977.96,1177.93,2,0,3,4,branch,north,premium,5668.61
RID-000759,33,80071.2,67.9,32.2,8,705.09,484.05,0,0,4,5,online,south,premium,4387.46
RID-000760,46,54299.76,35,44.2,14,3459.08,2289.14,1,1,2,3,agent,west,enterprise,6063.95
RID-000761,45,73865.65,32.7,42.1,9,1783.29,915.21,2,2,3,4,branch,east,enterprise,4764.42
RID-000762,47,55517.94,43.5,34.5,4,973.82,820.58,0,0,2,4,online,south,premium,3153.67
RID-000763,46,45854.41,45.9,31.2,6,1096.2,906.51,0,0,4,5,online,north,enterprise,3944.25
RID-000764,30,42004.62,20.4,44.8,7,677.61,383.73,1,0,2,5,agent,north,enterprise,2360.15
RID-000765,31,96277.4,33.1,39.4,10,1328.29,1167.55,1,0,4,5,branch,east,plus,5053.84
RID-000766,35,69773.84,48.9,44.5,5,102.51,86.87,1,0,4,6,agent,east,plus,3058.89
RID-000767,60,53441.83,39.8,43.1,7,799.97,567.34,0,0,2,4,branch,west,basic,4093.44
RID-000768,48,63088.01,37.7,22.7,3,477.1,323.54,1,1,2,5,online,south,premium,3292.57
RID-000769,31,75440.34,57.8,51.4,5,1160.04,653.98,0,0,6,8,branch,west,premium,4269.93
RID-000770,52,72476.14,26.5,18.2,10,1640.89,943.16,1,0,3,6,agent,east,plus,4460.93
RID-000771,49,69603.97,37.2,64.3,5,734.3,467.11,1,1,3,5,agent,south,enterprise,3905.84
RID-000772,37,63934.38,28.7,126.2,10,2012.21,1367.68,0,0,3,4,branch,east,plus,4199.65
RID-000773,49,92496,56.9,41.4,8,972.8,765.92,0,0,5,6,online,west,premium,5377.94
RID-000774,44,67883.72,8.7,47.1,5,1259.52,731.7,0,3,0,3,agent,south,premium,3602.33
RID-000775,42,114180.31,26.6,162.2,8,1521.57,803.12,0,0,3,5,branch,south,plus,4955.67
RID-000776,45,57329.54,28.6,41.7,9,1188.52,651.14,1,0,2,3,branch,east,premium,3869.59
RID-000777,54,18000,45.3,18.1,5,715.46,630.45,1,0,4,6,agent,south,basic,3260.17
RID-000778,49,57314.36,44.5,58.7,8,1132.19,674.05,0,1,4,7,online,east,enterprise,3735.07
RID-000779,25,87595.96,55.5,21.4,7,1341.21,768.49,1,0,4,5,agent,west,premium,4311.32
RID-000780,36,82531.75,14,70.1,7,1864.8,1084.76,2,0,1,3,agent,south,basic,4023.36
RID-000781,55,90333.71,46.5,15.8,13,1939.83,1056.08,1,0,5,6,online,south,premium,6206.77
RID-000782,64,92565.66,31.9,48.4,5,927.94,682.23,1,1,2,3,partner,west,basic,4146.25
RID-000783,31,113419.17,26.7,54.5,7,1645.63,1202.96,1,0,2,3,agent,west,premium,5046.25
RID-000784,53,65034,43.6,93.1,12,3975.46,3381.35,0,1,3,4,agent,north,basic,6925.05
RID-000785,28,100281.67,23.1,59.5,7,1737.87,946.73,2,0,2,5,partner,south,plus,4987.15
RID-000786,54,80822.95,6.9,17.6,4,731.13,544.64,0,0,0,2,online,west,basic,3470.85
RID-000787,40,72222.38,30.8,52.4,10,1363.99,727.13,0,0,2,4,online,north,premium,4423.31
RID-000788,53,110321.93,15,48.1,10,1860.31,956.4,1,1,2,3,online,north,basic,4891.86
RID-000789,48,107950.73,26.9,116.3,6,1077.91,779.74,0,1,2,3,branch,west,enterprise,4313.81
RID-000790,34,43705.64,41.2,33.2,4,224.27,191.55,0,0,4,6,branch,east,premium,2347.01
RID-000791,33,96945.51,40.4,37.6,9,2070.71,1769.19,1,1,2,3,branch,south,plus,5892.78
RID-000792,30,94812.4,58.2,60.6,4,1253.71,629.61,2,1,5,8,agent,west,premium,4201.24
RID-000793,24,50559.74,33.2,37.9,7,703.89,353.8,0,0,4,7,online,north,basic,4234.84
RID-000794,18,61247.58,14.5,19.4,10,1217.7,670.45,0,0,2,5,agent,east,plus,3375.76
RID-000795,32,71944.43,25.4,25.2,6,723.07,592.68,0,0,2,5,agent,south,plus,3133.75
RID-000796,43,72729.84,23.1,49.2,11,1025.31,550.45,0,0,3,6,online,east,plus,4396.82
RID-000797,38,98361.52,19,44.2,7,1487.25,836.2,1,1,2,3,agent,east,premium,4031.81
RID-000798,47,101986.04,42.1,20.9,8,753.86,637.87,1,1,4,5,agent,north,plus,4613.86
RID-000799,37,48675.54,27,37.8,5,1053.82,571.08,0,0,3,6,online,east,plus,3486.38
RID-000800,48,19600.57,8.3,47.2,6,1029.26,541.3,0,0,1,3,branch,south,premium,3610.89
RID-000801,46,58950.38,45.8,5.8,9,2021.99,1779.44,1,0,4,6,online,east,enterprise,5064.64
RID-000802,38,84604.85,34.4,11.5,9,803.42,605.5,1,0,4,5,agent,west,basic,4635.02
RID-000803,30,83835.73,41,6.3,7,1133.58,733.91,1,0,5,7,online,north,premium,4586.13
RID-000804,23,106100.25,37.5,9.3,9,1771.79,1058.23,1,1,3,4,agent,north,plus,5482.6
RID-000805,49,104454.24,44.8,51.7,6,1229.01,1033.83,2,0,4,5,online,west,plus,4658.09
RID-000806,42,101934.44,36.5,48.6,11,2263.4,1401.86,1,0,5,8,branch,west,enterprise,5870.16
RID-000807,24,53864.85,53.3,7.9,7,1033.39,737.08,1,0,5,6,partner,south,enterprise,4046.68
RID-000808,34,106379.91,41.9,70.2,11,2477.4,2070.54,2,0,4,6,online,west,plus,5824.22
RID-000809,38,57917.42,41.5,83.3,12,2817.94,1892.18,0,0,4,6,online,east,plus,4619.16
RID-000810,58,112581.39,41.7,45,6,1330.04,999.8,1,0,4,5,agent,north,basic,5415.08
RID-000811,52,98241.56,15.6,57,4,408.65,326.41,0,0,1,3,online,south,plus,3448.01
RID-000812,40,89559.76,33.7,57.8,3,549.05,387.05,1,0,3,4,agent,west,premium,3766.45
RID-000813,49,93600.07,32.4,27.4,10,1314.09,710.55,1,0,2,3,online,north,plus,4904.78
RID-000814,27,90161.68,38.9,112,7,1111.72,556.88,4,0,4,7,branch,north,basic,4655.91
RID-000815,37,74413.23,17,21,8,1635.89,1004.34,0,1,3,5,branch,west,basic,3468.25
RID-000816,38,49057.29,58.9,32.2,9,837.99,499.55,0,0,5,8,agent,north,premium,4114.72
RID-000817,29,96428.65,37.5,3.4,6,1854.16,949.4,0,1,3,4,agent,west,plus,5150.8
RID-000818,54,89859.26,19,72.5,7,1471.98,1005.77,3,2,3,6,branch,south,basic,4082.11
RID-000819,38,90422.03,12.1,26.8,4,322.11,224.01,2,0,1,3,branch,east,plus,3521.56
RID-000820,55,71739.72,32.1,122.3,7,1106.87,836.69,0,1,2,3,online,south,plus,4040.3
RID-000821,26,98116.8,34.7,115.6,5,773.47,439.25,1,2,4,7,online,south,plus,3194.87
RID-000822,51,64616.1,25.9,4.4,3,661.63,382.79,0,1,1,4,branch,east,basic,3539.07
RID-000823,50,49689.87,37.3,38.6,6,820.87,509.25,2,0,2,4,agent,north,basic,3076.87
RID-000824,32,100727.07,27,43.4,8,1295.77,818.52,0,0,2,3,branch,west,plus,5359.32
RID-000825,45,72190.96,43.7,31.6,6,580.13,310.36,1,0,3,5,agent,south,premium,3679.08
RID-000826,45,63975.23,25.9,20.6,13,1668.02,1489.7,0,0,2,4,agent,north,premium,5718.65
RID-000827,49,68000.46,35.5,33.8,10,2604.31,1949.27,2,0,2,3,agent,west,basic,4923.11
RID-000828,38,110238.7,49.7,44.9,4,657.99,537.53,0,0,4,5,online,east,plus,4668.32
RID-000829,33,84839.45,72,41.7,9,1296.32,818.04,0,0,6,8,branch,east,basic,5537.6
RID-000830,32,67814.36,21.9,35.4,3,929.26,522.92,0,2,0,3,branch,south,plus,2515.65
RID-000831,44,55992.09,29.5,56.7,6,1083.96,809.96,1,0,3,4,branch,south,premium,3935.04
RID-000832,36,59198.16,24.2,36,1,307.6,184.3,2,0,2,3,branch,east,premium,2106.6
RID-000833,42,74503.81,47,102.7,10,1355.89,1163.48,2,0,4,7,online,east,plus,3558.51
RID-000834,18,45816.92,19.9,23.4,7,1646.05,916.11,0,2,1,3,agent,east,plus,3062.66
RID-000835,39,69823.88,29.2,41.3,11,1835.22,1159.45,2,0,3,4,online,north,basic,4736.33
RID-000836,24,70300.79,35.6,59.5,5,882.35,573.07,0,0,3,6,agent,north,plus,3005.78
RID-000837,43,51260.08,22.3,63.5,7,1537.9,855.49,0,1,4,5,branch,east,plus,4117.03
RID-000838,55,68406.91,22.6,104.9,1,188.63,95.76,0,1,0,3,online,west,basic,1567.71
RID-000839,45,57694.22,29.3,28.4,4,901.89,754.51,0,0,3,4,partner,south,premium,2543.52
RID-000840,39,78637.26,6.6,80.4,6,946.27,824.73,1,1,1,3,branch,north,plus,3557.62
RID-000841,51,109704.9,15.8,41.8,10,1020.81,524.25,1,2,0,3,branch,north,premium,4440.77
RID-000842,22,115130.15,30.2,7.6,6,734.19,546.24,1,1,3,6,online,north,basic,4732.52
RID-000843,37,55114.97,38.1,75.1,4,198,142.05,0,1,3,6,agent,east,enterprise,2905.78
RID-000844,52,73952.77,33.4,14.5,2,751.62,592.97,0,0,3,5,online,west,basic,3523.52
RID-000845,37,88696.28,11.2,29.5,6,949.71,494.63,0,0,1,3,online,south,premium,3661.1
RID-000846,23,69266.06,29.5,59.9,5,177.02,158.23,1,0,3,5,agent,north,enterprise,3110.15
RID-000847,32,45022.98,47.2,28.1,6,897.21,572.46,2,0,4,6,online,east,plus,3635.66
RID-000848,47,61529.5,43.8,21,6,1337.13,1148.11,0,1,3,6,branch,south,basic,4301.29
RID-000849,47,56384.26,34.9,60.7,6,879.99,482.81,0,1,4,7,branch,east,basic,4134.7
RID-000850,44,52814.3,23.6,82,6,1277.18,793.73,0,0,2,5,branch,north,premium,3834.93
RID-000851,51,79938,44.8,27,10,730.13,387.01,3,0,4,6,partner,north,plus,4107.29
RID-000852,43,75130.75,27.9,33.2,3,476,305.63,1,0,4,7,online,west,enterprise,2422.05
RID-000853,44,58046.51,19.6,56,6,971.16,642.34,0,1,1,2,agent,east,basic,2654.51
RID-000854,52,109542.11,24.8,44.9,7,1267.36,865.19,4,1,1,2,agent,south,premium,4710.74
RID-000855,24,71259.31,56.3,35.4,3,698.47,607.88,1,1,4,7,online,east,premium,3090.58
RID-000856,69,112007.37,39.1,127.7,7,785.54,462.61,0,1,3,6,online,south,enterprise,4782.19
RID-000857,46,69090.07,52.2,34.3,9,1805.06,967.8,2,0,6,9,partner,north,premium,4657.43
RID-000858,65,81043.05,29.3,21.2,9,945.58,746.66,1,0,3,6,partner,north,premium,3994.13
RID-000859,44,68212.94,49.1,32,9,1678.58,884.81,0,1,5,8,online,east,basic,4768.28
RID-000860,55,70919.74,27.6,54.9,10,2499.45,1479.17,1,0,4,5,online,south,premium,5067.94
RID-000861,48,54861.03,33.8,24.8,5,524.23,353.55,1,0,1,3,online,north,basic,2914.24
RID-000862,47,48720.22,70.8,20,7,970.76,636.32,0,0,6,7,online,south,plus,4613.51
RID-000863,44,55488.61,46.7,11.2,11,2876.61,2359.45,0,2,3,6,online,east,basic,5790.39
RID-000864,41,90953.47,29,144.1,8,1700.8,1486.1,1,0,3,5,online,east,premium,5153.12
RID-000865,57,93106.69,34.8,62,9,999.48,870.91,0,2,2,5,online,east,basic,4658.41
RID-000866,51,93649.38,40.6,16.3,10,1082.1,707.47,0,1,5,8,branch,south,premium,5201.6
RID-000867,59,48258.95,52.9,59.5,6,1000.2,833.44,1,0,4,7,agent,east,basic,2833.65
RID-000868,28,106611.19,29.2,57,5,534.48,377.04,1,0,2,4,branch,south,plus,3901.4
RID-000869,24,84897.14,11.6,89.8,7,1052.82,863.11,0,0,0,1,online,north,basic,2993.28
RID-000870,48,55392.85,32.1,19.8,6,674.32,591.25,0,0,2,4,online,north,plus,3297.01
RID-000871,59,70101.86,36.2,89.9,5,1083.49,932.3,2,2,3,4,online,west,enterprise,3852.71
RID-000872,31,73284.68,37.5,72,5,396.15,200.95,1,0,3,5,online,north,plus,3561.47
RID-000873,32,80297.34,54.4,16.4,4,621.1,484.64,1,1,5,6,branch,east,premium,4304.73
RID-000874,33,33193.89,40.4,48.2,12,2431.05,1662.94,1,0,3,4,branch,north,premium,5200.23
RID-000875,41,43676.92,47.4,49.6,9,996.2,733.19,0,0,4,5,agent,south,basic,4089.99
RID-000876,53,88703.21,20.6,52.7,9,759.21,541.97,0,0,2,5,branch,north,plus,4368.83
RID-000877,41,86764.59,48.2,5.1,6,460.46,373.03,1,0,5,7,agent,north,plus,3618
RID-000878,45,55623.35,65.3,50.4,10,540.42,447.96,0,0,6,7,online,east,basic,3470.74
RID-000879,26,73936.88,46.8,32.2,9,2403.58,1858.17,2,1,3,6,online,east,plus,5239.43
RID-000880,23,94752.16,39.5,72.6,6,252.32,155.28,0,1,4,7,partner,north,premium,3829.98
RID-000881,45,76595.56,38.2,49,9,682.03,342.93,1,0,3,5,branch,north,plus,3259.03
RID-000882,45,69191.55,61,27.4,6,1218.72,659.26,0,0,4,6,agent,east,plus,3568.23
RID-000883,35,39347.92,23,19.3,6,797.5,446.04,0,0,3,4,agent,west,premium,3688.57
RID-000884,45,52075.7,34.4,34.9,6,1171.97,766.14,0,0,2,3,agent,north,premium,3671.6
RID-000885,44,85022.35,42.4,51.4,5,1042.86,612.76,1,0,3,4,partner,west,plus,4563.9
RID-000886,49,76302.91,46.4,40.6,11,1995.01,1046.2,4,0,3,6,online,east,premium,5307.18
RID-000887,36,84015.71,29.9,12.9,6,950.24,608.59,1,0,1,4,partner,north,plus,4018.9
RID-000888,42,52787.04,40.3,110.3,10,951.34,852.74,1,0,4,7,agent,west,basic,3114.64
RID-000889,60,24534.92,32.1,73.4,10,1486.13,1317.41,0,1,2,4,agent,east,basic,3675.15
RID-000890,34,62101.38,37.7,44.5,8,1900.76,1608.07,1,0,4,6,branch,east,premium,4457.07
RID-000891,38,65804.88,34.2,48.8,9,1926.77,1321.87,1,0,4,7,online,east,plus,4921.74
RID-000892,37,68934.56,20,61.6,5,1100.86,728.98,0,0,2,5,agent,east,basic,2954.07
RID-000893,50,104731.66,35.7,50,8,572.33,338.38,2,0,2,3,branch,north,basic,4481.61
RID-000894,33,103370.83,48.3,36.8,9,1130.85,763.9,2,0,4,6,agent,west,premium,4872.48
RID-000895,29,82363.94,22.5,86.5,8,949.1,588.69,1,0,2,5,branch,south,premium,3550.93
RID-000896,35,76914.29,32.6,38,7,742.76,600.13,2,0,4,5,online,north,plus,4306.09
RID-000897,28,81974.62,45.3,34.5,12,1322.42,859.98,0,2,2,3,online,north,plus,4837.38
RID-000898,45,71720.3,21,44.2,13,2756.1,1681.58,0,1,2,4,agent,north,plus,5387.48
RID-000899,61,98486.17,38.6,39.7,8,1818.3,1187.93,3,1,3,6,online,east,premium,5145.3
RID-000900,49,41566.52,21.2,48.2,7,1847.25,993.35,1,0,2,3,agent,north,basic,3685.76
RID-000901,48,92363.33,51.9,247.8,7,1055.81,863.96,0,1,5,7,branch,east,basic,3828.84
RID-000902,47,82754.67,68.4,29.4,7,1152.54,752.25,1,0,5,7,agent,south,basic,4251.46
RID-000903,39,69493.1,64.3,58.5,5,984.69,727.61,0,1,6,9,online,east,premium,3499.05
RID-000904,27,42577.18,32.9,75.2,9,1427.28,1161.61,0,0,2,5,online,west,enterprise,3532.08
RID-000905,32,81993.33,46.4,12.3,3,139.07,105.95,0,0,5,8,agent,south,plus,3639.55
RID-000906,51,52161.41,37.7,35.4,8,1727.25,1024.78,0,0,3,5,agent,south,basic,3940.28
RID-000907,28,50122.22,37.4,11.6,8,537.48,352.35,1,0,3,6,online,south,premium,2881.45
RID-000908,59,72335.92,57.7,24.9,8,1012.33,632.48,0,0,6,9,branch,south,basic,3853.54
RID-000909,31,70583.65,17.5,12,10,630.36,543.1,0,0,1,4,online,east,premium,3228.91
RID-000910,38,74580.65,50.8,49,6,1282.55,646.44,1,1,3,4,branch,west,plus,4083.55
RID-000911,33,59327.51,35.3,27.3,6,199.35,178.27,0,0,3,4,online,south,plus,3921.23
RID-000912,30,73691.12,55.7,81.6,11,1410.22,1255.12,0,0,5,7,online,east,enterprise,4063.89
RID-000913,37,110955.33,38.6,34.5,9,1569.87,959.36,0,0,3,5,partner,north,plus,5153
RID-000914,40,74855.92,26.6,32.1,9,943.08,687.89,1,0,2,5,online,east,premium,4244.48
RID-000915,39,55555.28,39.9,27.1,11,1822.1,1345.4,0,2,4,7,agent,south,plus,4555.73
RID-000916,46,57753.54,46.3,22.4,5,525.5,296.92,0,2,5,6,agent,south,enterprise,3480.32
RID-000917,43,61814.25,36.5,81.9,10,3129.64,1721.65,1,2,2,5,agent,west,premium,5702.33
RID-000918,55,105887.53,42.8,13.8,7,644.31,460.33,1,1,2,4,partner,west,plus,4772.69
RID-000919,38,85748.27,28.7,90.4,6,803.61,614.38,1,0,3,5,agent,east,basic,4249.33
RID-000920,33,105535.28,6.1,36.9,10,1880.76,1152.53,1,1,0,2,online,north,basic,4399.08
RID-000921,35,83710.18,48.6,15,2,302.99,186.45,2,0,5,8,branch,south,enterprise,3942.01
RID-000922,41,110393.58,45.8,45.4,10,1972.7,1308.35,1,1,5,8,agent,north,premium,5846.33
RID-000923,54,37388.73,38.1,26.2,10,1373.1,746.21,2,0,3,5,online,north,premium,3593.8
RID-000924,44,41756.05,37,25.4,3,641.12,445.14,0,1,5,8,agent,west,premium,3304.87
RID-000925,38,79501.58,50.5,93,5,894.58,723.9,1,0,4,7,agent,west,plus,3908.74
RID-000926,44,85812.09,29.6,64,8,1957.99,1213.51,1,0,2,5,agent,west,premium,4478.78
RID-000927,30,50822.61,26.1,1.8,8,826.12,477.57,0,0,2,3,agent,south,premium,3728.16
RID-000928,38,66967.83,33.4,36.4,6,1050.61,525.81,2,0,3,6,agent,south,basic,3907.54
RID-000929,35,65073.39,52.6,36.1,6,1085.23,933.53,0,0,5,6,online,north,premium,4276.85
RID-000930,32,89006.05,16.6,29.4,6,1062.73,804.59,0,0,2,5,agent,west,basic,3961.59
RID-000931,48,57210.87,52.7,109.2,5,517.99,272.05,0,1,4,7,online,south,enterprise,2267.35
RID-000932,34,52325.37,27.1,21.2,7,1476.16,1232.57,0,0,2,4,partner,west,basic,3820.14
RID-000933,36,62555.51,20.6,21.6,10,883.41,788.83,1,0,0,1,branch,south,basic,3195.92
RID-000934,31,57256.62,53.6,46.5,9,2017.66,1722.33,0,0,4,5,online,west,plus,4109.26
RID-000935,45,77347.13,34.6,85.4,7,1017.52,596.23,1,0,3,6,agent,south,plus,4032.79
RID-000936,31,73427.65,17.8,12.3,5,112.81,92.51,3,1,1,4,agent,west,basic,2749.61
RID-000937,63,92281.33,31,36.2,10,1602.72,1418.47,1,0,2,3,agent,east,basic,5240.34
RID-000938,32,62782.84,49,33.4,6,520.01,359.06,0,1,4,7,branch,east,enterprise,3540.75
RID-000939,51,66717.95,52.7,63.4,7,1471.99,811.51,2,1,4,5,agent,west,plus,4293.44
RID-000940,47,56789.72,30,154.7,3,144.89,128.85,1,1,2,4,branch,north,premium,1398.87
RID-000941,51,119229.65,41.7,71.7,10,1657.35,1026.65,0,0,4,6,online,east,basic,5288.39
RID-000942,44,58547.33,46,29.8,7,834.77,683.89,0,0,5,7,online,south,premium,3327.08
RID-000943,32,87990.36,27,22.7,8,565.39,477.27,1,0,3,5,agent,east,plus,3662.67
RID-000944,64,86517.7,41,2.4,7,619.76,322.87,0,1,3,6,online,south,enterprise,3738.83
RID-000945,44,53817.14,35.6,43.9,7,1426.38,868.48,0,1,3,6,online,south,basic,3603.48
RID-000946,31,91565.44,28.5,74.6,9,1505.67,901.56,0,0,1,2,branch,south,enterprise,4686.17
RID-000947,55,84246.87,29.1,66,4,839.2,674.79,0,0,4,5,online,west,basic,4204.34
RID-000948,42,59334.19,36.9,27.8,7,1277,891.95,0,1,1,4,agent,east,plus,3656.86
RID-000949,35,42880.44,36.4,110.3,4,1280.09,1027.89,3,0,3,4,agent,east,plus,2987.38
RID-000950,49,66782.26,28.1,16.3,3,563.21,356.92,2,1,1,4,partner,west,plus,2714.21
RID-000951,43,64267.97,30,83.7,4,1080.92,787.7,0,0,3,5,agent,west,enterprise,3721.79
RID-000952,48,53576.69,51.6,58.5,12,2307,1286.55,1,1,4,5,agent,north,plus,5738.13
RID-000953,42,56230.08,39,27,8,1520.81,764.52,1,0,4,6,agent,west,premium,4010.4
RID-000954,52,84697.3,48.4,82.3,8,1568.16,828.92,0,0,4,5,online,west,basic,4517.86
RID-000955,47,58481.65,52.8,17.2,7,911.69,638.02,0,0,5,6,partner,west,enterprise,3831.12
RID-000956,39,52243.95,44.2,20.7,10,1285,723.1,1,1,3,4,online,south,plus,4144.71
RID-000957,42,77555.31,67.8,53.3,8,2087.94,1075.08,0,1,5,8,partner,west,premium,5354.81
RID-000958,53,103249.43,24.4,129.8,6,831.17,611.79,1,0,1,2,agent,west,enterprise,3534.54
RID-000959,42,52792.13,47.3,75.4,4,531.21,321.48,0,0,3,4,online,east,premium,2999.27
RID-000960,35,50339.7,31.5,25.7,6,1249.07,844.5,2,1,4,5,agent,south,basic,3685.96
RID-000961,44,103249.32,62,116.3,9,1115.09,784.42,0,0,6,7,branch,east,basic,5425.94
RID-000962,48,31105.45,59.8,171.8,6,1019.35,786.48,0,1,5,8,agent,east,basic,2783.97
RID-000963,47,68279.63,8.6,51.8,3,605.27,345.35,1,0,0,2,agent,north,plus,3046.16
RID-000964,29,102073.74,22.4,45.4,7,1545.5,1302.9,1,2,2,4,branch,east,enterprise,5047.33
RID-000965,31,72280.94,45.3,18.5,8,1995.95,1630.09,0,1,4,6,partner,north,plus,4941.01
RID-000966,39,61975.08,47.1,18,5,1057.85,707.73,1,1,3,4,online,south,basic,4112.64
RID-000967,50,75424.86,46.3,12.5,9,1933.82,1610.15,1,0,5,8,agent,south,basic,4958.92
RID-000968,44,88947.94,35,18.8,10,2017.04,1693.22,1,0,2,4,online,east,premium,5062.41
RID-000969,57,59774.62,42.4,10.3,8,1288.64,699.27,0,0,4,6,branch,north,basic,3724.34
RID-000970,58,74147.19,45.1,33.3,8,1197.27,773.21,0,0,4,7,agent,east,basic,3959.65
RID-000971,50,64327.82,34.9,23.2,9,2791.5,1718.43,1,0,3,5,agent,east,premium,5145.77
RID-000972,44,84302.94,50.4,30.9,6,1179.56,931.62,1,1,4,5,branch,south,basic,4829.75
RID-000973,41,80863.36,4.4,55.7,5,1400.12,1055.82,2,0,1,4,online,south,enterprise,3568.86
RID-000974,34,60685.25,44.9,17.4,3,741.05,385.28,2,0,5,7,online,north,premium,3287.29
RID-000975,44,72857.49,21.5,23.4,4,853.42,507.64,0,0,3,6,partner,south,premium,3756.51
RID-000976,31,78923.56,49.4,45,5,156.71,108.63,1,0,5,7,branch,south,plus,3295.73
RID-000977,51,101134.18,32.8,169.8,8,1328.06,680.82,0,0,3,4,online,north,basic,4230.36
RID-000978,26,74380.92,23.6,73.6,8,1334.61,817.35,1,1,0,1,online,west,plus,3086.96
RID-000979,54,58160.4,41.2,6.2,7,1834.29,1541.6,0,0,3,5,online,east,plus,4857.53
RID-000980,40,77144.19,23.2,65.9,10,2556.86,2046.59,1,0,2,5,online,north,basic,4843.95
RID-000981,35,117774.52,23.2,58.6,1,182.84,122.81,0,0,2,3,online,west,basic,3920.8
RID-000982,44,102568.09,14.1,33.7,7,1063.29,550.59,1,2,2,3,agent,south,basic,3978.18
RID-000983,44,104579.34,35.6,20.7,12,2621.88,2167.3,2,0,3,5,online,east,basic,5885.05
RID-000984,43,46711.52,43,52.8,6,833.15,492.25,1,0,3,5,partner,south,premium,2125.56
RID-000985,29,116933.7,50.3,128.4,9,1510.16,1061.11,1,0,4,5,agent,south,basic,5417.39
RID-000986,18,86148.89,34,78.8,11,2323.47,1178.36,0,1,3,5,agent,south,basic,6044.62
RID-000987,52,82155.18,50.7,32.7,11,1156.11,892.96,1,1,5,7,agent,east,basic,3891.41
RID-000988,42,77308.54,36.3,32.5,6,1712.71,1288.85,0,0,4,7,agent,east,premium,5236.92
RID-000989,49,86946.04,34.7,60.6,3,619.37,543.86,1,0,3,5,branch,north,basic,4178.87
RID-000990,18,33964.88,44,57.9,1,60,44.45,2,0,2,4,branch,south,premium,2552.76
RID-000991,38,96586.36,50.8,101.9,8,818.83,680.37,1,0,4,5,partner,west,basic,4244.21
RID-000992,33,46670.22,31.2,43,6,1083.82,573.07,1,1,0,3,online,south,plus,2675.33
RID-000993,43,111255.5,32.6,35.6,6,1740.16,1371.35,0,0,3,4,online,north,basic,5857.28
RID-000994,52,82038.01,33.7,26.4,4,649.81,372.57,1,0,5,8,partner,east,premium,3643.72
RID-000995,31,61738.26,37.2,31.7,8,564.65,498.99,3,0,4,6,online,north,basic,3100.64
RID-000996,47,54510.82,23.4,24.6,9,2239.05,1153.13,0,0,2,5,online,west,enterprise,4228.17
RID-000997,47,70273.55,50.4,22.4,6,1181.53,707.99,2,0,6,9,partner,south,plus,4372.81
RID-000998,22,107802.67,30.4,9.3,10,1799.2,1408.64,0,1,2,4,agent,west,basic,5260.93
RID-000999,41,75289.48,42.5,25.5,2,349.3,255.28,0,0,4,7,online,north,premium,3313.79
RID-001000,42,77899.27,24.4,58.2,8,1192.44,625.85,0,0,2,4,online,north,basic,4045.62
RID-001001,39,58458.59,41,88.5,6,818.26,430.23,5,0,3,5,agent,east,basic,4153.65
RID-001002,47,108333.35,41.5,39.6,3,712.66,374.32,0,0,3,6,agent,north,plus,4336.74
RID-001003,54,69652.99,30.1,125.4,6,1177.72,732.12,2,0,3,6,online,south,plus,3721.42
RID-001004,49,61521.06,64.3,107.8,8,1756.38,910.31,1,0,6,9,online,west,plus,4003.34
RID-001005,54,82879.72,41.2,5.6,3,569.28,289.33,0,0,3,4,agent,north,basic,3808.89
RID-001006,51,62521.22,60.9,47.9,10,2489.5,1307.89,1,0,5,8,agent,east,basic,5665.25
RID-001007,41,70486.01,49.4,46.6,9,1030.18,815.51,0,1,5,6,partner,north,basic,4497.31
RID-001008,36,40267.94,26.7,64.7,7,724.31,401.74,1,0,2,3,branch,north,plus,3321.55
RID-001009,30,41301.37,30.6,90.7,8,1669.38,1328.84,2,0,2,5,partner,east,plus,3459.5
RID-001010,23,86606.79,42.1,31.2,8,1275.45,880.4,0,0,4,5,agent,north,plus,4207.7
RID-001011,36,58268.8,36.9,82.3,9,1564.11,1211.58,1,2,3,5,branch,north,plus,3893.93
RID-001012,45,86228.05,36.7,7.3,4,634.34,321.16,2,1,3,5,branch,south,basic,3722.09
RID-001013,41,84458.31,32,64.9,3,614.3,520.42,1,0,2,3,online,east,basic,4352.24
RID-001014,41,89862.12,10.7,15.1,9,1022.82,785.78,0,0,1,3,agent,north,basic,3654.67
RID-001015,50,89099.19,32.8,15,10,1931.63,1103.39,0,0,2,5,branch,west,basic,4773.05
RID-001016,51,98045.24,4.9,77.4,8,1917.28,1209.78,1,1,0,2,branch,south,basic,4927.75
RID-001017,40,72135.67,41.2,24.8,6,864.56,599.81,1,0,5,6,online,east,premium,4056.64
RID-001018,41,67982.62,25.8,65.5,7,2020.54,1783.51,0,0,2,5,agent,south,basic,4117.39
RID-001019,27,97652.69,26,40.1,5,1142.63,671.97,1,0,2,4,online,south,plus,4637.11
RID-001020,53,51452.16,32.9,51.9,5,874.51,471.67,1,0,3,6,branch,west,enterprise,3003.05
RID-001021,40,55668.03,39.8,32,7,1650.55,913.91,0,0,4,7,partner,north,basic,4198.91
RID-001022,18,48548.73,16,8.8,7,891.24,493.53,1,0,2,5,partner,north,plus,3147.22
RID-001023,42,58499.94,11.5,96.4,4,710.15,473.63,0,0,0,3,branch,east,premium,2645.72
RID-001024,40,101308.83,21.1,96.6,8,896.06,768.81,1,0,2,5,branch,north,plus,3811.23
RID-001025,49,103794.95,7.4,46.6,5,826.8,742.8,2,2,0,2,branch,east,enterprise,3464.06
RID-001026,42,65845.31,22.5,39.7,3,534.36,346.51,0,2,2,3,agent,north,basic,2630.55
RID-001027,47,44689.27,58.3,23.7,9,1468.82,1251.85,0,0,5,6,agent,north,basic,4207.65
RID-001028,37,59181.27,21.2,19.7,6,561.73,451.7,3,1,3,4,agent,east,basic,3452.08
RID-001029,50,79354.05,45.1,19.1,11,1355.81,725.51,0,1,3,4,agent,south,enterprise,4536.51
RID-001030,31,108267.87,16.8,13.2,8,525.44,341.84,1,0,2,4,online,east,plus,4413.15
RID-001031,41,70780.15,40.2,38.6,10,1867.67,976.12,1,0,4,5,partner,south,basic,4958.6
RID-001032,44,95198.39,31.5,94.5,4,967.4,671.76,1,0,2,4,branch,west,premium,3059.83
RID-001033,39,92079,35.2,30.2,8,1171.11,940.64,1,1,5,8,online,north,premium,5211.07
RID-001034,51,44992.97,44,58.6,6,952.66,553.43,1,0,4,6,online,south,premium,3292.88
RID-001035,46,99678.13,60.6,60.9,1,238.06,132.32,0,0,6,8,partner,west,plus,4197.37
RID-001036,44,102891.13,38.7,23.7,9,1458.56,1279.99,0,2,3,5,agent,north,enterprise,5208.61
RID-001037,44,87531.77,37.7,67.9,3,408.43,251.79,0,0,3,4,branch,north,basic,3700.04
RID-001038,47,73761.34,22.4,40.8,6,655.29,338.26,0,0,3,4,agent,east,plus,3931.89
RID-001039,48,101150.05,44.2,108.9,8,1004.02,753.43,1,1,4,5,agent,north,enterprise,4651.5
RID-001040,33,87683.15,32.6,100.6,6,881.49,455.82,3,1,3,4,online,north,basic,3597.16
RID-001041,42,79458.59,47.6,35.5,7,1053.11,641.88,1,0,5,7,online,east,basic,4678.65
RID-001042,39,85279.51,35.4,35.6,10,1429.2,1228.22,0,0,4,5,branch,east,basic,4475.69
RID-001043,39,106638.96,60.4,123.7,8,1367.3,804.66,1,0,7,8,online,west,plus,5479.38
RID-001044,43,55525.4,8.2,20,6,1519.57,1011.42,0,0,1,2,online,west,enterprise,3593.81
RID-001045,42,71548.87,31.8,136,2,462.07,313.13,2,0,1,2,partner,north,premium,2965.38
RID-001046,29,65779.51,48.3,98.5,4,469.5,419.3,0,2,3,5,agent,north,premium,2919.9
RID-001047,40,81311.94,31.1,30.5,6,455.97,357.52,0,0,3,5,partner,south,premium,3935.48
RID-001048,52,79182.72,24.9,40.3,7,1117.29,927.88,0,0,1,4,agent,north,basic,3643.15
RID-001049,48,67970.13,32.3,77.9,9,1634.66,936.78,2,0,2,4,online,west,basic,4058
RID-001050,24,81255.32,16.7,16.6,14,3101.75,2232.55,0,1,2,4,branch,west,basic,5795.24
RID-001051,36,73329.55,37.7,19.2,11,1884.96,1097.53,1,0,2,4,online,east,premium,4964.79
RID-001052,46,102751.42,70.2,78.2,6,2099.99,1430.18,2,0,5,7,branch,west,enterprise,6003.89
RID-001053,29,99154.56,52,54.7,9,1351.67,1181.76,1,2,4,7,agent,west,plus,4346.92
RID-001054,44,75024.5,20.5,57.8,11,2407.86,1550.61,0,0,3,5,online,west,premium,4003.34
RID-001055,57,77922.65,23.8,192.9,8,862.32,636.71,2,0,3,6,agent,west,basic,3135.48
RID-001056,46,69298.9,30.3,51.3,6,670.77,530.38,1,1,2,3,agent,east,enterprise,3350.24
RID-001057,33,58128.67,50.1,30.9,6,891.72,636.44,1,1,5,7,agent,east,plus,3870.83
RID-001058,45,85093.09,24.5,85.3,14,2432.44,1251.91,2,0,1,3,agent,east,plus,5105.03
RID-001059,25,96584.48,26.3,65.9,5,1134.39,788.1,1,0,2,3,agent,west,plus,4153.17
RID-001060,41,36164.95,48.4,30.3,10,60,45.33,1,0,2,4,online,west,basic,2653.36
RID-001061,22,54966.03,48.1,19.9,4,963.07,500.79,1,0,3,4,partner,south,plus,3773.97
RID-001062,37,98748.38,30.8,59.5,8,1768.43,1205.09,0,0,3,6,agent,north,basic,4539.2
RID-001063,23,105285.28,20.4,31.9,6,1557.47,1380.41,1,0,2,5,agent,north,premium,4269.4
RID-001064,35,56434.24,14.3,23,7,1529.31,1334.85,0,1,2,5,partner,west,premium,3359.16
RID-001065,38,52205.04,26.2,26,8,1448.64,1056.88,0,0,0,2,online,south,plus,2841.03
RID-001066,52,45625.43,4.8,103.8,6,1454.34,924.46,1,2,2,4,online,east,basic,3055.62
RID-001067,46,97780.77,46.5,38.2,7,1609.82,1401.24,0,0,5,6,online,south,premium,5561.64
RID-001068,60,79092.19,27.2,51.7,15,1754.85,921.39,0,0,4,6,partner,south,premium,5447.98
RID-001069,55,73167.63,42.7,12.1,3,469.49,328.84,0,1,3,5,online,east,plus,3192.79
RID-001070,43,58243.23,62.2,13.9,15,2916.69,2202.16,0,1,6,8,branch,north,basic,6099.67
RID-001071,48,91058.06,52.4,8,4,660.94,409.7,1,0,5,7,branch,south,premium,3874.19
RID-001072,32,66087.43,19.9,46.8,11,2963.97,2385.03,0,0,2,4,online,west,plus,5294.77
RID-001073,42,104474.08,48.2,26.1,10,1415.02,1198.26,0,0,4,5,online,west,basic,5213.49
RID-001074,37,71295.89,52.2,5.2,6,759.47,604.23,2,0,4,5,branch,north,plus,4822.64
RID-001075,32,93062.61,25.6,163.1,11,1961.98,1373.98,2,1,3,4,agent,east,premium,4612.99
RID-001076,52,86732.54,22.7,45.4,4,462.09,275.38,1,0,2,5,online,west,plus,3141.46
RID-001077,36,78511.87,34.5,23.1,9,2211.99,1241.77,2,1,3,5,online,south,enterprise,4733.29
RID-001078,45,69249.63,13.6,84.3,7,425.28,264.46,0,0,1,2,branch,south,premium,2616.56
RID-001079,39,111848.07,56.6,58.1,13,1249.55,1043.28,1,0,4,6,agent,east,premium,5559.29
RID-001080,51,102496.29,2.3,56,9,1353.45,872.89,0,0,0,1,agent,east,premium,4558.03
RID-001081,46,55133.25,20.5,111.5,10,2096.07,1286.81,2,0,2,3,partner,north,premium,4029.84
RID-001082,27,111023.04,32.2,37.3,7,738.29,562.36,2,0,3,6,branch,west,plus,3860.76
RID-001083,45,48641.3,32.8,72.6,8,1874.69,1193.19,0,2,3,5,agent,east,plus,3737.91
RID-001084,68,87707.91,38.3,21,5,272.82,153.76,1,4,3,5,online,north,plus,2788.46
RID-001085,49,90477.46,39.8,16.8,6,1152.5,869.76,1,0,3,5,online,north,plus,4396.32
RID-001086,53,76011.07,33,18.2,3,284.99,224.08,2,1,1,2,agent,west,enterprise,3705.98
RID-001087,48,54847.58,51.9,52.4,4,502.68,366.56,2,0,5,8,online,west,basic,2838.23
RID-001088,58,56492.21,6,44.2,7,1905.17,1325.91,0,0,2,4,online,west,premium,4048.26
RID-001089,37,94514.1,36,29.1,6,1050.56,880.88,0,0,3,4,online,east,basic,4688.22
RID-001090,36,59820.87,26,57.8,6,749.51,607.21,0,0,3,5,online,north,plus,2783.38
RID-001091,38,76072.58,37.9,89.6,6,1077.49,672.61,0,0,3,6,branch,west,enterprise,3675
RID-001092,28,80339.77,39.1,12.8,8,2226.19,1781.66,0,0,3,5,online,east,plus,4716.96
RID-001093,32,62238.7,23.2,66.6,7,1101.9,971.74,0,0,3,6,branch,south,basic,3738.82
RID-001094,53,53372.17,27,80.9,8,1134.17,990.75,0,0,3,4,branch,east,plus,3751.79
RID-001095,35,49336.02,47.1,55.1,5,1147.69,586.44,0,0,3,6,partner,east,plus,3435.06
RID-001096,35,67291.99,40.9,63.2,4,449.52,321.16,1,1,4,7,online,east,plus,2193.97
RID-001097,55,97471.9,26.5,34.9,14,1774.1,1042.12,1,0,2,3,branch,north,plus,5038.68
RID-001098,47,73358.38,64.6,15.7,5,714.57,420.55,1,0,6,7,online,north,plus,4262.9
RID-001099,37,69973.57,68.3,89.6,5,1162.3,923.61,0,0,7,8,agent,east,plus,3985.37
RID-001100,35,111916.54,15.5,23.1,10,1570.14,1197.73,2,1,1,3,branch,north,basic,5107.48
RID-001101,40,104985.79,40.2,64.8,7,1204.05,751.2,1,0,4,6,online,west,plus,4806.3
RID-001102,43,93832.98,71.1,108.2,9,2125.22,1660.18,0,0,7,10,online,south,premium,5559.9
RID-001103,53,84981.5,47,88.5,11,2719.7,2122.5,0,0,3,5,online,east,plus,5576.27
RID-001104,46,87935.33,39.1,50.5,13,928.4,500.21,0,0,3,6,online,west,premium,4587.77
RID-001105,33,96852.03,33.1,50.7,11,1851.99,977.85,1,0,1,2,agent,north,basic,4878.11
RID-001106,40,82059.23,28.4,89.8,10,1114.62,881.57,1,3,3,6,online,north,basic,3718.77
RID-001107,29,96221.78,33,100.5,9,1798.43,1544.82,1,0,3,6,agent,west,plus,4984.98
RID-001108,37,81023.26,28.3,18.9,8,1354.78,863.27,1,1,3,4,online,west,plus,4120.64
RID-001109,59,97072.29,46.4,11.9,10,1653.1,931.29,1,0,4,6,online,west,plus,4635.9
RID-001110,29,47499.95,30.4,55,8,989.22,776.05,2,0,2,4,online,north,basic,3593.71
RID-001111,37,53622.17,29.8,64.8,6,900.77,551.57,0,0,2,5,partner,west,basic,3562.42
RID-001112,50,107136.12,19.2,44.9,12,715.29,388.94,0,0,3,5,partner,north,enterprise,4676.52
RID-001113,44,103491.34,35.3,46.2,8,1842.1,1033.83,3,0,4,7,online,west,premium,6007.78
RID-001114,39,58573.91,23.5,31.6,7,1114.04,924.9,0,0,2,4,agent,north,plus,3692.29
RID-001115,35,53682.6,33.5,51.4,11,1869.36,1617.42,1,1,3,6,agent,west,basic,3589.01
RID-001116,34,98020.13,50.6,10.6,8,1360.58,848.3,0,0,4,6,online,north,basic,4828.28
RID-001117,49,70983.54,41.1,62.2,10,2056.68,1816.21,2,1,3,5,online,north,basic,3972.14
RID-001118,41,77697.42,43.1,80.9,5,1318.44,1109.68,0,1,4,6,agent,east,premium,3989.89
RID-001119,45,104438.49,41,63.1,9,1359.81,1047.17,3,2,3,4,agent,north,plus,4971.16
RID-001120,49,87913.24,36.8,18.8,3,583.66,447.03,1,1,3,6,agent,west,plus,4206.84
RID-001121,28,77940.36,34.2,31.2,6,483.18,334.59,1,1,5,8,online,west,premium,4301.27
RID-001122,25,103345.23,31.7,52.4,7,972.06,562.62,2,1,3,6,agent,south,premium,4337.47
RID-001123,46,41027.41,46.6,40,9,1214.44,819.43,2,0,4,6,partner,east,enterprise,4328.17
RID-001124,51,62997.41,20.8,52,8,1155.76,741.5,3,1,3,4,online,east,plus,4214.12
RID-001125,42,139522.1,54.8,55.7,8,1787.72,1369.54,0,0,4,5,online,east,plus,5882
RID-001126,50,91779.23,36.5,18.8,11,2000.5,1290.03,0,0,3,5,online,north,enterprise,5116.67
RID-001127,27,109372.51,25.5,59.9,4,693.52,591.55,0,0,2,5,agent,west,basic,3270.58
RID-001128,39,58508.87,29.2,170.3,6,966.61,697.81,0,0,2,3,online,north,plus,3022.32
RID-001129,37,117785.77,26.5,32.5,4,679.07,389.62,2,0,4,5,partner,east,premium,4464.51
RID-001130,37,49286.13,38.2,24.2,5,912.7,500.77,0,0,2,3,branch,south,premium,3217.29
RID-001131,47,88435.33,26,54.1,14,1816.12,1138.96,0,1,3,4,branch,north,premium,5150.47
RID-001132,18,83070.47,52,48.8,10,1166.5,676.48,2,1,3,4,online,north,premium,4348.26
RID-001133,37,56951.95,25.1,82.9,1,237.64,198.48,1,1,1,4,online,west,enterprise,2606.81
RID-001134,52,88341.54,4.2,67.2,3,593.12,466.34,1,0,0,1,partner,south,basic,2278
RID-001135,38,18000,25.8,84.1,7,323.56,219.41,1,0,2,4,online,north,premium,2508.37
RID-001136,31,92616,7.9,32.3,9,1527.44,903.78,0,1,0,2,online,north,enterprise,3788.75
RID-001137,45,75485.61,35.4,81.5,8,1381.39,903.06,1,1,2,5,branch,west,plus,3799.12
RID-001138,29,62221.76,50.8,70.8,12,2003.39,1244.55,1,0,5,6,agent,north,premium,5113.38
RID-001139,50,45230.76,45.1,96.4,11,1266.52,693.15,2,0,3,5,branch,north,plus,2863.44
RID-001140,34,47964.94,17.3,104.4,7,902.68,729.01,0,0,2,3,online,north,premium,2903.23
RID-001141,55,51609.61,25.3,22.3,9,2000.47,1734.72,0,0,4,6,partner,east,premium,4764.53
RID-001142,45,53579.23,60.9,19.6,7,1076.3,821.52,1,0,4,7,online,west,plus,3339.56
RID-001143,30,75139.78,40.5,29.7,5,843,426.8,2,2,4,6,online,west,premium,3215.85
RID-001144,40,43980.8,36.1,106,9,1289.78,950.47,2,0,3,4,online,south,plus,2625.39
RID-001145,41,60186.95,50.8,55.1,10,1291.97,986.44,2,1,3,5,online,west,enterprise,3870.71
RID-001146,48,37520.65,70.3,12.6,5,169.05,135.72,1,0,6,9,online,south,basic,2401.19
RID-001147,28,118220.21,54.2,38,4,491.58,267.64,1,0,5,8,online,north,plus,4261.76
RID-001148,50,85487.69,38,11.1,7,1075.85,726.69,0,0,4,5,branch,east,plus,4313.35
RID-001149,32,20141.35,41,148.9,8,717.81,582.5,2,1,4,5,partner,south,plus,2691.04
RID-001150,24,89177.65,44.6,65.2,18,4192.15,2363.99,0,1,3,5,agent,east,basic,7634.8
RID-001151,40,131572.21,27.4,16.3,6,1048.62,725.55,1,0,2,4,branch,east,plus,4317.77
RID-001152,34,81345.96,21.2,58.6,10,1210.1,733.76,1,0,1,2,agent,south,plus,3822.87
RID-001153,42,85757.55,36.7,192.9,5,1156.97,675.85,0,0,4,5,online,west,plus,3486.89
RID-001154,57,86670.61,22.7,60.3,11,2366.63,1730.71,1,0,1,3,online,north,basic,5619
RID-001155,40,115656.62,35.1,13.6,5,738.95,399.09,1,0,2,4,agent,west,premium,4298.3
RID-001156,58,121590.75,37.3,33.6,4,564.91,371.3,0,0,3,6,online,north,premium,3929.83
RID-001157,62,81740.42,68.8,71.6,13,2095.95,1115.41,2,1,7,8,branch,east,basic,4883.71
RID-001158,62,33709.14,24.1,129.5,4,678.66,404.44,1,0,1,4,branch,north,premium,2206.79
RID-001159,44,73647.41,34.3,75.1,7,598.69,349.26,0,0,4,7,partner,north,premium,2960.15
RID-001160,55,40268.72,33.7,68.2,4,645.97,425.22,0,0,3,6,online,north,plus,2413.79
RID-001161,55,45163.96,42.1,18.1,4,456.54,267.01,0,0,3,5,agent,south,basic,3313.87
RID-001162,55,96880.93,50.7,72.2,7,1509.53,1060.21,0,0,4,6,branch,west,basic,4857.32
RID-001163,42,71444.89,29.1,118.6,5,863.31,677.15,1,0,1,2,agent,south,basic,3338.32
RID-001164,55,67601.6,24.5,22.8,1,188.15,156.33,0,1,2,3,online,north,enterprise,2823.19
RID-001165,52,86428.69,13,22.6,7,1414.52,854.8,1,0,2,4,online,south,plus,4025.51
RID-001166,45,92982.9,23,22,4,714.63,609.24,0,0,1,2,online,west,plus,3400.16
RID-001167,33,57817.57,43.5,58.8,12,1391.66,1244.2,1,0,4,6,branch,south,plus,4050.86
RID-001168,48,107494.69,36.6,40.2,7,1755.66,1557.21,0,0,3,4,branch,west,plus,4937.27
RID-001169,46,57490.29,21.8,131.2,9,812.1,610.49,0,1,2,4,online,west,premium,3349.28
RID-001170,28,90093.13,30.8,106.8,6,1034.51,740.11,0,0,3,6,online,west,premium,4047.64
RID-001171,31,69830.96,36.4,70.7,4,1077.45,892.07,0,0,4,6,partner,north,premium,3781.27
RID-001172,54,72489.25,43.1,56.9,6,1133.37,714.53,2,0,4,6,partner,south,basic,4173.88
RID-001173,40,68995.52,27.7,11.6,10,2036.21,1021.81,1,0,3,5,branch,south,plus,4725.65
RID-001174,50,97485.41,32.5,37.3,7,476.21,327.31,0,0,3,5,agent,north,plus,3886.6
RID-001175,39,94173.53,10.5,45.1,5,758.15,423.75,0,1,2,3,agent,west,premium,4215.89
RID-001176,29,76226.4,19.9,124.1,11,2372.04,1661.82,1,0,2,3,online,east,plus,4264.16
RID-001177,35,100760.49,58.6,46.3,10,1620.99,1230.82,2,0,5,7,branch,east,plus,5414.26
RID-001178,19,47079.62,5.4,94.9,5,290.5,177.8,3,0,0,2,online,south,enterprise,2286.02
RID-001179,47,85155.32,31.3,61.5,7,1373.64,1233.48,0,0,3,4,online,east,premium,4160.92
RID-001180,28,47250.95,39.1,70.5,12,2219.48,1297.61,0,0,2,4,agent,west,plus,4418.8
RID-001181,63,18000,30.8,33,7,873.3,706.98,1,0,2,3,agent,north,basic,2948.91
RID-001182,34,41313.39,24.7,12.5,6,1449.2,750.37,2,0,3,5,online,south,basic,3642.03
RID-001183,44,93152.8,35.1,79.2,4,607.16,456.18,0,0,5,6,online,east,plus,4274.08
RID-001184,32,73044.76,35.9,92.5,8,851.39,433.18,2,0,4,6,partner,south,plus,3871.73
RID-001185,27,78054.01,34.9,7.4,5,628.3,471.77,0,3,2,5,agent,south,plus,3411.44
RID-001186,41,57036.4,9.7,30.7,7,939.97,493.4,2,0,2,3,online,north,plus,3441.03
RID-001187,35,60167.67,33.9,42.3,4,629.66,530.06,2,0,3,6,online,south,basic,2767.41
RID-001188,65,50441.45,24,73,7,1104.31,980.4,0,0,2,4,agent,north,premium,3577.36
RID-001189,39,72779.93,28.3,14.8,6,599.77,422.08,2,0,4,5,branch,east,basic,3771.79
RID-001190,18,79351.17,39.2,155.9,9,1936.25,1156.65,0,0,4,6,online,west,basic,4245.2
RID-001191,42,75237.52,45,39.3,8,1347.31,867.01,1,1,5,7,online,south,plus,4336.96
RID-001192,33,74155.52,48.6,62.6,5,1141.6,842.9,0,0,5,7,agent,north,basic,4826.14
RID-001193,37,71005.88,29.1,44.9,10,1053.55,599.05,1,0,3,5,agent,east,enterprise,3755.06
RID-001194,34,77537.91,48.9,97.2,6,1229.15,967.65,1,0,4,7,online,north,enterprise,4373.99
RID-001195,32,89888.46,52.4,74.6,9,1457.21,1030.9,1,0,4,6,branch,east,premium,4331.87
RID-001196,25,57800.1,51.9,91.6,8,1593.46,1358.65,3,0,4,7,online,south,premium,3670.24
RID-001197,44,86287.36,55.5,34.5,5,60,43.02,0,0,5,8,agent,north,plus,4192.92
RID-001198,42,98862.29,34,59.1,3,437.01,220.75,0,0,3,4,branch,east,basic,3455.72
RID-001199,41,46888.11,33.6,71.3,9,1610.98,1192.32,1,0,4,5,online,south,enterprise,4141.11
RID-001200,38,59339.06,47.6,178.7,7,1120.48,728.57,0,1,4,7,agent,west,basic,3857.61
RID-001201,58,67975.88,16.9,81.4,8,1363.72,976.08,1,0,1,4,agent,east,basic,2855.18
RID-001202,35,53319.8,38.9,46.4,11,1949.36,1704.95,0,0,3,5,online,west,basic,4434.39
RID-001203,37,65383.42,28.6,115.1,4,739.59,499.32,1,0,2,3,agent,west,basic,3285.24
RID-001204,58,62599.38,30.8,29.4,6,933.63,587.26,0,0,2,4,online,south,basic,3363.3
RID-001205,45,109809.21,11.6,62.7,4,498.95,437.72,1,1,2,5,branch,south,plus,3819.54
RID-001206,36,81905.74,23.5,60.1,7,1800.11,1266.67,0,0,2,3,branch,south,plus,4764.91
RID-001207,34,108181.23,35.7,34,11,2046.27,1405.21,0,0,1,4,online,east,premium,5180.47
RID-001208,37,72297.23,48.4,39.3,7,1021.59,889.96,0,0,4,6,branch,east,plus,4307.88
RID-001209,39,75735.52,49.9,64.5,6,656.81,416.15,1,0,4,6,branch,south,plus,3662.79
RID-001210,41,72704.54,34.9,10.6,9,2310.7,1395.41,2,0,3,4,online,west,basic,4630.37
RID-001211,57,71080.18,33.3,50.6,12,1775.83,1018.2,0,0,3,5,branch,east,premium,4839.34
RID-001212,28,132107.37,24.4,5.9,4,371.4,328.46,4,1,2,4,agent,east,plus,4956.15
RID-001213,43,102158.95,41.6,4.9,11,2773.62,2293.08,0,0,5,8,partner,west,premium,6569.07
RID-001214,49,79234.83,32.5,88.4,6,463.39,385.14,0,0,2,4,branch,east,basic,3399.25
RID-001215,49,31860.08,44.5,43.7,5,928.55,757.09,2,0,4,7,branch,north,basic,2569.52
RID-001216,39,66418.76,60.5,74.7,8,1716.52,1397.75,0,0,6,8,online,west,premium,4345.44
RID-001217,34,96049.84,35.5,59.1,6,827,515.17,2,0,4,6,online,north,premium,4473.06
RID-001218,46,82624.9,15,105.8,8,898.36,475.29,0,1,3,4,branch,east,plus,3884.37
RID-001219,49,69843.96,23.9,40.3,7,1365.14,860.65,2,0,1,4,branch,north,enterprise,4240.97
RID-001220,41,93336.42,15.6,30.7,4,486.96,296.55,0,0,1,2,online,south,enterprise,3473.6
RID-001221,38,81992.28,19.2,36.6,7,1235.04,865.28,1,0,2,3,online,north,basic,3623.25
RID-001222,55,60072.74,54.3,6.3,5,1079.67,765.82,0,0,5,8,online,west,plus,3426.93
RID-001223,39,80053.85,39.2,76.3,5,593.18,391.95,3,0,4,6,online,north,plus,3767.4
RID-001224,41,91723.96,14.7,6.8,12,2844.68,1662.33,0,0,1,4,agent,east,premium,5880.35
RID-001225,56,91975.88,45.2,61.6,5,693.45,455.77,0,0,4,6,agent,east,plus,3979.19
RID-001226,42,72413.97,53.6,73.5,9,1864.15,1144.33,1,0,6,7,online,west,basic,5095.65
RID-001227,42,63757.06,31,15.8,7,1132.93,741.25,0,0,3,4,online,east,premium,4215.89
RID-001228,40,74433.19,26.5,17.3,5,833.56,606.19,0,0,3,6,agent,west,basic,4025.81
RID-001229,57,88614.58,31.3,13.8,12,1747.75,1315.98,1,1,3,4,online,east,plus,4902.59
RID-001230,42,82285.77,40,20.3,2,411.21,266.63,1,0,5,6,agent,south,basic,3456.29
RID-001231,56,100072.13,45,34.6,8,1673.66,1072.7,1,0,4,5,partner,south,plus,4984.1
RID-001232,50,68504.51,52.6,25.3,10,2325.76,1185.66,1,1,5,8,agent,west,enterprise,5233.73
RID-001233,43,74969.85,53,30.2,9,841.32,678.13,1,0,3,5,branch,south,plus,4172.26
RID-001234,52,72094.36,52.6,20.6,7,1887.37,1545.06,0,0,4,7,partner,north,premium,4256.12
RID-001235,36,84371.63,55.1,134.3,10,1611.69,821.95,0,0,5,6,branch,west,plus,4797.87
RID-001236,61,52932.38,45.3,46,7,1247.92,751.42,0,0,4,5,agent,east,premium,4248.27
RID-001237,35,103131.13,14.6,26.5,9,1525.59,1319.21,0,1,1,4,online,south,enterprise,4240.79
RID-001238,46,70223.8,34.2,17.4,6,1042.05,719.78,2,0,2,4,partner,west,plus,4005.73
RID-001239,51,105752.96,40.4,63.3,6,839.37,522.55,1,1,3,4,online,south,premium,4005.12
RID-001240,45,106777.8,30.6,45.7,6,1300.96,1035.46,0,0,1,4,agent,east,basic,4451.14
RID-001241,54,47244.24,48.8,78.8,5,987.05,575.35,1,0,3,6,online,west,plus,2801.58
RID-001242,57,81383.85,31,43.8,8,1073.3,912.5,0,0,3,4,agent,south,premium,4370.28
RID-001243,31,88173.7,23,71.8,6,930.81,837.49,2,1,2,5,branch,south,basic,3100.91
RID-001244,39,75348.1,56.2,26.2,9,1816.3,1294.36,1,2,6,7,agent,north,plus,4463.2
RID-001245,47,88425.83,45.3,7.9,7,1521.35,1364.35,2,0,4,5,partner,north,enterprise,5372.32
RID-001246,44,57972.22,39.1,27.3,10,2084.37,1093.5,0,0,3,4,agent,east,premium,4891.39
RID-001247,40,96609.52,49,18.3,6,1305.58,1050.47,2,1,4,7,agent,south,premium,4391.99
RID-001248,46,81686.37,50.9,19.2,10,2121.7,1644.95,0,1,4,5,branch,north,basic,5849.62
RID-001249,34,71485.1,40.8,70.4,4,395.75,294.28,0,0,4,6,online,north,basic,2497.24
RID-001250,37,23355.25,1.6,59.6,8,1527.03,1370.23,0,0,1,3,partner,north,basic,3248.12
RID-001251,54,92989.68,26.5,46.8,8,1515.29,964.84,1,0,1,4,branch,west,premium,4478.17
RID-001252,45,45894.06,29.6,29.9,6,945.98,503.35,0,0,2,4,partner,south,premium,3120.92
RID-001253,56,106172.89,22.2,65.1,8,240.56,176.43,1,1,4,7,online,west,premium,3802.17
RID-001254,20,98355.48,38.8,38.1,4,352.96,291.7,3,0,4,7,online,south,plus,4248.09
RID-001255,31,48074.28,52.7,49.9,4,718.28,600.47,1,2,4,7,online,east,premium,3264.74
RID-001256,29,44625.36,29.2,73,2,363.86,317.33,0,0,0,2,online,east,basic,2016.27
RID-001257,45,85023.78,20.1,34.7,5,989.69,580.32,0,0,2,3,agent,west,premium,4219.95
RID-001258,58,103251.44,64.4,31.3,7,1271.41,855.43,4,1,6,8,online,south,enterprise,5536.87
RID-001259,28,81106,29.7,89.5,5,734.84,427.46,2,0,2,5,agent,south,basic,3088.19
RID-001260,41,82106.98,18.7,32.2,6,1186.56,903.95,1,0,2,4,online,north,plus,4325.17
RID-001261,55,79518.35,39.3,41.6,6,751.52,426.45,0,3,4,7,agent,west,enterprise,3123.79
RID-001262,31,111793.09,42,89.3,7,1166.34,968.76,1,0,4,7,agent,west,enterprise,5204.57
RID-001263,64,87424.36,26.1,37,5,1328.67,738.61,1,0,2,5,agent,north,premium,4395.79
RID-001264,30,50171.06,47.1,29.7,8,752.34,599.31,1,0,4,5,branch,north,plus,3495.11
RID-001265,33,105380.17,29.2,124.5,4,517.46,391.26,2,2,3,6,partner,west,basic,3588.6
RID-001266,24,97922.81,23.1,66.7,5,595.37,451.05,0,0,2,3,branch,north,basic,3727.55
RID-001267,47,75879.61,38.5,19.1,7,582.97,516.47,1,0,2,3,partner,south,basic,3982.12
RID-001268,25,72783.32,46.8,45.2,11,996.85,874.89,0,0,3,6,agent,north,plus,3678.59
RID-001269,43,107240.86,27.1,28.7,7,1656.09,829.24,2,0,3,6,branch,west,premium,5265.96
RID-001270,42,89421.99,40.6,37.6,3,539.1,419.88,0,0,3,6,agent,west,premium,3814.07
RID-001271,36,71746.05,34.7,106.9,3,574.23,298.94,1,0,2,4,branch,east,plus,3131.01
RID-001272,37,102453.26,75.5,9,9,2270.24,1895.27,0,0,6,7,online,east,enterprise,6399.52
RID-001273,38,69192.21,26.1,9.8,12,1332.86,1174.45,0,0,3,4,agent,south,plus,4415.99
RID-001274,46,72203.11,55.4,63.7,10,2342.6,1933.61,1,1,3,6,online,east,premium,5123.29
RID-001275,34,39495.62,35.3,26.8,11,1555.78,1204.38,0,0,1,3,online,west,plus,3958.69
RID-001276,33,68559.02,34.2,23.3,5,553.48,445.67,0,0,3,6,branch,south,premium,3151.16
RID-001277,30,133346.82,46.1,12.1,8,1697.06,1507.9,1,0,4,5,agent,south,enterprise,5810.62
RID-001278,52,42140.2,48.5,106.4,3,619.24,395.87,1,0,5,6,online,south,premium,3698.98
RID-001279,56,48263.32,53.7,96.4,2,592.84,366.85,0,0,4,5,online,north,plus,2876.8
RID-001280,47,96989.48,40.6,37.7,9,1528.38,1333.78,2,0,2,4,branch,west,premium,4901.71
RID-001281,26,59917.88,27.6,26.4,4,257.85,207.25,0,0,3,5,partner,west,basic,2668.39
RID-001282,42,95859.61,28.5,67.8,3,324.73,202.9,0,2,3,6,agent,east,basic,2648.91
RID-001283,47,112118.7,43.1,83.5,5,810.54,701.58,0,1,4,6,branch,west,enterprise,4776.73
RID-001284,51,69113.98,44.1,55.1,5,1197.9,1035.51,2,0,4,7,branch,north,enterprise,4368.54
RID-001285,42,64151.68,55.6,41.2,5,663.65,417.53,1,0,6,7,partner,east,premium,3424.07
RID-001286,34,99361.73,41.9,16.5,5,623.37,402.29,1,1,3,5,partner,east,basic,3293.79
RID-001287,63,88615.87,50.8,50,7,692.42,587.82,0,0,5,6,agent,south,premium,3980.88
RID-001288,42,108487.34,57.2,154.7,2,382.2,309.67,1,0,5,6,online,north,plus,4712
RID-001289,34,72428.72,38.3,20.9,7,1103.93,751.89,1,0,2,3,online,east,plus,4418.37
RID-001290,46,86392.56,15.2,10.5,7,1524.48,1323.13,0,0,0,1,branch,north,premium,4050.9
RID-001291,53,62977.96,19.5,39,7,1510.55,907.34,0,1,1,3,agent,south,plus,3666.34
RID-001292,38,52606.29,15.9,88.7,10,2286.95,1660.66,0,2,1,2,agent,north,premium,4248.71
RID-001293,47,54608.85,58.3,93,10,1192.08,881.19,0,1,4,5,agent,west,premium,3969.29
RID-001294,44,55691.94,24.1,29.8,4,749.75,392.89,3,0,3,4,branch,south,enterprise,3864.1
RID-001295,40,110432.74,53.2,29.3,5,966.61,576.55,1,1,4,7,online,west,basic,4721.1
RID-001296,39,95663.76,44.2,112.5,8,824.76,551.7,0,0,3,6,agent,west,premium,4418.48
RID-001297,45,78717.09,60,50.4,4,700.89,587.92,3,0,4,7,online,north,basic,3698.51
RID-001298,18,73881.47,50,77.6,8,1444.2,1265.15,2,0,4,6,agent,west,basic,5014.03
RID-001299,41,73064.51,34.6,40.1,9,1679.44,1063.34,0,0,2,3,branch,south,plus,4741.96
RID-001300,30,102771.91,33.2,72.1,9,1856.52,941.71,0,0,2,5,branch,north,basic,4765.78
RID-001301,31,75997.88,37.2,47,7,1164.59,641.98,1,2,2,3,agent,north,plus,3711.29
RID-001302,45,40266.95,38.5,102.5,7,1129.84,663.74,0,0,3,5,online,south,plus,2979.51
RID-001303,38,73236.98,28.6,22,8,139.28,89.43,1,0,4,6,agent,east,basic,3621.08
RID-001304,39,37174.17,35.5,14.8,8,1624.98,824.47,0,1,1,3,branch,west,basic,3999.91
RID-001305,41,65742.45,58.5,62.9,4,853.33,627.96,0,0,5,8,partner,south,premium,3456.5
RID-001306,22,58476.93,12.2,6.2,8,1760.57,1001.58,0,0,1,4,online,north,plus,3745.55
RID-001307,25,38137.43,39.6,61.3,3,558.6,497.99,1,1,3,6,online,north,plus,3299.57
RID-001308,56,39210.31,23.3,91.5,4,613.96,336.05,3,0,4,5,online,north,premium,2893.29
RID-001309,32,75534.39,38.6,61.9,9,2084.84,1807.34,0,1,3,6,online,east,basic,5054.23
RID-001310,38,86567.08,47.8,49.5,4,714.29,612,0,0,3,4,online,west,basic,4050.87
RID-001311,47,85659.99,35.2,68.8,8,1083.27,578.1,0,0,3,6,agent,west,premium,3689.63
RID-001312,39,56888.22,46.8,49.1,8,739.78,536.42,0,1,3,5,agent,south,basic,3343.85
RID-001313,41,55970.87,13.7,11.9,8,1359.52,724.21,0,2,2,4,online,north,premium,3158
RID-001314,22,78664.34,51.5,41.2,8,988.67,603.91,1,1,4,7,online,east,plus,3906.56
RID-001315,30,96044.64,27.6,21.2,7,729.38,435.95,2,0,3,4,agent,north,premium,4030.71
RID-001316,44,96224.57,44.7,114,6,326.19,203.51,1,1,3,5,partner,west,premium,3278.76
RID-001317,43,77240.41,38.6,73.7,7,1134.48,946.42,0,1,3,5,online,west,plus,3613.79
RID-001318,52,55380.68,1,39.9,7,1406.41,1238.22,0,1,1,4,online,north,basic,2728.41
RID-001319,49,89824.37,25.4,56.7,12,167.84,110.54,0,0,2,5,agent,east,plus,3528.26
RID-001320,37,82375.83,39.1,35.9,8,2054.56,1180.66,0,0,2,4,online,south,basic,5099.29
RID-001321,43,64014.49,57.8,109.2,6,1020.95,595.76,0,0,4,7,online,south,basic,3680.25
RID-001322,35,53034.71,40,23.1,7,1037.4,685.02,1,0,3,5,online,north,plus,4263.59
RID-001323,48,64413.23,39.6,147.2,6,1088.61,814.94,3,0,3,6,partner,south,basic,3784.64
RID-001324,34,100180.29,16.2,93.4,5,691.86,563.6,0,0,2,4,agent,south,enterprise,3629.63
RID-001325,46,103387.88,56,19.3,6,1004.89,520.07,3,0,6,7,online,south,basic,5113.36
RID-001326,46,68774,61.3,32.8,5,1100.68,719.65,1,0,4,6,online,east,plus,4325.3
RID-001327,56,79908.33,36.4,53.9,13,2317.22,1773.95,0,1,2,5,agent,south,plus,5468.3
RID-001328,33,109320.86,32.9,64.6,6,1073.78,750.28,0,1,2,4,partner,north,basic,4184.03
RID-001329,42,46530.11,13.3,89.7,6,869.93,626.84,2,1,0,2,partner,west,premium,3079.96
RID-001330,28,65101.65,48.4,32.3,7,1058.86,903.77,0,0,3,6,branch,south,basic,3945.16
RID-001331,51,70899.51,73.8,21.7,9,930.67,742.63,0,0,6,8,branch,east,enterprise,4958.84
RID-001332,40,83144.15,46,44.3,8,1435.42,941.19,2,1,2,4,agent,south,plus,4138.98
RID-001333,35,40444.08,53.7,22.4,11,1173.66,666.27,0,0,4,7,online,south,premium,3754.41
RID-001334,31,84716.31,43.6,32.1,6,1389.11,910.83,3,0,4,7,partner,north,plus,4068.01
RID-001335,34,44158.43,22.2,17,6,763.04,513.07,1,0,1,2,online,south,enterprise,3146.07
RID-001336,39,94538.77,54.7,173.6,7,1544.93,975.33,0,1,4,5,online,north,basic,4351.8
RID-001337,38,73755.58,18.7,71.4,6,1383.71,1085.28,1,0,0,3,branch,north,plus,3198.67
RID-001338,56,65101.11,33.1,42.1,11,2448.07,1453.17,0,1,3,6,agent,west,enterprise,5292.21
RID-001339,39,93699.14,39.9,72.5,6,825.75,617.07,1,0,3,6,online,west,basic,3806.36
RID-001340,42,76228.45,48.4,44.1,6,1576.92,1389.23,1,1,4,7,agent,west,plus,4545.1
RID-001341,22,55596.82,41.8,26.9,8,522.69,286.67,1,1,4,7,branch,south,premium,2948.53
RID-001342,36,94757.64,41.4,64.1,6,1497.73,1027.47,1,0,4,5,online,east,plus,4294.09
RID-001343,61,69641.55,25.3,15.2,4,154.41,102.46,0,2,2,4,agent,west,basic,3688.22
RID-001344,59,81745.55,17.9,24.1,7,756.97,552.68,0,0,2,5,branch,west,basic,3953.06
RID-001345,19,103305.98,36.9,83.8,8,1252.67,802.23,0,0,3,5,online,south,basic,4775.79
RID-001346,58,45155.55,26.1,49.5,9,1109.65,741.47,1,0,2,4,partner,north,plus,3092.6
RID-001347,39,90535.39,17.7,76.4,9,369.84,194.31,0,0,3,4,agent,east,premium,3947.04
RID-001348,29,94237.76,18.3,55.7,6,438.18,238.73,0,1,1,2,online,west,premium,3571.99
RID-001349,48,122212.95,29.1,14.4,8,1588.21,987.55,0,1,2,5,online,south,plus,5204.52
RID-001350,49,36261.17,10.1,31.7,4,114.24,88.11,0,0,1,3,online,north,plus,2561.54
RID-001351,49,92601.72,17.1,88.4,11,2396.38,1933.34,0,0,2,3,partner,north,premium,5945.6
RID-001352,46,122395.88,13.1,40.6,10,2208.2,1518.11,0,0,2,4,agent,east,premium,5972.49
RID-001353,57,83584.69,38.6,76.9,6,1501.56,1266.95,1,0,2,5,branch,north,plus,3892.53
RID-001354,41,76542.42,41.7,46.2,4,712.81,637.42,0,0,3,6,partner,west,enterprise,3343.4
RID-001355,48,68201.08,64.1,16.1,7,1114.22,927.44,0,0,5,7,online,east,plus,4459.19
RID-001356,67,39570.96,15,81.3,7,1069.26,791.74,2,0,1,3,online,north,premium,2405.28
RID-001357,43,103710.03,26.5,34.9,3,1144.4,924.25,1,2,3,5,agent,east,enterprise,3968.02
RID-001358,27,48761.87,48.8,117.8,7,1596.43,985.77,1,1,4,7,agent,north,basic,3352.22
RID-001359,57,36367.29,33,39.5,6,1190.43,755.03,1,0,3,5,partner,north,basic,3627.44
RID-001360,43,92137.89,31.4,28.3,8,1399.81,827.82,1,1,2,4,branch,east,premium,4991.71
RID-001361,30,97354.41,59.9,32.1,8,2036.12,1264.09,1,0,4,7,agent,south,plus,5529.04
RID-001362,59,93810.48,31.3,54.4,11,815.18,657.68,1,0,2,3,branch,west,basic,4745.41
RID-001363,53,93231.13,19.8,7.3,10,2250.46,1185.97,1,0,2,5,branch,north,basic,5207.29
RID-001364,41,55143.9,17.6,32.4,4,537.93,419.39,0,0,3,4,agent,west,basic,3291.95
RID-001365,45,73876.63,40.7,4,6,60,51.44,1,2,3,5,online,west,plus,3444.58
RID-001366,24,67823.7,40.3,82.8,7,1629.95,1257.18,1,0,2,5,online,north,premium,3868.3
RID-001367,43,56923.21,16.8,46,12,1269.06,997.51,1,0,1,3,agent,north,plus,3933.82
RID-001368,20,83083.08,22.2,81.5,3,488.73,353.19,1,0,2,4,agent,east,basic,3025.41
RID-001369,29,52981.21,43.5,124.6,7,990.03,551.44,1,0,3,4,agent,north,premium,3041.45
RID-001370,57,71721.35,44.1,26.4,4,501.55,367.48,0,1,3,6,online,west,plus,3520.07
RID-001371,44,106033.42,27,83.8,7,1682.35,1488.69,1,1,3,6,partner,west,plus,5054.68
RID-001372,24,73160.15,44.7,21.8,10,1573.63,1243.97,1,0,4,6,partner,west,basic,5357.37
RID-001373,35,71856.7,44,5.4,4,829.67,703.51,0,1,3,5,online,north,basic,3154.11
RID-001374,50,92065.89,11,62,11,929.02,750.31,0,1,0,1,online,south,basic,3783.19
RID-001375,39,48921.15,31.6,22.7,6,1223.87,837.4,1,1,2,4,agent,north,enterprise,4162.67
RID-001376,43,82279.81,41.8,134.6,7,952.83,837.41,1,0,4,5,agent,west,basic,4245.19
RID-001377,40,100031.58,28,71.3,9,1519.74,1180.96,1,0,1,3,partner,north,basic,4396.88
RID-001378,29,87909.86,6.1,5.9,5,435.68,265.37,0,0,2,4,online,south,plus,2844.6
RID-001379,55,59212.54,32,44.5,7,1316.53,719.25,1,0,3,5,online,north,basic,4223.9
RID-001380,24,93342.57,46.5,27,10,2053.04,1184.92,0,0,5,8,agent,west,premium,4797.01
RID-001381,38,66254.39,58.1,74.5,10,853.99,492.41,0,1,4,6,agent,east,enterprise,4285.13
RID-001382,28,92137.19,5.3,36.5,8,1309.11,1037.46,3,0,0,3,branch,south,basic,3386.57
RID-001383,39,54140.57,72.6,98,6,640.03,524.45,0,1,5,7,online,west,enterprise,3340.92
RID-001384,41,51672.32,20.2,68.8,10,2460.02,1456.91,2,0,2,5,online,north,premium,3816.15
RID-001385,39,108108.21,49.4,168.2,10,1778.18,1402.68,1,0,4,6,online,east,enterprise,5000.89
RID-001386,43,71024.99,53.3,61.8,6,1036.56,735.86,0,0,4,5,branch,north,premium,4725.31
RID-001387,49,71170.79,49.8,27.1,6,2031.39,1265.91,1,0,4,7,partner,east,enterprise,4926.85
RID-001388,22,47753.63,38.1,42.2,5,984.33,782.07,0,0,3,6,agent,north,enterprise,3341.98
RID-001389,42,64198.81,19.7,23.3,5,723.8,649.96,0,0,1,4,agent,north,enterprise,3080.76
RID-001390,54,106186,44.8,17.2,7,1271.54,645.81,0,1,4,7,online,south,basic,4581.38
RID-001391,58,85814.32,26,51.2,6,1012.75,749.03,0,0,1,2,branch,south,plus,4334.42
RID-001392,51,74500.28,1,64.1,11,2627.5,1550.89,2,0,0,2,branch,east,basic,3906.98
RID-001393,28,35158.33,75.6,34.4,6,740.56,395.66,0,0,6,7,online,south,plus,3244.19
RID-001394,34,92371.81,45.9,45.8,5,1512.88,1105.26,1,0,3,4,agent,south,basic,4789.58
RID-001395,50,84080.45,61.5,19.1,8,1043.5,757.06,0,1,5,8,agent,south,premium,3924.14
RID-001396,53,99649.52,23.2,25.9,7,1068.93,766.89,2,1,1,3,agent,east,basic,3489.27
RID-001397,37,65783.28,56.5,30.1,2,233.32,127,0,0,4,7,branch,east,basic,3126.61
RID-001398,39,86453.05,58.3,7.1,6,798.02,614.65,0,0,5,7,partner,north,premium,3761.58
RID-001399,49,62359.76,57.8,27.5,6,1519.99,1089.06,1,1,4,6,branch,north,basic,4992.97
RID-001400,52,43930.39,35.7,16.6,6,1042.94,826.51,3,0,3,5,branch,north,premium,3888.66
RID-001401,37,34173.66,19.2,31.3,9,965.25,800.2,0,0,0,1,agent,east,plus,3251.26
RID-001402,31,90166.12,33.5,5.3,7,1008.25,906.12,1,0,2,5,agent,east,basic,4788.1
RID-001403,25,67244.72,5.2,57.1,6,1400.47,811.27,1,0,0,2,online,south,basic,3673.21
RID-001404,35,72740.51,12.2,96.1,5,1081.58,951.72,0,0,1,3,branch,west,plus,2978.66
RID-001405,26,40197.23,37.3,38,5,817.1,562.32,1,0,2,5,partner,east,basic,3270.54
RID-001406,34,110262.43,22.1,58.3,3,493.07,285.73,1,1,2,3,agent,west,plus,4127.39
RID-001407,53,62276.63,33.7,44.6,8,2933.59,1818.74,1,0,3,5,agent,west,plus,5425.57
RID-001408,46,36413.24,34.5,70.4,8,996.45,825.8,0,0,2,5,partner,east,enterprise,2787.47
RID-001409,36,45942.51,63,43.4,6,986.04,855.96,2,0,6,7,agent,east,enterprise,2889.8
RID-001410,51,61487.1,54.2,10.3,6,623.76,470.39,1,0,6,8,agent,north,plus,4069.78
RID-001411,27,94942.57,35.4,124.6,8,1879.13,1313.65,0,0,1,4,agent,south,basic,4358.84
RID-001412,46,83854.34,52.9,9.5,6,833.14,673.74,1,0,3,4,online,north,premium,4725.99
RID-001413,36,84868.06,25.1,63.2,4,941.59,734.4,1,1,3,5,branch,north,plus,3196.26
RID-001414,46,59643.42,31.3,73.2,12,2961.76,2123.51,0,0,2,3,online,west,premium,4986.76
RID-001415,53,92145.37,48.7,12.9,3,704.57,609.86,0,0,6,8,agent,west,plus,3752.67
RID-001416,30,73663.24,18.6,29.6,11,1488.08,1262.83,0,0,2,5,branch,south,plus,4247.35
RID-001417,48,96655.98,32.1,32.5,9,1292.38,982.92,1,0,1,2,online,east,plus,4858.3
RID-001418,40,57400.93,17.5,45.2,8,1126.09,629.78,1,0,2,3,agent,west,basic,3734.12
RID-001419,39,60852.26,37.6,71.9,2,355.89,255.71,0,0,3,4,online,north,basic,3695.93
RID-001420,25,55820,58.9,13,9,1112.32,592.13,1,0,5,8,branch,north,basic,4597.98
RID-001421,40,60669.51,25.5,35.8,7,967.89,803.21,2,1,3,4,online,west,plus,4033.05
RID-001422,40,56345.22,39.2,76.6,9,1463.9,1155.19,1,0,3,5,branch,south,premium,4452.42
RID-001423,42,85161.43,23.4,81.1,8,1369.61,822.71,0,0,2,5,online,west,enterprise,3861.51
RID-001424,39,64776.28,19.9,84.7,7,1052.28,629.81,0,0,2,5,agent,east,premium,3499.22
RID-001425,30,41164.75,18.7,73,13,2669.17,1673.29,0,0,0,2,partner,south,plus,4683.49
RID-001426,56,64447.01,56.4,35,7,1714.96,1236.19,0,0,4,6,branch,north,premium,4358.74
RID-001427,39,59478.24,69.1,17.3,6,899.64,601.37,1,2,6,8,partner,south,premium,4339.12
RID-001428,53,38081.25,42.8,88.2,3,734.68,475.59,2,0,3,5,online,north,plus,3522.54
RID-001429,38,77467.25,26,37.8,3,429.26,322.11,1,0,2,3,online,west,plus,3841.28
RID-001430,33,77151.74,45.9,70,10,2238.22,1264.14,2,0,4,5,agent,east,plus,6268.7
RID-001431,54,73503.28,31.3,18.2,12,3252.06,1952.19,1,0,1,3,agent,east,plus,5616.77
RID-001432,53,105291.5,47.2,8.9,2,324.21,282.5,5,0,3,4,partner,north,enterprise,4207.61
RID-001433,37,41519.39,40.1,55.9,5,853.96,527.04,2,0,2,3,branch,north,basic,2950.14
RID-001434,43,87648.86,39.9,114.1,10,2059.62,1701.27,0,1,3,5,branch,south,plus,5386.74
RID-001435,46,79724.54,44.5,27.5,6,1444.8,1267.3,0,0,4,6,agent,west,premium,4714.44
RID-001436,27,53144.88,27.9,13.2,8,1660.74,833.54,1,0,2,4,partner,north,plus,4190.76
RID-001437,36,101523.66,30.3,59.1,2,430.59,302.68,1,0,1,3,online,south,premium,4051.94
RID-001438,21,48937.22,11.9,55.6,4,317.36,165.72,0,0,1,3,online,east,plus,2152.55
RID-001439,51,77808.3,29.8,27.7,9,982.9,801.91,1,1,3,4,online,north,premium,4424.91
RID-001440,22,86712.31,16.1,11.1,4,992.81,582.93,0,1,2,4,online,north,premium,4351.48
RID-001441,39,66818.55,34,110.1,11,718.31,492,0,0,3,4,agent,east,plus,2987.56
RID-001442,28,59677.11,22.6,30,8,1044.83,789.85,2,0,2,3,agent,north,plus,4068.85
RID-001443,40,93393.98,37.4,104.5,4,768.41,556.24,1,0,2,3,partner,north,plus,4202.28
RID-001444,39,98827.71,42.3,10.8,13,2643.16,2006.05,0,1,4,6,agent,south,plus,5645.15
RID-001445,36,63436.6,16.1,51.3,8,1771.81,1487.48,2,0,1,4,online,north,basic,4557.96
RID-001446,46,101926.21,24.6,21.6,7,1285.49,889.17,1,1,1,4,agent,east,enterprise,4516.82
RID-001447,38,81289.44,22.8,34.4,5,540.65,395.74,0,0,1,4,branch,east,plus,3128.19
RID-001448,50,49445.38,46.5,58.7,2,237.49,177.01,1,0,4,6,branch,south,enterprise,2867.11
RID-001449,44,91225.08,59.9,33.4,5,963.09,496.27,1,0,6,8,online,west,enterprise,4415.6
RID-001450,30,72164.41,47.9,69.1,7,1535.26,1351.27,0,0,5,6,online,west,plus,4917.83
RID-001451,38,65207.62,31.1,50.7,6,1001.11,791.88,1,1,3,4,online,west,basic,4347.97
RID-001452,42,82848.41,56.5,23.3,2,148.06,79.62,1,1,5,7,branch,east,enterprise,3547.31
RID-001453,49,82409.77,14.8,13.1,8,1310.77,714.26,0,0,0,1,online,south,enterprise,3632.76
RID-001454,53,58244.79,57,18.8,2,219.54,144.6,1,1,5,8,online,north,plus,2815.32
RID-001455,39,63005.08,26.8,74.4,7,907.11,524.6,0,1,3,6,online,south,premium,3418.04
RID-001456,44,88381.52,1,16.4,5,1007.82,564.59,1,1,0,1,partner,south,premium,3434.9
RID-001457,41,90630.74,73.1,5.4,2,107.57,82.25,1,0,6,9,online,south,plus,3657.48
RID-001458,44,112107.43,58.1,71.2,8,1375.37,1067.23,0,0,6,8,agent,west,basic,5792.56
RID-001459,31,74039.1,21.6,82.9,9,1845.61,1271.61,1,1,1,2,partner,north,enterprise,3547.59
RID-001460,35,78381.84,38.4,14.1,7,2185.03,1101.75,0,1,2,4,agent,east,plus,5195.37
RID-001461,49,58336.42,33,64.3,6,807.65,435.83,2,1,3,6,online,west,enterprise,3897.21
RID-001462,54,117040.44,37.4,24.4,4,631.86,487.69,0,1,3,6,branch,south,plus,4027.92
RID-001463,44,80431.99,15.2,15.6,5,476.03,413.85,0,1,3,5,agent,east,plus,4280.72
RID-001464,39,85036.07,26.5,59.7,13,1457.61,1158.56,0,0,2,5,agent,north,premium,4344.48
RID-001465,46,102648.3,42.6,17,7,540.27,473.3,0,0,3,4,agent,north,plus,4763.52
RID-001466,35,90876.86,39.1,63.5,10,605.29,498.41,0,1,4,5,partner,west,basic,4399.19
RID-001467,58,59178.36,52.8,38.1,7,1529.53,858.58,0,0,4,5,partner,west,premium,4116.85
RID-001468,28,68637.04,37.1,14.2,6,1038.99,706.66,2,0,3,4,online,east,premium,4328.5
RID-001469,44,99782.02,68.9,79.2,13,2246.46,1380.42,3,1,6,8,online,south,basic,5960.88
RID-001470,53,82434.68,26,22.9,10,549.7,294.97,0,1,2,3,branch,north,plus,4417.29
RID-001471,38,64904.28,39.6,32,8,355.21,291.11,0,1,4,5,online,east,basic,3808.03
RID-001472,32,70618.08,9.2,62.3,9,643.36,541.41,0,0,1,3,online,west,basic,3144.81
RID-001473,36,98131.03,18.5,90,8,2118.74,1200.08,0,2,0,2,online,west,premium,4689.67
RID-001474,43,50033.74,54.6,27.3,1,153.1,107.4,0,1,5,8,partner,south,premium,3372.74
RID-001475,52,72218.2,22.8,41.5,5,412.63,346.16,1,1,1,4,partner,north,plus,3237.11
RID-001476,41,99269.43,43.4,19,10,1493.08,1126.36,0,0,4,7,online,north,enterprise,5065.96
RID-001477,46,97493.59,35.1,9.7,9,1516.5,1041.85,0,1,3,5,online,south,plus,5099.3
RID-001478,49,53496.96,21.4,53.3,9,1020.55,671.58,0,1,2,4,agent,south,premium,3524.97
RID-001479,44,73034.62,31.1,63.2,4,447.69,267.96,1,1,4,6,branch,east,basic,3122.33
RID-001480,47,83085.36,28.8,95.2,3,635.06,440,0,0,2,4,branch,south,premium,2779.71
RID-001481,47,80929.93,29.2,36.5,9,1721.66,1084.6,1,0,2,4,online,east,plus,4402.5
RID-001482,48,70521.63,46.6,136.7,10,2037.71,1242.92,3,0,4,6,agent,east,basic,5292.77
RID-001483,34,63321.87,45.1,19.9,6,1129.99,722.32,2,0,4,7,agent,south,plus,4513.79
RID-001484,36,69719.64,27.9,24.4,5,671.96,583.8,0,0,4,5,online,north,plus,4031.52
RID-001485,35,78610.33,23.3,50.7,7,1350.6,1205.59,1,0,2,4,partner,east,enterprise,4353.39
RID-001486,60,75956.96,40,7.2,8,1398.61,927.71,1,0,3,4,online,north,basic,5433.05
RID-001487,40,110668.09,34.6,59.1,2,442.3,280.9,1,0,4,7,online,south,basic,4489.99
RID-001488,37,83363.54,50.4,38.8,8,1364.59,1000.67,0,0,4,5,online,west,plus,4774.32
RID-001489,53,91280.97,73.2,45.1,14,2637.22,2100.97,0,0,7,9,branch,south,basic,6364.52
RID-001490,47,88532.06,47.8,10.6,10,1457.85,892.16,0,0,3,4,agent,north,plus,5413.11
RID-001491,38,69048.88,35.5,32.6,6,705.06,469.54,1,1,3,6,partner,north,enterprise,3319.94
RID-001492,53,93663.01,33.6,58.3,6,824.67,450.47,0,0,4,7,online,south,enterprise,4273.54
RID-001493,33,63613.83,24,64.5,8,1156.32,683.99,0,0,3,6,online,south,premium,3916.16
RID-001494,31,97897.6,23.3,45.4,6,665.3,554.69,0,2,2,3,branch,south,enterprise,4123.66
RID-001495,33,89574.58,22,69.1,8,1545.05,1077.5,1,1,2,3,partner,east,enterprise,4726.28
RID-001496,55,64967.71,30.5,152.6,5,1372.5,1034.97,0,0,3,6,agent,south,premium,3654.45
RID-001497,42,93287.61,30,37.6,8,1570.18,1301.49,1,1,3,6,branch,east,basic,4794.05
RID-001498,53,66514.14,46.4,14.4,6,1052.57,832.36,0,0,5,7,agent,north,plus,4261.99
RID-001499,30,92772.15,30.4,154.1,9,1108.62,689.88,1,0,4,6,online,north,plus,4161.12
RID-001500,24,54235.26,33.2,21,6,510.18,326.77,2,1,4,5,agent,west,basic,3382.93
RID-001501,44,80222.47,18.9,94.3,7,1267.24,817.19,0,0,2,3,agent,west,plus,4211.01
RID-001502,39,103832,59,57.3,4,753.76,409.07,1,0,5,6,agent,south,basic,4424.58
RID-001503,23,63954.73,43.1,21.2,5,687.1,478.42,1,0,3,5,online,west,plus,3657.82
RID-001504,44,34391.27,61,72,9,1624.11,1395.88,1,1,4,5,online,west,plus,4026.74
RID-001505,62,58871.39,47.2,135.1,1,270.5,172.66,0,2,4,7,agent,north,premium,1945.25
RID-001506,44,86061.25,56.9,3,3,542.84,342.51,0,1,4,7,online,south,enterprise,3926.33
RID-001507,28,73551.63,32.5,53.4,6,1216.4,733.91,0,0,3,4,online,east,basic,3912.61
RID-001508,35,41928.71,46,46.1,9,1756.45,1486.71,1,1,3,5,agent,west,plus,4624.53
RID-001509,34,64108.85,73.9,112.3,8,2254.49,1174.19,1,0,6,8,online,west,enterprise,4458.42
RID-001510,22,65244.43,18.9,71.2,6,266.96,184.87,1,0,1,2,online,west,basic,2849.81
RID-001511,31,33021.45,52.5,15.4,8,1652.7,1401.59,2,1,5,7,partner,east,premium,4208.4
RID-001512,31,65733.13,59.8,2.5,5,895.87,666.51,0,0,4,7,online,south,plus,3976.55
RID-001513,37,71784.85,41.9,59.5,12,1683.53,962.89,0,2,4,7,agent,north,basic,4931.13
RID-001514,36,65277.36,46.7,73,8,1376.09,872.56,2,0,4,6,agent,east,plus,4373.45
RID-001515,43,65018.53,53.9,30.9,12,2753.13,2365.3,1,0,4,5,online,east,plus,6366.16
RID-001516,46,102367.53,26.6,37.3,4,511.66,326.12,0,0,2,5,agent,east,premium,3162.58
RID-001517,46,44977.39,41.8,17.4,12,1641.18,1089.32,0,1,5,8,agent,south,plus,4487.01
RID-001518,42,63163.94,23.6,68.7,7,1912.84,1667.84,0,0,2,3,agent,east,premium,4716.85
RID-001519,33,98759.58,26.3,44.1,9,2076.2,1096.97,0,0,3,4,online,west,plus,5555.76
RID-001520,43,78139.95,27.2,70.3,6,1269.99,670.05,0,0,3,5,online,west,basic,3434.55
RID-001521,44,45790.18,34,33.9,10,1924.54,1110,1,1,4,7,branch,west,plus,4681.34
RID-001522,75,84008.8,38.1,22,7,1337.88,969.04,1,0,4,7,branch,north,premium,4820.4
RID-001523,38,22635.31,42.5,25.8,6,803.46,547.18,0,0,2,3,online,east,basic,2597.52
RID-001524,45,64307.42,15.7,132.6,8,1282.72,817.37,0,0,2,3,online,west,plus,3902.71
RID-001525,48,86528.64,64.4,95.9,6,1052.94,923.56,3,2,5,7,online,south,enterprise,3536.88
RID-001526,49,46540.31,52.6,83.7,11,1428.13,1004.13,0,0,3,4,online,west,premium,4363.98
RID-001527,22,89254.28,46.4,96.8,8,749.65,603.07,0,1,4,7,partner,north,premium,3938.06
RID-001528,39,76325.21,30.9,37.4,5,666.02,491.51,1,1,3,4,online,west,plus,3741.6
RID-001529,27,74257.83,34.7,42.8,6,1025.87,682.15,3,0,3,4,agent,north,basic,4123.54
RID-001530,50,129589.69,43.9,12.7,8,1452.83,902.2,1,1,4,5,online,north,premium,5497.53
RID-001531,26,91512.73,41.9,68.6,9,1566.78,1091.7,0,1,4,6,online,east,basic,4589.84
RID-001532,22,77888.67,11.9,92.9,9,1449.45,730.67,2,0,2,5,agent,west,plus,4202.69
RID-001533,32,39536.95,46.6,32.4,5,1207.06,795.17,1,1,3,5,branch,south,premium,2814.6
RID-001534,60,42253.43,77.8,129.9,10,1695.81,933.12,0,0,6,8,branch,north,premium,4422.33
RID-001535,51,66303.12,9.5,19.6,8,1357.97,1221.47,1,0,1,4,partner,south,premium,3827.51
RID-001536,52,76071.88,50.3,39.5,5,987.13,641.34,1,1,5,6,online,east,basic,4744.03
RID-001537,35,88043.37,41.3,48.6,4,798.07,622.24,0,0,3,5,online,west,premium,4215.73
RID-001538,45,54530.49,34.4,89.9,7,1086.47,729.77,0,0,2,3,branch,north,premium,4427.36
RID-001539,32,65136.09,55.7,97.8,6,639.65,374.58,2,1,4,7,online,west,plus,4074.98
RID-001540,39,85522.99,19,23.5,3,646.9,475.31,1,0,1,3,online,east,basic,3396.81
RID-001541,53,43114.87,38.3,80.1,2,297.17,217.85,0,1,3,6,partner,south,basic,2575.79
RID-001542,52,72857.69,57,225,8,1370.89,925.29,1,0,4,6,partner,west,basic,3522.15
RID-001543,40,94938.28,33.2,28.2,2,104.64,66.99,1,3,4,5,online,north,enterprise,3359
RID-001544,33,67043.31,30,74.1,6,876.64,704.03,1,0,3,6,branch,east,basic,3646.34
RID-001545,37,79084.47,37.7,37.7,12,3031.04,1865.18,0,0,2,4,branch,north,premium,5735.61
RID-001546,25,77276.92,29.6,78.2,6,1778.05,1411.91,1,1,3,4,partner,south,enterprise,4985.36
RID-001547,25,84706.31,58.2,35.6,5,620.27,509.58,0,0,5,7,online,east,plus,3957.02
RID-001548,37,84236.28,23,78.6,5,366.82,324.76,0,0,3,4,online,north,premium,3691.62
RID-001549,46,71702.17,48.6,23.9,4,60,40.66,0,0,3,4,branch,north,plus,3800.7
RID-001550,53,66786.83,18,50.9,12,2281.56,1412.29,1,1,0,2,partner,west,premium,4216.29
RID-001551,58,68533.92,45.6,68.3,8,2014.06,1780.2,2,0,6,8,online,north,basic,4601.42
RID-001552,41,87257.81,34.5,45.6,4,844.2,658.33,1,0,2,3,branch,south,basic,4038.55
RID-001553,48,56479.87,1,27.6,4,592.29,490.81,1,1,0,2,branch,west,basic,2121.8
RID-001554,23,103255.59,35.9,118.2,4,840.2,689.99,1,0,3,4,partner,east,premium,4694.06
RID-001555,47,21456.12,20.6,33.3,8,550.07,416.64,2,1,3,5,agent,west,basic,2835.18
RID-001556,66,86945.51,29.6,88.9,10,2069.62,1395.73,1,0,3,4,online,west,plus,5458.28
RID-001557,48,110931.58,58.1,36.7,6,1296.28,776.36,0,1,4,6,agent,north,basic,4943
RID-001558,57,77782.52,19.9,60.6,8,1844.59,1547.55,0,0,2,3,partner,south,basic,4307.62
RID-001559,50,88840.84,20.7,55.4,7,1481.85,1301.24,0,0,1,2,branch,north,enterprise,4606.47
RID-001560,50,83313.47,56.7,34.6,7,994.28,537.29,0,0,5,6,online,west,basic,4323
RID-001561,53,133755.06,37.7,45.6,11,1739.63,1416.19,0,0,3,6,branch,east,enterprise,5824.78
RID-001562,30,95642.52,58.2,14.9,3,530.85,291.21,0,0,7,8,partner,east,premium,4078.77
RID-001563,37,107294.1,40.7,37.4,7,1602.53,1422.97,0,0,4,7,online,east,plus,4686.04
RID-001564,56,64043.68,23.3,40.5,5,984.76,610.52,0,1,2,3,online,south,plus,3957.09
RID-001565,35,77472.55,35,45.5,6,1180.21,846.19,0,1,3,6,agent,east,enterprise,3926.81
RID-001566,54,66202.51,53.7,23.2,6,1038.01,876.8,3,0,6,8,agent,south,basic,4076.25
RID-001567,35,68552.18,49.5,25.7,9,1538.87,875.34,0,1,4,6,agent,north,plus,5003.05
RID-001568,39,62064.16,36,6.7,10,1289.65,877.15,0,0,3,4,agent,north,plus,3602.28
RID-001569,34,78444.06,36.7,85.8,8,1565.17,1046.47,0,0,3,6,online,west,premium,4717.65
RID-001570,51,56761.19,34.4,26.2,5,1094.44,774.06,0,2,3,6,agent,north,plus,3490.45
RID-001571,45,92955.83,27.7,18.5,6,1104.49,694.63,0,2,4,6,branch,north,basic,3853.03
RID-001572,20,78425.25,63.8,4.3,12,2047,1233.54,2,1,5,7,branch,east,plus,5016.11
RID-001573,30,89974.2,36.1,26.7,8,96.61,78.16,0,0,2,4,online,south,premium,3344.11
RID-001574,31,61409.75,19.7,80.1,5,957.32,592.08,0,0,1,4,agent,south,plus,3181.49
RID-001575,47,84867.3,29.1,121,9,878.43,525.03,1,0,2,3,agent,east,basic,3291.2
RID-001576,45,128234.11,46.5,5.5,7,479.01,327.83,0,0,3,6,online,south,plus,5006.02
RID-001577,23,95636.75,45.2,116.6,7,1857.99,1428.35,1,0,3,6,agent,south,plus,4688.24
RID-001578,47,89321.03,34,26.7,9,1263.41,1013.72,1,0,2,5,partner,south,premium,4502.29
RID-001579,53,94790.29,26.4,17.7,9,1518.94,1233.75,0,2,3,5,agent,east,basic,4598.92
RID-001580,43,103341.62,36.3,42.1,4,875.37,519.86,2,0,3,4,online,south,premium,4345.99
RID-001581,48,105333.02,11.9,38.6,11,1565.36,1367.94,0,2,1,2,branch,north,premium,5095.46
RID-001582,79,65612.5,17.3,78.6,5,1224.73,641.2,1,0,2,3,online,east,enterprise,3975.5
RID-001583,41,68275.24,47.5,37.5,6,352.88,260.16,3,1,4,5,branch,south,plus,3213.53
RID-001584,38,82768.99,29.1,36.7,6,1039,878.05,1,1,2,5,agent,east,premium,3521.2
RID-001585,47,108459.7,41.4,44.6,7,1001.4,783.84,0,0,3,6,online,west,basic,4359.17
RID-001586,41,96002.71,53.5,63.6,5,1084.83,833.01,1,1,5,7,agent,west,plus,5102.52
RID-001587,30,67491.48,45.4,98.4,10,2197.68,1165.96,1,0,4,5,branch,west,basic,4779.32
RID-001588,39,89373.02,36.3,46.9,3,548.77,291.91,0,0,3,4,branch,south,basic,4395.35
RID-001589,30,88308.21,66.6,66,8,738.39,642.06,0,0,5,7,branch,south,plus,4309.77
RID-001590,59,68469.81,45.6,81,5,927.63,542.34,3,0,4,5,online,south,premium,4553.73
RID-001591,30,63844.72,30.9,68.2,6,1454.36,1109.68,1,2,2,5,branch,east,enterprise,4019.22
RID-001592,60,38339.5,46.5,48.2,7,1392.93,1249.36,2,0,3,4,online,south,premium,4015.24
RID-001593,35,46027.08,41.9,23.6,9,1214.91,880.43,0,0,3,4,online,north,plus,4015.07
RID-001594,28,56023,23.7,29.5,10,2006.92,1719.76,0,1,1,4,online,south,basic,4530.37
RID-001595,39,111932.51,37.1,25.2,8,1021.07,842.03,0,0,1,2,online,west,enterprise,5239.12
RID-001596,58,80342.29,33.6,116,7,1267.85,673.23,0,0,2,5,agent,north,plus,3636.83
RID-001597,43,98578.03,7.7,10.1,14,2731.19,1773.34,2,1,3,5,online,west,plus,6170.98
RID-001598,58,81933.62,33.5,88.6,11,1843.12,1108.68,1,0,1,4,partner,west,basic,3921.19
RID-001599,50,72984.37,31.9,92.2,4,724.19,589.31,0,0,3,6,agent,west,enterprise,2890.5
RID-001600,45,109696.55,29.7,60.4,8,1226.03,697.97,1,0,3,4,online,south,basic,4705.22
RID-001601,35,74087.2,12.3,30.2,12,1579.35,849.95,2,1,1,4,agent,south,basic,4748.45
RID-001602,50,93816.52,30.9,47.2,9,608.57,405.51,0,0,2,4,online,west,basic,4148.4
RID-001603,43,82458.84,35.4,60.4,10,2461.32,1815.14,0,0,2,5,branch,north,plus,5027.6
RID-001604,37,62845.04,37.5,47.3,9,1423.09,1261.42,1,0,3,4,branch,north,plus,5080.98
RID-001605,41,66221.64,19.7,10,6,983.97,548.58,2,1,1,4,branch,south,basic,3074.55
RID-001606,49,89317.75,45.1,23.6,5,663.49,588.04,0,0,3,6,online,north,premium,3776.61
RID-001607,45,68535.82,18.5,36.7,3,632.62,336.61,1,0,1,3,agent,north,plus,2985.23
RID-001608,54,103039,32.8,22.1,9,1417.87,1236.59,1,0,3,6,agent,east,plus,4821.61
RID-001609,64,69076.69,54.8,55.1,5,566.99,352.69,0,0,5,8,online,east,basic,3631.61
RID-001610,48,90186.88,26,45.7,8,1380.84,1060.42,1,2,4,7,agent,south,plus,4286.32
RID-001611,50,77691.66,28.6,128,8,1046.31,531.58,1,0,3,4,online,north,basic,4140.21
RID-001612,49,74352.98,51.4,33.5,6,772.44,467.9,1,2,7,8,agent,east,premium,4041.88
RID-001613,47,86315.68,30.5,39,6,630.75,386.56,0,0,3,6,agent,south,basic,3767.42
RID-001614,41,69973.81,31.7,118.1,2,443.88,358.26,0,0,2,4,online,east,basic,2608.64
RID-001615,36,62764.86,39.2,78.9,9,1510.2,1176.29,0,2,2,5,online,west,premium,3634.44
RID-001616,37,63273.72,51.1,20.2,7,1663.48,1433.38,1,1,4,6,online,east,basic,4765.26
RID-001617,33,80759.57,4.3,72.1,11,2216.53,1579.72,1,0,1,4,agent,east,plus,4492.8
RID-001618,49,80315.16,24.1,22.4,6,747.11,444.91,1,0,3,4,agent,south,plus,4050.76
RID-001619,29,101150.81,21.5,60.5,8,1246.6,1092.41,0,1,2,3,branch,east,plus,4385.21
RID-001620,41,83535.5,20.4,170.5,4,981.61,691.17,0,0,3,5,online,west,plus,2764.35
RID-001621,33,94000.96,23.7,37.9,8,1171.15,693.28,1,0,2,5,agent,north,plus,4114.53
RID-001622,34,95675.28,23.9,82.7,13,1831.65,1478.93,1,1,2,5,agent,south,premium,3784.43
RID-001623,49,73265.84,40.3,67.5,10,1071.18,817.01,1,0,3,4,agent,north,basic,4288.29
RID-001624,44,99166.78,23.2,113.5,7,1077.77,962.11,2,0,2,4,online,north,enterprise,4430.25
RID-001625,51,64828.23,37.8,31.2,10,1379.19,982.18,1,0,4,7,agent,south,enterprise,3896.22
RID-001626,33,37811.6,41.8,48.7,4,584.26,505.71,0,0,2,5,agent,west,enterprise,2195.84
RID-001627,37,18000,25.5,70.7,7,842.9,696.33,1,0,1,3,agent,north,basic,2057.56
RID-001628,43,72238.27,37.9,36.4,6,1146.15,842.98,2,0,4,6,branch,east,basic,4233.39
RID-001629,49,99222.64,59.5,30,4,492.72,294.48,0,0,5,8,online,north,premium,4118.12
RID-001630,47,67028.32,40.6,56.3,9,1675.75,1154.8,0,0,4,6,agent,south,premium,4475.69
RID-001631,55,18000,26.9,76.5,3,682.84,432.23,1,1,3,4,branch,east,plus,1691.74
RID-001632,29,105126.4,35.1,67,7,1704.66,1501.5,2,0,3,4,branch,east,premium,5197.75
RID-001633,40,104610.02,22.9,24.5,7,1795.97,1512.53,1,0,3,6,branch,west,premium,4946.92
RID-001634,35,59032.27,39.9,54.3,4,608.93,367.69,0,0,3,6,online,north,basic,3207.16
RID-001635,59,84612.45,48.4,49.8,13,1514.43,812.37,1,1,5,6,partner,east,plus,5308.08
RID-001636,27,104879.71,24.3,103.8,3,946.95,605.62,1,0,3,5,agent,north,plus,4306.25
RID-001637,33,61353.88,33,27.1,6,995.12,630.86,0,0,4,7,agent,south,premium,3759.66
RID-001638,52,61321.85,51.9,35.8,5,583.29,388.98,0,1,4,6,branch,north,plus,3056.85
RID-001639,33,82268.37,28.9,121.6,6,1306.05,881.04,2,0,2,4,agent,south,basic,4120.75
RID-001640,24,93386.06,38.7,37.1,8,795.49,407.45,1,0,4,7,agent,east,premium,4417.55
RID-001641,56,74879.89,21.4,22.4,2,285.16,176.46,1,0,2,4,online,west,basic,3176.23
RID-001642,50,84664.5,24.3,33.4,6,582.81,297.61,0,1,3,5,agent,south,plus,4142.96
RID-001643,36,83442.54,28.7,32.2,7,680.86,558.76,0,1,4,6,agent,east,plus,3469.4
RID-001644,32,85501.27,66.5,31.7,7,1223.97,690.54,1,0,5,8,branch,north,premium,4667.98
RID-001645,40,84877.25,30.3,114.4,8,1898.28,1141,0,0,3,4,branch,east,plus,5061.38
RID-001646,34,57061.67,28.6,27.1,7,831.55,615.13,0,2,4,5,agent,north,premium,3431.99
RID-001647,35,36034.47,28.1,13.1,1,304.09,162.16,0,1,3,5,online,south,plus,2244.19
RID-001648,49,65854.21,33.7,100.8,6,616.51,445.63,0,0,2,3,online,south,plus,3281.59
RID-001649,34,59339.12,45.2,52.7,7,1273.56,743.21,1,1,4,7,branch,north,premium,4040.42
RID-001650,39,32352.47,38.7,64.4,4,715.41,417.47,0,2,4,6,online,north,premium,2389.27
RID-001651,35,104600.8,64.8,53,5,1241.47,898.07,2,1,5,6,branch,south,basic,5674.49
RID-001652,49,60846.11,39,62.9,5,895.48,477.65,1,0,3,6,online,south,plus,2902.66
RID-001653,40,95094.22,56.3,69.8,11,1786.69,1551.47,0,0,5,8,online,east,plus,5241.28
RID-001654,53,59231.73,39.9,54.7,11,886.06,721.02,1,0,4,7,agent,east,plus,3506.77
RID-001655,29,81687.62,44.5,12.4,14,2734.41,2066.52,1,1,3,4,online,north,basic,6460.11
RID-001656,35,82340.46,15.8,47.7,4,640.6,399.85,0,0,1,4,online,north,plus,2676.22
RID-001657,39,82870.97,34.2,21.8,4,565.98,283.93,0,1,3,4,branch,east,basic,3385.57
RID-001658,43,71971.02,35,56.1,6,943.2,561.71,3,0,3,4,online,west,plus,4109.75
RID-001659,37,70205.98,32.6,48.2,6,1151.79,717.2,0,0,3,6,online,west,premium,3378.93
RID-001660,62,74550.78,5.9,107.1,8,1725.14,1382.76,1,0,0,3,online,south,basic,3261.96
RID-001661,36,133780.31,48.3,23,6,694.06,600.68,0,1,4,6,online,north,plus,4744.53
RID-001662,38,104354.71,30.6,21.4,6,980.14,729.66,0,0,1,4,agent,east,basic,4318.2
RID-001663,28,59874.36,29.9,20.5,4,809.83,641.55,1,0,2,5,branch,east,premium,3536.04
RID-001664,38,72284.1,32.4,65.9,7,1103.29,652.41,3,0,3,5,branch,west,premium,3214.14
RID-001665,64,50779.04,32.8,19.4,7,534.9,447.11,1,0,3,4,online,north,basic,3477.67
RID-001666,45,110948.33,41.7,20.5,9,562.28,467.01,0,0,3,5,partner,east,plus,5164.56
RID-001667,33,93049,18.2,71.7,9,1800.16,923.76,2,1,2,5,online,north,plus,5075.03
RID-001668,52,71793.92,23,17.2,14,2894.81,2197.74,2,1,2,4,branch,south,premium,5819.71
RID-001669,38,52158.92,40.1,11.6,9,2260.96,1674.11,1,0,3,4,online,east,plus,4460.03
RID-001670,47,54853.26,38,20.4,8,1577.98,1252.23,2,0,4,5,agent,south,plus,4809.44
RID-001671,30,67124.29,30.7,48.6,7,792.18,621.92,2,0,2,5,branch,east,basic,3177.48
RID-001672,36,66075.39,28,14.3,11,1934.11,1185,1,0,4,6,agent,east,plus,4951.24
RID-001673,56,68525.34,24.3,45.5,6,911.56,520.46,0,1,1,4,agent,east,premium,3472.31
RID-001674,42,71277,35.2,25.8,11,1513.44,1268.52,2,0,4,7,agent,north,plus,4499.93
RID-001675,44,50550.48,52.5,79.3,8,743.63,629.66,1,0,3,6,online,east,plus,3609.28
RID-001676,46,79979.68,21.2,38.7,5,417.04,261.7,0,0,0,2,agent,west,plus,2949.57
RID-001677,51,74326.39,57.3,130.4,6,707.61,598.06,0,1,4,6,online,north,basic,3424.33
RID-001678,36,89148.9,47.8,41.3,6,925.58,765.14,1,2,2,5,agent,south,premium,3698.33
RID-001679,31,47450.96,29.7,23.6,6,1186.63,809.13,0,0,2,3,partner,north,enterprise,3601.59
RID-001680,40,91381.81,47,46.7,4,626.57,313.74,1,0,4,5,partner,south,plus,3872.62
RID-001681,51,97755.42,15.5,37.9,5,830.93,646.94,0,0,0,3,online,east,enterprise,3066.11
RID-001682,38,83047.7,11.8,29.5,7,2034.13,1505.94,0,2,1,2,partner,south,premium,5041.28
RID-001683,52,58341.34,17.9,169.6,5,823.39,418.47,1,0,2,5,online,west,basic,3215.28
RID-001684,25,58170.14,30.3,98.9,9,2021.39,1626.6,1,0,2,3,online,east,basic,4429.89
RID-001685,35,73390.94,31.4,86.6,6,691.19,598.81,1,1,3,5,agent,west,basic,2960.4
RID-001686,31,82240.5,28.8,87.5,7,1043.87,619.38,2,0,2,4,branch,west,basic,3633.3
RID-001687,22,85864.42,37.4,21.2,8,1142.83,645.03,0,1,5,8,online,west,basic,4412.65
RID-001688,63,76812.18,6.1,29.6,6,634.34,388.14,2,0,0,1,branch,south,plus,2580.79
RID-001689,41,40728.58,42.9,16.9,7,1866.27,948.29,0,0,2,5,partner,west,basic,3993.2
RID-001690,62,69245.73,16.1,89.3,11,2007.27,1134.94,1,2,2,3,partner,west,plus,4653.63
RID-001691,47,74764.07,26.7,130.2,8,1766.88,1162.64,1,0,2,5,agent,south,premium,3538.9
RID-001692,31,64175.22,30.2,33.6,7,1743.84,1408.67,1,1,1,3,partner,east,plus,3455.33
RID-001693,55,83798.43,19.8,42.6,5,1079.77,568.5,1,1,3,5,branch,north,plus,4257.52
RID-001694,48,98650.01,16.8,33.5,11,2787.26,2377.71,0,1,1,3,online,west,basic,5738.84
RID-001695,62,50711.33,21.9,57.1,6,196,109.87,0,0,2,3,agent,south,plus,3116.42
RID-001696,50,85959.61,35.8,49.7,5,1222.12,950.89,2,1,5,7,agent,east,basic,4111.68
RID-001697,40,57942.66,44.3,55.6,6,1037.48,905.98,0,2,3,5,agent,south,basic,3397.67
RID-001698,47,55941.19,43.9,63.1,5,543.7,288.12,0,0,3,5,online,west,premium,3911.02
RID-001699,40,69433.45,22.1,49.7,7,1465.54,1128.43,1,0,2,4,agent,west,basic,4360.98
RID-001700,31,114668.04,24.9,37.8,7,1234.5,740.93,2,1,0,1,agent,north,enterprise,4641.09
RID-001701,38,87654.91,23.1,100.1,9,1186.63,839.16,1,0,3,6,branch,north,plus,4421.09
RID-001702,52,70835.56,42.3,60.1,6,371.4,218.15,0,0,3,6,agent,south,plus,3024.51
RID-001703,32,99843.22,7.5,24.9,3,874.24,600.3,0,1,2,5,online,east,premium,3837.57
RID-001704,52,77261.33,53.3,107.5,6,60,41.78,1,0,5,6,agent,north,basic,2528.28
RID-001705,55,84979.2,29.2,43,6,969.28,571.37,1,0,2,3,branch,south,basic,4641.22
RID-001706,43,53468.85,25,80.4,5,1458.77,829.52,0,0,1,4,partner,north,plus,2514.07
RID-001707,38,54057.04,40.8,43.2,3,490.02,333.07,1,1,4,7,online,east,plus,3131.57
RID-001708,50,44089.23,50.5,126,6,944.26,685,0,0,3,5,agent,east,plus,2977.57
RID-001709,37,94390.21,40.8,126.1,8,1178.29,1051.63,2,3,3,5,online,north,premium,4490.36
RID-001710,50,45697.19,50.7,46.5,7,990.57,637.04,0,1,5,8,partner,north,plus,3791.32
RID-001711,48,104664.52,37.9,40.9,5,925.5,502.71,1,0,4,5,agent,south,basic,4668.49
RID-001712,41,46087.06,53.2,36.6,8,1263.25,881.53,1,0,4,6,agent,north,basic,3932.26
RID-001713,37,74726.49,53.4,63.8,9,873.99,555.28,0,2,4,5,agent,north,basic,4224.14
RID-001714,32,79428.05,34.6,66.1,7,714.57,536.43,0,1,4,5,online,east,plus,4059.44
RID-001715,40,50368.33,56.1,7.9,11,2424.07,2133.05,0,0,5,6,branch,west,plus,5456.17
RID-001716,30,32601.26,38.3,21.7,8,656.11,535.79,0,0,4,6,agent,north,plus,3522.65
RID-001717,40,63636.02,37.2,106.1,4,518.74,330.82,1,0,2,3,partner,south,plus,3622.5
RID-001718,44,108600.66,23.1,51.3,11,3169.63,1802.34,2,0,3,6,branch,east,enterprise,5958.03
RID-001719,38,104855.03,32,7,6,698.86,508.95,1,0,3,5,branch,west,premium,4962.29
RID-001720,46,47421.89,46.9,45.9,9,818.6,471.32,0,1,4,6,branch,south,plus,3111.65
RID-001721,52,75781.66,17.6,25.1,6,623.16,502.59,0,0,2,3,online,north,premium,4012.18
RID-001722,28,70193.16,45.1,33.1,6,1027.2,705.61,1,0,4,7,agent,west,basic,3669.91
RID-001723,41,99032.48,40.9,20.7,11,1357.39,719.43,1,1,2,5,agent,north,plus,5544.35
RID-001724,33,82792.46,39.9,33.3,4,574.92,409.87,0,0,3,6,online,east,premium,3815.68
RID-001725,35,56313,5.1,18.5,7,110.78,84.25,2,0,1,3,branch,west,plus,2959.6
RID-001726,39,122832.4,34.6,30.7,10,1245.28,802.18,0,0,3,6,online,east,plus,5945.84
RID-001727,52,91960.03,45.1,23,8,1362.97,1141.87,2,0,4,5,partner,east,premium,5458.48
RID-001728,53,58177.08,25.3,78.8,9,1714.68,953.92,1,1,1,2,agent,north,basic,4651.92
RID-001729,35,100574.32,37.3,34.6,9,2140.86,1098,0,1,2,3,agent,east,basic,5038.48
RID-001730,41,93091.83,2.7,52.2,5,1122.54,700.38,1,0,0,2,branch,west,premium,3290.39
RID-001731,39,101607.92,45.4,27.4,6,65.86,50.53,0,0,4,7,agent,south,premium,3940.82
RID-001732,39,51019.14,26.7,73.1,8,659.92,574.24,0,0,2,5,partner,south,plus,2872.98
RID-001733,58,79225.56,48.2,51.3,7,780.5,602.06,0,0,4,5,online,north,plus,4017.7
RID-001734,51,61200.49,10.2,31.1,7,1127.15,693.68,1,1,0,3,agent,west,plus,2949.71
RID-001735,23,71987.52,45.7,87.7,10,1687.98,1435.71,0,1,3,4,online,south,enterprise,4247.25
RID-001736,46,71153.72,32.7,38.8,8,1542.72,936.67,0,1,2,4,agent,south,plus,4873.8
RID-001737,48,84226.82,47.3,174.5,10,534.28,339.1,0,0,4,6,online,west,premium,4030.43
RID-001738,30,54334.93,23,52.5,10,538.55,398.45,1,2,1,4,agent,south,plus,2922.21
RID-001739,57,97264.81,27.3,49.9,6,1065.61,895.42,0,1,2,5,agent,north,basic,4594.91
RID-001740,50,66433.78,67.4,50.7,4,364.01,269.57,0,0,5,7,online,east,plus,3177.89
RID-001741,58,84129.45,24.4,101.4,12,628.28,435.77,0,0,3,5,branch,east,premium,5066.43
RID-001742,29,73406.78,26.1,51.6,5,586.48,441.66,1,0,2,5,online,north,basic,3170.49
RID-001743,39,81860.33,32.1,32.8,7,985.87,594.89,1,0,2,4,online,west,plus,4587.31
RID-001744,34,91561.42,21.7,17,11,1084.62,674.97,0,1,2,5,agent,north,plus,4143.54
RID-001745,34,67941.75,52.7,127,3,327.19,257.17,0,1,6,8,online,east,plus,3203.7
RID-001746,35,94214.9,60.2,101,5,1055.41,562.89,0,0,5,8,partner,east,enterprise,4714.04
RID-001747,28,66605,26.1,115.4,7,761.21,506.64,2,1,1,3,branch,south,plus,3536.72
RID-001748,42,83970.07,11.8,43.1,12,2143.19,1790.67,1,0,2,3,partner,north,plus,4969.28
RID-001749,26,73263.57,52.4,18,6,1012.51,743.12,2,0,4,7,agent,east,plus,4122.23
RID-001750,52,61060.86,51.5,54.7,10,1494.25,804.23,1,0,4,6,agent,west,premium,4340.34
RID-001751,49,27947.3,47.5,21.8,10,3006.37,2313.73,0,0,4,7,online,west,premium,5696.93
RID-001752,18,58123.73,52.2,31.2,6,577.92,331.63,2,0,3,5,partner,east,premium,3456.66
RID-001753,33,61337.17,23.9,98.1,13,4082.22,3459.77,0,0,3,6,online,east,premium,5729.36
RID-001754,44,65046.51,33.6,30.2,7,999.66,532.87,1,1,3,6,online,north,enterprise,3081.01
RID-001755,67,102296.39,16.6,16.1,5,949.31,723.93,0,0,1,4,partner,east,premium,3120.85
RID-001756,38,54535.04,16.1,47.8,10,1814.43,1428.07,0,0,2,5,agent,east,basic,3434.63
RID-001757,56,88124.05,49.7,9.5,10,2114.61,1294.47,0,0,3,5,agent,east,plus,5721.02
RID-001758,63,131078.69,26.6,64.1,11,2359.07,1489.27,0,1,2,5,branch,west,premium,5434.84
RID-001759,43,56169.4,67.9,20.8,6,880.87,722.59,0,0,6,8,partner,south,premium,3824.16
RID-001760,30,84659.94,37,103.4,8,1248.56,773.28,0,1,4,5,online,east,premium,4067.23
RID-001761,29,91153.48,27,13.5,5,1100.69,624.34,0,1,1,3,branch,east,premium,3592.27
RID-001762,24,76450.24,47.2,16,6,1591.6,1182.26,2,1,4,7,online,east,basic,4241.48
RID-001763,43,79257.76,61.2,31.6,5,541.19,382.86,1,1,4,5,agent,east,basic,4185.64
RID-001764,43,90001.44,42.8,15.4,6,1408.72,1251.12,0,1,2,3,agent,north,premium,4583.03
RID-001765,34,127141.96,19,39.9,5,816.64,618.78,1,0,2,5,branch,south,premium,4723.58
RID-001766,57,61090.33,41.2,63,3,776.4,435.98,0,2,4,6,partner,east,plus,3247.01
RID-001767,36,86599.26,55.3,37.2,8,798.6,603.39,0,1,4,5,branch,east,plus,3847.63
RID-001768,43,79857.32,29.1,60.7,5,226.85,191.62,1,0,3,6,online,east,plus,3065.92
RID-001769,51,120512.51,25.2,50,4,905.55,501.36,0,0,2,4,agent,east,basic,4805.9
RID-001770,51,108436.14,50.2,43.2,6,238.84,124.79,0,1,5,8,online,east,basic,4695.63
RID-001771,48,117218.77,38,21,12,1805.92,938.04,1,0,5,6,branch,west,premium,5434.82
RID-001772,47,88048.05,20.6,35.7,6,994.32,561.85,1,0,3,6,online,south,premium,4239.61
RID-001773,45,84455.68,30.7,82.7,7,554.7,343.53,1,1,3,5,online,east,basic,4053.03
RID-001774,54,77108.12,25.4,79.8,7,1936.25,1075.3,1,1,1,3,agent,west,basic,5173.11
RID-001775,52,68469.17,40.1,65.7,6,1515.24,848.07,2,0,3,6,agent,east,plus,4025.21
RID-001776,32,59718.55,37.5,23.2,7,790.52,454.48,0,0,3,4,agent,west,basic,4217.63
RID-001777,47,83732.68,52.1,97.4,10,1558.93,940.11,1,0,4,7,online,north,enterprise,4232.3
RID-001778,42,92384.32,45.9,25.2,13,2012.06,1530.77,0,0,4,6,agent,south,plus,6029.44
RID-001779,39,82856.26,14.1,45.3,7,1107.84,864.54,1,0,2,3,agent,north,plus,4473.8
RID-001780,57,43433.35,41.7,124.2,9,1148.88,825.64,2,1,5,7,agent,south,basic,2851.09
RID-001781,43,87244.89,48.6,7.6,6,1154.03,1015.09,1,0,5,8,branch,north,basic,4347.86
RID-001782,45,134153.31,42.4,45.2,11,2888.05,2385.19,2,0,2,3,online,east,premium,6736.06
RID-001783,53,74590.27,50.4,74.3,9,1531.05,834.19,1,0,6,7,partner,north,basic,4877.6
RID-001784,32,53787.84,28.3,34.5,5,955.94,710.98,1,1,2,5,agent,east,basic,3298.86
RID-001785,36,103540.2,22.7,8.3,3,285.43,255.81,1,0,2,5,online,south,premium,3821.35
RID-001786,39,55049.22,49,79,6,899.57,679.59,0,0,3,6,online,north,plus,3580.74
RID-001787,32,78871.99,21.1,95.7,4,660.27,453.17,1,0,2,4,online,west,plus,2883.52
RID-001788,44,82257.79,5.8,115.1,6,803.57,554.81,2,1,2,4,online,west,basic,2805.43
RID-001789,32,64848.8,50.4,18.3,9,958.28,509.48,1,0,4,5,agent,south,basic,4438.21
RID-001790,45,56632.79,25.9,11,4,862.56,456.54,2,2,3,5,online,west,premium,2904.37
RID-001791,42,82172.16,31.7,54.1,8,479.36,251.65,2,0,3,5,partner,west,enterprise,3523.55
RID-001792,42,51983.15,16.4,144.3,12,1596.43,1362.04,0,0,2,4,agent,south,basic,3597.46
RID-001793,47,84146.27,17.4,37.5,11,1658.89,1304.58,1,1,1,2,online,north,plus,5293.23
RID-001794,39,86319.84,19.8,85.6,7,1349.81,957.93,0,0,1,3,agent,north,basic,4029.82
RID-001795,49,52450.26,31,28,5,332.99,244.04,0,0,3,6,online,west,premium,3534.78
RID-001796,38,91330.32,41.2,65.8,10,1052.08,893.98,1,0,4,7,agent,south,plus,4724.93
RID-001797,42,49514.74,3.8,73.8,3,405.87,310.99,0,0,0,1,online,north,basic,1658.17
RID-001798,41,80981.02,46.5,33.2,4,651.55,399.31,1,0,4,6,online,east,plus,4599.99
RID-001799,50,60651.5,19.5,130.1,11,1603.16,1294.85,1,0,2,5,online,east,basic,3590.91
RID-001800,44,50590.85,21.1,40.5,8,1174.96,757.49,1,0,2,3,branch,west,premium,4222.89
